"chunk_id","project_station_id","city","parameter","expected_hour_count","distinct_valid_hour_count","source_null_value_count","missing_hour_count","hourly_completeness_pct","first_observed_timestamp","last_observed_timestamp","quality_class"
"2025-03","PROJ_002","Delhi","pm2_5",744,688,0,56,92.47,"2025-03-01T00:00:00+05:30","2025-03-31T22:00:00+05:30","Strong"
"2025-03","PROJ_002","Delhi","pm10",744,676,0,68,90.86,"2025-03-01T00:00:00+05:30","2025-03-31T22:00:00+05:30","Strong"
"2025-03","PROJ_002","Delhi","no2",744,657,0,87,88.31,"2025-03-01T00:00:00+05:30","2025-03-31T22:00:00+05:30","Strong"
"2025-03","PROJ_002","Delhi","so2",744,700,0,44,94.09,"2025-03-01T00:00:00+05:30","2025-03-31T22:00:00+05:30","Strong"
"2025-03","PROJ_002","Delhi","co",744,650,0,94,87.37,"2025-03-01T00:00:00+05:30","2025-03-31T22:00:00+05:30","Strong"
"2025-03","PROJ_002","Delhi","o3",744,700,0,44,94.09,"2025-03-01T00:00:00+05:30","2025-03-31T22:00:00+05:30","Strong"
"2025-03","PROJ_007","Hyderabad","pm2_5",744,699,0,45,93.95,"2025-03-01T00:00:00+05:30","2025-03-31T22:00:00+05:30","Strong"
"2025-03","PROJ_007","Hyderabad","pm10",744,703,0,41,94.49,"2025-03-01T00:00:00+05:30","2025-03-31T22:00:00+05:30","Strong"
"2025-03","PROJ_007","Hyderabad","no2",744,703,0,41,94.49,"2025-03-01T00:00:00+05:30","2025-03-31T22:00:00+05:30","Strong"
"2025-03","PROJ_007","Hyderabad","so2",744,703,0,41,94.49,"2025-03-01T00:00:00+05:30","2025-03-31T22:00:00+05:30","Strong"
"2025-03","PROJ_007","Hyderabad","co",744,703,0,41,94.49,"2025-03-01T00:00:00+05:30","2025-03-31T22:00:00+05:30","Strong"
"2025-03","PROJ_007","Hyderabad","o3",744,703,0,41,94.49,"2025-03-01T00:00:00+05:30","2025-03-31T22:00:00+05:30","Strong"
"2025-03","PROJ_019","Chennai","pm2_5",744,671,0,73,90.19,"2025-03-01T00:00:00+05:30","2025-03-31T22:00:00+05:30","Strong"
"2025-03","PROJ_019","Chennai","pm10",744,671,0,73,90.19,"2025-03-01T00:00:00+05:30","2025-03-31T22:00:00+05:30","Strong"
"2025-03","PROJ_019","Chennai","no2",744,675,0,69,90.73,"2025-03-01T00:00:00+05:30","2025-03-31T22:00:00+05:30","Strong"
"2025-03","PROJ_019","Chennai","so2",744,675,0,69,90.73,"2025-03-01T00:00:00+05:30","2025-03-31T22:00:00+05:30","Strong"
"2025-03","PROJ_019","Chennai","co",744,675,0,69,90.73,"2025-03-01T00:00:00+05:30","2025-03-31T22:00:00+05:30","Strong"
"2025-03","PROJ_019","Chennai","o3",744,675,0,69,90.73,"2025-03-01T00:00:00+05:30","2025-03-31T22:00:00+05:30","Strong"
"2025-03","PROJ_036","Hyderabad","pm2_5",744,591,0,153,79.44,"2025-03-01T00:00:00+05:30","2025-03-31T22:00:00+05:30","Strong"
"2025-03","PROJ_036","Hyderabad","pm10",744,595,0,149,79.97,"2025-03-01T00:00:00+05:30","2025-03-31T22:00:00+05:30","Strong"
"2025-03","PROJ_036","Hyderabad","no2",744,660,0,84,88.71,"2025-03-01T00:00:00+05:30","2025-03-31T22:00:00+05:30","Strong"
"2025-03","PROJ_036","Hyderabad","so2",744,660,0,84,88.71,"2025-03-01T00:00:00+05:30","2025-03-31T22:00:00+05:30","Strong"
"2025-03","PROJ_036","Hyderabad","co",744,661,0,83,88.84,"2025-03-01T00:00:00+05:30","2025-03-31T22:00:00+05:30","Strong"
"2025-03","PROJ_036","Hyderabad","o3",744,661,0,83,88.84,"2025-03-01T00:00:00+05:30","2025-03-31T22:00:00+05:30","Strong"
"2025-03","PROJ_042","Nagpur","pm2_5",744,739,0,5,99.33,"2025-03-01T00:00:00+05:30","2025-03-31T22:00:00+05:30","Strong"
"2025-03","PROJ_042","Nagpur","pm10",744,739,0,5,99.33,"2025-03-01T00:00:00+05:30","2025-03-31T22:00:00+05:30","Strong"
"2025-03","PROJ_042","Nagpur","no2",744,739,0,5,99.33,"2025-03-01T00:00:00+05:30","2025-03-31T22:00:00+05:30","Strong"
"2025-03","PROJ_042","Nagpur","so2",744,739,0,5,99.33,"2025-03-01T00:00:00+05:30","2025-03-31T22:00:00+05:30","Strong"
"2025-03","PROJ_042","Nagpur","co",744,739,0,5,99.33,"2025-03-01T00:00:00+05:30","2025-03-31T22:00:00+05:30","Strong"
"2025-03","PROJ_042","Nagpur","o3",744,739,0,5,99.33,"2025-03-01T00:00:00+05:30","2025-03-31T22:00:00+05:30","Strong"
"2025-03","PROJ_044","Hyderabad","pm2_5",744,710,0,34,95.43,"2025-03-01T00:00:00+05:30","2025-03-31T22:00:00+05:30","Strong"
"2025-03","PROJ_044","Hyderabad","pm10",744,680,0,64,91.4,"2025-03-01T00:00:00+05:30","2025-03-31T22:00:00+05:30","Strong"
"2025-03","PROJ_044","Hyderabad","no2",744,725,0,19,97.45,"2025-03-01T00:00:00+05:30","2025-03-31T22:00:00+05:30","Strong"
"2025-03","PROJ_044","Hyderabad","so2",744,725,0,19,97.45,"2025-03-01T00:00:00+05:30","2025-03-31T22:00:00+05:30","Strong"
"2025-03","PROJ_044","Hyderabad","co",744,725,0,19,97.45,"2025-03-01T00:00:00+05:30","2025-03-31T22:00:00+05:30","Strong"
"2025-03","PROJ_044","Hyderabad","o3",744,725,0,19,97.45,"2025-03-01T00:00:00+05:30","2025-03-31T22:00:00+05:30","Strong"
"2025-03","PROJ_048","Visakhapatnam","pm2_5",744,723,0,21,97.18,"2025-03-01T00:00:00+05:30","2025-03-31T22:00:00+05:30","Strong"
"2025-03","PROJ_048","Visakhapatnam","pm10",744,719,0,25,96.64,"2025-03-01T00:00:00+05:30","2025-03-31T22:00:00+05:30","Strong"
"2025-03","PROJ_048","Visakhapatnam","no2",744,740,0,4,99.46,"2025-03-01T00:00:00+05:30","2025-03-31T22:00:00+05:30","Strong"
"2025-03","PROJ_048","Visakhapatnam","so2",744,722,0,22,97.04,"2025-03-01T00:00:00+05:30","2025-03-31T22:00:00+05:30","Strong"
"2025-03","PROJ_048","Visakhapatnam","co",744,733,0,11,98.52,"2025-03-01T00:00:00+05:30","2025-03-31T22:00:00+05:30","Strong"
"2025-03","PROJ_048","Visakhapatnam","o3",744,712,0,32,95.7,"2025-03-01T00:00:00+05:30","2025-03-31T22:00:00+05:30","Strong"
"2025-03","PROJ_050","Ahmedabad","pm2_5",744,691,0,53,92.88,"2025-03-01T00:00:00+05:30","2025-03-31T22:00:00+05:30","Strong"
"2025-03","PROJ_050","Ahmedabad","pm10",744,691,0,53,92.88,"2025-03-01T00:00:00+05:30","2025-03-31T22:00:00+05:30","Strong"
"2025-03","PROJ_050","Ahmedabad","no2",744,691,0,53,92.88,"2025-03-01T00:00:00+05:30","2025-03-31T22:00:00+05:30","Strong"
"2025-03","PROJ_050","Ahmedabad","so2",744,691,0,53,92.88,"2025-03-01T00:00:00+05:30","2025-03-31T22:00:00+05:30","Strong"
"2025-03","PROJ_050","Ahmedabad","co",744,691,0,53,92.88,"2025-03-01T00:00:00+05:30","2025-03-31T22:00:00+05:30","Strong"
"2025-03","PROJ_050","Ahmedabad","o3",744,691,0,53,92.88,"2025-03-01T00:00:00+05:30","2025-03-31T22:00:00+05:30","Strong"
"2025-03","PROJ_051","Jaipur","pm2_5",744,702,0,42,94.35,"2025-03-01T00:00:00+05:30","2025-03-31T22:00:00+05:30","Strong"
"2025-03","PROJ_051","Jaipur","pm10",744,702,0,42,94.35,"2025-03-01T00:00:00+05:30","2025-03-31T22:00:00+05:30","Strong"
"2025-03","PROJ_051","Jaipur","no2",744,698,0,46,93.82,"2025-03-01T00:00:00+05:30","2025-03-31T22:00:00+05:30","Strong"
"2025-03","PROJ_051","Jaipur","so2",744,700,0,44,94.09,"2025-03-01T00:00:00+05:30","2025-03-31T22:00:00+05:30","Strong"
"2025-03","PROJ_051","Jaipur","co",744,702,0,42,94.35,"2025-03-01T00:00:00+05:30","2025-03-31T22:00:00+05:30","Strong"
"2025-03","PROJ_051","Jaipur","o3",744,702,0,42,94.35,"2025-03-01T00:00:00+05:30","2025-03-31T22:00:00+05:30","Strong"
"2025-03","PROJ_063","Lucknow","pm2_5",744,709,0,35,95.3,"2025-03-01T00:00:00+05:30","2025-03-31T22:00:00+05:30","Strong"
"2025-03","PROJ_063","Lucknow","pm10",744,709,0,35,95.3,"2025-03-01T00:00:00+05:30","2025-03-31T22:00:00+05:30","Strong"
"2025-03","PROJ_063","Lucknow","no2",744,709,0,35,95.3,"2025-03-01T00:00:00+05:30","2025-03-31T22:00:00+05:30","Strong"
"2025-03","PROJ_063","Lucknow","so2",744,709,0,35,95.3,"2025-03-01T00:00:00+05:30","2025-03-31T22:00:00+05:30","Strong"
"2025-03","PROJ_063","Lucknow","co",744,709,0,35,95.3,"2025-03-01T00:00:00+05:30","2025-03-31T22:00:00+05:30","Strong"
"2025-03","PROJ_063","Lucknow","o3",744,708,0,36,95.16,"2025-03-01T00:00:00+05:30","2025-03-31T22:00:00+05:30","Strong"
"2025-03","PROJ_092","Mumbai","pm2_5",744,658,0,86,88.44,"2025-03-01T00:00:00+05:30","2025-03-31T22:00:00+05:30","Strong"
"2025-03","PROJ_092","Mumbai","pm10",744,656,0,88,88.17,"2025-03-01T00:00:00+05:30","2025-03-31T22:00:00+05:30","Strong"
"2025-03","PROJ_092","Mumbai","no2",744,658,0,86,88.44,"2025-03-01T00:00:00+05:30","2025-03-31T22:00:00+05:30","Strong"
"2025-03","PROJ_092","Mumbai","so2",744,640,0,104,86.02,"2025-03-01T00:00:00+05:30","2025-03-31T22:00:00+05:30","Strong"
"2025-03","PROJ_092","Mumbai","co",744,647,0,97,86.96,"2025-03-01T00:00:00+05:30","2025-03-31T22:00:00+05:30","Strong"
"2025-03","PROJ_092","Mumbai","o3",744,647,0,97,86.96,"2025-03-01T00:00:00+05:30","2025-03-31T22:00:00+05:30","Strong"
"2025-03","PROJ_101","Bengaluru","pm2_5",744,726,0,18,97.58,"2025-03-01T00:00:00+05:30","2025-03-31T22:00:00+05:30","Strong"
"2025-03","PROJ_101","Bengaluru","pm10",744,725,0,19,97.45,"2025-03-01T00:00:00+05:30","2025-03-31T22:00:00+05:30","Strong"
"2025-03","PROJ_101","Bengaluru","no2",744,680,0,64,91.4,"2025-03-01T00:00:00+05:30","2025-03-31T22:00:00+05:30","Strong"
"2025-03","PROJ_101","Bengaluru","so2",744,725,0,19,97.45,"2025-03-01T00:00:00+05:30","2025-03-31T22:00:00+05:30","Strong"
"2025-03","PROJ_101","Bengaluru","co",744,655,0,89,88.04,"2025-03-01T00:00:00+05:30","2025-03-31T22:00:00+05:30","Strong"
"2025-03","PROJ_101","Bengaluru","o3",744,680,0,64,91.4,"2025-03-01T00:00:00+05:30","2025-03-31T22:00:00+05:30","Strong"
"2025-03","PROJ_133","Patna","pm2_5",744,728,0,16,97.85,"2025-03-01T00:00:00+05:30","2025-03-31T22:00:00+05:30","Strong"
"2025-03","PROJ_133","Patna","pm10",744,728,0,16,97.85,"2025-03-01T00:00:00+05:30","2025-03-31T22:00:00+05:30","Strong"
"2025-03","PROJ_133","Patna","no2",744,728,0,16,97.85,"2025-03-01T00:00:00+05:30","2025-03-31T22:00:00+05:30","Strong"
"2025-03","PROJ_133","Patna","so2",744,728,0,16,97.85,"2025-03-01T00:00:00+05:30","2025-03-31T22:00:00+05:30","Strong"
"2025-03","PROJ_133","Patna","co",744,727,0,17,97.72,"2025-03-01T00:00:00+05:30","2025-03-31T22:00:00+05:30","Strong"
"2025-03","PROJ_133","Patna","o3",744,727,0,17,97.72,"2025-03-01T00:00:00+05:30","2025-03-31T22:00:00+05:30","Strong"
"2025-03","PROJ_142","Guwahati","pm2_5",744,676,0,68,90.86,"2025-03-01T00:00:00+05:30","2025-03-31T22:00:00+05:30","Strong"
"2025-03","PROJ_142","Guwahati","pm10",744,676,0,68,90.86,"2025-03-01T00:00:00+05:30","2025-03-31T22:00:00+05:30","Strong"
"2025-03","PROJ_142","Guwahati","no2",744,676,0,68,90.86,"2025-03-01T00:00:00+05:30","2025-03-31T22:00:00+05:30","Strong"
"2025-03","PROJ_142","Guwahati","so2",744,676,0,68,90.86,"2025-03-01T00:00:00+05:30","2025-03-31T22:00:00+05:30","Strong"
"2025-03","PROJ_142","Guwahati","co",744,676,0,68,90.86,"2025-03-01T00:00:00+05:30","2025-03-31T22:00:00+05:30","Strong"
"2025-03","PROJ_142","Guwahati","o3",744,676,0,68,90.86,"2025-03-01T00:00:00+05:30","2025-03-31T22:00:00+05:30","Strong"
"2025-03","PROJ_144","Bhopal","pm2_5",744,719,0,25,96.64,"2025-03-01T00:00:00+05:30","2025-03-31T22:00:00+05:30","Strong"
"2025-03","PROJ_144","Bhopal","pm10",744,713,0,31,95.83,"2025-03-01T00:00:00+05:30","2025-03-31T22:00:00+05:30","Strong"
"2025-03","PROJ_144","Bhopal","no2",744,720,0,24,96.77,"2025-03-01T00:00:00+05:30","2025-03-31T22:00:00+05:30","Strong"
"2025-03","PROJ_144","Bhopal","so2",744,719,0,25,96.64,"2025-03-01T00:00:00+05:30","2025-03-31T22:00:00+05:30","Strong"
"2025-03","PROJ_144","Bhopal","co",744,703,0,41,94.49,"2025-03-01T00:00:00+05:30","2025-03-31T22:00:00+05:30","Strong"
"2025-03","PROJ_144","Bhopal","o3",744,715,0,29,96.1,"2025-03-01T00:00:00+05:30","2025-03-31T22:00:00+05:30","Strong"
"2025-03","PROJ_158","Pune","pm2_5",744,655,0,89,88.04,"2025-03-01T00:00:00+05:30","2025-03-29T20:00:00+05:30","Strong"
"2025-03","PROJ_158","Pune","pm10",744,655,0,89,88.04,"2025-03-01T00:00:00+05:30","2025-03-29T20:00:00+05:30","Strong"
"2025-03","PROJ_158","Pune","no2",744,655,0,89,88.04,"2025-03-01T00:00:00+05:30","2025-03-29T20:00:00+05:30","Strong"
"2025-03","PROJ_158","Pune","so2",744,655,0,89,88.04,"2025-03-01T00:00:00+05:30","2025-03-29T20:00:00+05:30","Strong"
"2025-03","PROJ_158","Pune","co",744,655,0,89,88.04,"2025-03-01T00:00:00+05:30","2025-03-29T20:00:00+05:30","Strong"
"2025-03","PROJ_158","Pune","o3",744,655,0,89,88.04,"2025-03-01T00:00:00+05:30","2025-03-29T20:00:00+05:30","Strong"
"2025-03","PROJ_179","Hyderabad","pm2_5",744,675,0,69,90.73,"2025-03-01T00:00:00+05:30","2025-03-31T22:00:00+05:30","Strong"
"2025-03","PROJ_179","Hyderabad","pm10",744,675,0,69,90.73,"2025-03-01T00:00:00+05:30","2025-03-31T22:00:00+05:30","Strong"
"2025-03","PROJ_179","Hyderabad","no2",744,675,0,69,90.73,"2025-03-01T00:00:00+05:30","2025-03-31T22:00:00+05:30","Strong"
"2025-03","PROJ_179","Hyderabad","so2",744,674,0,70,90.59,"2025-03-01T00:00:00+05:30","2025-03-31T22:00:00+05:30","Strong"
"2025-03","PROJ_179","Hyderabad","co",744,674,0,70,90.59,"2025-03-01T00:00:00+05:30","2025-03-31T22:00:00+05:30","Strong"
"2025-03","PROJ_179","Hyderabad","o3",744,674,0,70,90.59,"2025-03-01T00:00:00+05:30","2025-03-31T22:00:00+05:30","Strong"
"2025-03","PROJ_180","Hyderabad","pm2_5",744,683,0,61,91.8,"2025-03-01T00:00:00+05:30","2025-03-31T14:00:00+05:30","Strong"
"2025-03","PROJ_180","Hyderabad","pm10",744,683,0,61,91.8,"2025-03-01T00:00:00+05:30","2025-03-31T14:00:00+05:30","Strong"
"2025-03","PROJ_180","Hyderabad","no2",744,683,0,61,91.8,"2025-03-01T00:00:00+05:30","2025-03-31T14:00:00+05:30","Strong"
"2025-03","PROJ_180","Hyderabad","so2",744,683,0,61,91.8,"2025-03-01T00:00:00+05:30","2025-03-31T14:00:00+05:30","Strong"
"2025-03","PROJ_180","Hyderabad","co",744,683,0,61,91.8,"2025-03-01T00:00:00+05:30","2025-03-31T14:00:00+05:30","Strong"
"2025-03","PROJ_180","Hyderabad","o3",744,683,0,61,91.8,"2025-03-01T00:00:00+05:30","2025-03-31T14:00:00+05:30","Strong"
"2025-03","PROJ_181","Hyderabad","pm2_5",744,662,0,82,88.98,"2025-03-01T00:00:00+05:30","2025-03-31T22:00:00+05:30","Strong"
"2025-03","PROJ_181","Hyderabad","pm10",744,662,0,82,88.98,"2025-03-01T00:00:00+05:30","2025-03-31T22:00:00+05:30","Strong"
"2025-03","PROJ_181","Hyderabad","no2",744,662,0,82,88.98,"2025-03-01T00:00:00+05:30","2025-03-31T22:00:00+05:30","Strong"
"2025-03","PROJ_181","Hyderabad","so2",744,662,0,82,88.98,"2025-03-01T00:00:00+05:30","2025-03-31T22:00:00+05:30","Strong"
"2025-03","PROJ_181","Hyderabad","co",744,662,0,82,88.98,"2025-03-01T00:00:00+05:30","2025-03-31T22:00:00+05:30","Strong"
"2025-03","PROJ_181","Hyderabad","o3",744,662,0,82,88.98,"2025-03-01T00:00:00+05:30","2025-03-31T22:00:00+05:30","Strong"
"2025-03","PROJ_186","Hyderabad","pm2_5",744,727,0,17,97.72,"2025-03-01T00:00:00+05:30","2025-03-31T22:00:00+05:30","Strong"
"2025-03","PROJ_186","Hyderabad","pm10",744,727,0,17,97.72,"2025-03-01T00:00:00+05:30","2025-03-31T22:00:00+05:30","Strong"
"2025-03","PROJ_186","Hyderabad","no2",744,727,0,17,97.72,"2025-03-01T00:00:00+05:30","2025-03-31T22:00:00+05:30","Strong"
"2025-03","PROJ_186","Hyderabad","so2",744,722,0,22,97.04,"2025-03-01T00:00:00+05:30","2025-03-31T22:00:00+05:30","Strong"
"2025-03","PROJ_186","Hyderabad","co",744,727,0,17,97.72,"2025-03-01T00:00:00+05:30","2025-03-31T22:00:00+05:30","Strong"
"2025-03","PROJ_186","Hyderabad","o3",744,727,0,17,97.72,"2025-03-01T00:00:00+05:30","2025-03-31T22:00:00+05:30","Strong"
"2025-03","PROJ_094","Kolkata","pm2_5",744,742,0,2,99.73,"2025-03-01T00:00:00+05:30","2025-03-31T22:00:00+05:30","Strong"
"2025-03","PROJ_094","Kolkata","pm10",744,742,0,2,99.73,"2025-03-01T00:00:00+05:30","2025-03-31T22:00:00+05:30","Strong"
"2025-03","PROJ_094","Kolkata","no2",744,742,0,2,99.73,"2025-03-01T00:00:00+05:30","2025-03-31T22:00:00+05:30","Strong"
"2025-03","PROJ_094","Kolkata","so2",744,742,0,2,99.73,"2025-03-01T00:00:00+05:30","2025-03-31T22:00:00+05:30","Strong"
"2025-03","PROJ_094","Kolkata","co",744,742,0,2,99.73,"2025-03-01T00:00:00+05:30","2025-03-31T22:00:00+05:30","Strong"
"2025-03","PROJ_094","Kolkata","o3",744,741,0,3,99.6,"2025-03-01T00:00:00+05:30","2025-03-31T22:00:00+05:30","Strong"
"2025-04","PROJ_002","Delhi","pm2_5",720,549,0,171,76.25,"2025-04-01T00:00:00+05:30","2025-04-30T22:00:00+05:30","Strong"
"2025-04","PROJ_002","Delhi","pm10",720,542,0,178,75.28,"2025-04-01T00:00:00+05:30","2025-04-30T22:00:00+05:30","Strong"
"2025-04","PROJ_002","Delhi","no2",720,552,0,168,76.67,"2025-04-01T00:00:00+05:30","2025-04-30T22:00:00+05:30","Strong"
"2025-04","PROJ_002","Delhi","so2",720,545,0,175,75.69,"2025-04-01T00:00:00+05:30","2025-04-30T22:00:00+05:30","Strong"
"2025-04","PROJ_002","Delhi","co",720,538,0,182,74.72,"2025-04-01T00:00:00+05:30","2025-04-30T22:00:00+05:30","Usable"
"2025-04","PROJ_002","Delhi","o3",720,518,0,202,71.94,"2025-04-01T00:00:00+05:30","2025-04-30T22:00:00+05:30","Usable"
"2025-04","PROJ_007","Hyderabad","pm2_5",720,541,0,179,75.14,"2025-04-01T00:00:00+05:30","2025-04-30T18:00:00+05:30","Strong"
"2025-04","PROJ_007","Hyderabad","pm10",720,548,0,172,76.11,"2025-04-01T00:00:00+05:30","2025-04-30T18:00:00+05:30","Strong"
"2025-04","PROJ_007","Hyderabad","no2",720,474,0,246,65.83,"2025-04-01T00:00:00+05:30","2025-04-30T18:00:00+05:30","Usable"
"2025-04","PROJ_007","Hyderabad","so2",720,531,1,189,73.75,"2025-04-01T00:00:00+05:30","2025-04-30T18:00:00+05:30","Usable"
"2025-04","PROJ_007","Hyderabad","co",720,532,0,188,73.89,"2025-04-01T00:00:00+05:30","2025-04-30T18:00:00+05:30","Usable"
"2025-04","PROJ_007","Hyderabad","o3",720,474,0,246,65.83,"2025-04-01T00:00:00+05:30","2025-04-30T18:00:00+05:30","Usable"
"2025-04","PROJ_019","Chennai","pm2_5",720,491,0,229,68.19,"2025-04-01T00:00:00+05:30","2025-04-30T22:00:00+05:30","Usable"
"2025-04","PROJ_019","Chennai","pm10",720,486,5,234,67.5,"2025-04-01T00:00:00+05:30","2025-04-30T22:00:00+05:30","Usable"
"2025-04","PROJ_019","Chennai","no2",720,491,0,229,68.19,"2025-04-01T00:00:00+05:30","2025-04-30T22:00:00+05:30","Usable"
"2025-04","PROJ_019","Chennai","so2",720,491,0,229,68.19,"2025-04-01T00:00:00+05:30","2025-04-30T22:00:00+05:30","Usable"
"2025-04","PROJ_019","Chennai","co",720,491,0,229,68.19,"2025-04-01T00:00:00+05:30","2025-04-30T22:00:00+05:30","Usable"
"2025-04","PROJ_019","Chennai","o3",720,491,0,229,68.19,"2025-04-01T00:00:00+05:30","2025-04-30T22:00:00+05:30","Usable"
"2025-04","PROJ_036","Hyderabad","pm2_5",720,565,0,155,78.47,"2025-04-01T00:00:00+05:30","2025-04-30T22:00:00+05:30","Strong"
"2025-04","PROJ_036","Hyderabad","pm10",720,576,0,144,80,"2025-04-01T00:00:00+05:30","2025-04-30T22:00:00+05:30","Strong"
"2025-04","PROJ_036","Hyderabad","no2",720,605,0,115,84.03,"2025-04-01T00:00:00+05:30","2025-04-30T22:00:00+05:30","Strong"
"2025-04","PROJ_036","Hyderabad","so2",720,603,2,117,83.75,"2025-04-01T00:00:00+05:30","2025-04-30T22:00:00+05:30","Strong"
"2025-04","PROJ_036","Hyderabad","co",720,606,0,114,84.17,"2025-04-01T00:00:00+05:30","2025-04-30T22:00:00+05:30","Strong"
"2025-04","PROJ_036","Hyderabad","o3",720,605,0,115,84.03,"2025-04-01T00:00:00+05:30","2025-04-30T22:00:00+05:30","Strong"
"2025-04","PROJ_042","Nagpur","pm2_5",720,625,0,95,86.81,"2025-04-01T00:00:00+05:30","2025-04-30T22:00:00+05:30","Strong"
"2025-04","PROJ_042","Nagpur","pm10",720,625,0,95,86.81,"2025-04-01T00:00:00+05:30","2025-04-30T22:00:00+05:30","Strong"
"2025-04","PROJ_042","Nagpur","no2",720,625,0,95,86.81,"2025-04-01T00:00:00+05:30","2025-04-30T22:00:00+05:30","Strong"
"2025-04","PROJ_042","Nagpur","so2",720,625,0,95,86.81,"2025-04-01T00:00:00+05:30","2025-04-30T22:00:00+05:30","Strong"
"2025-04","PROJ_042","Nagpur","co",720,625,0,95,86.81,"2025-04-01T00:00:00+05:30","2025-04-30T22:00:00+05:30","Strong"
"2025-04","PROJ_042","Nagpur","o3",720,625,0,95,86.81,"2025-04-01T00:00:00+05:30","2025-04-30T22:00:00+05:30","Strong"
"2025-04","PROJ_044","Hyderabad","pm2_5",720,525,0,195,72.92,"2025-04-01T00:00:00+05:30","2025-04-30T22:00:00+05:30","Usable"
"2025-04","PROJ_044","Hyderabad","pm10",720,439,0,281,60.97,"2025-04-01T00:00:00+05:30","2025-04-30T22:00:00+05:30","Usable"
"2025-04","PROJ_044","Hyderabad","no2",720,534,0,186,74.17,"2025-04-01T00:00:00+05:30","2025-04-30T22:00:00+05:30","Usable"
"2025-04","PROJ_044","Hyderabad","so2",720,534,0,186,74.17,"2025-04-01T00:00:00+05:30","2025-04-30T22:00:00+05:30","Usable"
"2025-04","PROJ_044","Hyderabad","co",720,533,0,187,74.03,"2025-04-01T00:00:00+05:30","2025-04-30T22:00:00+05:30","Usable"
"2025-04","PROJ_044","Hyderabad","o3",720,534,0,186,74.17,"2025-04-01T00:00:00+05:30","2025-04-30T22:00:00+05:30","Usable"
"2025-04","PROJ_048","Visakhapatnam","pm2_5",720,557,0,163,77.36,"2025-04-01T00:00:00+05:30","2025-04-30T22:00:00+05:30","Strong"
"2025-04","PROJ_048","Visakhapatnam","pm10",720,563,0,157,78.19,"2025-04-01T00:00:00+05:30","2025-04-30T22:00:00+05:30","Strong"
"2025-04","PROJ_048","Visakhapatnam","no2",720,552,0,168,76.67,"2025-04-01T00:00:00+05:30","2025-04-30T22:00:00+05:30","Strong"
"2025-04","PROJ_048","Visakhapatnam","so2",720,567,0,153,78.75,"2025-04-01T00:00:00+05:30","2025-04-30T22:00:00+05:30","Strong"
"2025-04","PROJ_048","Visakhapatnam","co",720,533,0,187,74.03,"2025-04-01T00:00:00+05:30","2025-04-30T22:00:00+05:30","Usable"
"2025-04","PROJ_048","Visakhapatnam","o3",720,542,1,178,75.28,"2025-04-01T00:00:00+05:30","2025-04-30T22:00:00+05:30","Strong"
"2025-04","PROJ_050","Ahmedabad","pm2_5",720,586,0,134,81.39,"2025-04-01T00:00:00+05:30","2025-04-30T22:00:00+05:30","Strong"
"2025-04","PROJ_050","Ahmedabad","pm10",720,586,0,134,81.39,"2025-04-01T00:00:00+05:30","2025-04-30T22:00:00+05:30","Strong"
"2025-04","PROJ_050","Ahmedabad","no2",720,586,0,134,81.39,"2025-04-01T00:00:00+05:30","2025-04-30T22:00:00+05:30","Strong"
"2025-04","PROJ_050","Ahmedabad","so2",720,584,0,136,81.11,"2025-04-01T00:00:00+05:30","2025-04-30T22:00:00+05:30","Strong"
"2025-04","PROJ_050","Ahmedabad","co",720,586,0,134,81.39,"2025-04-01T00:00:00+05:30","2025-04-30T22:00:00+05:30","Strong"
"2025-04","PROJ_050","Ahmedabad","o3",720,574,0,146,79.72,"2025-04-01T00:00:00+05:30","2025-04-30T22:00:00+05:30","Strong"
"2025-04","PROJ_051","Jaipur","pm2_5",720,547,0,173,75.97,"2025-04-01T00:00:00+05:30","2025-04-30T22:00:00+05:30","Strong"
"2025-04","PROJ_051","Jaipur","pm10",720,547,0,173,75.97,"2025-04-01T00:00:00+05:30","2025-04-30T22:00:00+05:30","Strong"
"2025-04","PROJ_051","Jaipur","no2",720,536,12,184,74.44,"2025-04-01T00:00:00+05:30","2025-04-30T22:00:00+05:30","Usable"
"2025-04","PROJ_051","Jaipur","so2",720,547,0,173,75.97,"2025-04-01T00:00:00+05:30","2025-04-30T22:00:00+05:30","Strong"
"2025-04","PROJ_051","Jaipur","co",720,547,0,173,75.97,"2025-04-01T00:00:00+05:30","2025-04-30T22:00:00+05:30","Strong"
"2025-04","PROJ_051","Jaipur","o3",720,547,0,173,75.97,"2025-04-01T00:00:00+05:30","2025-04-30T22:00:00+05:30","Strong"
"2025-04","PROJ_063","Lucknow","pm2_5",720,508,0,212,70.56,"2025-04-01T00:00:00+05:30","2025-04-30T22:00:00+05:30","Usable"
"2025-04","PROJ_063","Lucknow","pm10",720,508,0,212,70.56,"2025-04-01T00:00:00+05:30","2025-04-30T22:00:00+05:30","Usable"
"2025-04","PROJ_063","Lucknow","no2",720,508,0,212,70.56,"2025-04-01T00:00:00+05:30","2025-04-30T22:00:00+05:30","Usable"
"2025-04","PROJ_063","Lucknow","so2",720,508,0,212,70.56,"2025-04-01T00:00:00+05:30","2025-04-30T22:00:00+05:30","Usable"
"2025-04","PROJ_063","Lucknow","co",720,509,0,211,70.69,"2025-04-01T00:00:00+05:30","2025-04-30T22:00:00+05:30","Usable"
"2025-04","PROJ_063","Lucknow","o3",720,508,0,212,70.56,"2025-04-01T00:00:00+05:30","2025-04-30T22:00:00+05:30","Usable"
"2025-04","PROJ_092","Mumbai","pm2_5",720,514,0,206,71.39,"2025-04-01T00:00:00+05:30","2025-04-30T22:00:00+05:30","Usable"
"2025-04","PROJ_092","Mumbai","pm10",720,514,0,206,71.39,"2025-04-01T00:00:00+05:30","2025-04-30T22:00:00+05:30","Usable"
"2025-04","PROJ_092","Mumbai","no2",720,514,0,206,71.39,"2025-04-01T00:00:00+05:30","2025-04-30T22:00:00+05:30","Usable"
"2025-04","PROJ_092","Mumbai","so2",720,224,0,496,31.11,"2025-04-01T00:00:00+05:30","2025-04-19T17:00:00+05:30","Weak"
"2025-04","PROJ_092","Mumbai","co",720,511,0,209,70.97,"2025-04-01T00:00:00+05:30","2025-04-30T22:00:00+05:30","Usable"
"2025-04","PROJ_092","Mumbai","o3",720,511,0,209,70.97,"2025-04-01T00:00:00+05:30","2025-04-30T22:00:00+05:30","Usable"
"2025-04","PROJ_101","Bengaluru","pm2_5",720,557,0,163,77.36,"2025-04-01T00:00:00+05:30","2025-04-30T22:00:00+05:30","Strong"
"2025-04","PROJ_101","Bengaluru","pm10",720,528,0,192,73.33,"2025-04-01T00:00:00+05:30","2025-04-30T22:00:00+05:30","Usable"
"2025-04","PROJ_101","Bengaluru","no2",720,556,0,164,77.22,"2025-04-01T00:00:00+05:30","2025-04-30T22:00:00+05:30","Strong"
"2025-04","PROJ_101","Bengaluru","so2",720,555,0,165,77.08,"2025-04-01T00:00:00+05:30","2025-04-30T22:00:00+05:30","Strong"
"2025-04","PROJ_101","Bengaluru","co",720,454,0,266,63.06,"2025-04-01T00:00:00+05:30","2025-04-30T22:00:00+05:30","Usable"
"2025-04","PROJ_101","Bengaluru","o3",720,490,0,230,68.06,"2025-04-01T00:00:00+05:30","2025-04-30T22:00:00+05:30","Usable"
"2025-04","PROJ_133","Patna","pm2_5",720,615,0,105,85.42,"2025-04-01T00:00:00+05:30","2025-04-30T22:00:00+05:30","Strong"
"2025-04","PROJ_133","Patna","pm10",720,615,0,105,85.42,"2025-04-01T00:00:00+05:30","2025-04-30T22:00:00+05:30","Strong"
"2025-04","PROJ_133","Patna","no2",720,615,0,105,85.42,"2025-04-01T00:00:00+05:30","2025-04-30T22:00:00+05:30","Strong"
"2025-04","PROJ_133","Patna","so2",720,614,1,106,85.28,"2025-04-01T00:00:00+05:30","2025-04-30T22:00:00+05:30","Strong"
"2025-04","PROJ_133","Patna","co",720,598,17,122,83.06,"2025-04-01T00:00:00+05:30","2025-04-30T22:00:00+05:30","Strong"
"2025-04","PROJ_133","Patna","o3",720,614,1,106,85.28,"2025-04-01T00:00:00+05:30","2025-04-30T22:00:00+05:30","Strong"
"2025-04","PROJ_142","Guwahati","pm2_5",720,468,0,252,65,"2025-04-01T00:00:00+05:30","2025-04-30T22:00:00+05:30","Usable"
"2025-04","PROJ_142","Guwahati","pm10",720,468,0,252,65,"2025-04-01T00:00:00+05:30","2025-04-30T22:00:00+05:30","Usable"
"2025-04","PROJ_142","Guwahati","no2",720,468,0,252,65,"2025-04-01T00:00:00+05:30","2025-04-30T22:00:00+05:30","Usable"
"2025-04","PROJ_142","Guwahati","so2",720,468,0,252,65,"2025-04-01T00:00:00+05:30","2025-04-30T22:00:00+05:30","Usable"
"2025-04","PROJ_142","Guwahati","co",720,468,0,252,65,"2025-04-01T00:00:00+05:30","2025-04-30T22:00:00+05:30","Usable"
"2025-04","PROJ_142","Guwahati","o3",720,468,0,252,65,"2025-04-01T00:00:00+05:30","2025-04-30T22:00:00+05:30","Usable"
"2025-04","PROJ_144","Bhopal","pm2_5",720,602,0,118,83.61,"2025-04-01T00:00:00+05:30","2025-04-30T22:00:00+05:30","Strong"
"2025-04","PROJ_144","Bhopal","pm10",720,614,0,106,85.28,"2025-04-01T00:00:00+05:30","2025-04-30T22:00:00+05:30","Strong"
"2025-04","PROJ_144","Bhopal","no2",720,598,0,122,83.06,"2025-04-01T00:00:00+05:30","2025-04-30T22:00:00+05:30","Strong"
"2025-04","PROJ_144","Bhopal","so2",720,617,0,103,85.69,"2025-04-01T00:00:00+05:30","2025-04-30T22:00:00+05:30","Strong"
"2025-04","PROJ_144","Bhopal","co",720,617,0,103,85.69,"2025-04-01T00:00:00+05:30","2025-04-30T22:00:00+05:30","Strong"
"2025-04","PROJ_144","Bhopal","o3",720,616,0,104,85.56,"2025-04-01T00:00:00+05:30","2025-04-30T22:00:00+05:30","Strong"
"2025-04","PROJ_158","Pune","pm2_5",720,620,0,100,86.11,"2025-04-01T00:00:00+05:30","2025-04-30T22:00:00+05:30","Strong"
"2025-04","PROJ_158","Pune","pm10",720,620,0,100,86.11,"2025-04-01T00:00:00+05:30","2025-04-30T22:00:00+05:30","Strong"
"2025-04","PROJ_158","Pune","no2",720,620,0,100,86.11,"2025-04-01T00:00:00+05:30","2025-04-30T22:00:00+05:30","Strong"
"2025-04","PROJ_158","Pune","so2",720,620,0,100,86.11,"2025-04-01T00:00:00+05:30","2025-04-30T22:00:00+05:30","Strong"
"2025-04","PROJ_158","Pune","co",720,620,0,100,86.11,"2025-04-01T00:00:00+05:30","2025-04-30T22:00:00+05:30","Strong"
"2025-04","PROJ_158","Pune","o3",720,610,10,110,84.72,"2025-04-01T00:00:00+05:30","2025-04-30T22:00:00+05:30","Strong"
"2025-04","PROJ_179","Hyderabad","pm2_5",720,523,0,197,72.64,"2025-04-01T00:00:00+05:30","2025-04-30T22:00:00+05:30","Usable"
"2025-04","PROJ_179","Hyderabad","pm10",720,523,0,197,72.64,"2025-04-01T00:00:00+05:30","2025-04-30T22:00:00+05:30","Usable"
"2025-04","PROJ_179","Hyderabad","no2",720,523,0,197,72.64,"2025-04-01T00:00:00+05:30","2025-04-30T22:00:00+05:30","Usable"
"2025-04","PROJ_179","Hyderabad","so2",720,523,0,197,72.64,"2025-04-01T00:00:00+05:30","2025-04-30T22:00:00+05:30","Usable"
"2025-04","PROJ_179","Hyderabad","co",720,523,0,197,72.64,"2025-04-01T00:00:00+05:30","2025-04-30T22:00:00+05:30","Usable"
"2025-04","PROJ_179","Hyderabad","o3",720,523,0,197,72.64,"2025-04-01T00:00:00+05:30","2025-04-30T22:00:00+05:30","Usable"
"2025-04","PROJ_180","Hyderabad","pm2_5",720,562,0,158,78.06,"2025-04-01T09:00:00+05:30","2025-04-30T22:00:00+05:30","Strong"
"2025-04","PROJ_180","Hyderabad","pm10",720,562,0,158,78.06,"2025-04-01T09:00:00+05:30","2025-04-30T22:00:00+05:30","Strong"
"2025-04","PROJ_180","Hyderabad","no2",720,562,0,158,78.06,"2025-04-01T09:00:00+05:30","2025-04-30T22:00:00+05:30","Strong"
"2025-04","PROJ_180","Hyderabad","so2",720,551,11,169,76.53,"2025-04-01T09:00:00+05:30","2025-04-30T22:00:00+05:30","Strong"
"2025-04","PROJ_180","Hyderabad","co",720,562,0,158,78.06,"2025-04-01T09:00:00+05:30","2025-04-30T22:00:00+05:30","Strong"
"2025-04","PROJ_180","Hyderabad","o3",720,562,0,158,78.06,"2025-04-01T09:00:00+05:30","2025-04-30T22:00:00+05:30","Strong"
"2025-04","PROJ_181","Hyderabad","pm2_5",720,495,0,225,68.75,"2025-04-01T00:00:00+05:30","2025-04-30T22:00:00+05:30","Usable"
"2025-04","PROJ_181","Hyderabad","pm10",720,495,0,225,68.75,"2025-04-01T00:00:00+05:30","2025-04-30T22:00:00+05:30","Usable"
"2025-04","PROJ_181","Hyderabad","no2",720,495,0,225,68.75,"2025-04-01T00:00:00+05:30","2025-04-30T22:00:00+05:30","Usable"
"2025-04","PROJ_181","Hyderabad","so2",720,495,0,225,68.75,"2025-04-01T00:00:00+05:30","2025-04-30T22:00:00+05:30","Usable"
"2025-04","PROJ_181","Hyderabad","co",720,495,0,225,68.75,"2025-04-01T00:00:00+05:30","2025-04-30T22:00:00+05:30","Usable"
"2025-04","PROJ_181","Hyderabad","o3",720,495,0,225,68.75,"2025-04-01T00:00:00+05:30","2025-04-30T22:00:00+05:30","Usable"
"2025-04","PROJ_186","Hyderabad","pm2_5",720,502,0,218,69.72,"2025-04-01T00:00:00+05:30","2025-04-30T16:00:00+05:30","Usable"
"2025-04","PROJ_186","Hyderabad","pm10",720,502,0,218,69.72,"2025-04-01T00:00:00+05:30","2025-04-30T16:00:00+05:30","Usable"
"2025-04","PROJ_186","Hyderabad","no2",720,501,0,219,69.58,"2025-04-01T00:00:00+05:30","2025-04-30T16:00:00+05:30","Usable"
"2025-04","PROJ_186","Hyderabad","so2",720,471,30,249,65.42,"2025-04-01T00:00:00+05:30","2025-04-30T16:00:00+05:30","Usable"
"2025-04","PROJ_186","Hyderabad","co",720,501,0,219,69.58,"2025-04-01T00:00:00+05:30","2025-04-30T16:00:00+05:30","Usable"
"2025-04","PROJ_186","Hyderabad","o3",720,500,1,220,69.44,"2025-04-01T00:00:00+05:30","2025-04-30T16:00:00+05:30","Usable"
"2025-04","PROJ_094","Kolkata","pm2_5",720,623,0,97,86.53,"2025-04-01T00:00:00+05:30","2025-04-30T22:00:00+05:30","Strong"
"2025-04","PROJ_094","Kolkata","pm10",720,623,0,97,86.53,"2025-04-01T00:00:00+05:30","2025-04-30T22:00:00+05:30","Strong"
"2025-04","PROJ_094","Kolkata","no2",720,622,0,98,86.39,"2025-04-01T00:00:00+05:30","2025-04-30T22:00:00+05:30","Strong"
"2025-04","PROJ_094","Kolkata","so2",720,622,0,98,86.39,"2025-04-01T00:00:00+05:30","2025-04-30T22:00:00+05:30","Strong"
"2025-04","PROJ_094","Kolkata","co",720,622,0,98,86.39,"2025-04-01T00:00:00+05:30","2025-04-30T22:00:00+05:30","Strong"
"2025-04","PROJ_094","Kolkata","o3",720,622,0,98,86.39,"2025-04-01T00:00:00+05:30","2025-04-30T22:00:00+05:30","Strong"
"2025-05","PROJ_002","Delhi","pm2_5",744,701,0,43,94.22,"2025-05-01T00:00:00+05:30","2025-05-31T22:00:00+05:30","Strong"
"2025-05","PROJ_002","Delhi","pm10",744,692,9,52,93.01,"2025-05-01T00:00:00+05:30","2025-05-31T22:00:00+05:30","Strong"
"2025-05","PROJ_002","Delhi","no2",744,702,0,42,94.35,"2025-05-01T00:00:00+05:30","2025-05-31T22:00:00+05:30","Strong"
"2025-05","PROJ_002","Delhi","so2",744,659,0,85,88.58,"2025-05-01T00:00:00+05:30","2025-05-31T22:00:00+05:30","Strong"
"2025-05","PROJ_002","Delhi","co",744,702,0,42,94.35,"2025-05-01T00:00:00+05:30","2025-05-31T22:00:00+05:30","Strong"
"2025-05","PROJ_002","Delhi","o3",744,695,0,49,93.41,"2025-05-01T00:00:00+05:30","2025-05-31T22:00:00+05:30","Strong"
"2025-05","PROJ_007","Hyderabad","pm2_5",744,626,0,118,84.14,"2025-05-01T12:00:00+05:30","2025-05-31T22:00:00+05:30","Strong"
"2025-05","PROJ_007","Hyderabad","pm10",744,632,0,112,84.95,"2025-05-01T12:00:00+05:30","2025-05-31T22:00:00+05:30","Strong"
"2025-05","PROJ_007","Hyderabad","no2",744,651,0,93,87.5,"2025-05-01T12:00:00+05:30","2025-05-31T22:00:00+05:30","Strong"
"2025-05","PROJ_007","Hyderabad","so2",744,651,0,93,87.5,"2025-05-01T12:00:00+05:30","2025-05-31T22:00:00+05:30","Strong"
"2025-05","PROJ_007","Hyderabad","co",744,651,0,93,87.5,"2025-05-01T12:00:00+05:30","2025-05-31T22:00:00+05:30","Strong"
"2025-05","PROJ_007","Hyderabad","o3",744,652,0,92,87.63,"2025-05-01T12:00:00+05:30","2025-05-31T22:00:00+05:30","Strong"
"2025-05","PROJ_019","Chennai","pm2_5",744,577,0,167,77.55,"2025-05-01T00:00:00+05:30","2025-05-31T22:00:00+05:30","Strong"
"2025-05","PROJ_019","Chennai","pm10",744,577,0,167,77.55,"2025-05-01T00:00:00+05:30","2025-05-31T22:00:00+05:30","Strong"
"2025-05","PROJ_019","Chennai","no2",744,577,0,167,77.55,"2025-05-01T00:00:00+05:30","2025-05-31T22:00:00+05:30","Strong"
"2025-05","PROJ_019","Chennai","so2",744,577,0,167,77.55,"2025-05-01T00:00:00+05:30","2025-05-31T22:00:00+05:30","Strong"
"2025-05","PROJ_019","Chennai","co",744,577,0,167,77.55,"2025-05-01T00:00:00+05:30","2025-05-31T22:00:00+05:30","Strong"
"2025-05","PROJ_019","Chennai","o3",744,577,0,167,77.55,"2025-05-01T00:00:00+05:30","2025-05-31T22:00:00+05:30","Strong"
"2025-05","PROJ_036","Hyderabad","pm2_5",744,558,0,186,75,"2025-05-01T11:00:00+05:30","2025-05-30T11:00:00+05:30","Strong"
"2025-05","PROJ_036","Hyderabad","pm10",744,554,0,190,74.46,"2025-05-01T00:00:00+05:30","2025-05-30T11:00:00+05:30","Usable"
"2025-05","PROJ_036","Hyderabad","no2",744,574,0,170,77.15,"2025-05-01T00:00:00+05:30","2025-05-30T11:00:00+05:30","Strong"
"2025-05","PROJ_036","Hyderabad","so2",744,574,0,170,77.15,"2025-05-01T00:00:00+05:30","2025-05-30T11:00:00+05:30","Strong"
"2025-05","PROJ_036","Hyderabad","co",744,572,0,172,76.88,"2025-05-01T00:00:00+05:30","2025-05-30T11:00:00+05:30","Strong"
"2025-05","PROJ_036","Hyderabad","o3",744,573,0,171,77.02,"2025-05-01T00:00:00+05:30","2025-05-30T11:00:00+05:30","Strong"
"2025-05","PROJ_042","Nagpur","pm2_5",744,698,0,46,93.82,"2025-05-01T00:00:00+05:30","2025-05-31T22:00:00+05:30","Strong"
"2025-05","PROJ_042","Nagpur","pm10",744,698,0,46,93.82,"2025-05-01T00:00:00+05:30","2025-05-31T22:00:00+05:30","Strong"
"2025-05","PROJ_042","Nagpur","no2",744,698,0,46,93.82,"2025-05-01T00:00:00+05:30","2025-05-31T22:00:00+05:30","Strong"
"2025-05","PROJ_042","Nagpur","so2",744,698,0,46,93.82,"2025-05-01T00:00:00+05:30","2025-05-31T22:00:00+05:30","Strong"
"2025-05","PROJ_042","Nagpur","co",744,698,0,46,93.82,"2025-05-01T00:00:00+05:30","2025-05-31T22:00:00+05:30","Strong"
"2025-05","PROJ_042","Nagpur","o3",744,698,0,46,93.82,"2025-05-01T00:00:00+05:30","2025-05-31T22:00:00+05:30","Strong"
"2025-05","PROJ_044","Hyderabad","pm2_5",744,387,0,357,52.02,"2025-05-01T00:00:00+05:30","2025-05-31T22:00:00+05:30","Usable"
"2025-05","PROJ_044","Hyderabad","pm10",744,376,0,368,50.54,"2025-05-01T00:00:00+05:30","2025-05-31T22:00:00+05:30","Usable"
"2025-05","PROJ_044","Hyderabad","no2",744,401,0,343,53.9,"2025-05-01T00:00:00+05:30","2025-05-31T22:00:00+05:30","Usable"
"2025-05","PROJ_044","Hyderabad","so2",744,402,0,342,54.03,"2025-05-01T00:00:00+05:30","2025-05-31T22:00:00+05:30","Usable"
"2025-05","PROJ_044","Hyderabad","co",744,401,0,343,53.9,"2025-05-01T00:00:00+05:30","2025-05-31T22:00:00+05:30","Usable"
"2025-05","PROJ_044","Hyderabad","o3",744,401,0,343,53.9,"2025-05-01T00:00:00+05:30","2025-05-31T22:00:00+05:30","Usable"
"2025-05","PROJ_048","Visakhapatnam","pm2_5",744,702,0,42,94.35,"2025-05-01T00:00:00+05:30","2025-05-31T22:00:00+05:30","Strong"
"2025-05","PROJ_048","Visakhapatnam","pm10",744,701,0,43,94.22,"2025-05-01T00:00:00+05:30","2025-05-31T22:00:00+05:30","Strong"
"2025-05","PROJ_048","Visakhapatnam","no2",744,693,3,51,93.15,"2025-05-01T00:00:00+05:30","2025-05-31T22:00:00+05:30","Strong"
"2025-05","PROJ_048","Visakhapatnam","so2",744,697,0,47,93.68,"2025-05-01T00:00:00+05:30","2025-05-31T22:00:00+05:30","Strong"
"2025-05","PROJ_048","Visakhapatnam","co",744,690,0,54,92.74,"2025-05-01T00:00:00+05:30","2025-05-31T22:00:00+05:30","Strong"
"2025-05","PROJ_048","Visakhapatnam","o3",744,680,1,64,91.4,"2025-05-01T00:00:00+05:30","2025-05-31T22:00:00+05:30","Strong"
"2025-05","PROJ_050","Ahmedabad","pm2_5",744,641,0,103,86.16,"2025-05-01T00:00:00+05:30","2025-05-31T22:00:00+05:30","Strong"
"2025-05","PROJ_050","Ahmedabad","pm10",744,641,0,103,86.16,"2025-05-01T00:00:00+05:30","2025-05-31T22:00:00+05:30","Strong"
"2025-05","PROJ_050","Ahmedabad","no2",744,641,0,103,86.16,"2025-05-01T00:00:00+05:30","2025-05-31T22:00:00+05:30","Strong"
"2025-05","PROJ_050","Ahmedabad","so2",744,641,0,103,86.16,"2025-05-01T00:00:00+05:30","2025-05-31T22:00:00+05:30","Strong"
"2025-05","PROJ_050","Ahmedabad","co",744,641,0,103,86.16,"2025-05-01T00:00:00+05:30","2025-05-31T22:00:00+05:30","Strong"
"2025-05","PROJ_050","Ahmedabad","o3",744,640,0,104,86.02,"2025-05-01T00:00:00+05:30","2025-05-31T22:00:00+05:30","Strong"
"2025-05","PROJ_051","Jaipur","pm2_5",744,607,0,137,81.59,"2025-05-01T00:00:00+05:30","2025-05-31T22:00:00+05:30","Strong"
"2025-05","PROJ_051","Jaipur","pm10",744,607,0,137,81.59,"2025-05-01T00:00:00+05:30","2025-05-31T22:00:00+05:30","Strong"
"2025-05","PROJ_051","Jaipur","no2",744,606,0,138,81.45,"2025-05-01T00:00:00+05:30","2025-05-31T22:00:00+05:30","Strong"
"2025-05","PROJ_051","Jaipur","so2",744,607,0,137,81.59,"2025-05-01T00:00:00+05:30","2025-05-31T22:00:00+05:30","Strong"
"2025-05","PROJ_051","Jaipur","co",744,607,0,137,81.59,"2025-05-01T00:00:00+05:30","2025-05-31T22:00:00+05:30","Strong"
"2025-05","PROJ_051","Jaipur","o3",744,606,1,138,81.45,"2025-05-01T00:00:00+05:30","2025-05-31T22:00:00+05:30","Strong"
"2025-05","PROJ_063","Lucknow","pm2_5",744,699,0,45,93.95,"2025-05-01T00:00:00+05:30","2025-05-31T22:00:00+05:30","Strong"
"2025-05","PROJ_063","Lucknow","pm10",744,694,5,50,93.28,"2025-05-01T00:00:00+05:30","2025-05-31T22:00:00+05:30","Strong"
"2025-05","PROJ_063","Lucknow","no2",744,699,0,45,93.95,"2025-05-01T00:00:00+05:30","2025-05-31T22:00:00+05:30","Strong"
"2025-05","PROJ_063","Lucknow","so2",744,699,0,45,93.95,"2025-05-01T00:00:00+05:30","2025-05-31T22:00:00+05:30","Strong"
"2025-05","PROJ_063","Lucknow","co",744,699,0,45,93.95,"2025-05-01T00:00:00+05:30","2025-05-31T22:00:00+05:30","Strong"
"2025-05","PROJ_063","Lucknow","o3",744,699,0,45,93.95,"2025-05-01T00:00:00+05:30","2025-05-31T22:00:00+05:30","Strong"
"2025-05","PROJ_092","Mumbai","pm2_5",744,552,0,192,74.19,"2025-05-01T00:00:00+05:30","2025-05-31T22:00:00+05:30","Usable"
"2025-05","PROJ_092","Mumbai","pm10",744,552,0,192,74.19,"2025-05-01T00:00:00+05:30","2025-05-31T22:00:00+05:30","Usable"
"2025-05","PROJ_092","Mumbai","no2",744,556,0,188,74.73,"2025-05-01T00:00:00+05:30","2025-05-31T22:00:00+05:30","Usable"
"2025-05","PROJ_092","Mumbai","so2",744,316,0,428,42.47,"2025-05-16T11:00:00+05:30","2025-05-31T22:00:00+05:30","Weak"
"2025-05","PROJ_092","Mumbai","co",744,550,0,194,73.92,"2025-05-01T00:00:00+05:30","2025-05-31T22:00:00+05:30","Usable"
"2025-05","PROJ_092","Mumbai","o3",744,550,0,194,73.92,"2025-05-01T00:00:00+05:30","2025-05-31T22:00:00+05:30","Usable"
"2025-05","PROJ_101","Bengaluru","pm2_5",744,658,0,86,88.44,"2025-05-01T00:00:00+05:30","2025-05-31T22:00:00+05:30","Strong"
"2025-05","PROJ_101","Bengaluru","pm10",744,668,0,76,89.78,"2025-05-01T00:00:00+05:30","2025-05-31T22:00:00+05:30","Strong"
"2025-05","PROJ_101","Bengaluru","no2",744,594,0,150,79.84,"2025-05-01T00:00:00+05:30","2025-05-31T17:00:00+05:30","Strong"
"2025-05","PROJ_101","Bengaluru","so2",744,657,0,87,88.31,"2025-05-01T00:00:00+05:30","2025-05-31T22:00:00+05:30","Strong"
"2025-05","PROJ_101","Bengaluru","co",744,622,0,122,83.6,"2025-05-01T00:00:00+05:30","2025-05-31T22:00:00+05:30","Strong"
"2025-05","PROJ_101","Bengaluru","o3",744,663,0,81,89.11,"2025-05-01T00:00:00+05:30","2025-05-31T22:00:00+05:30","Strong"
"2025-05","PROJ_133","Patna","pm2_5",744,703,0,41,94.49,"2025-05-01T00:00:00+05:30","2025-05-31T22:00:00+05:30","Strong"
"2025-05","PROJ_133","Patna","pm10",744,703,0,41,94.49,"2025-05-01T00:00:00+05:30","2025-05-31T22:00:00+05:30","Strong"
"2025-05","PROJ_133","Patna","no2",744,703,0,41,94.49,"2025-05-01T00:00:00+05:30","2025-05-31T22:00:00+05:30","Strong"
"2025-05","PROJ_133","Patna","so2",744,700,3,44,94.09,"2025-05-01T00:00:00+05:30","2025-05-31T22:00:00+05:30","Strong"
"2025-05","PROJ_133","Patna","co",744,695,8,49,93.41,"2025-05-01T00:00:00+05:30","2025-05-31T22:00:00+05:30","Strong"
"2025-05","PROJ_133","Patna","o3",744,701,2,43,94.22,"2025-05-01T00:00:00+05:30","2025-05-31T22:00:00+05:30","Strong"
"2025-05","PROJ_142","Guwahati","pm2_5",744,557,0,187,74.87,"2025-05-01T00:00:00+05:30","2025-05-30T10:00:00+05:30","Usable"
"2025-05","PROJ_142","Guwahati","pm10",744,557,0,187,74.87,"2025-05-01T00:00:00+05:30","2025-05-30T10:00:00+05:30","Usable"
"2025-05","PROJ_142","Guwahati","no2",744,557,0,187,74.87,"2025-05-01T00:00:00+05:30","2025-05-30T10:00:00+05:30","Usable"
"2025-05","PROJ_142","Guwahati","so2",744,557,0,187,74.87,"2025-05-01T00:00:00+05:30","2025-05-30T10:00:00+05:30","Usable"
"2025-05","PROJ_142","Guwahati","co",744,557,0,187,74.87,"2025-05-01T00:00:00+05:30","2025-05-30T10:00:00+05:30","Usable"
"2025-05","PROJ_142","Guwahati","o3",744,557,0,187,74.87,"2025-05-01T00:00:00+05:30","2025-05-30T10:00:00+05:30","Usable"
"2025-05","PROJ_144","Bhopal","pm2_5",744,687,0,57,92.34,"2025-05-01T00:00:00+05:30","2025-05-31T22:00:00+05:30","Strong"
"2025-05","PROJ_144","Bhopal","pm10",744,673,0,71,90.46,"2025-05-01T00:00:00+05:30","2025-05-31T22:00:00+05:30","Strong"
"2025-05","PROJ_144","Bhopal","no2",744,681,0,63,91.53,"2025-05-01T00:00:00+05:30","2025-05-31T22:00:00+05:30","Strong"
"2025-05","PROJ_144","Bhopal","so2",744,683,0,61,91.8,"2025-05-01T00:00:00+05:30","2025-05-31T22:00:00+05:30","Strong"
"2025-05","PROJ_144","Bhopal","co",744,683,0,61,91.8,"2025-05-01T00:00:00+05:30","2025-05-31T22:00:00+05:30","Strong"
"2025-05","PROJ_144","Bhopal","o3",744,687,0,57,92.34,"2025-05-01T00:00:00+05:30","2025-05-31T22:00:00+05:30","Strong"
"2025-05","PROJ_158","Pune","pm2_5",744,681,0,63,91.53,"2025-05-01T00:00:00+05:30","2025-05-31T22:00:00+05:30","Strong"
"2025-05","PROJ_158","Pune","pm10",744,681,0,63,91.53,"2025-05-01T00:00:00+05:30","2025-05-31T22:00:00+05:30","Strong"
"2025-05","PROJ_158","Pune","no2",744,681,0,63,91.53,"2025-05-01T00:00:00+05:30","2025-05-31T22:00:00+05:30","Strong"
"2025-05","PROJ_158","Pune","so2",744,681,0,63,91.53,"2025-05-01T00:00:00+05:30","2025-05-31T22:00:00+05:30","Strong"
"2025-05","PROJ_158","Pune","co",744,681,0,63,91.53,"2025-05-01T00:00:00+05:30","2025-05-31T22:00:00+05:30","Strong"
"2025-05","PROJ_158","Pune","o3",744,681,0,63,91.53,"2025-05-01T00:00:00+05:30","2025-05-31T22:00:00+05:30","Strong"
"2025-05","PROJ_179","Hyderabad","pm2_5",744,693,0,51,93.15,"2025-05-01T00:00:00+05:30","2025-05-31T22:00:00+05:30","Strong"
"2025-05","PROJ_179","Hyderabad","pm10",744,693,0,51,93.15,"2025-05-01T00:00:00+05:30","2025-05-31T22:00:00+05:30","Strong"
"2025-05","PROJ_179","Hyderabad","no2",744,693,0,51,93.15,"2025-05-01T00:00:00+05:30","2025-05-31T22:00:00+05:30","Strong"
"2025-05","PROJ_179","Hyderabad","so2",744,693,0,51,93.15,"2025-05-01T00:00:00+05:30","2025-05-31T22:00:00+05:30","Strong"
"2025-05","PROJ_179","Hyderabad","co",744,693,0,51,93.15,"2025-05-01T00:00:00+05:30","2025-05-31T22:00:00+05:30","Strong"
"2025-05","PROJ_179","Hyderabad","o3",744,693,0,51,93.15,"2025-05-01T00:00:00+05:30","2025-05-31T22:00:00+05:30","Strong"
"2025-05","PROJ_180","Hyderabad","pm2_5",744,537,0,207,72.18,"2025-05-01T00:00:00+05:30","2025-05-31T22:00:00+05:30","Usable"
"2025-05","PROJ_180","Hyderabad","pm10",744,537,0,207,72.18,"2025-05-01T00:00:00+05:30","2025-05-31T22:00:00+05:30","Usable"
"2025-05","PROJ_180","Hyderabad","no2",744,537,0,207,72.18,"2025-05-01T00:00:00+05:30","2025-05-31T22:00:00+05:30","Usable"
"2025-05","PROJ_180","Hyderabad","so2",744,523,14,221,70.3,"2025-05-01T00:00:00+05:30","2025-05-31T22:00:00+05:30","Usable"
"2025-05","PROJ_180","Hyderabad","co",744,537,0,207,72.18,"2025-05-01T00:00:00+05:30","2025-05-31T22:00:00+05:30","Usable"
"2025-05","PROJ_180","Hyderabad","o3",744,537,0,207,72.18,"2025-05-01T00:00:00+05:30","2025-05-31T22:00:00+05:30","Usable"
"2025-05","PROJ_181","Hyderabad","pm2_5",744,609,0,135,81.85,"2025-05-01T00:00:00+05:30","2025-05-31T22:00:00+05:30","Strong"
"2025-05","PROJ_181","Hyderabad","pm10",744,609,0,135,81.85,"2025-05-01T00:00:00+05:30","2025-05-31T22:00:00+05:30","Strong"
"2025-05","PROJ_181","Hyderabad","no2",744,609,0,135,81.85,"2025-05-01T00:00:00+05:30","2025-05-31T22:00:00+05:30","Strong"
"2025-05","PROJ_181","Hyderabad","so2",744,609,0,135,81.85,"2025-05-01T00:00:00+05:30","2025-05-31T22:00:00+05:30","Strong"
"2025-05","PROJ_181","Hyderabad","co",744,609,0,135,81.85,"2025-05-01T00:00:00+05:30","2025-05-31T22:00:00+05:30","Strong"
"2025-05","PROJ_181","Hyderabad","o3",744,609,0,135,81.85,"2025-05-01T00:00:00+05:30","2025-05-31T22:00:00+05:30","Strong"
"2025-05","PROJ_186","Hyderabad","pm2_5",744,574,0,170,77.15,"2025-05-01T00:00:00+05:30","2025-05-31T22:00:00+05:30","Strong"
"2025-05","PROJ_186","Hyderabad","pm10",744,574,0,170,77.15,"2025-05-01T00:00:00+05:30","2025-05-31T22:00:00+05:30","Strong"
"2025-05","PROJ_186","Hyderabad","no2",744,572,0,172,76.88,"2025-05-01T00:00:00+05:30","2025-05-31T22:00:00+05:30","Strong"
"2025-05","PROJ_186","Hyderabad","so2",744,572,0,172,76.88,"2025-05-01T00:00:00+05:30","2025-05-31T22:00:00+05:30","Strong"
"2025-05","PROJ_186","Hyderabad","co",744,572,0,172,76.88,"2025-05-01T00:00:00+05:30","2025-05-31T22:00:00+05:30","Strong"
"2025-05","PROJ_186","Hyderabad","o3",744,572,0,172,76.88,"2025-05-01T00:00:00+05:30","2025-05-31T22:00:00+05:30","Strong"
"2025-05","PROJ_094","Kolkata","pm2_5",744,702,0,42,94.35,"2025-05-01T00:00:00+05:30","2025-05-31T22:00:00+05:30","Strong"
"2025-05","PROJ_094","Kolkata","pm10",744,702,0,42,94.35,"2025-05-01T00:00:00+05:30","2025-05-31T22:00:00+05:30","Strong"
"2025-05","PROJ_094","Kolkata","no2",744,701,1,43,94.22,"2025-05-01T00:00:00+05:30","2025-05-31T21:00:00+05:30","Strong"
"2025-05","PROJ_094","Kolkata","so2",744,702,0,42,94.35,"2025-05-01T00:00:00+05:30","2025-05-31T22:00:00+05:30","Strong"
"2025-05","PROJ_094","Kolkata","co",744,702,0,42,94.35,"2025-05-01T00:00:00+05:30","2025-05-31T22:00:00+05:30","Strong"
"2025-05","PROJ_094","Kolkata","o3",744,702,0,42,94.35,"2025-05-01T00:00:00+05:30","2025-05-31T22:00:00+05:30","Strong"
"2025-06","PROJ_002","Delhi","pm2_5",720,630,0,90,87.5,"2025-06-01T00:00:00+05:30","2025-06-30T22:00:00+05:30","Strong"
"2025-06","PROJ_002","Delhi","pm10",720,629,0,91,87.36,"2025-06-01T00:00:00+05:30","2025-06-30T22:00:00+05:30","Strong"
"2025-06","PROJ_002","Delhi","no2",720,630,0,90,87.5,"2025-06-01T00:00:00+05:30","2025-06-30T22:00:00+05:30","Strong"
"2025-06","PROJ_002","Delhi","so2",720,597,0,123,82.92,"2025-06-01T00:00:00+05:30","2025-06-30T22:00:00+05:30","Strong"
"2025-06","PROJ_002","Delhi","co",720,632,0,88,87.78,"2025-06-01T00:00:00+05:30","2025-06-30T22:00:00+05:30","Strong"
"2025-06","PROJ_002","Delhi","o3",720,595,0,125,82.64,"2025-06-01T00:00:00+05:30","2025-06-30T22:00:00+05:30","Strong"
"2025-06","PROJ_007","Hyderabad","pm2_5",720,583,0,137,80.97,"2025-06-01T00:00:00+05:30","2025-06-30T22:00:00+05:30","Strong"
"2025-06","PROJ_007","Hyderabad","pm10",720,583,0,137,80.97,"2025-06-01T00:00:00+05:30","2025-06-30T22:00:00+05:30","Strong"
"2025-06","PROJ_007","Hyderabad","no2",720,620,0,100,86.11,"2025-06-01T00:00:00+05:30","2025-06-30T22:00:00+05:30","Strong"
"2025-06","PROJ_007","Hyderabad","so2",720,622,0,98,86.39,"2025-06-01T00:00:00+05:30","2025-06-30T22:00:00+05:30","Strong"
"2025-06","PROJ_007","Hyderabad","co",720,621,0,99,86.25,"2025-06-01T00:00:00+05:30","2025-06-30T22:00:00+05:30","Strong"
"2025-06","PROJ_007","Hyderabad","o3",720,621,0,99,86.25,"2025-06-01T00:00:00+05:30","2025-06-30T22:00:00+05:30","Strong"
"2025-06","PROJ_019","Chennai","pm2_5",720,603,0,117,83.75,"2025-06-01T00:00:00+05:30","2025-06-30T22:00:00+05:30","Strong"
"2025-06","PROJ_019","Chennai","pm10",720,600,3,120,83.33,"2025-06-01T00:00:00+05:30","2025-06-30T22:00:00+05:30","Strong"
"2025-06","PROJ_019","Chennai","no2",720,603,0,117,83.75,"2025-06-01T00:00:00+05:30","2025-06-30T22:00:00+05:30","Strong"
"2025-06","PROJ_019","Chennai","so2",720,603,0,117,83.75,"2025-06-01T00:00:00+05:30","2025-06-30T22:00:00+05:30","Strong"
"2025-06","PROJ_019","Chennai","co",720,603,0,117,83.75,"2025-06-01T00:00:00+05:30","2025-06-30T22:00:00+05:30","Strong"
"2025-06","PROJ_019","Chennai","o3",720,599,4,121,83.19,"2025-06-01T00:00:00+05:30","2025-06-30T22:00:00+05:30","Strong"
"2025-06","PROJ_036","Hyderabad","pm2_5",720,470,0,250,65.28,"2025-06-01T14:00:00+05:30","2025-06-30T22:00:00+05:30","Usable"
"2025-06","PROJ_036","Hyderabad","pm10",720,500,0,220,69.44,"2025-06-01T14:00:00+05:30","2025-06-30T22:00:00+05:30","Usable"
"2025-06","PROJ_036","Hyderabad","no2",720,513,0,207,71.25,"2025-06-01T14:00:00+05:30","2025-06-30T22:00:00+05:30","Usable"
"2025-06","PROJ_036","Hyderabad","so2",720,513,0,207,71.25,"2025-06-01T14:00:00+05:30","2025-06-30T22:00:00+05:30","Usable"
"2025-06","PROJ_036","Hyderabad","co",720,513,0,207,71.25,"2025-06-01T14:00:00+05:30","2025-06-30T22:00:00+05:30","Usable"
"2025-06","PROJ_036","Hyderabad","o3",720,513,0,207,71.25,"2025-06-01T14:00:00+05:30","2025-06-30T22:00:00+05:30","Usable"
"2025-06","PROJ_042","Nagpur","pm2_5",720,652,0,68,90.56,"2025-06-01T00:00:00+05:30","2025-06-30T22:00:00+05:30","Strong"
"2025-06","PROJ_042","Nagpur","pm10",720,652,0,68,90.56,"2025-06-01T00:00:00+05:30","2025-06-30T22:00:00+05:30","Strong"
"2025-06","PROJ_042","Nagpur","no2",720,652,0,68,90.56,"2025-06-01T00:00:00+05:30","2025-06-30T22:00:00+05:30","Strong"
"2025-06","PROJ_042","Nagpur","so2",720,652,0,68,90.56,"2025-06-01T00:00:00+05:30","2025-06-30T22:00:00+05:30","Strong"
"2025-06","PROJ_042","Nagpur","co",720,652,0,68,90.56,"2025-06-01T00:00:00+05:30","2025-06-30T22:00:00+05:30","Strong"
"2025-06","PROJ_042","Nagpur","o3",720,652,0,68,90.56,"2025-06-01T00:00:00+05:30","2025-06-30T22:00:00+05:30","Strong"
"2025-06","PROJ_044","Hyderabad","pm2_5",720,542,0,178,75.28,"2025-06-01T00:00:00+05:30","2025-06-30T18:00:00+05:30","Strong"
"2025-06","PROJ_044","Hyderabad","pm10",720,510,0,210,70.83,"2025-06-01T00:00:00+05:30","2025-06-30T18:00:00+05:30","Usable"
"2025-06","PROJ_044","Hyderabad","no2",720,555,0,165,77.08,"2025-06-01T00:00:00+05:30","2025-06-30T18:00:00+05:30","Strong"
"2025-06","PROJ_044","Hyderabad","so2",720,555,0,165,77.08,"2025-06-01T00:00:00+05:30","2025-06-30T18:00:00+05:30","Strong"
"2025-06","PROJ_044","Hyderabad","co",720,555,0,165,77.08,"2025-06-01T00:00:00+05:30","2025-06-30T18:00:00+05:30","Strong"
"2025-06","PROJ_044","Hyderabad","o3",720,555,0,165,77.08,"2025-06-01T00:00:00+05:30","2025-06-30T18:00:00+05:30","Strong"
"2025-06","PROJ_048","Visakhapatnam","pm2_5",720,665,0,55,92.36,"2025-06-01T00:00:00+05:30","2025-06-30T22:00:00+05:30","Strong"
"2025-06","PROJ_048","Visakhapatnam","pm10",720,665,0,55,92.36,"2025-06-01T00:00:00+05:30","2025-06-30T22:00:00+05:30","Strong"
"2025-06","PROJ_048","Visakhapatnam","no2",720,665,0,55,92.36,"2025-06-01T00:00:00+05:30","2025-06-30T22:00:00+05:30","Strong"
"2025-06","PROJ_048","Visakhapatnam","so2",720,663,0,57,92.08,"2025-06-01T00:00:00+05:30","2025-06-30T22:00:00+05:30","Strong"
"2025-06","PROJ_048","Visakhapatnam","co",720,657,0,63,91.25,"2025-06-01T00:00:00+05:30","2025-06-30T22:00:00+05:30","Strong"
"2025-06","PROJ_048","Visakhapatnam","o3",720,661,0,59,91.81,"2025-06-01T00:00:00+05:30","2025-06-30T22:00:00+05:30","Strong"
"2025-06","PROJ_050","Ahmedabad","pm2_5",720,647,0,73,89.86,"2025-06-01T00:00:00+05:30","2025-06-30T22:00:00+05:30","Strong"
"2025-06","PROJ_050","Ahmedabad","pm10",720,647,0,73,89.86,"2025-06-01T00:00:00+05:30","2025-06-30T22:00:00+05:30","Strong"
"2025-06","PROJ_050","Ahmedabad","no2",720,647,0,73,89.86,"2025-06-01T00:00:00+05:30","2025-06-30T22:00:00+05:30","Strong"
"2025-06","PROJ_050","Ahmedabad","so2",720,645,0,75,89.58,"2025-06-01T00:00:00+05:30","2025-06-30T22:00:00+05:30","Strong"
"2025-06","PROJ_050","Ahmedabad","co",720,647,0,73,89.86,"2025-06-01T00:00:00+05:30","2025-06-30T22:00:00+05:30","Strong"
"2025-06","PROJ_050","Ahmedabad","o3",720,646,0,74,89.72,"2025-06-01T00:00:00+05:30","2025-06-30T22:00:00+05:30","Strong"
"2025-06","PROJ_051","Jaipur","pm2_5",720,550,0,170,76.39,"2025-06-01T00:00:00+05:30","2025-06-30T22:00:00+05:30","Strong"
"2025-06","PROJ_051","Jaipur","pm10",720,551,0,169,76.53,"2025-06-01T00:00:00+05:30","2025-06-30T22:00:00+05:30","Strong"
"2025-06","PROJ_051","Jaipur","no2",720,537,0,183,74.58,"2025-06-01T00:00:00+05:30","2025-06-30T22:00:00+05:30","Usable"
"2025-06","PROJ_051","Jaipur","so2",720,556,0,164,77.22,"2025-06-01T00:00:00+05:30","2025-06-30T22:00:00+05:30","Strong"
"2025-06","PROJ_051","Jaipur","co",720,558,0,162,77.5,"2025-06-01T00:00:00+05:30","2025-06-30T22:00:00+05:30","Strong"
"2025-06","PROJ_051","Jaipur","o3",720,552,0,168,76.67,"2025-06-01T00:00:00+05:30","2025-06-30T22:00:00+05:30","Strong"
"2025-06","PROJ_063","Lucknow","pm2_5",720,583,0,137,80.97,"2025-06-01T00:00:00+05:30","2025-06-30T22:00:00+05:30","Strong"
"2025-06","PROJ_063","Lucknow","pm10",720,581,2,139,80.69,"2025-06-01T00:00:00+05:30","2025-06-30T22:00:00+05:30","Strong"
"2025-06","PROJ_063","Lucknow","no2",720,583,0,137,80.97,"2025-06-01T00:00:00+05:30","2025-06-30T22:00:00+05:30","Strong"
"2025-06","PROJ_063","Lucknow","so2",720,583,0,137,80.97,"2025-06-01T00:00:00+05:30","2025-06-30T22:00:00+05:30","Strong"
"2025-06","PROJ_063","Lucknow","co",720,583,0,137,80.97,"2025-06-01T00:00:00+05:30","2025-06-30T22:00:00+05:30","Strong"
"2025-06","PROJ_063","Lucknow","o3",720,583,0,137,80.97,"2025-06-01T00:00:00+05:30","2025-06-30T22:00:00+05:30","Strong"
"2025-06","PROJ_092","Mumbai","pm2_5",720,618,0,102,85.83,"2025-06-01T00:00:00+05:30","2025-06-30T22:00:00+05:30","Strong"
"2025-06","PROJ_092","Mumbai","pm10",720,615,0,105,85.42,"2025-06-01T00:00:00+05:30","2025-06-30T22:00:00+05:30","Strong"
"2025-06","PROJ_092","Mumbai","no2",720,618,0,102,85.83,"2025-06-01T00:00:00+05:30","2025-06-30T22:00:00+05:30","Strong"
"2025-06","PROJ_092","Mumbai","so2",720,613,0,107,85.14,"2025-06-01T00:00:00+05:30","2025-06-30T22:00:00+05:30","Strong"
"2025-06","PROJ_092","Mumbai","co",720,609,0,111,84.58,"2025-06-01T00:00:00+05:30","2025-06-30T22:00:00+05:30","Strong"
"2025-06","PROJ_092","Mumbai","o3",720,609,0,111,84.58,"2025-06-01T00:00:00+05:30","2025-06-30T22:00:00+05:30","Strong"
"2025-06","PROJ_101","Bengaluru","pm2_5",720,638,0,82,88.61,"2025-06-01T00:00:00+05:30","2025-06-30T22:00:00+05:30","Strong"
"2025-06","PROJ_101","Bengaluru","pm10",720,615,0,105,85.42,"2025-06-01T00:00:00+05:30","2025-06-30T22:00:00+05:30","Strong"
"2025-06","PROJ_101","Bengaluru","no2",720,203,0,517,28.19,"2025-06-01T03:00:00+05:30","2025-06-30T21:00:00+05:30","Weak"
"2025-06","PROJ_101","Bengaluru","so2",720,636,0,84,88.33,"2025-06-01T00:00:00+05:30","2025-06-30T22:00:00+05:30","Strong"
"2025-06","PROJ_101","Bengaluru","co",720,605,0,115,84.03,"2025-06-01T01:00:00+05:30","2025-06-30T22:00:00+05:30","Strong"
"2025-06","PROJ_101","Bengaluru","o3",720,640,0,80,88.89,"2025-06-01T00:00:00+05:30","2025-06-30T22:00:00+05:30","Strong"
"2025-06","PROJ_133","Patna","pm2_5",720,654,0,66,90.83,"2025-06-01T00:00:00+05:30","2025-06-30T22:00:00+05:30","Strong"
"2025-06","PROJ_133","Patna","pm10",720,654,0,66,90.83,"2025-06-01T00:00:00+05:30","2025-06-30T22:00:00+05:30","Strong"
"2025-06","PROJ_133","Patna","no2",720,654,0,66,90.83,"2025-06-01T00:00:00+05:30","2025-06-30T22:00:00+05:30","Strong"
"2025-06","PROJ_133","Patna","so2",720,654,0,66,90.83,"2025-06-01T00:00:00+05:30","2025-06-30T22:00:00+05:30","Strong"
"2025-06","PROJ_133","Patna","co",720,652,2,68,90.56,"2025-06-01T00:00:00+05:30","2025-06-30T22:00:00+05:30","Strong"
"2025-06","PROJ_133","Patna","o3",720,653,1,67,90.69,"2025-06-01T00:00:00+05:30","2025-06-30T22:00:00+05:30","Strong"
"2025-06","PROJ_142","Guwahati","pm2_5",720,550,0,170,76.39,"2025-06-04T12:00:00+05:30","2025-06-30T22:00:00+05:30","Strong"
"2025-06","PROJ_142","Guwahati","pm10",720,550,0,170,76.39,"2025-06-04T12:00:00+05:30","2025-06-30T22:00:00+05:30","Strong"
"2025-06","PROJ_142","Guwahati","no2",720,550,0,170,76.39,"2025-06-04T12:00:00+05:30","2025-06-30T22:00:00+05:30","Strong"
"2025-06","PROJ_142","Guwahati","so2",720,550,0,170,76.39,"2025-06-04T12:00:00+05:30","2025-06-30T22:00:00+05:30","Strong"
"2025-06","PROJ_142","Guwahati","co",720,550,0,170,76.39,"2025-06-04T12:00:00+05:30","2025-06-30T22:00:00+05:30","Strong"
"2025-06","PROJ_142","Guwahati","o3",720,537,13,183,74.58,"2025-06-04T13:00:00+05:30","2025-06-30T22:00:00+05:30","Usable"
"2025-06","PROJ_144","Bhopal","pm2_5",720,501,0,219,69.58,"2025-06-01T00:00:00+05:30","2025-06-30T22:00:00+05:30","Usable"
"2025-06","PROJ_144","Bhopal","pm10",720,495,0,225,68.75,"2025-06-01T00:00:00+05:30","2025-06-30T22:00:00+05:30","Usable"
"2025-06","PROJ_144","Bhopal","no2",720,518,0,202,71.94,"2025-06-01T00:00:00+05:30","2025-06-30T22:00:00+05:30","Usable"
"2025-06","PROJ_144","Bhopal","so2",720,498,0,222,69.17,"2025-06-01T00:00:00+05:30","2025-06-30T22:00:00+05:30","Usable"
"2025-06","PROJ_144","Bhopal","co",720,499,0,221,69.31,"2025-06-01T00:00:00+05:30","2025-06-30T22:00:00+05:30","Usable"
"2025-06","PROJ_144","Bhopal","o3",720,513,0,207,71.25,"2025-06-01T00:00:00+05:30","2025-06-30T22:00:00+05:30","Usable"
"2025-06","PROJ_158","Pune","pm2_5",720,646,0,74,89.72,"2025-06-01T00:00:00+05:30","2025-06-30T22:00:00+05:30","Strong"
"2025-06","PROJ_158","Pune","pm10",720,646,0,74,89.72,"2025-06-01T00:00:00+05:30","2025-06-30T22:00:00+05:30","Strong"
"2025-06","PROJ_158","Pune","no2",720,646,0,74,89.72,"2025-06-01T00:00:00+05:30","2025-06-30T22:00:00+05:30","Strong"
"2025-06","PROJ_158","Pune","so2",720,646,0,74,89.72,"2025-06-01T00:00:00+05:30","2025-06-30T22:00:00+05:30","Strong"
"2025-06","PROJ_158","Pune","co",720,646,0,74,89.72,"2025-06-01T00:00:00+05:30","2025-06-30T22:00:00+05:30","Strong"
"2025-06","PROJ_158","Pune","o3",720,646,0,74,89.72,"2025-06-01T00:00:00+05:30","2025-06-30T22:00:00+05:30","Strong"
"2025-06","PROJ_179","Hyderabad","pm2_5",720,617,0,103,85.69,"2025-06-01T00:00:00+05:30","2025-06-30T22:00:00+05:30","Strong"
"2025-06","PROJ_179","Hyderabad","pm10",720,617,0,103,85.69,"2025-06-01T00:00:00+05:30","2025-06-30T22:00:00+05:30","Strong"
"2025-06","PROJ_179","Hyderabad","no2",720,616,0,104,85.56,"2025-06-01T00:00:00+05:30","2025-06-30T22:00:00+05:30","Strong"
"2025-06","PROJ_179","Hyderabad","so2",720,615,1,105,85.42,"2025-06-01T00:00:00+05:30","2025-06-30T22:00:00+05:30","Strong"
"2025-06","PROJ_179","Hyderabad","co",720,616,0,104,85.56,"2025-06-01T00:00:00+05:30","2025-06-30T22:00:00+05:30","Strong"
"2025-06","PROJ_179","Hyderabad","o3",720,616,0,104,85.56,"2025-06-01T00:00:00+05:30","2025-06-30T22:00:00+05:30","Strong"
"2025-06","PROJ_180","Hyderabad","pm2_5",720,593,0,127,82.36,"2025-06-01T00:00:00+05:30","2025-06-30T19:00:00+05:30","Strong"
"2025-06","PROJ_180","Hyderabad","pm10",720,593,0,127,82.36,"2025-06-01T00:00:00+05:30","2025-06-30T19:00:00+05:30","Strong"
"2025-06","PROJ_180","Hyderabad","no2",720,593,0,127,82.36,"2025-06-01T00:00:00+05:30","2025-06-30T19:00:00+05:30","Strong"
"2025-06","PROJ_180","Hyderabad","so2",720,593,0,127,82.36,"2025-06-01T00:00:00+05:30","2025-06-30T19:00:00+05:30","Strong"
"2025-06","PROJ_180","Hyderabad","co",720,593,0,127,82.36,"2025-06-01T00:00:00+05:30","2025-06-30T19:00:00+05:30","Strong"
"2025-06","PROJ_180","Hyderabad","o3",720,592,1,128,82.22,"2025-06-01T00:00:00+05:30","2025-06-30T19:00:00+05:30","Strong"
"2025-06","PROJ_181","Hyderabad","pm2_5",720,648,0,72,90,"2025-06-01T00:00:00+05:30","2025-06-30T22:00:00+05:30","Strong"
"2025-06","PROJ_181","Hyderabad","pm10",720,648,0,72,90,"2025-06-01T00:00:00+05:30","2025-06-30T22:00:00+05:30","Strong"
"2025-06","PROJ_181","Hyderabad","no2",720,648,0,72,90,"2025-06-01T00:00:00+05:30","2025-06-30T22:00:00+05:30","Strong"
"2025-06","PROJ_181","Hyderabad","so2",720,648,0,72,90,"2025-06-01T00:00:00+05:30","2025-06-30T22:00:00+05:30","Strong"
"2025-06","PROJ_181","Hyderabad","co",720,648,0,72,90,"2025-06-01T00:00:00+05:30","2025-06-30T22:00:00+05:30","Strong"
"2025-06","PROJ_181","Hyderabad","o3",720,648,0,72,90,"2025-06-01T00:00:00+05:30","2025-06-30T22:00:00+05:30","Strong"
"2025-06","PROJ_186","Hyderabad","pm2_5",720,631,0,89,87.64,"2025-06-01T00:00:00+05:30","2025-06-30T22:00:00+05:30","Strong"
"2025-06","PROJ_186","Hyderabad","pm10",720,631,0,89,87.64,"2025-06-01T00:00:00+05:30","2025-06-30T22:00:00+05:30","Strong"
"2025-06","PROJ_186","Hyderabad","no2",720,630,0,90,87.5,"2025-06-01T00:00:00+05:30","2025-06-30T22:00:00+05:30","Strong"
"2025-06","PROJ_186","Hyderabad","so2",720,627,3,93,87.08,"2025-06-01T00:00:00+05:30","2025-06-30T22:00:00+05:30","Strong"
"2025-06","PROJ_186","Hyderabad","co",720,630,0,90,87.5,"2025-06-01T00:00:00+05:30","2025-06-30T22:00:00+05:30","Strong"
"2025-06","PROJ_186","Hyderabad","o3",720,630,0,90,87.5,"2025-06-01T00:00:00+05:30","2025-06-30T22:00:00+05:30","Strong"
"2025-06","PROJ_094","Kolkata","pm2_5",720,664,0,56,92.22,"2025-06-01T00:00:00+05:30","2025-06-30T22:00:00+05:30","Strong"
"2025-06","PROJ_094","Kolkata","pm10",720,664,0,56,92.22,"2025-06-01T00:00:00+05:30","2025-06-30T22:00:00+05:30","Strong"
"2025-06","PROJ_094","Kolkata","no2",720,664,0,56,92.22,"2025-06-01T00:00:00+05:30","2025-06-30T22:00:00+05:30","Strong"
"2025-06","PROJ_094","Kolkata","so2",720,664,0,56,92.22,"2025-06-01T00:00:00+05:30","2025-06-30T22:00:00+05:30","Strong"
"2025-06","PROJ_094","Kolkata","co",720,663,1,57,92.08,"2025-06-01T00:00:00+05:30","2025-06-30T22:00:00+05:30","Strong"
"2025-06","PROJ_094","Kolkata","o3",720,664,0,56,92.22,"2025-06-01T00:00:00+05:30","2025-06-30T22:00:00+05:30","Strong"
"2025-07","PROJ_002","Delhi","pm2_5",744,692,1,52,93.01,"2025-07-01T00:00:00+05:30","2025-07-31T22:00:00+05:30","Strong"
"2025-07","PROJ_002","Delhi","pm10",744,703,0,41,94.49,"2025-07-01T00:00:00+05:30","2025-07-31T22:00:00+05:30","Strong"
"2025-07","PROJ_002","Delhi","no2",744,733,0,11,98.52,"2025-07-01T00:00:00+05:30","2025-07-31T22:00:00+05:30","Strong"
"2025-07","PROJ_002","Delhi","so2",744,700,0,44,94.09,"2025-07-01T00:00:00+05:30","2025-07-31T22:00:00+05:30","Strong"
"2025-07","PROJ_002","Delhi","co",744,729,0,15,97.98,"2025-07-01T00:00:00+05:30","2025-07-31T22:00:00+05:30","Strong"
"2025-07","PROJ_002","Delhi","o3",744,734,0,10,98.66,"2025-07-01T00:00:00+05:30","2025-07-31T22:00:00+05:30","Strong"
"2025-07","PROJ_007","Hyderabad","pm2_5",744,571,0,173,76.75,"2025-07-01T00:00:00+05:30","2025-07-31T22:00:00+05:30","Strong"
"2025-07","PROJ_007","Hyderabad","pm10",744,571,0,173,76.75,"2025-07-01T00:00:00+05:30","2025-07-31T22:00:00+05:30","Strong"
"2025-07","PROJ_007","Hyderabad","no2",744,609,0,135,81.85,"2025-07-01T00:00:00+05:30","2025-07-31T22:00:00+05:30","Strong"
"2025-07","PROJ_007","Hyderabad","so2",744,614,0,130,82.53,"2025-07-01T00:00:00+05:30","2025-07-31T22:00:00+05:30","Strong"
"2025-07","PROJ_007","Hyderabad","co",744,607,0,137,81.59,"2025-07-01T00:00:00+05:30","2025-07-31T22:00:00+05:30","Strong"
"2025-07","PROJ_007","Hyderabad","o3",744,606,0,138,81.45,"2025-07-01T00:00:00+05:30","2025-07-31T22:00:00+05:30","Strong"
"2025-07","PROJ_019","Chennai","pm2_5",744,707,0,37,95.03,"2025-07-01T00:00:00+05:30","2025-07-31T22:00:00+05:30","Strong"
"2025-07","PROJ_019","Chennai","pm10",744,707,0,37,95.03,"2025-07-01T00:00:00+05:30","2025-07-31T22:00:00+05:30","Strong"
"2025-07","PROJ_019","Chennai","no2",744,707,0,37,95.03,"2025-07-01T00:00:00+05:30","2025-07-31T22:00:00+05:30","Strong"
"2025-07","PROJ_019","Chennai","so2",744,707,0,37,95.03,"2025-07-01T00:00:00+05:30","2025-07-31T22:00:00+05:30","Strong"
"2025-07","PROJ_019","Chennai","co",744,707,0,37,95.03,"2025-07-01T00:00:00+05:30","2025-07-31T22:00:00+05:30","Strong"
"2025-07","PROJ_019","Chennai","o3",744,707,0,37,95.03,"2025-07-01T00:00:00+05:30","2025-07-31T22:00:00+05:30","Strong"
"2025-07","PROJ_036","Hyderabad","pm2_5",744,645,0,99,86.69,"2025-07-01T00:00:00+05:30","2025-07-31T22:00:00+05:30","Strong"
"2025-07","PROJ_036","Hyderabad","pm10",744,647,0,97,86.96,"2025-07-01T00:00:00+05:30","2025-07-31T22:00:00+05:30","Strong"
"2025-07","PROJ_036","Hyderabad","no2",744,673,0,71,90.46,"2025-07-01T00:00:00+05:30","2025-07-31T22:00:00+05:30","Strong"
"2025-07","PROJ_036","Hyderabad","so2",744,673,0,71,90.46,"2025-07-01T00:00:00+05:30","2025-07-31T22:00:00+05:30","Strong"
"2025-07","PROJ_036","Hyderabad","co",744,673,0,71,90.46,"2025-07-01T00:00:00+05:30","2025-07-31T22:00:00+05:30","Strong"
"2025-07","PROJ_036","Hyderabad","o3",744,676,0,68,90.86,"2025-07-01T00:00:00+05:30","2025-07-31T22:00:00+05:30","Strong"
"2025-07","PROJ_042","Nagpur","pm2_5",744,707,0,37,95.03,"2025-07-01T00:00:00+05:30","2025-07-31T22:00:00+05:30","Strong"
"2025-07","PROJ_042","Nagpur","pm10",744,707,0,37,95.03,"2025-07-01T00:00:00+05:30","2025-07-31T22:00:00+05:30","Strong"
"2025-07","PROJ_042","Nagpur","no2",744,707,0,37,95.03,"2025-07-01T00:00:00+05:30","2025-07-31T22:00:00+05:30","Strong"
"2025-07","PROJ_042","Nagpur","so2",744,707,0,37,95.03,"2025-07-01T00:00:00+05:30","2025-07-31T22:00:00+05:30","Strong"
"2025-07","PROJ_042","Nagpur","co",744,707,0,37,95.03,"2025-07-01T00:00:00+05:30","2025-07-31T22:00:00+05:30","Strong"
"2025-07","PROJ_042","Nagpur","o3",744,707,0,37,95.03,"2025-07-01T00:00:00+05:30","2025-07-31T22:00:00+05:30","Strong"
"2025-07","PROJ_044","Hyderabad","pm2_5",744,632,0,112,84.95,"2025-07-01T10:00:00+05:30","2025-07-31T22:00:00+05:30","Strong"
"2025-07","PROJ_044","Hyderabad","pm10",744,596,0,148,80.11,"2025-07-01T10:00:00+05:30","2025-07-31T22:00:00+05:30","Strong"
"2025-07","PROJ_044","Hyderabad","no2",744,651,0,93,87.5,"2025-07-01T10:00:00+05:30","2025-07-31T22:00:00+05:30","Strong"
"2025-07","PROJ_044","Hyderabad","so2",744,651,0,93,87.5,"2025-07-01T10:00:00+05:30","2025-07-31T22:00:00+05:30","Strong"
"2025-07","PROJ_044","Hyderabad","co",744,651,0,93,87.5,"2025-07-01T10:00:00+05:30","2025-07-31T22:00:00+05:30","Strong"
"2025-07","PROJ_044","Hyderabad","o3",744,651,0,93,87.5,"2025-07-01T10:00:00+05:30","2025-07-31T22:00:00+05:30","Strong"
"2025-07","PROJ_048","Visakhapatnam","pm2_5",744,659,0,85,88.58,"2025-07-01T00:00:00+05:30","2025-07-31T22:00:00+05:30","Strong"
"2025-07","PROJ_048","Visakhapatnam","pm10",744,659,0,85,88.58,"2025-07-01T00:00:00+05:30","2025-07-31T22:00:00+05:30","Strong"
"2025-07","PROJ_048","Visakhapatnam","no2",744,663,0,81,89.11,"2025-07-01T00:00:00+05:30","2025-07-31T22:00:00+05:30","Strong"
"2025-07","PROJ_048","Visakhapatnam","so2",744,662,0,82,88.98,"2025-07-01T00:00:00+05:30","2025-07-31T22:00:00+05:30","Strong"
"2025-07","PROJ_048","Visakhapatnam","co",744,659,0,85,88.58,"2025-07-01T00:00:00+05:30","2025-07-31T22:00:00+05:30","Strong"
"2025-07","PROJ_048","Visakhapatnam","o3",744,664,0,80,89.25,"2025-07-01T00:00:00+05:30","2025-07-31T22:00:00+05:30","Strong"
"2025-07","PROJ_050","Ahmedabad","pm2_5",744,587,0,157,78.9,"2025-07-01T00:00:00+05:30","2025-07-31T22:00:00+05:30","Strong"
"2025-07","PROJ_050","Ahmedabad","pm10",744,586,0,158,78.76,"2025-07-01T00:00:00+05:30","2025-07-31T22:00:00+05:30","Strong"
"2025-07","PROJ_050","Ahmedabad","no2",744,551,33,193,74.06,"2025-07-01T00:00:00+05:30","2025-07-31T22:00:00+05:30","Usable"
"2025-07","PROJ_050","Ahmedabad","so2",744,585,0,159,78.63,"2025-07-01T00:00:00+05:30","2025-07-31T22:00:00+05:30","Strong"
"2025-07","PROJ_050","Ahmedabad","co",744,587,0,157,78.9,"2025-07-01T00:00:00+05:30","2025-07-31T22:00:00+05:30","Strong"
"2025-07","PROJ_050","Ahmedabad","o3",744,585,0,159,78.63,"2025-07-01T00:00:00+05:30","2025-07-31T22:00:00+05:30","Strong"
"2025-07","PROJ_051","Jaipur","pm2_5",744,734,0,10,98.66,"2025-07-01T00:00:00+05:30","2025-07-31T22:00:00+05:30","Strong"
"2025-07","PROJ_051","Jaipur","pm10",744,734,0,10,98.66,"2025-07-01T00:00:00+05:30","2025-07-31T22:00:00+05:30","Strong"
"2025-07","PROJ_051","Jaipur","no2",744,734,0,10,98.66,"2025-07-01T00:00:00+05:30","2025-07-31T22:00:00+05:30","Strong"
"2025-07","PROJ_051","Jaipur","so2",744,734,0,10,98.66,"2025-07-01T00:00:00+05:30","2025-07-31T22:00:00+05:30","Strong"
"2025-07","PROJ_051","Jaipur","co",744,734,0,10,98.66,"2025-07-01T00:00:00+05:30","2025-07-31T22:00:00+05:30","Strong"
"2025-07","PROJ_051","Jaipur","o3",744,734,0,10,98.66,"2025-07-01T00:00:00+05:30","2025-07-31T22:00:00+05:30","Strong"
"2025-07","PROJ_063","Lucknow","pm2_5",744,735,0,9,98.79,"2025-07-01T00:00:00+05:30","2025-07-31T22:00:00+05:30","Strong"
"2025-07","PROJ_063","Lucknow","pm10",744,727,7,17,97.72,"2025-07-01T00:00:00+05:30","2025-07-31T21:00:00+05:30","Strong"
"2025-07","PROJ_063","Lucknow","no2",744,735,0,9,98.79,"2025-07-01T00:00:00+05:30","2025-07-31T22:00:00+05:30","Strong"
"2025-07","PROJ_063","Lucknow","so2",744,735,0,9,98.79,"2025-07-01T00:00:00+05:30","2025-07-31T22:00:00+05:30","Strong"
"2025-07","PROJ_063","Lucknow","co",744,735,0,9,98.79,"2025-07-01T00:00:00+05:30","2025-07-31T22:00:00+05:30","Strong"
"2025-07","PROJ_063","Lucknow","o3",744,735,0,9,98.79,"2025-07-01T00:00:00+05:30","2025-07-31T22:00:00+05:30","Strong"
"2025-07","PROJ_092","Mumbai","pm2_5",744,694,0,50,93.28,"2025-07-01T00:00:00+05:30","2025-07-31T22:00:00+05:30","Strong"
"2025-07","PROJ_092","Mumbai","pm10",744,689,0,55,92.61,"2025-07-01T01:00:00+05:30","2025-07-31T22:00:00+05:30","Strong"
"2025-07","PROJ_092","Mumbai","no2",744,692,0,52,93.01,"2025-07-01T01:00:00+05:30","2025-07-31T22:00:00+05:30","Strong"
"2025-07","PROJ_092","Mumbai","so2",744,689,0,55,92.61,"2025-07-01T01:00:00+05:30","2025-07-31T22:00:00+05:30","Strong"
"2025-07","PROJ_092","Mumbai","co",744,687,0,57,92.34,"2025-07-01T01:00:00+05:30","2025-07-31T22:00:00+05:30","Strong"
"2025-07","PROJ_092","Mumbai","o3",744,687,0,57,92.34,"2025-07-01T01:00:00+05:30","2025-07-31T22:00:00+05:30","Strong"
"2025-07","PROJ_101","Bengaluru","pm2_5",744,717,0,27,96.37,"2025-07-01T00:00:00+05:30","2025-07-31T22:00:00+05:30","Strong"
"2025-07","PROJ_101","Bengaluru","pm10",744,720,0,24,96.77,"2025-07-01T00:00:00+05:30","2025-07-31T22:00:00+05:30","Strong"
"2025-07","PROJ_101","Bengaluru","no2",744,159,0,585,21.37,"2025-07-01T08:00:00+05:30","2025-07-31T22:00:00+05:30","Weak"
"2025-07","PROJ_101","Bengaluru","so2",744,714,0,30,95.97,"2025-07-01T00:00:00+05:30","2025-07-31T22:00:00+05:30","Strong"
"2025-07","PROJ_101","Bengaluru","co",744,699,0,45,93.95,"2025-07-01T00:00:00+05:30","2025-07-31T22:00:00+05:30","Strong"
"2025-07","PROJ_101","Bengaluru","o3",744,721,0,23,96.91,"2025-07-01T00:00:00+05:30","2025-07-31T22:00:00+05:30","Strong"
"2025-07","PROJ_133","Patna","pm2_5",744,727,4,17,97.72,"2025-07-01T00:00:00+05:30","2025-07-31T22:00:00+05:30","Strong"
"2025-07","PROJ_133","Patna","pm10",744,731,0,13,98.25,"2025-07-01T00:00:00+05:30","2025-07-31T22:00:00+05:30","Strong"
"2025-07","PROJ_133","Patna","no2",744,731,0,13,98.25,"2025-07-01T00:00:00+05:30","2025-07-31T22:00:00+05:30","Strong"
"2025-07","PROJ_133","Patna","so2",744,731,0,13,98.25,"2025-07-01T00:00:00+05:30","2025-07-31T22:00:00+05:30","Strong"
"2025-07","PROJ_133","Patna","co",744,730,2,14,98.12,"2025-07-01T00:00:00+05:30","2025-07-31T22:00:00+05:30","Strong"
"2025-07","PROJ_133","Patna","o3",744,731,0,13,98.25,"2025-07-01T00:00:00+05:30","2025-07-31T22:00:00+05:30","Strong"
"2025-07","PROJ_142","Guwahati","pm2_5",744,688,0,56,92.47,"2025-07-01T00:00:00+05:30","2025-07-31T22:00:00+05:30","Strong"
"2025-07","PROJ_142","Guwahati","pm10",744,688,0,56,92.47,"2025-07-01T00:00:00+05:30","2025-07-31T22:00:00+05:30","Strong"
"2025-07","PROJ_142","Guwahati","no2",744,688,0,56,92.47,"2025-07-01T00:00:00+05:30","2025-07-31T22:00:00+05:30","Strong"
"2025-07","PROJ_142","Guwahati","so2",744,688,0,56,92.47,"2025-07-01T00:00:00+05:30","2025-07-31T22:00:00+05:30","Strong"
"2025-07","PROJ_142","Guwahati","co",744,688,0,56,92.47,"2025-07-01T00:00:00+05:30","2025-07-31T22:00:00+05:30","Strong"
"2025-07","PROJ_142","Guwahati","o3",744,688,0,56,92.47,"2025-07-01T00:00:00+05:30","2025-07-31T22:00:00+05:30","Strong"
"2025-07","PROJ_144","Bhopal","pm2_5",744,683,0,61,91.8,"2025-07-01T00:00:00+05:30","2025-07-31T22:00:00+05:30","Strong"
"2025-07","PROJ_144","Bhopal","pm10",744,682,0,62,91.67,"2025-07-01T00:00:00+05:30","2025-07-31T22:00:00+05:30","Strong"
"2025-07","PROJ_144","Bhopal","no2",744,688,0,56,92.47,"2025-07-01T00:00:00+05:30","2025-07-31T22:00:00+05:30","Strong"
"2025-07","PROJ_144","Bhopal","so2",744,658,0,86,88.44,"2025-07-01T00:00:00+05:30","2025-07-31T22:00:00+05:30","Strong"
"2025-07","PROJ_144","Bhopal","co",744,659,0,85,88.58,"2025-07-01T00:00:00+05:30","2025-07-31T22:00:00+05:30","Strong"
"2025-07","PROJ_144","Bhopal","o3",744,686,0,58,92.2,"2025-07-01T00:00:00+05:30","2025-07-31T22:00:00+05:30","Strong"
"2025-07","PROJ_158","Pune","pm2_5",744,650,0,94,87.37,"2025-07-01T00:00:00+05:30","2025-07-31T22:00:00+05:30","Strong"
"2025-07","PROJ_158","Pune","pm10",744,650,0,94,87.37,"2025-07-01T00:00:00+05:30","2025-07-31T22:00:00+05:30","Strong"
"2025-07","PROJ_158","Pune","no2",744,650,0,94,87.37,"2025-07-01T00:00:00+05:30","2025-07-31T22:00:00+05:30","Strong"
"2025-07","PROJ_158","Pune","so2",744,650,0,94,87.37,"2025-07-01T00:00:00+05:30","2025-07-31T22:00:00+05:30","Strong"
"2025-07","PROJ_158","Pune","co",744,650,0,94,87.37,"2025-07-01T00:00:00+05:30","2025-07-31T22:00:00+05:30","Strong"
"2025-07","PROJ_158","Pune","o3",744,650,0,94,87.37,"2025-07-01T00:00:00+05:30","2025-07-31T22:00:00+05:30","Strong"
"2025-07","PROJ_179","Hyderabad","pm2_5",744,731,0,13,98.25,"2025-07-01T00:00:00+05:30","2025-07-31T22:00:00+05:30","Strong"
"2025-07","PROJ_179","Hyderabad","pm10",744,731,0,13,98.25,"2025-07-01T00:00:00+05:30","2025-07-31T22:00:00+05:30","Strong"
"2025-07","PROJ_179","Hyderabad","no2",744,731,0,13,98.25,"2025-07-01T00:00:00+05:30","2025-07-31T22:00:00+05:30","Strong"
"2025-07","PROJ_179","Hyderabad","so2",744,721,10,23,96.91,"2025-07-01T00:00:00+05:30","2025-07-31T22:00:00+05:30","Strong"
"2025-07","PROJ_179","Hyderabad","co",744,731,0,13,98.25,"2025-07-01T00:00:00+05:30","2025-07-31T22:00:00+05:30","Strong"
"2025-07","PROJ_179","Hyderabad","o3",744,731,0,13,98.25,"2025-07-01T00:00:00+05:30","2025-07-31T22:00:00+05:30","Strong"
"2025-07","PROJ_180","Hyderabad","pm2_5",744,548,0,196,73.66,"2025-07-01T08:00:00+05:30","2025-07-31T18:00:00+05:30","Usable"
"2025-07","PROJ_180","Hyderabad","pm10",744,548,0,196,73.66,"2025-07-01T08:00:00+05:30","2025-07-31T18:00:00+05:30","Usable"
"2025-07","PROJ_180","Hyderabad","no2",744,548,0,196,73.66,"2025-07-01T08:00:00+05:30","2025-07-31T18:00:00+05:30","Usable"
"2025-07","PROJ_180","Hyderabad","so2",744,548,0,196,73.66,"2025-07-01T08:00:00+05:30","2025-07-31T18:00:00+05:30","Usable"
"2025-07","PROJ_180","Hyderabad","co",744,548,0,196,73.66,"2025-07-01T08:00:00+05:30","2025-07-31T18:00:00+05:30","Usable"
"2025-07","PROJ_180","Hyderabad","o3",744,545,3,199,73.25,"2025-07-01T08:00:00+05:30","2025-07-31T18:00:00+05:30","Usable"
"2025-07","PROJ_181","Hyderabad","pm2_5",744,693,0,51,93.15,"2025-07-01T00:00:00+05:30","2025-07-31T22:00:00+05:30","Strong"
"2025-07","PROJ_181","Hyderabad","pm10",744,693,0,51,93.15,"2025-07-01T00:00:00+05:30","2025-07-31T22:00:00+05:30","Strong"
"2025-07","PROJ_181","Hyderabad","no2",744,693,0,51,93.15,"2025-07-01T00:00:00+05:30","2025-07-31T22:00:00+05:30","Strong"
"2025-07","PROJ_181","Hyderabad","so2",744,693,0,51,93.15,"2025-07-01T00:00:00+05:30","2025-07-31T22:00:00+05:30","Strong"
"2025-07","PROJ_181","Hyderabad","co",744,693,0,51,93.15,"2025-07-01T00:00:00+05:30","2025-07-31T22:00:00+05:30","Strong"
"2025-07","PROJ_181","Hyderabad","o3",744,693,0,51,93.15,"2025-07-01T00:00:00+05:30","2025-07-31T22:00:00+05:30","Strong"
"2025-07","PROJ_186","Hyderabad","pm2_5",744,659,0,85,88.58,"2025-07-01T00:00:00+05:30","2025-07-31T17:00:00+05:30","Strong"
"2025-07","PROJ_186","Hyderabad","pm10",744,659,0,85,88.58,"2025-07-01T00:00:00+05:30","2025-07-31T17:00:00+05:30","Strong"
"2025-07","PROJ_186","Hyderabad","no2",744,657,0,87,88.31,"2025-07-01T00:00:00+05:30","2025-07-31T17:00:00+05:30","Strong"
"2025-07","PROJ_186","Hyderabad","so2",744,604,53,140,81.18,"2025-07-01T00:00:00+05:30","2025-07-31T17:00:00+05:30","Strong"
"2025-07","PROJ_186","Hyderabad","co",744,657,0,87,88.31,"2025-07-01T00:00:00+05:30","2025-07-31T17:00:00+05:30","Strong"
"2025-07","PROJ_186","Hyderabad","o3",744,657,0,87,88.31,"2025-07-01T00:00:00+05:30","2025-07-31T17:00:00+05:30","Strong"
"2025-07","PROJ_094","Kolkata","pm2_5",744,735,0,9,98.79,"2025-07-01T00:00:00+05:30","2025-07-31T22:00:00+05:30","Strong"
"2025-07","PROJ_094","Kolkata","pm10",744,735,0,9,98.79,"2025-07-01T00:00:00+05:30","2025-07-31T22:00:00+05:30","Strong"
"2025-07","PROJ_094","Kolkata","no2",744,734,1,10,98.66,"2025-07-01T00:00:00+05:30","2025-07-31T22:00:00+05:30","Strong"
"2025-07","PROJ_094","Kolkata","so2",744,735,0,9,98.79,"2025-07-01T00:00:00+05:30","2025-07-31T22:00:00+05:30","Strong"
"2025-07","PROJ_094","Kolkata","co",744,735,0,9,98.79,"2025-07-01T00:00:00+05:30","2025-07-31T22:00:00+05:30","Strong"
"2025-07","PROJ_094","Kolkata","o3",744,735,0,9,98.79,"2025-07-01T00:00:00+05:30","2025-07-31T22:00:00+05:30","Strong"
"2025-08","PROJ_002","Delhi","pm2_5",744,697,0,47,93.68,"2025-08-01T00:00:00+05:30","2025-08-31T22:00:00+05:30","Strong"
"2025-08","PROJ_002","Delhi","pm10",744,695,0,49,93.41,"2025-08-01T00:00:00+05:30","2025-08-31T22:00:00+05:30","Strong"
"2025-08","PROJ_002","Delhi","no2",744,695,0,49,93.41,"2025-08-01T00:00:00+05:30","2025-08-31T22:00:00+05:30","Strong"
"2025-08","PROJ_002","Delhi","so2",744,645,0,99,86.69,"2025-08-01T00:00:00+05:30","2025-08-31T22:00:00+05:30","Strong"
"2025-08","PROJ_002","Delhi","co",744,696,0,48,93.55,"2025-08-01T00:00:00+05:30","2025-08-31T22:00:00+05:30","Strong"
"2025-08","PROJ_002","Delhi","o3",744,689,0,55,92.61,"2025-08-01T00:00:00+05:30","2025-08-31T22:00:00+05:30","Strong"
"2025-08","PROJ_007","Hyderabad","pm2_5",744,726,0,18,97.58,"2025-08-01T00:00:00+05:30","2025-08-31T22:00:00+05:30","Strong"
"2025-08","PROJ_007","Hyderabad","pm10",744,726,0,18,97.58,"2025-08-01T00:00:00+05:30","2025-08-31T22:00:00+05:30","Strong"
"2025-08","PROJ_007","Hyderabad","no2",744,729,0,15,97.98,"2025-08-01T00:00:00+05:30","2025-08-31T22:00:00+05:30","Strong"
"2025-08","PROJ_007","Hyderabad","so2",744,729,0,15,97.98,"2025-08-01T00:00:00+05:30","2025-08-31T22:00:00+05:30","Strong"
"2025-08","PROJ_007","Hyderabad","co",744,729,0,15,97.98,"2025-08-01T00:00:00+05:30","2025-08-31T22:00:00+05:30","Strong"
"2025-08","PROJ_007","Hyderabad","o3",744,729,0,15,97.98,"2025-08-01T00:00:00+05:30","2025-08-31T22:00:00+05:30","Strong"
"2025-08","PROJ_019","Chennai","pm2_5",744,721,2,23,96.91,"2025-08-01T00:00:00+05:30","2025-08-31T22:00:00+05:30","Strong"
"2025-08","PROJ_019","Chennai","pm10",744,723,0,21,97.18,"2025-08-01T00:00:00+05:30","2025-08-31T22:00:00+05:30","Strong"
"2025-08","PROJ_019","Chennai","no2",744,723,0,21,97.18,"2025-08-01T00:00:00+05:30","2025-08-31T22:00:00+05:30","Strong"
"2025-08","PROJ_019","Chennai","so2",744,723,0,21,97.18,"2025-08-01T00:00:00+05:30","2025-08-31T22:00:00+05:30","Strong"
"2025-08","PROJ_019","Chennai","co",744,723,0,21,97.18,"2025-08-01T00:00:00+05:30","2025-08-31T22:00:00+05:30","Strong"
"2025-08","PROJ_019","Chennai","o3",744,723,0,21,97.18,"2025-08-01T00:00:00+05:30","2025-08-31T22:00:00+05:30","Strong"
"2025-08","PROJ_036","Hyderabad","pm2_5",744,609,0,135,81.85,"2025-08-01T00:00:00+05:30","2025-08-31T22:00:00+05:30","Strong"
"2025-08","PROJ_036","Hyderabad","pm10",744,651,0,93,87.5,"2025-08-01T00:00:00+05:30","2025-08-31T22:00:00+05:30","Strong"
"2025-08","PROJ_036","Hyderabad","no2",744,665,0,79,89.38,"2025-08-01T00:00:00+05:30","2025-08-31T22:00:00+05:30","Strong"
"2025-08","PROJ_036","Hyderabad","so2",744,665,0,79,89.38,"2025-08-01T00:00:00+05:30","2025-08-31T22:00:00+05:30","Strong"
"2025-08","PROJ_036","Hyderabad","co",744,665,0,79,89.38,"2025-08-01T00:00:00+05:30","2025-08-31T22:00:00+05:30","Strong"
"2025-08","PROJ_036","Hyderabad","o3",744,665,0,79,89.38,"2025-08-01T00:00:00+05:30","2025-08-31T22:00:00+05:30","Strong"
"2025-08","PROJ_042","Nagpur","pm2_5",744,727,0,17,97.72,"2025-08-01T02:00:00+05:30","2025-08-31T22:00:00+05:30","Strong"
"2025-08","PROJ_042","Nagpur","pm10",744,727,0,17,97.72,"2025-08-01T02:00:00+05:30","2025-08-31T22:00:00+05:30","Strong"
"2025-08","PROJ_042","Nagpur","no2",744,727,0,17,97.72,"2025-08-01T02:00:00+05:30","2025-08-31T22:00:00+05:30","Strong"
"2025-08","PROJ_042","Nagpur","so2",744,727,0,17,97.72,"2025-08-01T02:00:00+05:30","2025-08-31T22:00:00+05:30","Strong"
"2025-08","PROJ_042","Nagpur","co",744,727,0,17,97.72,"2025-08-01T02:00:00+05:30","2025-08-31T22:00:00+05:30","Strong"
"2025-08","PROJ_042","Nagpur","o3",744,727,0,17,97.72,"2025-08-01T02:00:00+05:30","2025-08-31T22:00:00+05:30","Strong"
"2025-08","PROJ_044","Hyderabad","pm2_5",744,669,0,75,89.92,"2025-08-01T00:00:00+05:30","2025-08-31T12:00:00+05:30","Strong"
"2025-08","PROJ_044","Hyderabad","pm10",744,554,0,190,74.46,"2025-08-01T00:00:00+05:30","2025-08-30T15:00:00+05:30","Usable"
"2025-08","PROJ_044","Hyderabad","no2",744,672,0,72,90.32,"2025-08-01T00:00:00+05:30","2025-08-31T12:00:00+05:30","Strong"
"2025-08","PROJ_044","Hyderabad","so2",744,672,0,72,90.32,"2025-08-01T00:00:00+05:30","2025-08-31T12:00:00+05:30","Strong"
"2025-08","PROJ_044","Hyderabad","co",744,672,0,72,90.32,"2025-08-01T00:00:00+05:30","2025-08-31T12:00:00+05:30","Strong"
"2025-08","PROJ_044","Hyderabad","o3",744,672,0,72,90.32,"2025-08-01T00:00:00+05:30","2025-08-31T12:00:00+05:30","Strong"
"2025-08","PROJ_048","Visakhapatnam","pm2_5",744,729,0,15,97.98,"2025-08-01T00:00:00+05:30","2025-08-31T22:00:00+05:30","Strong"
"2025-08","PROJ_048","Visakhapatnam","pm10",744,729,0,15,97.98,"2025-08-01T00:00:00+05:30","2025-08-31T22:00:00+05:30","Strong"
"2025-08","PROJ_048","Visakhapatnam","no2",744,729,0,15,97.98,"2025-08-01T00:00:00+05:30","2025-08-31T22:00:00+05:30","Strong"
"2025-08","PROJ_048","Visakhapatnam","so2",744,724,0,20,97.31,"2025-08-01T00:00:00+05:30","2025-08-31T22:00:00+05:30","Strong"
"2025-08","PROJ_048","Visakhapatnam","co",744,726,0,18,97.58,"2025-08-01T00:00:00+05:30","2025-08-31T22:00:00+05:30","Strong"
"2025-08","PROJ_048","Visakhapatnam","o3",744,725,0,19,97.45,"2025-08-01T00:00:00+05:30","2025-08-31T22:00:00+05:30","Strong"
"2025-08","PROJ_050","Ahmedabad","pm2_5",744,702,0,42,94.35,"2025-08-01T00:00:00+05:30","2025-08-31T22:00:00+05:30","Strong"
"2025-08","PROJ_050","Ahmedabad","pm10",744,702,0,42,94.35,"2025-08-01T00:00:00+05:30","2025-08-31T22:00:00+05:30","Strong"
"2025-08","PROJ_050","Ahmedabad","no2",744,702,0,42,94.35,"2025-08-01T00:00:00+05:30","2025-08-31T22:00:00+05:30","Strong"
"2025-08","PROJ_050","Ahmedabad","so2",744,701,0,43,94.22,"2025-08-01T00:00:00+05:30","2025-08-31T22:00:00+05:30","Strong"
"2025-08","PROJ_050","Ahmedabad","co",744,702,0,42,94.35,"2025-08-01T00:00:00+05:30","2025-08-31T22:00:00+05:30","Strong"
"2025-08","PROJ_050","Ahmedabad","o3",744,701,0,43,94.22,"2025-08-01T00:00:00+05:30","2025-08-31T22:00:00+05:30","Strong"
"2025-08","PROJ_051","Jaipur","pm2_5",744,731,0,13,98.25,"2025-08-01T00:00:00+05:30","2025-08-31T22:00:00+05:30","Strong"
"2025-08","PROJ_051","Jaipur","pm10",744,731,0,13,98.25,"2025-08-01T00:00:00+05:30","2025-08-31T22:00:00+05:30","Strong"
"2025-08","PROJ_051","Jaipur","no2",744,731,0,13,98.25,"2025-08-01T00:00:00+05:30","2025-08-31T22:00:00+05:30","Strong"
"2025-08","PROJ_051","Jaipur","so2",744,729,2,15,97.98,"2025-08-01T00:00:00+05:30","2025-08-31T22:00:00+05:30","Strong"
"2025-08","PROJ_051","Jaipur","co",744,731,0,13,98.25,"2025-08-01T00:00:00+05:30","2025-08-31T22:00:00+05:30","Strong"
"2025-08","PROJ_051","Jaipur","o3",744,731,0,13,98.25,"2025-08-01T00:00:00+05:30","2025-08-31T22:00:00+05:30","Strong"
"2025-08","PROJ_063","Lucknow","pm2_5",744,653,9,91,87.77,"2025-08-01T00:00:00+05:30","2025-08-31T22:00:00+05:30","Strong"
"2025-08","PROJ_063","Lucknow","pm10",744,659,3,85,88.58,"2025-08-01T00:00:00+05:30","2025-08-31T22:00:00+05:30","Strong"
"2025-08","PROJ_063","Lucknow","no2",744,662,0,82,88.98,"2025-08-01T00:00:00+05:30","2025-08-31T22:00:00+05:30","Strong"
"2025-08","PROJ_063","Lucknow","so2",744,662,0,82,88.98,"2025-08-01T00:00:00+05:30","2025-08-31T22:00:00+05:30","Strong"
"2025-08","PROJ_063","Lucknow","co",744,662,0,82,88.98,"2025-08-01T00:00:00+05:30","2025-08-31T22:00:00+05:30","Strong"
"2025-08","PROJ_063","Lucknow","o3",744,662,0,82,88.98,"2025-08-01T00:00:00+05:30","2025-08-31T22:00:00+05:30","Strong"
"2025-08","PROJ_092","Mumbai","pm2_5",744,707,0,37,95.03,"2025-08-01T00:00:00+05:30","2025-08-31T22:00:00+05:30","Strong"
"2025-08","PROJ_092","Mumbai","pm10",744,698,0,46,93.82,"2025-08-01T00:00:00+05:30","2025-08-31T22:00:00+05:30","Strong"
"2025-08","PROJ_092","Mumbai","no2",744,707,0,37,95.03,"2025-08-01T00:00:00+05:30","2025-08-31T22:00:00+05:30","Strong"
"2025-08","PROJ_092","Mumbai","so2",744,697,0,47,93.68,"2025-08-01T00:00:00+05:30","2025-08-31T22:00:00+05:30","Strong"
"2025-08","PROJ_092","Mumbai","co",744,697,0,47,93.68,"2025-08-01T00:00:00+05:30","2025-08-31T22:00:00+05:30","Strong"
"2025-08","PROJ_092","Mumbai","o3",744,697,0,47,93.68,"2025-08-01T00:00:00+05:30","2025-08-31T22:00:00+05:30","Strong"
"2025-08","PROJ_101","Bengaluru","pm2_5",744,531,0,213,71.37,"2025-08-01T00:00:00+05:30","2025-08-31T17:00:00+05:30","Usable"
"2025-08","PROJ_101","Bengaluru","pm10",744,541,0,203,72.72,"2025-08-01T00:00:00+05:30","2025-08-31T17:00:00+05:30","Usable"
"2025-08","PROJ_101","Bengaluru","no2",744,497,0,247,66.8,"2025-08-01T00:00:00+05:30","2025-08-31T17:00:00+05:30","Usable"
"2025-08","PROJ_101","Bengaluru","so2",744,509,0,235,68.41,"2025-08-01T00:00:00+05:30","2025-08-31T17:00:00+05:30","Usable"
"2025-08","PROJ_101","Bengaluru","co",744,474,0,270,63.71,"2025-08-01T00:00:00+05:30","2025-08-31T17:00:00+05:30","Usable"
"2025-08","PROJ_101","Bengaluru","o3",744,545,0,199,73.25,"2025-08-01T00:00:00+05:30","2025-08-31T17:00:00+05:30","Usable"
"2025-08","PROJ_133","Patna","pm2_5",744,709,1,35,95.3,"2025-08-01T00:00:00+05:30","2025-08-31T22:00:00+05:30","Strong"
"2025-08","PROJ_133","Patna","pm10",744,711,0,33,95.56,"2025-08-01T00:00:00+05:30","2025-08-31T22:00:00+05:30","Strong"
"2025-08","PROJ_133","Patna","no2",744,711,0,33,95.56,"2025-08-01T00:00:00+05:30","2025-08-31T22:00:00+05:30","Strong"
"2025-08","PROJ_133","Patna","so2",744,710,1,34,95.43,"2025-08-01T00:00:00+05:30","2025-08-31T22:00:00+05:30","Strong"
"2025-08","PROJ_133","Patna","co",744,710,1,34,95.43,"2025-08-01T00:00:00+05:30","2025-08-31T22:00:00+05:30","Strong"
"2025-08","PROJ_133","Patna","o3",744,707,4,37,95.03,"2025-08-01T00:00:00+05:30","2025-08-31T22:00:00+05:30","Strong"
"2025-08","PROJ_142","Guwahati","pm2_5",744,433,0,311,58.2,"2025-08-01T10:00:00+05:30","2025-08-31T22:00:00+05:30","Usable"
"2025-08","PROJ_142","Guwahati","pm10",744,433,0,311,58.2,"2025-08-01T10:00:00+05:30","2025-08-31T22:00:00+05:30","Usable"
"2025-08","PROJ_142","Guwahati","no2",744,433,0,311,58.2,"2025-08-01T10:00:00+05:30","2025-08-31T22:00:00+05:30","Usable"
"2025-08","PROJ_142","Guwahati","so2",744,433,0,311,58.2,"2025-08-01T10:00:00+05:30","2025-08-31T22:00:00+05:30","Usable"
"2025-08","PROJ_142","Guwahati","co",744,433,0,311,58.2,"2025-08-01T10:00:00+05:30","2025-08-31T22:00:00+05:30","Usable"
"2025-08","PROJ_142","Guwahati","o3",744,433,0,311,58.2,"2025-08-01T10:00:00+05:30","2025-08-31T22:00:00+05:30","Usable"
"2025-08","PROJ_144","Bhopal","pm2_5",744,716,0,28,96.24,"2025-08-01T00:00:00+05:30","2025-08-31T22:00:00+05:30","Strong"
"2025-08","PROJ_144","Bhopal","pm10",744,714,0,30,95.97,"2025-08-01T00:00:00+05:30","2025-08-31T22:00:00+05:30","Strong"
"2025-08","PROJ_144","Bhopal","no2",744,712,0,32,95.7,"2025-08-01T00:00:00+05:30","2025-08-31T22:00:00+05:30","Strong"
"2025-08","PROJ_144","Bhopal","so2",744,705,0,39,94.76,"2025-08-01T00:00:00+05:30","2025-08-31T22:00:00+05:30","Strong"
"2025-08","PROJ_144","Bhopal","co",744,707,0,37,95.03,"2025-08-01T00:00:00+05:30","2025-08-31T22:00:00+05:30","Strong"
"2025-08","PROJ_144","Bhopal","o3",744,709,0,35,95.3,"2025-08-01T00:00:00+05:30","2025-08-31T22:00:00+05:30","Strong"
"2025-08","PROJ_158","Pune","pm2_5",744,223,0,521,29.97,"2025-08-01T00:00:00+05:30","2025-08-10T15:00:00+05:30","Weak"
"2025-08","PROJ_158","Pune","pm10",744,223,0,521,29.97,"2025-08-01T00:00:00+05:30","2025-08-10T15:00:00+05:30","Weak"
"2025-08","PROJ_158","Pune","no2",744,223,0,521,29.97,"2025-08-01T00:00:00+05:30","2025-08-10T15:00:00+05:30","Weak"
"2025-08","PROJ_158","Pune","so2",744,223,0,521,29.97,"2025-08-01T00:00:00+05:30","2025-08-10T15:00:00+05:30","Weak"
"2025-08","PROJ_158","Pune","co",744,223,0,521,29.97,"2025-08-01T00:00:00+05:30","2025-08-10T15:00:00+05:30","Weak"
"2025-08","PROJ_158","Pune","o3",744,223,0,521,29.97,"2025-08-01T00:00:00+05:30","2025-08-10T15:00:00+05:30","Weak"
"2025-08","PROJ_179","Hyderabad","pm2_5",744,662,0,82,88.98,"2025-08-01T00:00:00+05:30","2025-08-31T22:00:00+05:30","Strong"
"2025-08","PROJ_179","Hyderabad","pm10",744,662,0,82,88.98,"2025-08-01T00:00:00+05:30","2025-08-31T22:00:00+05:30","Strong"
"2025-08","PROJ_179","Hyderabad","no2",744,662,0,82,88.98,"2025-08-01T00:00:00+05:30","2025-08-31T22:00:00+05:30","Strong"
"2025-08","PROJ_179","Hyderabad","so2",744,662,0,82,88.98,"2025-08-01T00:00:00+05:30","2025-08-31T22:00:00+05:30","Strong"
"2025-08","PROJ_179","Hyderabad","co",744,662,0,82,88.98,"2025-08-01T00:00:00+05:30","2025-08-31T22:00:00+05:30","Strong"
"2025-08","PROJ_179","Hyderabad","o3",744,662,0,82,88.98,"2025-08-01T00:00:00+05:30","2025-08-31T22:00:00+05:30","Strong"
"2025-08","PROJ_180","Hyderabad","pm2_5",744,562,0,182,75.54,"2025-08-01T09:00:00+05:30","2025-08-31T22:00:00+05:30","Strong"
"2025-08","PROJ_180","Hyderabad","pm10",744,562,0,182,75.54,"2025-08-01T09:00:00+05:30","2025-08-31T22:00:00+05:30","Strong"
"2025-08","PROJ_180","Hyderabad","no2",744,562,0,182,75.54,"2025-08-01T09:00:00+05:30","2025-08-31T22:00:00+05:30","Strong"
"2025-08","PROJ_180","Hyderabad","so2",744,562,0,182,75.54,"2025-08-01T09:00:00+05:30","2025-08-31T22:00:00+05:30","Strong"
"2025-08","PROJ_180","Hyderabad","co",744,562,0,182,75.54,"2025-08-01T09:00:00+05:30","2025-08-31T22:00:00+05:30","Strong"
"2025-08","PROJ_180","Hyderabad","o3",744,562,0,182,75.54,"2025-08-01T09:00:00+05:30","2025-08-31T22:00:00+05:30","Strong"
"2025-08","PROJ_181","Hyderabad","pm2_5",744,603,0,141,81.05,"2025-08-01T00:00:00+05:30","2025-08-31T22:00:00+05:30","Strong"
"2025-08","PROJ_181","Hyderabad","pm10",744,603,0,141,81.05,"2025-08-01T00:00:00+05:30","2025-08-31T22:00:00+05:30","Strong"
"2025-08","PROJ_181","Hyderabad","no2",744,599,4,145,80.51,"2025-08-01T00:00:00+05:30","2025-08-31T22:00:00+05:30","Strong"
"2025-08","PROJ_181","Hyderabad","so2",744,603,0,141,81.05,"2025-08-01T00:00:00+05:30","2025-08-31T22:00:00+05:30","Strong"
"2025-08","PROJ_181","Hyderabad","co",744,603,0,141,81.05,"2025-08-01T00:00:00+05:30","2025-08-31T22:00:00+05:30","Strong"
"2025-08","PROJ_181","Hyderabad","o3",744,603,0,141,81.05,"2025-08-01T00:00:00+05:30","2025-08-31T22:00:00+05:30","Strong"
"2025-08","PROJ_186","Hyderabad","pm2_5",744,598,0,146,80.38,"2025-08-01T09:00:00+05:30","2025-08-30T16:00:00+05:30","Strong"
"2025-08","PROJ_186","Hyderabad","pm10",744,598,0,146,80.38,"2025-08-01T09:00:00+05:30","2025-08-30T16:00:00+05:30","Strong"
"2025-08","PROJ_186","Hyderabad","no2",744,597,0,147,80.24,"2025-08-01T09:00:00+05:30","2025-08-30T16:00:00+05:30","Strong"
"2025-08","PROJ_186","Hyderabad","so2",744,588,9,156,79.03,"2025-08-01T09:00:00+05:30","2025-08-30T16:00:00+05:30","Strong"
"2025-08","PROJ_186","Hyderabad","co",744,597,0,147,80.24,"2025-08-01T09:00:00+05:30","2025-08-30T16:00:00+05:30","Strong"
"2025-08","PROJ_186","Hyderabad","o3",744,597,0,147,80.24,"2025-08-01T09:00:00+05:30","2025-08-30T16:00:00+05:30","Strong"
"2025-08","PROJ_094","Kolkata","pm2_5",744,714,0,30,95.97,"2025-08-01T00:00:00+05:30","2025-08-31T22:00:00+05:30","Strong"
"2025-08","PROJ_094","Kolkata","pm10",744,714,0,30,95.97,"2025-08-01T00:00:00+05:30","2025-08-31T22:00:00+05:30","Strong"
"2025-08","PROJ_094","Kolkata","no2",744,713,0,31,95.83,"2025-08-01T00:00:00+05:30","2025-08-31T22:00:00+05:30","Strong"
"2025-08","PROJ_094","Kolkata","so2",744,713,1,31,95.83,"2025-08-01T00:00:00+05:30","2025-08-31T22:00:00+05:30","Strong"
"2025-08","PROJ_094","Kolkata","co",744,708,6,36,95.16,"2025-08-01T00:00:00+05:30","2025-08-31T22:00:00+05:30","Strong"
"2025-08","PROJ_094","Kolkata","o3",744,714,0,30,95.97,"2025-08-01T00:00:00+05:30","2025-08-31T22:00:00+05:30","Strong"
"2025-09","PROJ_002","Delhi","pm2_5",720,693,0,27,96.25,"2025-09-01T00:00:00+05:30","2025-09-30T22:00:00+05:30","Strong"
"2025-09","PROJ_002","Delhi","pm10",720,689,0,31,95.69,"2025-09-01T00:00:00+05:30","2025-09-30T22:00:00+05:30","Strong"
"2025-09","PROJ_002","Delhi","no2",720,699,0,21,97.08,"2025-09-01T00:00:00+05:30","2025-09-30T22:00:00+05:30","Strong"
"2025-09","PROJ_002","Delhi","so2",720,627,0,93,87.08,"2025-09-01T00:00:00+05:30","2025-09-30T22:00:00+05:30","Strong"
"2025-09","PROJ_002","Delhi","co",720,661,0,59,91.81,"2025-09-01T00:00:00+05:30","2025-09-30T22:00:00+05:30","Strong"
"2025-09","PROJ_002","Delhi","o3",720,697,0,23,96.81,"2025-09-01T00:00:00+05:30","2025-09-30T22:00:00+05:30","Strong"
"2025-09","PROJ_007","Hyderabad","pm2_5",720,591,0,129,82.08,"2025-09-01T00:00:00+05:30","2025-09-30T22:00:00+05:30","Strong"
"2025-09","PROJ_007","Hyderabad","pm10",720,591,0,129,82.08,"2025-09-01T00:00:00+05:30","2025-09-30T22:00:00+05:30","Strong"
"2025-09","PROJ_007","Hyderabad","no2",720,648,0,72,90,"2025-09-01T00:00:00+05:30","2025-09-30T22:00:00+05:30","Strong"
"2025-09","PROJ_007","Hyderabad","so2",720,648,0,72,90,"2025-09-01T00:00:00+05:30","2025-09-30T22:00:00+05:30","Strong"
"2025-09","PROJ_007","Hyderabad","co",720,648,0,72,90,"2025-09-01T00:00:00+05:30","2025-09-30T22:00:00+05:30","Strong"
"2025-09","PROJ_007","Hyderabad","o3",720,648,0,72,90,"2025-09-01T00:00:00+05:30","2025-09-30T22:00:00+05:30","Strong"
"2025-09","PROJ_019","Chennai","pm2_5",720,628,0,92,87.22,"2025-09-01T00:00:00+05:30","2025-09-30T22:00:00+05:30","Strong"
"2025-09","PROJ_019","Chennai","pm10",720,628,0,92,87.22,"2025-09-01T00:00:00+05:30","2025-09-30T22:00:00+05:30","Strong"
"2025-09","PROJ_019","Chennai","no2",720,628,0,92,87.22,"2025-09-01T00:00:00+05:30","2025-09-30T22:00:00+05:30","Strong"
"2025-09","PROJ_019","Chennai","so2",720,628,0,92,87.22,"2025-09-01T00:00:00+05:30","2025-09-30T22:00:00+05:30","Strong"
"2025-09","PROJ_019","Chennai","co",720,628,0,92,87.22,"2025-09-01T00:00:00+05:30","2025-09-30T22:00:00+05:30","Strong"
"2025-09","PROJ_019","Chennai","o3",720,628,0,92,87.22,"2025-09-01T00:00:00+05:30","2025-09-30T22:00:00+05:30","Strong"
"2025-09","PROJ_036","Hyderabad","pm2_5",720,691,0,29,95.97,"2025-09-01T00:00:00+05:30","2025-09-30T22:00:00+05:30","Strong"
"2025-09","PROJ_036","Hyderabad","pm10",720,659,0,61,91.53,"2025-09-01T00:00:00+05:30","2025-09-30T22:00:00+05:30","Strong"
"2025-09","PROJ_036","Hyderabad","no2",720,695,0,25,96.53,"2025-09-01T00:00:00+05:30","2025-09-30T22:00:00+05:30","Strong"
"2025-09","PROJ_036","Hyderabad","so2",720,695,0,25,96.53,"2025-09-01T00:00:00+05:30","2025-09-30T22:00:00+05:30","Strong"
"2025-09","PROJ_036","Hyderabad","co",720,695,0,25,96.53,"2025-09-01T00:00:00+05:30","2025-09-30T22:00:00+05:30","Strong"
"2025-09","PROJ_036","Hyderabad","o3",720,696,0,24,96.67,"2025-09-01T00:00:00+05:30","2025-09-30T22:00:00+05:30","Strong"
"2025-09","PROJ_042","Nagpur","pm2_5",720,686,0,34,95.28,"2025-09-01T00:00:00+05:30","2025-09-30T22:00:00+05:30","Strong"
"2025-09","PROJ_042","Nagpur","pm10",720,686,0,34,95.28,"2025-09-01T00:00:00+05:30","2025-09-30T22:00:00+05:30","Strong"
"2025-09","PROJ_042","Nagpur","no2",720,686,0,34,95.28,"2025-09-01T00:00:00+05:30","2025-09-30T22:00:00+05:30","Strong"
"2025-09","PROJ_042","Nagpur","so2",720,686,0,34,95.28,"2025-09-01T00:00:00+05:30","2025-09-30T22:00:00+05:30","Strong"
"2025-09","PROJ_042","Nagpur","co",720,686,0,34,95.28,"2025-09-01T00:00:00+05:30","2025-09-30T22:00:00+05:30","Strong"
"2025-09","PROJ_042","Nagpur","o3",720,686,0,34,95.28,"2025-09-01T00:00:00+05:30","2025-09-30T22:00:00+05:30","Strong"
"2025-09","PROJ_044","Hyderabad","pm2_5",720,481,0,239,66.81,"2025-09-01T09:00:00+05:30","2025-09-30T22:00:00+05:30","Usable"
"2025-09","PROJ_044","Hyderabad","pm10",720,345,0,375,47.92,"2025-09-01T13:00:00+05:30","2025-09-30T22:00:00+05:30","Weak"
"2025-09","PROJ_044","Hyderabad","no2",720,499,0,221,69.31,"2025-09-01T09:00:00+05:30","2025-09-30T22:00:00+05:30","Usable"
"2025-09","PROJ_044","Hyderabad","so2",720,499,0,221,69.31,"2025-09-01T09:00:00+05:30","2025-09-30T22:00:00+05:30","Usable"
"2025-09","PROJ_044","Hyderabad","co",720,498,0,222,69.17,"2025-09-01T09:00:00+05:30","2025-09-30T22:00:00+05:30","Usable"
"2025-09","PROJ_044","Hyderabad","o3",720,501,0,219,69.58,"2025-09-01T09:00:00+05:30","2025-09-30T22:00:00+05:30","Usable"
"2025-09","PROJ_048","Visakhapatnam","pm2_5",720,664,0,56,92.22,"2025-09-01T00:00:00+05:30","2025-09-30T22:00:00+05:30","Strong"
"2025-09","PROJ_048","Visakhapatnam","pm10",720,656,0,64,91.11,"2025-09-01T00:00:00+05:30","2025-09-30T22:00:00+05:30","Strong"
"2025-09","PROJ_048","Visakhapatnam","no2",720,662,0,58,91.94,"2025-09-01T00:00:00+05:30","2025-09-30T22:00:00+05:30","Strong"
"2025-09","PROJ_048","Visakhapatnam","so2",720,661,0,59,91.81,"2025-09-01T00:00:00+05:30","2025-09-30T22:00:00+05:30","Strong"
"2025-09","PROJ_048","Visakhapatnam","co",720,645,0,75,89.58,"2025-09-01T00:00:00+05:30","2025-09-30T22:00:00+05:30","Strong"
"2025-09","PROJ_048","Visakhapatnam","o3",720,637,3,83,88.47,"2025-09-01T00:00:00+05:30","2025-09-30T22:00:00+05:30","Strong"
"2025-09","PROJ_050","Ahmedabad","pm2_5",720,649,0,71,90.14,"2025-09-01T00:00:00+05:30","2025-09-30T22:00:00+05:30","Strong"
"2025-09","PROJ_050","Ahmedabad","pm10",720,649,0,71,90.14,"2025-09-01T00:00:00+05:30","2025-09-30T22:00:00+05:30","Strong"
"2025-09","PROJ_050","Ahmedabad","no2",720,645,4,75,89.58,"2025-09-01T00:00:00+05:30","2025-09-30T20:00:00+05:30","Strong"
"2025-09","PROJ_050","Ahmedabad","so2",720,649,0,71,90.14,"2025-09-01T00:00:00+05:30","2025-09-30T22:00:00+05:30","Strong"
"2025-09","PROJ_050","Ahmedabad","co",720,649,0,71,90.14,"2025-09-01T00:00:00+05:30","2025-09-30T22:00:00+05:30","Strong"
"2025-09","PROJ_050","Ahmedabad","o3",720,649,0,71,90.14,"2025-09-01T00:00:00+05:30","2025-09-30T22:00:00+05:30","Strong"
"2025-09","PROJ_051","Jaipur","pm2_5",720,705,0,15,97.92,"2025-09-01T00:00:00+05:30","2025-09-30T22:00:00+05:30","Strong"
"2025-09","PROJ_051","Jaipur","pm10",720,705,0,15,97.92,"2025-09-01T00:00:00+05:30","2025-09-30T22:00:00+05:30","Strong"
"2025-09","PROJ_051","Jaipur","no2",720,705,0,15,97.92,"2025-09-01T00:00:00+05:30","2025-09-30T22:00:00+05:30","Strong"
"2025-09","PROJ_051","Jaipur","so2",720,704,1,16,97.78,"2025-09-01T00:00:00+05:30","2025-09-30T22:00:00+05:30","Strong"
"2025-09","PROJ_051","Jaipur","co",720,705,0,15,97.92,"2025-09-01T00:00:00+05:30","2025-09-30T22:00:00+05:30","Strong"
"2025-09","PROJ_051","Jaipur","o3",720,705,0,15,97.92,"2025-09-01T00:00:00+05:30","2025-09-30T22:00:00+05:30","Strong"
"2025-09","PROJ_063","Lucknow","pm2_5",720,695,9,25,96.53,"2025-09-01T00:00:00+05:30","2025-09-30T22:00:00+05:30","Strong"
"2025-09","PROJ_063","Lucknow","pm10",720,696,8,24,96.67,"2025-09-01T00:00:00+05:30","2025-09-30T22:00:00+05:30","Strong"
"2025-09","PROJ_063","Lucknow","no2",720,704,0,16,97.78,"2025-09-01T00:00:00+05:30","2025-09-30T22:00:00+05:30","Strong"
"2025-09","PROJ_063","Lucknow","so2",720,704,0,16,97.78,"2025-09-01T00:00:00+05:30","2025-09-30T22:00:00+05:30","Strong"
"2025-09","PROJ_063","Lucknow","co",720,704,0,16,97.78,"2025-09-01T00:00:00+05:30","2025-09-30T22:00:00+05:30","Strong"
"2025-09","PROJ_063","Lucknow","o3",720,703,1,17,97.64,"2025-09-01T00:00:00+05:30","2025-09-30T22:00:00+05:30","Strong"
"2025-09","PROJ_092","Mumbai","pm2_5",720,607,0,113,84.31,"2025-09-01T00:00:00+05:30","2025-09-30T22:00:00+05:30","Strong"
"2025-09","PROJ_092","Mumbai","pm10",720,607,0,113,84.31,"2025-09-01T00:00:00+05:30","2025-09-30T22:00:00+05:30","Strong"
"2025-09","PROJ_092","Mumbai","no2",720,607,0,113,84.31,"2025-09-01T00:00:00+05:30","2025-09-30T22:00:00+05:30","Strong"
"2025-09","PROJ_092","Mumbai","so2",720,607,0,113,84.31,"2025-09-01T00:00:00+05:30","2025-09-30T22:00:00+05:30","Strong"
"2025-09","PROJ_092","Mumbai","co",720,607,0,113,84.31,"2025-09-01T00:00:00+05:30","2025-09-30T22:00:00+05:30","Strong"
"2025-09","PROJ_092","Mumbai","o3",720,606,0,114,84.17,"2025-09-01T00:00:00+05:30","2025-09-30T22:00:00+05:30","Strong"
"2025-09","PROJ_101","Bengaluru","pm2_5",720,538,0,182,74.72,"2025-09-01T10:00:00+05:30","2025-09-30T22:00:00+05:30","Usable"
"2025-09","PROJ_101","Bengaluru","pm10",720,531,0,189,73.75,"2025-09-01T09:00:00+05:30","2025-09-30T22:00:00+05:30","Usable"
"2025-09","PROJ_101","Bengaluru","no2",720,534,0,186,74.17,"2025-09-01T09:00:00+05:30","2025-09-30T22:00:00+05:30","Usable"
"2025-09","PROJ_101","Bengaluru","so2",720,522,0,198,72.5,"2025-09-01T09:00:00+05:30","2025-09-30T22:00:00+05:30","Usable"
"2025-09","PROJ_101","Bengaluru","co",720,528,0,192,73.33,"2025-09-01T09:00:00+05:30","2025-09-30T22:00:00+05:30","Usable"
"2025-09","PROJ_101","Bengaluru","o3",720,543,0,177,75.42,"2025-09-01T08:00:00+05:30","2025-09-30T22:00:00+05:30","Strong"
"2025-09","PROJ_133","Patna","pm2_5",720,624,2,96,86.67,"2025-09-01T14:00:00+05:30","2025-09-30T22:00:00+05:30","Strong"
"2025-09","PROJ_133","Patna","pm10",720,626,0,94,86.94,"2025-09-01T14:00:00+05:30","2025-09-30T22:00:00+05:30","Strong"
"2025-09","PROJ_133","Patna","no2",720,626,0,94,86.94,"2025-09-01T14:00:00+05:30","2025-09-30T22:00:00+05:30","Strong"
"2025-09","PROJ_133","Patna","so2",720,626,0,94,86.94,"2025-09-01T14:00:00+05:30","2025-09-30T22:00:00+05:30","Strong"
"2025-09","PROJ_133","Patna","co",720,626,0,94,86.94,"2025-09-01T14:00:00+05:30","2025-09-30T22:00:00+05:30","Strong"
"2025-09","PROJ_133","Patna","o3",720,613,13,107,85.14,"2025-09-01T14:00:00+05:30","2025-09-30T22:00:00+05:30","Strong"
"2025-09","PROJ_142","Guwahati","pm2_5",720,702,0,18,97.5,"2025-09-01T00:00:00+05:30","2025-09-30T22:00:00+05:30","Strong"
"2025-09","PROJ_142","Guwahati","pm10",720,702,0,18,97.5,"2025-09-01T00:00:00+05:30","2025-09-30T22:00:00+05:30","Strong"
"2025-09","PROJ_142","Guwahati","no2",720,702,0,18,97.5,"2025-09-01T00:00:00+05:30","2025-09-30T22:00:00+05:30","Strong"
"2025-09","PROJ_142","Guwahati","so2",720,702,0,18,97.5,"2025-09-01T00:00:00+05:30","2025-09-30T22:00:00+05:30","Strong"
"2025-09","PROJ_142","Guwahati","co",720,702,0,18,97.5,"2025-09-01T00:00:00+05:30","2025-09-30T22:00:00+05:30","Strong"
"2025-09","PROJ_142","Guwahati","o3",720,700,2,20,97.22,"2025-09-01T00:00:00+05:30","2025-09-30T22:00:00+05:30","Strong"
"2025-09","PROJ_144","Bhopal","pm2_5",720,706,0,14,98.06,"2025-09-01T00:00:00+05:30","2025-09-30T22:00:00+05:30","Strong"
"2025-09","PROJ_144","Bhopal","pm10",720,706,0,14,98.06,"2025-09-01T00:00:00+05:30","2025-09-30T22:00:00+05:30","Strong"
"2025-09","PROJ_144","Bhopal","no2",720,706,0,14,98.06,"2025-09-01T00:00:00+05:30","2025-09-30T22:00:00+05:30","Strong"
"2025-09","PROJ_144","Bhopal","so2",720,696,0,24,96.67,"2025-09-01T00:00:00+05:30","2025-09-30T22:00:00+05:30","Strong"
"2025-09","PROJ_144","Bhopal","co",720,700,0,20,97.22,"2025-09-01T00:00:00+05:30","2025-09-30T22:00:00+05:30","Strong"
"2025-09","PROJ_144","Bhopal","o3",720,705,0,15,97.92,"2025-09-01T00:00:00+05:30","2025-09-30T22:00:00+05:30","Strong"
"2025-09","PROJ_158","Pune","pm2_5",720,364,0,356,50.56,"2025-09-15T12:00:00+05:30","2025-09-30T22:00:00+05:30","Usable"
"2025-09","PROJ_158","Pune","pm10",720,364,0,356,50.56,"2025-09-15T12:00:00+05:30","2025-09-30T22:00:00+05:30","Usable"
"2025-09","PROJ_158","Pune","no2",720,364,0,356,50.56,"2025-09-15T12:00:00+05:30","2025-09-30T22:00:00+05:30","Usable"
"2025-09","PROJ_158","Pune","so2",720,0,0,720,0,NA,NA,"No Data"
"2025-09","PROJ_158","Pune","co",720,364,0,356,50.56,"2025-09-15T12:00:00+05:30","2025-09-30T22:00:00+05:30","Usable"
"2025-09","PROJ_158","Pune","o3",720,364,0,356,50.56,"2025-09-15T12:00:00+05:30","2025-09-30T22:00:00+05:30","Usable"
"2025-09","PROJ_179","Hyderabad","pm2_5",720,693,0,27,96.25,"2025-09-01T00:00:00+05:30","2025-09-30T22:00:00+05:30","Strong"
"2025-09","PROJ_179","Hyderabad","pm10",720,693,0,27,96.25,"2025-09-01T00:00:00+05:30","2025-09-30T22:00:00+05:30","Strong"
"2025-09","PROJ_179","Hyderabad","no2",720,693,0,27,96.25,"2025-09-01T00:00:00+05:30","2025-09-30T22:00:00+05:30","Strong"
"2025-09","PROJ_179","Hyderabad","so2",720,693,0,27,96.25,"2025-09-01T00:00:00+05:30","2025-09-30T22:00:00+05:30","Strong"
"2025-09","PROJ_179","Hyderabad","co",720,693,0,27,96.25,"2025-09-01T00:00:00+05:30","2025-09-30T22:00:00+05:30","Strong"
"2025-09","PROJ_179","Hyderabad","o3",720,693,0,27,96.25,"2025-09-01T00:00:00+05:30","2025-09-30T22:00:00+05:30","Strong"
"2025-09","PROJ_180","Hyderabad","pm2_5",720,564,0,156,78.33,"2025-09-01T00:00:00+05:30","2025-09-30T22:00:00+05:30","Strong"
"2025-09","PROJ_180","Hyderabad","pm10",720,564,0,156,78.33,"2025-09-01T00:00:00+05:30","2025-09-30T22:00:00+05:30","Strong"
"2025-09","PROJ_180","Hyderabad","no2",720,564,0,156,78.33,"2025-09-01T00:00:00+05:30","2025-09-30T22:00:00+05:30","Strong"
"2025-09","PROJ_180","Hyderabad","so2",720,564,0,156,78.33,"2025-09-01T00:00:00+05:30","2025-09-30T22:00:00+05:30","Strong"
"2025-09","PROJ_180","Hyderabad","co",720,564,0,156,78.33,"2025-09-01T00:00:00+05:30","2025-09-30T22:00:00+05:30","Strong"
"2025-09","PROJ_180","Hyderabad","o3",720,564,0,156,78.33,"2025-09-01T00:00:00+05:30","2025-09-30T22:00:00+05:30","Strong"
"2025-09","PROJ_181","Hyderabad","pm2_5",720,610,0,110,84.72,"2025-09-01T00:00:00+05:30","2025-09-30T18:00:00+05:30","Strong"
"2025-09","PROJ_181","Hyderabad","pm10",720,610,0,110,84.72,"2025-09-01T00:00:00+05:30","2025-09-30T18:00:00+05:30","Strong"
"2025-09","PROJ_181","Hyderabad","no2",720,610,0,110,84.72,"2025-09-01T00:00:00+05:30","2025-09-30T18:00:00+05:30","Strong"
"2025-09","PROJ_181","Hyderabad","so2",720,610,0,110,84.72,"2025-09-01T00:00:00+05:30","2025-09-30T18:00:00+05:30","Strong"
"2025-09","PROJ_181","Hyderabad","co",720,610,0,110,84.72,"2025-09-01T00:00:00+05:30","2025-09-30T18:00:00+05:30","Strong"
"2025-09","PROJ_181","Hyderabad","o3",720,607,3,113,84.31,"2025-09-01T00:00:00+05:30","2025-09-30T18:00:00+05:30","Strong"
"2025-09","PROJ_186","Hyderabad","pm2_5",720,642,0,78,89.17,"2025-09-01T08:00:00+05:30","2025-09-30T22:00:00+05:30","Strong"
"2025-09","PROJ_186","Hyderabad","pm10",720,642,0,78,89.17,"2025-09-01T08:00:00+05:30","2025-09-30T22:00:00+05:30","Strong"
"2025-09","PROJ_186","Hyderabad","no2",720,642,0,78,89.17,"2025-09-01T08:00:00+05:30","2025-09-30T22:00:00+05:30","Strong"
"2025-09","PROJ_186","Hyderabad","so2",720,632,10,88,87.78,"2025-09-01T08:00:00+05:30","2025-09-30T22:00:00+05:30","Strong"
"2025-09","PROJ_186","Hyderabad","co",720,642,0,78,89.17,"2025-09-01T08:00:00+05:30","2025-09-30T22:00:00+05:30","Strong"
"2025-09","PROJ_186","Hyderabad","o3",720,641,1,79,89.03,"2025-09-01T08:00:00+05:30","2025-09-30T22:00:00+05:30","Strong"
"2025-09","PROJ_094","Kolkata","pm2_5",720,702,0,18,97.5,"2025-09-01T00:00:00+05:30","2025-09-30T22:00:00+05:30","Strong"
"2025-09","PROJ_094","Kolkata","pm10",720,702,0,18,97.5,"2025-09-01T00:00:00+05:30","2025-09-30T22:00:00+05:30","Strong"
"2025-09","PROJ_094","Kolkata","no2",720,697,5,23,96.81,"2025-09-01T00:00:00+05:30","2025-09-30T22:00:00+05:30","Strong"
"2025-09","PROJ_094","Kolkata","so2",720,702,0,18,97.5,"2025-09-01T00:00:00+05:30","2025-09-30T22:00:00+05:30","Strong"
"2025-09","PROJ_094","Kolkata","co",720,702,0,18,97.5,"2025-09-01T00:00:00+05:30","2025-09-30T22:00:00+05:30","Strong"
"2025-09","PROJ_094","Kolkata","o3",720,702,0,18,97.5,"2025-09-01T00:00:00+05:30","2025-09-30T22:00:00+05:30","Strong"
"2025-10","PROJ_002","Delhi","pm2_5",744,693,7,51,93.15,"2025-10-01T00:00:00+05:30","2025-10-31T22:00:00+05:30","Strong"
"2025-10","PROJ_002","Delhi","pm10",744,660,7,84,88.71,"2025-10-01T00:00:00+05:30","2025-10-31T22:00:00+05:30","Strong"
"2025-10","PROJ_002","Delhi","no2",744,674,0,70,90.59,"2025-10-01T00:00:00+05:30","2025-10-31T22:00:00+05:30","Strong"
"2025-10","PROJ_002","Delhi","so2",744,678,0,66,91.13,"2025-10-01T00:00:00+05:30","2025-10-31T22:00:00+05:30","Strong"
"2025-10","PROJ_002","Delhi","co",744,624,0,120,83.87,"2025-10-01T00:00:00+05:30","2025-10-31T22:00:00+05:30","Strong"
"2025-10","PROJ_002","Delhi","o3",744,697,0,47,93.68,"2025-10-01T00:00:00+05:30","2025-10-31T22:00:00+05:30","Strong"
"2025-10","PROJ_007","Hyderabad","pm2_5",744,715,0,29,96.1,"2025-10-01T00:00:00+05:30","2025-10-31T22:00:00+05:30","Strong"
"2025-10","PROJ_007","Hyderabad","pm10",744,714,0,30,95.97,"2025-10-01T00:00:00+05:30","2025-10-31T22:00:00+05:30","Strong"
"2025-10","PROJ_007","Hyderabad","no2",744,715,0,29,96.1,"2025-10-01T00:00:00+05:30","2025-10-31T22:00:00+05:30","Strong"
"2025-10","PROJ_007","Hyderabad","so2",744,715,0,29,96.1,"2025-10-01T00:00:00+05:30","2025-10-31T22:00:00+05:30","Strong"
"2025-10","PROJ_007","Hyderabad","co",744,715,0,29,96.1,"2025-10-01T00:00:00+05:30","2025-10-31T22:00:00+05:30","Strong"
"2025-10","PROJ_007","Hyderabad","o3",744,715,0,29,96.1,"2025-10-01T00:00:00+05:30","2025-10-31T22:00:00+05:30","Strong"
"2025-10","PROJ_019","Chennai","pm2_5",744,604,0,140,81.18,"2025-10-01T00:00:00+05:30","2025-10-31T22:00:00+05:30","Strong"
"2025-10","PROJ_019","Chennai","pm10",744,601,3,143,80.78,"2025-10-01T00:00:00+05:30","2025-10-31T22:00:00+05:30","Strong"
"2025-10","PROJ_019","Chennai","no2",744,604,0,140,81.18,"2025-10-01T00:00:00+05:30","2025-10-31T22:00:00+05:30","Strong"
"2025-10","PROJ_019","Chennai","so2",744,604,0,140,81.18,"2025-10-01T00:00:00+05:30","2025-10-31T22:00:00+05:30","Strong"
"2025-10","PROJ_019","Chennai","co",744,604,0,140,81.18,"2025-10-01T00:00:00+05:30","2025-10-31T22:00:00+05:30","Strong"
"2025-10","PROJ_019","Chennai","o3",744,604,0,140,81.18,"2025-10-01T00:00:00+05:30","2025-10-31T22:00:00+05:30","Strong"
"2025-10","PROJ_036","Hyderabad","pm2_5",744,650,0,94,87.37,"2025-10-01T00:00:00+05:30","2025-10-31T22:00:00+05:30","Strong"
"2025-10","PROJ_036","Hyderabad","pm10",744,668,0,76,89.78,"2025-10-01T00:00:00+05:30","2025-10-31T22:00:00+05:30","Strong"
"2025-10","PROJ_036","Hyderabad","no2",744,709,0,35,95.3,"2025-10-01T00:00:00+05:30","2025-10-31T22:00:00+05:30","Strong"
"2025-10","PROJ_036","Hyderabad","so2",744,709,0,35,95.3,"2025-10-01T00:00:00+05:30","2025-10-31T22:00:00+05:30","Strong"
"2025-10","PROJ_036","Hyderabad","co",744,709,0,35,95.3,"2025-10-01T00:00:00+05:30","2025-10-31T22:00:00+05:30","Strong"
"2025-10","PROJ_036","Hyderabad","o3",744,709,0,35,95.3,"2025-10-01T00:00:00+05:30","2025-10-31T22:00:00+05:30","Strong"
"2025-10","PROJ_042","Nagpur","pm2_5",744,699,0,45,93.95,"2025-10-01T00:00:00+05:30","2025-10-31T22:00:00+05:30","Strong"
"2025-10","PROJ_042","Nagpur","pm10",744,699,0,45,93.95,"2025-10-01T00:00:00+05:30","2025-10-31T22:00:00+05:30","Strong"
"2025-10","PROJ_042","Nagpur","no2",744,698,0,46,93.82,"2025-10-01T00:00:00+05:30","2025-10-31T22:00:00+05:30","Strong"
"2025-10","PROJ_042","Nagpur","so2",744,699,0,45,93.95,"2025-10-01T00:00:00+05:30","2025-10-31T22:00:00+05:30","Strong"
"2025-10","PROJ_042","Nagpur","co",744,699,0,45,93.95,"2025-10-01T00:00:00+05:30","2025-10-31T22:00:00+05:30","Strong"
"2025-10","PROJ_042","Nagpur","o3",744,699,0,45,93.95,"2025-10-01T00:00:00+05:30","2025-10-31T22:00:00+05:30","Strong"
"2025-10","PROJ_044","Hyderabad","pm2_5",744,653,0,91,87.77,"2025-10-01T00:00:00+05:30","2025-10-31T22:00:00+05:30","Strong"
"2025-10","PROJ_044","Hyderabad","pm10",744,575,0,169,77.28,"2025-10-01T00:00:00+05:30","2025-10-31T22:00:00+05:30","Strong"
"2025-10","PROJ_044","Hyderabad","no2",744,661,0,83,88.84,"2025-10-01T00:00:00+05:30","2025-10-31T22:00:00+05:30","Strong"
"2025-10","PROJ_044","Hyderabad","so2",744,661,0,83,88.84,"2025-10-01T00:00:00+05:30","2025-10-31T22:00:00+05:30","Strong"
"2025-10","PROJ_044","Hyderabad","co",744,662,0,82,88.98,"2025-10-01T00:00:00+05:30","2025-10-31T22:00:00+05:30","Strong"
"2025-10","PROJ_044","Hyderabad","o3",744,662,0,82,88.98,"2025-10-01T00:00:00+05:30","2025-10-31T22:00:00+05:30","Strong"
"2025-10","PROJ_048","Visakhapatnam","pm2_5",744,657,0,87,88.31,"2025-10-01T00:00:00+05:30","2025-10-31T22:00:00+05:30","Strong"
"2025-10","PROJ_048","Visakhapatnam","pm10",744,660,0,84,88.71,"2025-10-01T00:00:00+05:30","2025-10-31T22:00:00+05:30","Strong"
"2025-10","PROJ_048","Visakhapatnam","no2",744,654,0,90,87.9,"2025-10-01T00:00:00+05:30","2025-10-31T22:00:00+05:30","Strong"
"2025-10","PROJ_048","Visakhapatnam","so2",744,657,0,87,88.31,"2025-10-01T00:00:00+05:30","2025-10-31T22:00:00+05:30","Strong"
"2025-10","PROJ_048","Visakhapatnam","co",744,633,0,111,85.08,"2025-10-01T00:00:00+05:30","2025-10-31T22:00:00+05:30","Strong"
"2025-10","PROJ_048","Visakhapatnam","o3",744,660,0,84,88.71,"2025-10-01T00:00:00+05:30","2025-10-31T22:00:00+05:30","Strong"
"2025-10","PROJ_050","Ahmedabad","pm2_5",744,676,0,68,90.86,"2025-10-01T00:00:00+05:30","2025-10-31T22:00:00+05:30","Strong"
"2025-10","PROJ_050","Ahmedabad","pm10",744,676,0,68,90.86,"2025-10-01T00:00:00+05:30","2025-10-31T22:00:00+05:30","Strong"
"2025-10","PROJ_050","Ahmedabad","no2",744,665,11,79,89.38,"2025-10-01T11:00:00+05:30","2025-10-31T22:00:00+05:30","Strong"
"2025-10","PROJ_050","Ahmedabad","so2",744,676,0,68,90.86,"2025-10-01T00:00:00+05:30","2025-10-31T22:00:00+05:30","Strong"
"2025-10","PROJ_050","Ahmedabad","co",744,676,0,68,90.86,"2025-10-01T00:00:00+05:30","2025-10-31T22:00:00+05:30","Strong"
"2025-10","PROJ_050","Ahmedabad","o3",744,676,0,68,90.86,"2025-10-01T00:00:00+05:30","2025-10-31T22:00:00+05:30","Strong"
"2025-10","PROJ_051","Jaipur","pm2_5",744,708,0,36,95.16,"2025-10-01T00:00:00+05:30","2025-10-31T22:00:00+05:30","Strong"
"2025-10","PROJ_051","Jaipur","pm10",744,708,0,36,95.16,"2025-10-01T00:00:00+05:30","2025-10-31T22:00:00+05:30","Strong"
"2025-10","PROJ_051","Jaipur","no2",744,708,0,36,95.16,"2025-10-01T00:00:00+05:30","2025-10-31T22:00:00+05:30","Strong"
"2025-10","PROJ_051","Jaipur","so2",744,707,1,37,95.03,"2025-10-01T00:00:00+05:30","2025-10-31T22:00:00+05:30","Strong"
"2025-10","PROJ_051","Jaipur","co",744,708,0,36,95.16,"2025-10-01T00:00:00+05:30","2025-10-31T22:00:00+05:30","Strong"
"2025-10","PROJ_051","Jaipur","o3",744,708,0,36,95.16,"2025-10-01T00:00:00+05:30","2025-10-31T22:00:00+05:30","Strong"
"2025-10","PROJ_063","Lucknow","pm2_5",744,716,0,28,96.24,"2025-10-01T00:00:00+05:30","2025-10-31T22:00:00+05:30","Strong"
"2025-10","PROJ_063","Lucknow","pm10",744,711,5,33,95.56,"2025-10-01T00:00:00+05:30","2025-10-31T22:00:00+05:30","Strong"
"2025-10","PROJ_063","Lucknow","no2",744,716,0,28,96.24,"2025-10-01T00:00:00+05:30","2025-10-31T22:00:00+05:30","Strong"
"2025-10","PROJ_063","Lucknow","so2",744,716,0,28,96.24,"2025-10-01T00:00:00+05:30","2025-10-31T22:00:00+05:30","Strong"
"2025-10","PROJ_063","Lucknow","co",744,716,0,28,96.24,"2025-10-01T00:00:00+05:30","2025-10-31T22:00:00+05:30","Strong"
"2025-10","PROJ_063","Lucknow","o3",744,710,6,34,95.43,"2025-10-01T00:00:00+05:30","2025-10-31T22:00:00+05:30","Strong"
"2025-10","PROJ_092","Mumbai","pm2_5",744,610,0,134,81.99,"2025-10-01T00:00:00+05:30","2025-10-31T22:00:00+05:30","Strong"
"2025-10","PROJ_092","Mumbai","pm10",744,610,0,134,81.99,"2025-10-01T00:00:00+05:30","2025-10-31T22:00:00+05:30","Strong"
"2025-10","PROJ_092","Mumbai","no2",744,610,0,134,81.99,"2025-10-01T00:00:00+05:30","2025-10-31T22:00:00+05:30","Strong"
"2025-10","PROJ_092","Mumbai","so2",744,610,0,134,81.99,"2025-10-01T00:00:00+05:30","2025-10-31T22:00:00+05:30","Strong"
"2025-10","PROJ_092","Mumbai","co",744,610,0,134,81.99,"2025-10-01T00:00:00+05:30","2025-10-31T22:00:00+05:30","Strong"
"2025-10","PROJ_092","Mumbai","o3",744,610,0,134,81.99,"2025-10-01T00:00:00+05:30","2025-10-31T22:00:00+05:30","Strong"
"2025-10","PROJ_101","Bengaluru","pm2_5",744,628,0,116,84.41,"2025-10-01T00:00:00+05:30","2025-10-31T22:00:00+05:30","Strong"
"2025-10","PROJ_101","Bengaluru","pm10",744,626,0,118,84.14,"2025-10-01T00:00:00+05:30","2025-10-31T22:00:00+05:30","Strong"
"2025-10","PROJ_101","Bengaluru","no2",744,637,0,107,85.62,"2025-10-01T00:00:00+05:30","2025-10-31T22:00:00+05:30","Strong"
"2025-10","PROJ_101","Bengaluru","so2",744,332,0,412,44.62,"2025-10-01T00:00:00+05:30","2025-10-31T22:00:00+05:30","Weak"
"2025-10","PROJ_101","Bengaluru","co",744,636,0,108,85.48,"2025-10-01T00:00:00+05:30","2025-10-31T22:00:00+05:30","Strong"
"2025-10","PROJ_101","Bengaluru","o3",744,642,0,102,86.29,"2025-10-01T00:00:00+05:30","2025-10-31T22:00:00+05:30","Strong"
"2025-10","PROJ_133","Patna","pm2_5",744,690,0,54,92.74,"2025-10-01T00:00:00+05:30","2025-10-31T22:00:00+05:30","Strong"
"2025-10","PROJ_133","Patna","pm10",744,690,0,54,92.74,"2025-10-01T00:00:00+05:30","2025-10-31T22:00:00+05:30","Strong"
"2025-10","PROJ_133","Patna","no2",744,690,0,54,92.74,"2025-10-01T00:00:00+05:30","2025-10-31T22:00:00+05:30","Strong"
"2025-10","PROJ_133","Patna","so2",744,690,0,54,92.74,"2025-10-01T00:00:00+05:30","2025-10-31T22:00:00+05:30","Strong"
"2025-10","PROJ_133","Patna","co",744,690,0,54,92.74,"2025-10-01T00:00:00+05:30","2025-10-31T22:00:00+05:30","Strong"
"2025-10","PROJ_133","Patna","o3",744,690,0,54,92.74,"2025-10-01T00:00:00+05:30","2025-10-31T22:00:00+05:30","Strong"
"2025-10","PROJ_142","Guwahati","pm2_5",744,599,0,145,80.51,"2025-10-01T00:00:00+05:30","2025-10-31T22:00:00+05:30","Strong"
"2025-10","PROJ_142","Guwahati","pm10",744,599,0,145,80.51,"2025-10-01T00:00:00+05:30","2025-10-31T22:00:00+05:30","Strong"
"2025-10","PROJ_142","Guwahati","no2",744,599,0,145,80.51,"2025-10-01T00:00:00+05:30","2025-10-31T22:00:00+05:30","Strong"
"2025-10","PROJ_142","Guwahati","so2",744,599,0,145,80.51,"2025-10-01T00:00:00+05:30","2025-10-31T22:00:00+05:30","Strong"
"2025-10","PROJ_142","Guwahati","co",744,599,0,145,80.51,"2025-10-01T00:00:00+05:30","2025-10-31T22:00:00+05:30","Strong"
"2025-10","PROJ_142","Guwahati","o3",744,599,0,145,80.51,"2025-10-01T00:00:00+05:30","2025-10-31T22:00:00+05:30","Strong"
"2025-10","PROJ_144","Bhopal","pm2_5",744,699,0,45,93.95,"2025-10-01T00:00:00+05:30","2025-10-31T22:00:00+05:30","Strong"
"2025-10","PROJ_144","Bhopal","pm10",744,703,0,41,94.49,"2025-10-01T00:00:00+05:30","2025-10-31T22:00:00+05:30","Strong"
"2025-10","PROJ_144","Bhopal","no2",744,702,0,42,94.35,"2025-10-01T00:00:00+05:30","2025-10-31T22:00:00+05:30","Strong"
"2025-10","PROJ_144","Bhopal","so2",744,698,0,46,93.82,"2025-10-01T00:00:00+05:30","2025-10-31T22:00:00+05:30","Strong"
"2025-10","PROJ_144","Bhopal","co",744,699,0,45,93.95,"2025-10-01T00:00:00+05:30","2025-10-31T22:00:00+05:30","Strong"
"2025-10","PROJ_144","Bhopal","o3",744,701,0,43,94.22,"2025-10-01T00:00:00+05:30","2025-10-31T22:00:00+05:30","Strong"
"2025-10","PROJ_158","Pune","pm2_5",744,635,0,109,85.35,"2025-10-01T00:00:00+05:30","2025-10-31T22:00:00+05:30","Strong"
"2025-10","PROJ_158","Pune","pm10",744,634,0,110,85.22,"2025-10-01T00:00:00+05:30","2025-10-31T22:00:00+05:30","Strong"
"2025-10","PROJ_158","Pune","no2",744,634,0,110,85.22,"2025-10-01T00:00:00+05:30","2025-10-31T22:00:00+05:30","Strong"
"2025-10","PROJ_158","Pune","so2",744,481,0,263,64.65,"2025-10-10T14:00:00+05:30","2025-10-31T22:00:00+05:30","Usable"
"2025-10","PROJ_158","Pune","co",744,635,0,109,85.35,"2025-10-01T00:00:00+05:30","2025-10-31T22:00:00+05:30","Strong"
"2025-10","PROJ_158","Pune","o3",744,634,0,110,85.22,"2025-10-01T00:00:00+05:30","2025-10-31T22:00:00+05:30","Strong"
"2025-10","PROJ_179","Hyderabad","pm2_5",744,713,1,31,95.83,"2025-10-01T00:00:00+05:30","2025-10-31T22:00:00+05:30","Strong"
"2025-10","PROJ_179","Hyderabad","pm10",744,714,0,30,95.97,"2025-10-01T00:00:00+05:30","2025-10-31T22:00:00+05:30","Strong"
"2025-10","PROJ_179","Hyderabad","no2",744,713,0,31,95.83,"2025-10-01T00:00:00+05:30","2025-10-31T22:00:00+05:30","Strong"
"2025-10","PROJ_179","Hyderabad","so2",744,713,0,31,95.83,"2025-10-01T00:00:00+05:30","2025-10-31T22:00:00+05:30","Strong"
"2025-10","PROJ_179","Hyderabad","co",744,713,0,31,95.83,"2025-10-01T00:00:00+05:30","2025-10-31T22:00:00+05:30","Strong"
"2025-10","PROJ_179","Hyderabad","o3",744,713,0,31,95.83,"2025-10-01T00:00:00+05:30","2025-10-31T22:00:00+05:30","Strong"
"2025-10","PROJ_180","Hyderabad","pm2_5",744,625,0,119,84.01,"2025-10-01T00:00:00+05:30","2025-10-31T22:00:00+05:30","Strong"
"2025-10","PROJ_180","Hyderabad","pm10",744,625,0,119,84.01,"2025-10-01T00:00:00+05:30","2025-10-31T22:00:00+05:30","Strong"
"2025-10","PROJ_180","Hyderabad","no2",744,625,0,119,84.01,"2025-10-01T00:00:00+05:30","2025-10-31T22:00:00+05:30","Strong"
"2025-10","PROJ_180","Hyderabad","so2",744,625,0,119,84.01,"2025-10-01T00:00:00+05:30","2025-10-31T22:00:00+05:30","Strong"
"2025-10","PROJ_180","Hyderabad","co",744,625,0,119,84.01,"2025-10-01T00:00:00+05:30","2025-10-31T22:00:00+05:30","Strong"
"2025-10","PROJ_180","Hyderabad","o3",744,625,0,119,84.01,"2025-10-01T00:00:00+05:30","2025-10-31T22:00:00+05:30","Strong"
"2025-10","PROJ_181","Hyderabad","pm2_5",744,579,0,165,77.82,"2025-10-04T10:00:00+05:30","2025-10-31T17:00:00+05:30","Strong"
"2025-10","PROJ_181","Hyderabad","pm10",744,579,0,165,77.82,"2025-10-04T10:00:00+05:30","2025-10-31T17:00:00+05:30","Strong"
"2025-10","PROJ_181","Hyderabad","no2",744,579,0,165,77.82,"2025-10-04T10:00:00+05:30","2025-10-31T17:00:00+05:30","Strong"
"2025-10","PROJ_181","Hyderabad","so2",744,579,0,165,77.82,"2025-10-04T10:00:00+05:30","2025-10-31T17:00:00+05:30","Strong"
"2025-10","PROJ_181","Hyderabad","co",744,579,0,165,77.82,"2025-10-04T10:00:00+05:30","2025-10-31T17:00:00+05:30","Strong"
"2025-10","PROJ_181","Hyderabad","o3",744,579,0,165,77.82,"2025-10-04T10:00:00+05:30","2025-10-31T17:00:00+05:30","Strong"
"2025-10","PROJ_186","Hyderabad","pm2_5",744,711,0,33,95.56,"2025-10-01T00:00:00+05:30","2025-10-31T22:00:00+05:30","Strong"
"2025-10","PROJ_186","Hyderabad","pm10",744,711,0,33,95.56,"2025-10-01T00:00:00+05:30","2025-10-31T22:00:00+05:30","Strong"
"2025-10","PROJ_186","Hyderabad","no2",744,711,0,33,95.56,"2025-10-01T00:00:00+05:30","2025-10-31T22:00:00+05:30","Strong"
"2025-10","PROJ_186","Hyderabad","so2",744,711,0,33,95.56,"2025-10-01T00:00:00+05:30","2025-10-31T22:00:00+05:30","Strong"
"2025-10","PROJ_186","Hyderabad","co",744,710,1,34,95.43,"2025-10-01T00:00:00+05:30","2025-10-31T22:00:00+05:30","Strong"
"2025-10","PROJ_186","Hyderabad","o3",744,711,0,33,95.56,"2025-10-01T00:00:00+05:30","2025-10-31T22:00:00+05:30","Strong"
"2025-10","PROJ_094","Kolkata","pm2_5",744,709,0,35,95.3,"2025-10-01T00:00:00+05:30","2025-10-31T22:00:00+05:30","Strong"
"2025-10","PROJ_094","Kolkata","pm10",744,709,0,35,95.3,"2025-10-01T00:00:00+05:30","2025-10-31T22:00:00+05:30","Strong"
"2025-10","PROJ_094","Kolkata","no2",744,709,0,35,95.3,"2025-10-01T00:00:00+05:30","2025-10-31T22:00:00+05:30","Strong"
"2025-10","PROJ_094","Kolkata","so2",744,709,0,35,95.3,"2025-10-01T00:00:00+05:30","2025-10-31T22:00:00+05:30","Strong"
"2025-10","PROJ_094","Kolkata","co",744,709,0,35,95.3,"2025-10-01T00:00:00+05:30","2025-10-31T22:00:00+05:30","Strong"
"2025-10","PROJ_094","Kolkata","o3",744,709,0,35,95.3,"2025-10-01T00:00:00+05:30","2025-10-31T22:00:00+05:30","Strong"
"2025-11","PROJ_002","Delhi","pm2_5",720,683,0,37,94.86,"2025-11-01T00:00:00+05:30","2025-11-30T22:00:00+05:30","Strong"
"2025-11","PROJ_002","Delhi","pm10",720,671,0,49,93.19,"2025-11-01T00:00:00+05:30","2025-11-30T22:00:00+05:30","Strong"
"2025-11","PROJ_002","Delhi","no2",720,685,0,35,95.14,"2025-11-01T00:00:00+05:30","2025-11-30T22:00:00+05:30","Strong"
"2025-11","PROJ_002","Delhi","so2",720,650,0,70,90.28,"2025-11-01T00:00:00+05:30","2025-11-30T22:00:00+05:30","Strong"
"2025-11","PROJ_002","Delhi","co",720,662,0,58,91.94,"2025-11-01T00:00:00+05:30","2025-11-30T22:00:00+05:30","Strong"
"2025-11","PROJ_002","Delhi","o3",720,681,0,39,94.58,"2025-11-01T00:00:00+05:30","2025-11-30T22:00:00+05:30","Strong"
"2025-11","PROJ_007","Hyderabad","pm2_5",720,682,0,38,94.72,"2025-11-01T00:00:00+05:30","2025-11-30T22:00:00+05:30","Strong"
"2025-11","PROJ_007","Hyderabad","pm10",720,649,0,71,90.14,"2025-11-01T00:00:00+05:30","2025-11-30T22:00:00+05:30","Strong"
"2025-11","PROJ_007","Hyderabad","no2",720,683,0,37,94.86,"2025-11-01T00:00:00+05:30","2025-11-30T22:00:00+05:30","Strong"
"2025-11","PROJ_007","Hyderabad","so2",720,682,0,38,94.72,"2025-11-01T00:00:00+05:30","2025-11-30T22:00:00+05:30","Strong"
"2025-11","PROJ_007","Hyderabad","co",720,682,0,38,94.72,"2025-11-01T00:00:00+05:30","2025-11-30T22:00:00+05:30","Strong"
"2025-11","PROJ_007","Hyderabad","o3",720,683,0,37,94.86,"2025-11-01T00:00:00+05:30","2025-11-30T22:00:00+05:30","Strong"
"2025-11","PROJ_019","Chennai","pm2_5",720,680,2,40,94.44,"2025-11-01T00:00:00+05:30","2025-11-30T22:00:00+05:30","Strong"
"2025-11","PROJ_019","Chennai","pm10",720,654,28,66,90.83,"2025-11-01T00:00:00+05:30","2025-11-30T22:00:00+05:30","Strong"
"2025-11","PROJ_019","Chennai","no2",720,682,0,38,94.72,"2025-11-01T00:00:00+05:30","2025-11-30T22:00:00+05:30","Strong"
"2025-11","PROJ_019","Chennai","so2",720,682,0,38,94.72,"2025-11-01T00:00:00+05:30","2025-11-30T22:00:00+05:30","Strong"
"2025-11","PROJ_019","Chennai","co",720,682,0,38,94.72,"2025-11-01T00:00:00+05:30","2025-11-30T22:00:00+05:30","Strong"
"2025-11","PROJ_019","Chennai","o3",720,682,0,38,94.72,"2025-11-01T00:00:00+05:30","2025-11-30T22:00:00+05:30","Strong"
"2025-11","PROJ_036","Hyderabad","pm2_5",720,586,0,134,81.39,"2025-11-01T02:00:00+05:30","2025-11-30T21:00:00+05:30","Strong"
"2025-11","PROJ_036","Hyderabad","pm10",720,599,0,121,83.19,"2025-11-01T02:00:00+05:30","2025-11-30T22:00:00+05:30","Strong"
"2025-11","PROJ_036","Hyderabad","no2",720,663,0,57,92.08,"2025-11-01T00:00:00+05:30","2025-11-30T22:00:00+05:30","Strong"
"2025-11","PROJ_036","Hyderabad","so2",720,663,0,57,92.08,"2025-11-01T00:00:00+05:30","2025-11-30T22:00:00+05:30","Strong"
"2025-11","PROJ_036","Hyderabad","co",720,663,0,57,92.08,"2025-11-01T00:00:00+05:30","2025-11-30T22:00:00+05:30","Strong"
"2025-11","PROJ_036","Hyderabad","o3",720,641,0,79,89.03,"2025-11-01T00:00:00+05:30","2025-11-30T22:00:00+05:30","Strong"
"2025-11","PROJ_042","Nagpur","pm2_5",720,666,0,54,92.5,"2025-11-01T00:00:00+05:30","2025-11-30T22:00:00+05:30","Strong"
"2025-11","PROJ_042","Nagpur","pm10",720,666,0,54,92.5,"2025-11-01T00:00:00+05:30","2025-11-30T22:00:00+05:30","Strong"
"2025-11","PROJ_042","Nagpur","no2",720,667,0,53,92.64,"2025-11-01T00:00:00+05:30","2025-11-30T22:00:00+05:30","Strong"
"2025-11","PROJ_042","Nagpur","so2",720,666,0,54,92.5,"2025-11-01T00:00:00+05:30","2025-11-30T22:00:00+05:30","Strong"
"2025-11","PROJ_042","Nagpur","co",720,666,0,54,92.5,"2025-11-01T00:00:00+05:30","2025-11-30T22:00:00+05:30","Strong"
"2025-11","PROJ_042","Nagpur","o3",720,666,0,54,92.5,"2025-11-01T00:00:00+05:30","2025-11-30T22:00:00+05:30","Strong"
"2025-11","PROJ_044","Hyderabad","pm2_5",720,485,0,235,67.36,"2025-11-01T00:00:00+05:30","2025-11-30T22:00:00+05:30","Usable"
"2025-11","PROJ_044","Hyderabad","pm10",720,463,0,257,64.31,"2025-11-01T00:00:00+05:30","2025-11-30T22:00:00+05:30","Usable"
"2025-11","PROJ_044","Hyderabad","no2",720,491,0,229,68.19,"2025-11-01T00:00:00+05:30","2025-11-30T22:00:00+05:30","Usable"
"2025-11","PROJ_044","Hyderabad","so2",720,491,0,229,68.19,"2025-11-01T00:00:00+05:30","2025-11-30T22:00:00+05:30","Usable"
"2025-11","PROJ_044","Hyderabad","co",720,491,0,229,68.19,"2025-11-01T00:00:00+05:30","2025-11-30T22:00:00+05:30","Usable"
"2025-11","PROJ_044","Hyderabad","o3",720,491,0,229,68.19,"2025-11-01T00:00:00+05:30","2025-11-30T22:00:00+05:30","Usable"
"2025-11","PROJ_048","Visakhapatnam","pm2_5",720,604,0,116,83.89,"2025-11-01T00:00:00+05:30","2025-11-30T22:00:00+05:30","Strong"
"2025-11","PROJ_048","Visakhapatnam","pm10",720,597,0,123,82.92,"2025-11-01T00:00:00+05:30","2025-11-30T22:00:00+05:30","Strong"
"2025-11","PROJ_048","Visakhapatnam","no2",720,601,0,119,83.47,"2025-11-01T00:00:00+05:30","2025-11-30T22:00:00+05:30","Strong"
"2025-11","PROJ_048","Visakhapatnam","so2",720,606,0,114,84.17,"2025-11-01T00:00:00+05:30","2025-11-30T22:00:00+05:30","Strong"
"2025-11","PROJ_048","Visakhapatnam","co",720,522,0,198,72.5,"2025-11-01T00:00:00+05:30","2025-11-30T22:00:00+05:30","Usable"
"2025-11","PROJ_048","Visakhapatnam","o3",720,607,0,113,84.31,"2025-11-01T00:00:00+05:30","2025-11-30T22:00:00+05:30","Strong"
"2025-11","PROJ_050","Ahmedabad","pm2_5",720,661,0,59,91.81,"2025-11-01T00:00:00+05:30","2025-11-30T22:00:00+05:30","Strong"
"2025-11","PROJ_050","Ahmedabad","pm10",720,661,0,59,91.81,"2025-11-01T00:00:00+05:30","2025-11-30T22:00:00+05:30","Strong"
"2025-11","PROJ_050","Ahmedabad","no2",720,661,0,59,91.81,"2025-11-01T00:00:00+05:30","2025-11-30T22:00:00+05:30","Strong"
"2025-11","PROJ_050","Ahmedabad","so2",720,661,0,59,91.81,"2025-11-01T00:00:00+05:30","2025-11-30T22:00:00+05:30","Strong"
"2025-11","PROJ_050","Ahmedabad","co",720,661,0,59,91.81,"2025-11-01T00:00:00+05:30","2025-11-30T22:00:00+05:30","Strong"
"2025-11","PROJ_050","Ahmedabad","o3",720,661,0,59,91.81,"2025-11-01T00:00:00+05:30","2025-11-30T22:00:00+05:30","Strong"
"2025-11","PROJ_051","Jaipur","pm2_5",720,661,0,59,91.81,"2025-11-01T00:00:00+05:30","2025-11-30T22:00:00+05:30","Strong"
"2025-11","PROJ_051","Jaipur","pm10",720,661,0,59,91.81,"2025-11-01T00:00:00+05:30","2025-11-30T22:00:00+05:30","Strong"
"2025-11","PROJ_051","Jaipur","no2",720,662,0,58,91.94,"2025-11-01T00:00:00+05:30","2025-11-30T22:00:00+05:30","Strong"
"2025-11","PROJ_051","Jaipur","so2",720,661,0,59,91.81,"2025-11-01T00:00:00+05:30","2025-11-30T22:00:00+05:30","Strong"
"2025-11","PROJ_051","Jaipur","co",720,661,0,59,91.81,"2025-11-01T00:00:00+05:30","2025-11-30T22:00:00+05:30","Strong"
"2025-11","PROJ_051","Jaipur","o3",720,661,0,59,91.81,"2025-11-01T00:00:00+05:30","2025-11-30T22:00:00+05:30","Strong"
"2025-11","PROJ_063","Lucknow","pm2_5",720,657,0,63,91.25,"2025-11-01T00:00:00+05:30","2025-11-30T22:00:00+05:30","Strong"
"2025-11","PROJ_063","Lucknow","pm10",720,656,1,64,91.11,"2025-11-01T00:00:00+05:30","2025-11-30T22:00:00+05:30","Strong"
"2025-11","PROJ_063","Lucknow","no2",720,657,0,63,91.25,"2025-11-01T00:00:00+05:30","2025-11-30T22:00:00+05:30","Strong"
"2025-11","PROJ_063","Lucknow","so2",720,657,0,63,91.25,"2025-11-01T00:00:00+05:30","2025-11-30T22:00:00+05:30","Strong"
"2025-11","PROJ_063","Lucknow","co",720,657,0,63,91.25,"2025-11-01T00:00:00+05:30","2025-11-30T22:00:00+05:30","Strong"
"2025-11","PROJ_063","Lucknow","o3",720,657,0,63,91.25,"2025-11-01T00:00:00+05:30","2025-11-30T22:00:00+05:30","Strong"
"2025-11","PROJ_092","Mumbai","pm2_5",720,657,0,63,91.25,"2025-11-01T00:00:00+05:30","2025-11-30T22:00:00+05:30","Strong"
"2025-11","PROJ_092","Mumbai","pm10",720,654,0,66,90.83,"2025-11-01T00:00:00+05:30","2025-11-30T22:00:00+05:30","Strong"
"2025-11","PROJ_092","Mumbai","no2",720,656,0,64,91.11,"2025-11-01T00:00:00+05:30","2025-11-30T22:00:00+05:30","Strong"
"2025-11","PROJ_092","Mumbai","so2",720,653,0,67,90.69,"2025-11-01T00:00:00+05:30","2025-11-30T22:00:00+05:30","Strong"
"2025-11","PROJ_092","Mumbai","co",720,653,0,67,90.69,"2025-11-01T00:00:00+05:30","2025-11-30T22:00:00+05:30","Strong"
"2025-11","PROJ_092","Mumbai","o3",720,653,0,67,90.69,"2025-11-01T00:00:00+05:30","2025-11-30T22:00:00+05:30","Strong"
"2025-11","PROJ_101","Bengaluru","pm2_5",720,598,0,122,83.06,"2025-11-01T00:00:00+05:30","2025-11-30T22:00:00+05:30","Strong"
"2025-11","PROJ_101","Bengaluru","pm10",720,587,0,133,81.53,"2025-11-01T00:00:00+05:30","2025-11-30T22:00:00+05:30","Strong"
"2025-11","PROJ_101","Bengaluru","no2",720,587,0,133,81.53,"2025-11-01T00:00:00+05:30","2025-11-30T22:00:00+05:30","Strong"
"2025-11","PROJ_101","Bengaluru","so2",720,509,0,211,70.69,"2025-11-01T00:00:00+05:30","2025-11-30T22:00:00+05:30","Usable"
"2025-11","PROJ_101","Bengaluru","co",720,582,0,138,80.83,"2025-11-01T00:00:00+05:30","2025-11-30T22:00:00+05:30","Strong"
"2025-11","PROJ_101","Bengaluru","o3",720,579,0,141,80.42,"2025-11-01T00:00:00+05:30","2025-11-30T22:00:00+05:30","Strong"
"2025-11","PROJ_133","Patna","pm2_5",720,677,0,43,94.03,"2025-11-01T00:00:00+05:30","2025-11-30T22:00:00+05:30","Strong"
"2025-11","PROJ_133","Patna","pm10",720,677,0,43,94.03,"2025-11-01T00:00:00+05:30","2025-11-30T22:00:00+05:30","Strong"
"2025-11","PROJ_133","Patna","no2",720,677,0,43,94.03,"2025-11-01T00:00:00+05:30","2025-11-30T22:00:00+05:30","Strong"
"2025-11","PROJ_133","Patna","so2",720,677,0,43,94.03,"2025-11-01T00:00:00+05:30","2025-11-30T22:00:00+05:30","Strong"
"2025-11","PROJ_133","Patna","co",720,677,0,43,94.03,"2025-11-01T00:00:00+05:30","2025-11-30T22:00:00+05:30","Strong"
"2025-11","PROJ_133","Patna","o3",720,677,0,43,94.03,"2025-11-01T00:00:00+05:30","2025-11-30T22:00:00+05:30","Strong"
"2025-11","PROJ_142","Guwahati","pm2_5",720,671,0,49,93.19,"2025-11-01T00:00:00+05:30","2025-11-30T10:00:00+05:30","Strong"
"2025-11","PROJ_142","Guwahati","pm10",720,671,0,49,93.19,"2025-11-01T00:00:00+05:30","2025-11-30T10:00:00+05:30","Strong"
"2025-11","PROJ_142","Guwahati","no2",720,671,0,49,93.19,"2025-11-01T00:00:00+05:30","2025-11-30T10:00:00+05:30","Strong"
"2025-11","PROJ_142","Guwahati","so2",720,671,0,49,93.19,"2025-11-01T00:00:00+05:30","2025-11-30T10:00:00+05:30","Strong"
"2025-11","PROJ_142","Guwahati","co",720,671,0,49,93.19,"2025-11-01T00:00:00+05:30","2025-11-30T10:00:00+05:30","Strong"
"2025-11","PROJ_142","Guwahati","o3",720,671,0,49,93.19,"2025-11-01T00:00:00+05:30","2025-11-30T10:00:00+05:30","Strong"
"2025-11","PROJ_144","Bhopal","pm2_5",720,575,0,145,79.86,"2025-11-01T00:00:00+05:30","2025-11-30T22:00:00+05:30","Strong"
"2025-11","PROJ_144","Bhopal","pm10",720,575,0,145,79.86,"2025-11-01T00:00:00+05:30","2025-11-30T22:00:00+05:30","Strong"
"2025-11","PROJ_144","Bhopal","no2",720,664,0,56,92.22,"2025-11-01T00:00:00+05:30","2025-11-30T22:00:00+05:30","Strong"
"2025-11","PROJ_144","Bhopal","so2",720,661,0,59,91.81,"2025-11-01T00:00:00+05:30","2025-11-30T22:00:00+05:30","Strong"
"2025-11","PROJ_144","Bhopal","co",720,663,0,57,92.08,"2025-11-01T00:00:00+05:30","2025-11-30T22:00:00+05:30","Strong"
"2025-11","PROJ_144","Bhopal","o3",720,664,0,56,92.22,"2025-11-01T00:00:00+05:30","2025-11-30T22:00:00+05:30","Strong"
"2025-11","PROJ_158","Pune","pm2_5",720,685,0,35,95.14,"2025-11-01T00:00:00+05:30","2025-11-30T22:00:00+05:30","Strong"
"2025-11","PROJ_158","Pune","pm10",720,685,0,35,95.14,"2025-11-01T00:00:00+05:30","2025-11-30T22:00:00+05:30","Strong"
"2025-11","PROJ_158","Pune","no2",720,685,0,35,95.14,"2025-11-01T00:00:00+05:30","2025-11-30T22:00:00+05:30","Strong"
"2025-11","PROJ_158","Pune","so2",720,685,0,35,95.14,"2025-11-01T00:00:00+05:30","2025-11-30T22:00:00+05:30","Strong"
"2025-11","PROJ_158","Pune","co",720,684,0,36,95,"2025-11-01T00:00:00+05:30","2025-11-30T22:00:00+05:30","Strong"
"2025-11","PROJ_158","Pune","o3",720,686,0,34,95.28,"2025-11-01T00:00:00+05:30","2025-11-30T22:00:00+05:30","Strong"
"2025-11","PROJ_179","Hyderabad","pm2_5",720,625,0,95,86.81,"2025-11-01T00:00:00+05:30","2025-11-30T22:00:00+05:30","Strong"
"2025-11","PROJ_179","Hyderabad","pm10",720,625,0,95,86.81,"2025-11-01T00:00:00+05:30","2025-11-30T22:00:00+05:30","Strong"
"2025-11","PROJ_179","Hyderabad","no2",720,625,0,95,86.81,"2025-11-01T00:00:00+05:30","2025-11-30T22:00:00+05:30","Strong"
"2025-11","PROJ_179","Hyderabad","so2",720,625,0,95,86.81,"2025-11-01T00:00:00+05:30","2025-11-30T22:00:00+05:30","Strong"
"2025-11","PROJ_179","Hyderabad","co",720,625,0,95,86.81,"2025-11-01T00:00:00+05:30","2025-11-30T22:00:00+05:30","Strong"
"2025-11","PROJ_179","Hyderabad","o3",720,625,0,95,86.81,"2025-11-01T00:00:00+05:30","2025-11-30T22:00:00+05:30","Strong"
"2025-11","PROJ_180","Hyderabad","pm2_5",720,672,0,48,93.33,"2025-11-01T00:00:00+05:30","2025-11-30T22:00:00+05:30","Strong"
"2025-11","PROJ_180","Hyderabad","pm10",720,672,0,48,93.33,"2025-11-01T00:00:00+05:30","2025-11-30T22:00:00+05:30","Strong"
"2025-11","PROJ_180","Hyderabad","no2",720,672,0,48,93.33,"2025-11-01T00:00:00+05:30","2025-11-30T22:00:00+05:30","Strong"
"2025-11","PROJ_180","Hyderabad","so2",720,672,0,48,93.33,"2025-11-01T00:00:00+05:30","2025-11-30T22:00:00+05:30","Strong"
"2025-11","PROJ_180","Hyderabad","co",720,672,0,48,93.33,"2025-11-01T00:00:00+05:30","2025-11-30T22:00:00+05:30","Strong"
"2025-11","PROJ_180","Hyderabad","o3",720,672,0,48,93.33,"2025-11-01T00:00:00+05:30","2025-11-30T22:00:00+05:30","Strong"
"2025-11","PROJ_181","Hyderabad","pm2_5",720,660,0,60,91.67,"2025-11-01T08:00:00+05:30","2025-11-30T22:00:00+05:30","Strong"
"2025-11","PROJ_181","Hyderabad","pm10",720,660,0,60,91.67,"2025-11-01T08:00:00+05:30","2025-11-30T22:00:00+05:30","Strong"
"2025-11","PROJ_181","Hyderabad","no2",720,659,0,61,91.53,"2025-11-01T08:00:00+05:30","2025-11-30T22:00:00+05:30","Strong"
"2025-11","PROJ_181","Hyderabad","so2",720,653,6,67,90.69,"2025-11-01T08:00:00+05:30","2025-11-30T22:00:00+05:30","Strong"
"2025-11","PROJ_181","Hyderabad","co",720,659,0,61,91.53,"2025-11-01T08:00:00+05:30","2025-11-30T22:00:00+05:30","Strong"
"2025-11","PROJ_181","Hyderabad","o3",720,659,0,61,91.53,"2025-11-01T08:00:00+05:30","2025-11-30T22:00:00+05:30","Strong"
"2025-11","PROJ_186","Hyderabad","pm2_5",720,675,0,45,93.75,"2025-11-01T00:00:00+05:30","2025-11-30T22:00:00+05:30","Strong"
"2025-11","PROJ_186","Hyderabad","pm10",720,675,0,45,93.75,"2025-11-01T00:00:00+05:30","2025-11-30T22:00:00+05:30","Strong"
"2025-11","PROJ_186","Hyderabad","no2",720,675,0,45,93.75,"2025-11-01T00:00:00+05:30","2025-11-30T22:00:00+05:30","Strong"
"2025-11","PROJ_186","Hyderabad","so2",720,675,0,45,93.75,"2025-11-01T00:00:00+05:30","2025-11-30T22:00:00+05:30","Strong"
"2025-11","PROJ_186","Hyderabad","co",720,675,0,45,93.75,"2025-11-01T00:00:00+05:30","2025-11-30T22:00:00+05:30","Strong"
"2025-11","PROJ_186","Hyderabad","o3",720,675,0,45,93.75,"2025-11-01T00:00:00+05:30","2025-11-30T22:00:00+05:30","Strong"
"2025-11","PROJ_094","Kolkata","pm2_5",720,683,0,37,94.86,"2025-11-01T00:00:00+05:30","2025-11-30T22:00:00+05:30","Strong"
"2025-11","PROJ_094","Kolkata","pm10",720,684,0,36,95,"2025-11-01T00:00:00+05:30","2025-11-30T22:00:00+05:30","Strong"
"2025-11","PROJ_094","Kolkata","no2",720,684,0,36,95,"2025-11-01T00:00:00+05:30","2025-11-30T22:00:00+05:30","Strong"
"2025-11","PROJ_094","Kolkata","so2",720,684,0,36,95,"2025-11-01T00:00:00+05:30","2025-11-30T22:00:00+05:30","Strong"
"2025-11","PROJ_094","Kolkata","co",720,684,0,36,95,"2025-11-01T00:00:00+05:30","2025-11-30T22:00:00+05:30","Strong"
"2025-11","PROJ_094","Kolkata","o3",720,684,0,36,95,"2025-11-01T00:00:00+05:30","2025-11-30T22:00:00+05:30","Strong"
"2025-12","PROJ_002","Delhi","pm2_5",744,705,0,39,94.76,"2025-12-01T00:00:00+05:30","2025-12-31T22:00:00+05:30","Strong"
"2025-12","PROJ_002","Delhi","pm10",744,703,0,41,94.49,"2025-12-01T00:00:00+05:30","2025-12-31T22:00:00+05:30","Strong"
"2025-12","PROJ_002","Delhi","no2",744,705,0,39,94.76,"2025-12-01T00:00:00+05:30","2025-12-31T22:00:00+05:30","Strong"
"2025-12","PROJ_002","Delhi","so2",744,696,0,48,93.55,"2025-12-01T00:00:00+05:30","2025-12-31T18:00:00+05:30","Strong"
"2025-12","PROJ_002","Delhi","co",744,703,0,41,94.49,"2025-12-01T00:00:00+05:30","2025-12-31T22:00:00+05:30","Strong"
"2025-12","PROJ_002","Delhi","o3",744,697,0,47,93.68,"2025-12-01T00:00:00+05:30","2025-12-31T22:00:00+05:30","Strong"
"2025-12","PROJ_007","Hyderabad","pm2_5",744,695,0,49,93.41,"2025-12-01T00:00:00+05:30","2025-12-31T22:00:00+05:30","Strong"
"2025-12","PROJ_007","Hyderabad","pm10",744,695,0,49,93.41,"2025-12-01T00:00:00+05:30","2025-12-31T22:00:00+05:30","Strong"
"2025-12","PROJ_007","Hyderabad","no2",744,697,0,47,93.68,"2025-12-01T00:00:00+05:30","2025-12-31T22:00:00+05:30","Strong"
"2025-12","PROJ_007","Hyderabad","so2",744,697,0,47,93.68,"2025-12-01T00:00:00+05:30","2025-12-31T22:00:00+05:30","Strong"
"2025-12","PROJ_007","Hyderabad","co",744,697,0,47,93.68,"2025-12-01T00:00:00+05:30","2025-12-31T22:00:00+05:30","Strong"
"2025-12","PROJ_007","Hyderabad","o3",744,697,0,47,93.68,"2025-12-01T00:00:00+05:30","2025-12-31T22:00:00+05:30","Strong"
"2025-12","PROJ_019","Chennai","pm2_5",744,640,0,104,86.02,"2025-12-01T00:00:00+05:30","2025-12-31T22:00:00+05:30","Strong"
"2025-12","PROJ_019","Chennai","pm10",744,640,0,104,86.02,"2025-12-01T00:00:00+05:30","2025-12-31T22:00:00+05:30","Strong"
"2025-12","PROJ_019","Chennai","no2",744,640,0,104,86.02,"2025-12-01T00:00:00+05:30","2025-12-31T22:00:00+05:30","Strong"
"2025-12","PROJ_019","Chennai","so2",744,640,0,104,86.02,"2025-12-01T00:00:00+05:30","2025-12-31T22:00:00+05:30","Strong"
"2025-12","PROJ_019","Chennai","co",744,640,0,104,86.02,"2025-12-01T00:00:00+05:30","2025-12-31T22:00:00+05:30","Strong"
"2025-12","PROJ_019","Chennai","o3",744,640,0,104,86.02,"2025-12-01T00:00:00+05:30","2025-12-31T22:00:00+05:30","Strong"
"2025-12","PROJ_036","Hyderabad","pm2_5",744,432,0,312,58.06,"2025-12-01T00:00:00+05:30","2025-12-31T18:00:00+05:30","Usable"
"2025-12","PROJ_036","Hyderabad","pm10",744,521,0,223,70.03,"2025-12-01T00:00:00+05:30","2025-12-31T17:00:00+05:30","Usable"
"2025-12","PROJ_036","Hyderabad","no2",744,666,0,78,89.52,"2025-12-01T00:00:00+05:30","2025-12-31T19:00:00+05:30","Strong"
"2025-12","PROJ_036","Hyderabad","so2",744,666,0,78,89.52,"2025-12-01T00:00:00+05:30","2025-12-31T19:00:00+05:30","Strong"
"2025-12","PROJ_036","Hyderabad","co",744,666,0,78,89.52,"2025-12-01T00:00:00+05:30","2025-12-31T19:00:00+05:30","Strong"
"2025-12","PROJ_036","Hyderabad","o3",744,666,0,78,89.52,"2025-12-01T00:00:00+05:30","2025-12-31T19:00:00+05:30","Strong"
"2025-12","PROJ_042","Nagpur","pm2_5",744,710,0,34,95.43,"2025-12-01T00:00:00+05:30","2025-12-31T22:00:00+05:30","Strong"
"2025-12","PROJ_042","Nagpur","pm10",744,710,0,34,95.43,"2025-12-01T00:00:00+05:30","2025-12-31T22:00:00+05:30","Strong"
"2025-12","PROJ_042","Nagpur","no2",744,710,0,34,95.43,"2025-12-01T00:00:00+05:30","2025-12-31T22:00:00+05:30","Strong"
"2025-12","PROJ_042","Nagpur","so2",744,710,0,34,95.43,"2025-12-01T00:00:00+05:30","2025-12-31T22:00:00+05:30","Strong"
"2025-12","PROJ_042","Nagpur","co",744,710,0,34,95.43,"2025-12-01T00:00:00+05:30","2025-12-31T22:00:00+05:30","Strong"
"2025-12","PROJ_042","Nagpur","o3",744,710,0,34,95.43,"2025-12-01T00:00:00+05:30","2025-12-31T22:00:00+05:30","Strong"
"2025-12","PROJ_044","Hyderabad","pm2_5",744,670,0,74,90.05,"2025-12-01T00:00:00+05:30","2025-12-31T21:00:00+05:30","Strong"
"2025-12","PROJ_044","Hyderabad","pm10",744,630,0,114,84.68,"2025-12-01T00:00:00+05:30","2025-12-31T22:00:00+05:30","Strong"
"2025-12","PROJ_044","Hyderabad","no2",744,719,0,25,96.64,"2025-12-01T00:00:00+05:30","2025-12-31T22:00:00+05:30","Strong"
"2025-12","PROJ_044","Hyderabad","so2",744,719,0,25,96.64,"2025-12-01T00:00:00+05:30","2025-12-31T22:00:00+05:30","Strong"
"2025-12","PROJ_044","Hyderabad","co",744,719,0,25,96.64,"2025-12-01T00:00:00+05:30","2025-12-31T22:00:00+05:30","Strong"
"2025-12","PROJ_044","Hyderabad","o3",744,719,0,25,96.64,"2025-12-01T00:00:00+05:30","2025-12-31T22:00:00+05:30","Strong"
"2025-12","PROJ_048","Visakhapatnam","pm2_5",744,713,0,31,95.83,"2025-12-01T00:00:00+05:30","2025-12-31T22:00:00+05:30","Strong"
"2025-12","PROJ_048","Visakhapatnam","pm10",744,703,0,41,94.49,"2025-12-01T00:00:00+05:30","2025-12-31T22:00:00+05:30","Strong"
"2025-12","PROJ_048","Visakhapatnam","no2",744,709,0,35,95.3,"2025-12-01T00:00:00+05:30","2025-12-31T22:00:00+05:30","Strong"
"2025-12","PROJ_048","Visakhapatnam","so2",744,711,0,33,95.56,"2025-12-01T00:00:00+05:30","2025-12-31T22:00:00+05:30","Strong"
"2025-12","PROJ_048","Visakhapatnam","co",744,692,0,52,93.01,"2025-12-01T00:00:00+05:30","2025-12-31T22:00:00+05:30","Strong"
"2025-12","PROJ_048","Visakhapatnam","o3",744,711,0,33,95.56,"2025-12-01T00:00:00+05:30","2025-12-31T22:00:00+05:30","Strong"
"2025-12","PROJ_050","Ahmedabad","pm2_5",744,721,0,23,96.91,"2025-12-01T00:00:00+05:30","2025-12-31T22:00:00+05:30","Strong"
"2025-12","PROJ_050","Ahmedabad","pm10",744,721,0,23,96.91,"2025-12-01T00:00:00+05:30","2025-12-31T22:00:00+05:30","Strong"
"2025-12","PROJ_050","Ahmedabad","no2",744,721,0,23,96.91,"2025-12-01T00:00:00+05:30","2025-12-31T22:00:00+05:30","Strong"
"2025-12","PROJ_050","Ahmedabad","so2",744,721,0,23,96.91,"2025-12-01T00:00:00+05:30","2025-12-31T22:00:00+05:30","Strong"
"2025-12","PROJ_050","Ahmedabad","co",744,721,0,23,96.91,"2025-12-01T00:00:00+05:30","2025-12-31T22:00:00+05:30","Strong"
"2025-12","PROJ_050","Ahmedabad","o3",744,721,0,23,96.91,"2025-12-01T00:00:00+05:30","2025-12-31T22:00:00+05:30","Strong"
"2025-12","PROJ_051","Jaipur","pm2_5",744,730,0,14,98.12,"2025-12-01T00:00:00+05:30","2025-12-31T22:00:00+05:30","Strong"
"2025-12","PROJ_051","Jaipur","pm10",744,730,0,14,98.12,"2025-12-01T00:00:00+05:30","2025-12-31T22:00:00+05:30","Strong"
"2025-12","PROJ_051","Jaipur","no2",744,731,0,13,98.25,"2025-12-01T00:00:00+05:30","2025-12-31T22:00:00+05:30","Strong"
"2025-12","PROJ_051","Jaipur","so2",744,731,0,13,98.25,"2025-12-01T00:00:00+05:30","2025-12-31T22:00:00+05:30","Strong"
"2025-12","PROJ_051","Jaipur","co",744,730,0,14,98.12,"2025-12-01T00:00:00+05:30","2025-12-31T22:00:00+05:30","Strong"
"2025-12","PROJ_051","Jaipur","o3",744,730,0,14,98.12,"2025-12-01T00:00:00+05:30","2025-12-31T22:00:00+05:30","Strong"
"2025-12","PROJ_063","Lucknow","pm2_5",744,724,0,20,97.31,"2025-12-01T00:00:00+05:30","2025-12-31T22:00:00+05:30","Strong"
"2025-12","PROJ_063","Lucknow","pm10",744,724,0,20,97.31,"2025-12-01T00:00:00+05:30","2025-12-31T22:00:00+05:30","Strong"
"2025-12","PROJ_063","Lucknow","no2",744,724,0,20,97.31,"2025-12-01T00:00:00+05:30","2025-12-31T22:00:00+05:30","Strong"
"2025-12","PROJ_063","Lucknow","so2",744,724,0,20,97.31,"2025-12-01T00:00:00+05:30","2025-12-31T22:00:00+05:30","Strong"
"2025-12","PROJ_063","Lucknow","co",744,724,0,20,97.31,"2025-12-01T00:00:00+05:30","2025-12-31T22:00:00+05:30","Strong"
"2025-12","PROJ_063","Lucknow","o3",744,724,0,20,97.31,"2025-12-01T00:00:00+05:30","2025-12-31T22:00:00+05:30","Strong"
"2025-12","PROJ_092","Mumbai","pm2_5",744,523,0,221,70.3,"2025-12-01T00:00:00+05:30","2025-12-31T22:00:00+05:30","Usable"
"2025-12","PROJ_092","Mumbai","pm10",744,522,0,222,70.16,"2025-12-01T00:00:00+05:30","2025-12-31T22:00:00+05:30","Usable"
"2025-12","PROJ_092","Mumbai","no2",744,523,0,221,70.3,"2025-12-01T00:00:00+05:30","2025-12-31T22:00:00+05:30","Usable"
"2025-12","PROJ_092","Mumbai","so2",744,519,0,225,69.76,"2025-12-01T00:00:00+05:30","2025-12-31T22:00:00+05:30","Usable"
"2025-12","PROJ_092","Mumbai","co",744,514,0,230,69.09,"2025-12-01T00:00:00+05:30","2025-12-31T22:00:00+05:30","Usable"
"2025-12","PROJ_092","Mumbai","o3",744,514,0,230,69.09,"2025-12-01T00:00:00+05:30","2025-12-31T22:00:00+05:30","Usable"
"2025-12","PROJ_101","Bengaluru","pm2_5",744,706,0,38,94.89,"2025-12-01T00:00:00+05:30","2025-12-31T22:00:00+05:30","Strong"
"2025-12","PROJ_101","Bengaluru","pm10",744,722,0,22,97.04,"2025-12-01T00:00:00+05:30","2025-12-31T22:00:00+05:30","Strong"
"2025-12","PROJ_101","Bengaluru","no2",744,710,0,34,95.43,"2025-12-01T00:00:00+05:30","2025-12-31T22:00:00+05:30","Strong"
"2025-12","PROJ_101","Bengaluru","so2",744,711,0,33,95.56,"2025-12-01T00:00:00+05:30","2025-12-31T22:00:00+05:30","Strong"
"2025-12","PROJ_101","Bengaluru","co",744,723,0,21,97.18,"2025-12-01T00:00:00+05:30","2025-12-31T22:00:00+05:30","Strong"
"2025-12","PROJ_101","Bengaluru","o3",744,727,0,17,97.72,"2025-12-01T00:00:00+05:30","2025-12-31T22:00:00+05:30","Strong"
"2025-12","PROJ_133","Patna","pm2_5",744,723,0,21,97.18,"2025-12-01T00:00:00+05:30","2025-12-31T22:00:00+05:30","Strong"
"2025-12","PROJ_133","Patna","pm10",744,723,0,21,97.18,"2025-12-01T00:00:00+05:30","2025-12-31T22:00:00+05:30","Strong"
"2025-12","PROJ_133","Patna","no2",744,723,0,21,97.18,"2025-12-01T00:00:00+05:30","2025-12-31T22:00:00+05:30","Strong"
"2025-12","PROJ_133","Patna","so2",744,723,0,21,97.18,"2025-12-01T00:00:00+05:30","2025-12-31T22:00:00+05:30","Strong"
"2025-12","PROJ_133","Patna","co",744,723,0,21,97.18,"2025-12-01T00:00:00+05:30","2025-12-31T22:00:00+05:30","Strong"
"2025-12","PROJ_133","Patna","o3",744,723,0,21,97.18,"2025-12-01T00:00:00+05:30","2025-12-31T22:00:00+05:30","Strong"
"2025-12","PROJ_142","Guwahati","pm2_5",744,619,0,125,83.2,"2025-12-05T12:00:00+05:30","2025-12-31T22:00:00+05:30","Strong"
"2025-12","PROJ_142","Guwahati","pm10",744,619,0,125,83.2,"2025-12-05T12:00:00+05:30","2025-12-31T22:00:00+05:30","Strong"
"2025-12","PROJ_142","Guwahati","no2",744,619,0,125,83.2,"2025-12-05T12:00:00+05:30","2025-12-31T22:00:00+05:30","Strong"
"2025-12","PROJ_142","Guwahati","so2",744,619,0,125,83.2,"2025-12-05T12:00:00+05:30","2025-12-31T22:00:00+05:30","Strong"
"2025-12","PROJ_142","Guwahati","co",744,619,0,125,83.2,"2025-12-05T12:00:00+05:30","2025-12-31T22:00:00+05:30","Strong"
"2025-12","PROJ_142","Guwahati","o3",744,619,0,125,83.2,"2025-12-05T12:00:00+05:30","2025-12-31T22:00:00+05:30","Strong"
"2025-12","PROJ_144","Bhopal","pm2_5",744,728,0,16,97.85,"2025-12-01T00:00:00+05:30","2025-12-31T22:00:00+05:30","Strong"
"2025-12","PROJ_144","Bhopal","pm10",744,715,0,29,96.1,"2025-12-01T00:00:00+05:30","2025-12-31T22:00:00+05:30","Strong"
"2025-12","PROJ_144","Bhopal","no2",744,723,0,21,97.18,"2025-12-01T00:00:00+05:30","2025-12-31T22:00:00+05:30","Strong"
"2025-12","PROJ_144","Bhopal","so2",744,722,0,22,97.04,"2025-12-01T00:00:00+05:30","2025-12-31T22:00:00+05:30","Strong"
"2025-12","PROJ_144","Bhopal","co",744,725,0,19,97.45,"2025-12-01T00:00:00+05:30","2025-12-31T22:00:00+05:30","Strong"
"2025-12","PROJ_144","Bhopal","o3",744,726,0,18,97.58,"2025-12-01T00:00:00+05:30","2025-12-31T22:00:00+05:30","Strong"
"2025-12","PROJ_158","Pune","pm2_5",744,726,0,18,97.58,"2025-12-01T00:00:00+05:30","2025-12-31T22:00:00+05:30","Strong"
"2025-12","PROJ_158","Pune","pm10",744,726,0,18,97.58,"2025-12-01T00:00:00+05:30","2025-12-31T22:00:00+05:30","Strong"
"2025-12","PROJ_158","Pune","no2",744,726,0,18,97.58,"2025-12-01T00:00:00+05:30","2025-12-31T22:00:00+05:30","Strong"
"2025-12","PROJ_158","Pune","so2",744,726,0,18,97.58,"2025-12-01T00:00:00+05:30","2025-12-31T22:00:00+05:30","Strong"
"2025-12","PROJ_158","Pune","co",744,725,0,19,97.45,"2025-12-01T00:00:00+05:30","2025-12-31T22:00:00+05:30","Strong"
"2025-12","PROJ_158","Pune","o3",744,726,0,18,97.58,"2025-12-01T00:00:00+05:30","2025-12-31T22:00:00+05:30","Strong"
"2025-12","PROJ_179","Hyderabad","pm2_5",744,696,0,48,93.55,"2025-12-01T00:00:00+05:30","2025-12-31T22:00:00+05:30","Strong"
"2025-12","PROJ_179","Hyderabad","pm10",744,694,2,50,93.28,"2025-12-01T00:00:00+05:30","2025-12-31T22:00:00+05:30","Strong"
"2025-12","PROJ_179","Hyderabad","no2",744,696,0,48,93.55,"2025-12-01T00:00:00+05:30","2025-12-31T22:00:00+05:30","Strong"
"2025-12","PROJ_179","Hyderabad","so2",744,692,4,52,93.01,"2025-12-01T00:00:00+05:30","2025-12-31T22:00:00+05:30","Strong"
"2025-12","PROJ_179","Hyderabad","co",744,696,0,48,93.55,"2025-12-01T00:00:00+05:30","2025-12-31T22:00:00+05:30","Strong"
"2025-12","PROJ_179","Hyderabad","o3",744,696,0,48,93.55,"2025-12-01T00:00:00+05:30","2025-12-31T22:00:00+05:30","Strong"
"2025-12","PROJ_180","Hyderabad","pm2_5",744,680,0,64,91.4,"2025-12-01T00:00:00+05:30","2025-12-31T22:00:00+05:30","Strong"
"2025-12","PROJ_180","Hyderabad","pm10",744,681,0,63,91.53,"2025-12-01T00:00:00+05:30","2025-12-31T22:00:00+05:30","Strong"
"2025-12","PROJ_180","Hyderabad","no2",744,680,0,64,91.4,"2025-12-01T00:00:00+05:30","2025-12-31T22:00:00+05:30","Strong"
"2025-12","PROJ_180","Hyderabad","so2",744,680,0,64,91.4,"2025-12-01T00:00:00+05:30","2025-12-31T22:00:00+05:30","Strong"
"2025-12","PROJ_180","Hyderabad","co",744,680,0,64,91.4,"2025-12-01T00:00:00+05:30","2025-12-31T22:00:00+05:30","Strong"
"2025-12","PROJ_180","Hyderabad","o3",744,680,0,64,91.4,"2025-12-01T00:00:00+05:30","2025-12-31T22:00:00+05:30","Strong"
"2025-12","PROJ_181","Hyderabad","pm2_5",744,729,0,15,97.98,"2025-12-01T00:00:00+05:30","2025-12-31T22:00:00+05:30","Strong"
"2025-12","PROJ_181","Hyderabad","pm10",744,725,4,19,97.45,"2025-12-01T00:00:00+05:30","2025-12-31T22:00:00+05:30","Strong"
"2025-12","PROJ_181","Hyderabad","no2",744,729,0,15,97.98,"2025-12-01T00:00:00+05:30","2025-12-31T22:00:00+05:30","Strong"
"2025-12","PROJ_181","Hyderabad","so2",744,729,0,15,97.98,"2025-12-01T00:00:00+05:30","2025-12-31T22:00:00+05:30","Strong"
"2025-12","PROJ_181","Hyderabad","co",744,729,0,15,97.98,"2025-12-01T00:00:00+05:30","2025-12-31T22:00:00+05:30","Strong"
"2025-12","PROJ_181","Hyderabad","o3",744,729,0,15,97.98,"2025-12-01T00:00:00+05:30","2025-12-31T22:00:00+05:30","Strong"
"2025-12","PROJ_186","Hyderabad","pm2_5",744,723,0,21,97.18,"2025-12-01T00:00:00+05:30","2025-12-31T22:00:00+05:30","Strong"
"2025-12","PROJ_186","Hyderabad","pm10",744,723,0,21,97.18,"2025-12-01T00:00:00+05:30","2025-12-31T22:00:00+05:30","Strong"
"2025-12","PROJ_186","Hyderabad","no2",744,722,0,22,97.04,"2025-12-01T00:00:00+05:30","2025-12-31T22:00:00+05:30","Strong"
"2025-12","PROJ_186","Hyderabad","so2",744,722,0,22,97.04,"2025-12-01T00:00:00+05:30","2025-12-31T22:00:00+05:30","Strong"
"2025-12","PROJ_186","Hyderabad","co",744,722,0,22,97.04,"2025-12-01T00:00:00+05:30","2025-12-31T22:00:00+05:30","Strong"
"2025-12","PROJ_186","Hyderabad","o3",744,722,0,22,97.04,"2025-12-01T00:00:00+05:30","2025-12-31T22:00:00+05:30","Strong"
"2025-12","PROJ_094","Kolkata","pm2_5",744,728,0,16,97.85,"2025-12-01T00:00:00+05:30","2025-12-31T22:00:00+05:30","Strong"
"2025-12","PROJ_094","Kolkata","pm10",744,728,0,16,97.85,"2025-12-01T00:00:00+05:30","2025-12-31T22:00:00+05:30","Strong"
"2025-12","PROJ_094","Kolkata","no2",744,728,0,16,97.85,"2025-12-01T00:00:00+05:30","2025-12-31T22:00:00+05:30","Strong"
"2025-12","PROJ_094","Kolkata","so2",744,729,0,15,97.98,"2025-12-01T00:00:00+05:30","2025-12-31T22:00:00+05:30","Strong"
"2025-12","PROJ_094","Kolkata","co",744,728,0,16,97.85,"2025-12-01T00:00:00+05:30","2025-12-31T22:00:00+05:30","Strong"
"2025-12","PROJ_094","Kolkata","o3",744,728,0,16,97.85,"2025-12-01T00:00:00+05:30","2025-12-31T22:00:00+05:30","Strong"
"2026-01","PROJ_002","Delhi","pm2_5",744,494,0,250,66.4,"2026-01-01T00:00:00+05:30","2026-01-31T22:00:00+05:30","Usable"
"2026-01","PROJ_002","Delhi","pm10",744,494,0,250,66.4,"2026-01-01T00:00:00+05:30","2026-01-31T22:00:00+05:30","Usable"
"2026-01","PROJ_002","Delhi","no2",744,493,0,251,66.26,"2026-01-01T00:00:00+05:30","2026-01-31T22:00:00+05:30","Usable"
"2026-01","PROJ_002","Delhi","so2",744,487,0,257,65.46,"2026-01-01T00:00:00+05:30","2026-01-31T22:00:00+05:30","Usable"
"2026-01","PROJ_002","Delhi","co",744,493,0,251,66.26,"2026-01-01T00:00:00+05:30","2026-01-31T22:00:00+05:30","Usable"
"2026-01","PROJ_002","Delhi","o3",744,449,0,295,60.35,"2026-01-01T00:00:00+05:30","2026-01-31T22:00:00+05:30","Usable"
"2026-01","PROJ_007","Hyderabad","pm2_5",744,480,0,264,64.52,"2026-01-01T00:00:00+05:30","2026-01-31T22:00:00+05:30","Usable"
"2026-01","PROJ_007","Hyderabad","pm10",744,480,0,264,64.52,"2026-01-01T00:00:00+05:30","2026-01-31T22:00:00+05:30","Usable"
"2026-01","PROJ_007","Hyderabad","no2",744,481,0,263,64.65,"2026-01-01T00:00:00+05:30","2026-01-31T22:00:00+05:30","Usable"
"2026-01","PROJ_007","Hyderabad","so2",744,481,0,263,64.65,"2026-01-01T00:00:00+05:30","2026-01-31T22:00:00+05:30","Usable"
"2026-01","PROJ_007","Hyderabad","co",744,481,0,263,64.65,"2026-01-01T00:00:00+05:30","2026-01-31T22:00:00+05:30","Usable"
"2026-01","PROJ_007","Hyderabad","o3",744,481,0,263,64.65,"2026-01-01T00:00:00+05:30","2026-01-31T22:00:00+05:30","Usable"
"2026-01","PROJ_019","Chennai","pm2_5",744,453,0,291,60.89,"2026-01-01T00:00:00+05:30","2026-01-31T22:00:00+05:30","Usable"
"2026-01","PROJ_019","Chennai","pm10",744,446,7,298,59.95,"2026-01-01T01:00:00+05:30","2026-01-31T22:00:00+05:30","Usable"
"2026-01","PROJ_019","Chennai","no2",744,453,0,291,60.89,"2026-01-01T00:00:00+05:30","2026-01-31T22:00:00+05:30","Usable"
"2026-01","PROJ_019","Chennai","so2",744,453,0,291,60.89,"2026-01-01T00:00:00+05:30","2026-01-31T22:00:00+05:30","Usable"
"2026-01","PROJ_019","Chennai","co",744,453,0,291,60.89,"2026-01-01T00:00:00+05:30","2026-01-31T22:00:00+05:30","Usable"
"2026-01","PROJ_019","Chennai","o3",744,453,0,291,60.89,"2026-01-01T00:00:00+05:30","2026-01-31T22:00:00+05:30","Usable"
"2026-01","PROJ_036","Hyderabad","pm2_5",744,331,0,413,44.49,"2026-01-02T12:00:00+05:30","2026-01-31T19:00:00+05:30","Weak"
"2026-01","PROJ_036","Hyderabad","pm10",744,412,0,332,55.38,"2026-01-02T10:00:00+05:30","2026-01-31T22:00:00+05:30","Usable"
"2026-01","PROJ_036","Hyderabad","no2",744,446,0,298,59.95,"2026-01-02T09:00:00+05:30","2026-01-31T22:00:00+05:30","Usable"
"2026-01","PROJ_036","Hyderabad","so2",744,446,0,298,59.95,"2026-01-02T09:00:00+05:30","2026-01-31T22:00:00+05:30","Usable"
"2026-01","PROJ_036","Hyderabad","co",744,446,0,298,59.95,"2026-01-02T09:00:00+05:30","2026-01-31T22:00:00+05:30","Usable"
"2026-01","PROJ_036","Hyderabad","o3",744,446,0,298,59.95,"2026-01-02T09:00:00+05:30","2026-01-31T22:00:00+05:30","Usable"
"2026-01","PROJ_042","Nagpur","pm2_5",744,492,0,252,66.13,"2026-01-01T00:00:00+05:30","2026-01-31T22:00:00+05:30","Usable"
"2026-01","PROJ_042","Nagpur","pm10",744,492,0,252,66.13,"2026-01-01T00:00:00+05:30","2026-01-31T22:00:00+05:30","Usable"
"2026-01","PROJ_042","Nagpur","no2",744,492,0,252,66.13,"2026-01-01T00:00:00+05:30","2026-01-31T22:00:00+05:30","Usable"
"2026-01","PROJ_042","Nagpur","so2",744,492,0,252,66.13,"2026-01-01T00:00:00+05:30","2026-01-31T22:00:00+05:30","Usable"
"2026-01","PROJ_042","Nagpur","co",744,492,0,252,66.13,"2026-01-01T00:00:00+05:30","2026-01-31T22:00:00+05:30","Usable"
"2026-01","PROJ_042","Nagpur","o3",744,492,0,252,66.13,"2026-01-01T00:00:00+05:30","2026-01-31T22:00:00+05:30","Usable"
"2026-01","PROJ_044","Hyderabad","pm2_5",744,468,0,276,62.9,"2026-01-01T10:00:00+05:30","2026-01-31T22:00:00+05:30","Usable"
"2026-01","PROJ_044","Hyderabad","pm10",744,417,0,327,56.05,"2026-01-01T00:00:00+05:30","2026-01-31T22:00:00+05:30","Usable"
"2026-01","PROJ_044","Hyderabad","no2",744,496,0,248,66.67,"2026-01-01T00:00:00+05:30","2026-01-31T22:00:00+05:30","Usable"
"2026-01","PROJ_044","Hyderabad","so2",744,496,0,248,66.67,"2026-01-01T00:00:00+05:30","2026-01-31T22:00:00+05:30","Usable"
"2026-01","PROJ_044","Hyderabad","co",744,496,0,248,66.67,"2026-01-01T00:00:00+05:30","2026-01-31T22:00:00+05:30","Usable"
"2026-01","PROJ_044","Hyderabad","o3",744,496,0,248,66.67,"2026-01-01T00:00:00+05:30","2026-01-31T22:00:00+05:30","Usable"
"2026-01","PROJ_048","Visakhapatnam","pm2_5",744,469,0,275,63.04,"2026-01-01T00:00:00+05:30","2026-01-31T22:00:00+05:30","Usable"
"2026-01","PROJ_048","Visakhapatnam","pm10",744,482,0,262,64.78,"2026-01-01T00:00:00+05:30","2026-01-31T22:00:00+05:30","Usable"
"2026-01","PROJ_048","Visakhapatnam","no2",744,493,0,251,66.26,"2026-01-01T00:00:00+05:30","2026-01-31T22:00:00+05:30","Usable"
"2026-01","PROJ_048","Visakhapatnam","so2",744,448,0,296,60.22,"2026-01-01T00:00:00+05:30","2026-01-31T20:00:00+05:30","Usable"
"2026-01","PROJ_048","Visakhapatnam","co",744,495,0,249,66.53,"2026-01-01T00:00:00+05:30","2026-01-31T22:00:00+05:30","Usable"
"2026-01","PROJ_048","Visakhapatnam","o3",744,494,0,250,66.4,"2026-01-01T00:00:00+05:30","2026-01-31T22:00:00+05:30","Usable"
"2026-01","PROJ_050","Ahmedabad","pm2_5",744,495,0,249,66.53,"2026-01-01T00:00:00+05:30","2026-01-31T22:00:00+05:30","Usable"
"2026-01","PROJ_050","Ahmedabad","pm10",744,495,0,249,66.53,"2026-01-01T00:00:00+05:30","2026-01-31T22:00:00+05:30","Usable"
"2026-01","PROJ_050","Ahmedabad","no2",744,495,0,249,66.53,"2026-01-01T00:00:00+05:30","2026-01-31T22:00:00+05:30","Usable"
"2026-01","PROJ_050","Ahmedabad","so2",744,495,0,249,66.53,"2026-01-01T00:00:00+05:30","2026-01-31T22:00:00+05:30","Usable"
"2026-01","PROJ_050","Ahmedabad","co",744,495,0,249,66.53,"2026-01-01T00:00:00+05:30","2026-01-31T22:00:00+05:30","Usable"
"2026-01","PROJ_050","Ahmedabad","o3",744,495,0,249,66.53,"2026-01-01T00:00:00+05:30","2026-01-31T22:00:00+05:30","Usable"
"2026-01","PROJ_051","Jaipur","pm2_5",744,497,0,247,66.8,"2026-01-01T00:00:00+05:30","2026-01-31T22:00:00+05:30","Usable"
"2026-01","PROJ_051","Jaipur","pm10",744,497,0,247,66.8,"2026-01-01T00:00:00+05:30","2026-01-31T22:00:00+05:30","Usable"
"2026-01","PROJ_051","Jaipur","no2",744,497,0,247,66.8,"2026-01-01T00:00:00+05:30","2026-01-31T22:00:00+05:30","Usable"
"2026-01","PROJ_051","Jaipur","so2",744,497,0,247,66.8,"2026-01-01T00:00:00+05:30","2026-01-31T22:00:00+05:30","Usable"
"2026-01","PROJ_051","Jaipur","co",744,497,0,247,66.8,"2026-01-01T00:00:00+05:30","2026-01-31T22:00:00+05:30","Usable"
"2026-01","PROJ_051","Jaipur","o3",744,497,0,247,66.8,"2026-01-01T00:00:00+05:30","2026-01-31T22:00:00+05:30","Usable"
"2026-01","PROJ_063","Lucknow","pm2_5",744,494,0,250,66.4,"2026-01-01T00:00:00+05:30","2026-01-31T22:00:00+05:30","Usable"
"2026-01","PROJ_063","Lucknow","pm10",744,493,1,251,66.26,"2026-01-01T00:00:00+05:30","2026-01-31T22:00:00+05:30","Usable"
"2026-01","PROJ_063","Lucknow","no2",744,494,0,250,66.4,"2026-01-01T00:00:00+05:30","2026-01-31T22:00:00+05:30","Usable"
"2026-01","PROJ_063","Lucknow","so2",744,494,0,250,66.4,"2026-01-01T00:00:00+05:30","2026-01-31T22:00:00+05:30","Usable"
"2026-01","PROJ_063","Lucknow","co",744,494,0,250,66.4,"2026-01-01T00:00:00+05:30","2026-01-31T22:00:00+05:30","Usable"
"2026-01","PROJ_063","Lucknow","o3",744,494,0,250,66.4,"2026-01-01T00:00:00+05:30","2026-01-31T22:00:00+05:30","Usable"
"2026-01","PROJ_092","Mumbai","pm2_5",744,481,0,263,64.65,"2026-01-01T00:00:00+05:30","2026-01-31T09:00:00+05:30","Usable"
"2026-01","PROJ_092","Mumbai","pm10",744,481,0,263,64.65,"2026-01-01T00:00:00+05:30","2026-01-31T09:00:00+05:30","Usable"
"2026-01","PROJ_092","Mumbai","no2",744,481,0,263,64.65,"2026-01-01T00:00:00+05:30","2026-01-31T09:00:00+05:30","Usable"
"2026-01","PROJ_092","Mumbai","so2",744,481,0,263,64.65,"2026-01-01T00:00:00+05:30","2026-01-31T09:00:00+05:30","Usable"
"2026-01","PROJ_092","Mumbai","co",744,480,0,264,64.52,"2026-01-01T00:00:00+05:30","2026-01-31T09:00:00+05:30","Usable"
"2026-01","PROJ_092","Mumbai","o3",744,480,0,264,64.52,"2026-01-01T00:00:00+05:30","2026-01-31T09:00:00+05:30","Usable"
"2026-01","PROJ_101","Bengaluru","pm2_5",744,489,0,255,65.73,"2026-01-01T00:00:00+05:30","2026-01-31T22:00:00+05:30","Usable"
"2026-01","PROJ_101","Bengaluru","pm10",744,483,0,261,64.92,"2026-01-01T00:00:00+05:30","2026-01-31T22:00:00+05:30","Usable"
"2026-01","PROJ_101","Bengaluru","no2",744,492,0,252,66.13,"2026-01-01T00:00:00+05:30","2026-01-31T22:00:00+05:30","Usable"
"2026-01","PROJ_101","Bengaluru","so2",744,484,0,260,65.05,"2026-01-01T00:00:00+05:30","2026-01-31T22:00:00+05:30","Usable"
"2026-01","PROJ_101","Bengaluru","co",744,487,0,257,65.46,"2026-01-01T00:00:00+05:30","2026-01-31T22:00:00+05:30","Usable"
"2026-01","PROJ_101","Bengaluru","o3",744,486,0,258,65.32,"2026-01-01T00:00:00+05:30","2026-01-31T22:00:00+05:30","Usable"
"2026-01","PROJ_133","Patna","pm2_5",744,496,0,248,66.67,"2026-01-01T00:00:00+05:30","2026-01-31T22:00:00+05:30","Usable"
"2026-01","PROJ_133","Patna","pm10",744,496,0,248,66.67,"2026-01-01T00:00:00+05:30","2026-01-31T22:00:00+05:30","Usable"
"2026-01","PROJ_133","Patna","no2",744,496,0,248,66.67,"2026-01-01T00:00:00+05:30","2026-01-31T22:00:00+05:30","Usable"
"2026-01","PROJ_133","Patna","so2",744,496,0,248,66.67,"2026-01-01T00:00:00+05:30","2026-01-31T22:00:00+05:30","Usable"
"2026-01","PROJ_133","Patna","co",744,496,0,248,66.67,"2026-01-01T00:00:00+05:30","2026-01-31T22:00:00+05:30","Usable"
"2026-01","PROJ_133","Patna","o3",744,496,0,248,66.67,"2026-01-01T00:00:00+05:30","2026-01-31T22:00:00+05:30","Usable"
"2026-01","PROJ_142","Guwahati","pm2_5",744,472,0,272,63.44,"2026-01-01T00:00:00+05:30","2026-01-31T22:00:00+05:30","Usable"
"2026-01","PROJ_142","Guwahati","pm10",744,472,0,272,63.44,"2026-01-01T00:00:00+05:30","2026-01-31T22:00:00+05:30","Usable"
"2026-01","PROJ_142","Guwahati","no2",744,472,0,272,63.44,"2026-01-01T00:00:00+05:30","2026-01-31T22:00:00+05:30","Usable"
"2026-01","PROJ_142","Guwahati","so2",744,472,0,272,63.44,"2026-01-01T00:00:00+05:30","2026-01-31T22:00:00+05:30","Usable"
"2026-01","PROJ_142","Guwahati","co",744,472,0,272,63.44,"2026-01-01T00:00:00+05:30","2026-01-31T22:00:00+05:30","Usable"
"2026-01","PROJ_142","Guwahati","o3",744,472,0,272,63.44,"2026-01-01T00:00:00+05:30","2026-01-31T22:00:00+05:30","Usable"
"2026-01","PROJ_144","Bhopal","pm2_5",744,496,0,248,66.67,"2026-01-01T00:00:00+05:30","2026-01-31T22:00:00+05:30","Usable"
"2026-01","PROJ_144","Bhopal","pm10",744,496,0,248,66.67,"2026-01-01T00:00:00+05:30","2026-01-31T22:00:00+05:30","Usable"
"2026-01","PROJ_144","Bhopal","no2",744,495,0,249,66.53,"2026-01-01T00:00:00+05:30","2026-01-31T22:00:00+05:30","Usable"
"2026-01","PROJ_144","Bhopal","so2",744,496,0,248,66.67,"2026-01-01T00:00:00+05:30","2026-01-31T22:00:00+05:30","Usable"
"2026-01","PROJ_144","Bhopal","co",744,495,0,249,66.53,"2026-01-01T00:00:00+05:30","2026-01-31T22:00:00+05:30","Usable"
"2026-01","PROJ_144","Bhopal","o3",744,496,0,248,66.67,"2026-01-01T00:00:00+05:30","2026-01-31T22:00:00+05:30","Usable"
"2026-01","PROJ_158","Pune","pm2_5",744,496,0,248,66.67,"2026-01-01T00:00:00+05:30","2026-01-31T22:00:00+05:30","Usable"
"2026-01","PROJ_158","Pune","pm10",744,496,0,248,66.67,"2026-01-01T00:00:00+05:30","2026-01-31T22:00:00+05:30","Usable"
"2026-01","PROJ_158","Pune","no2",744,496,0,248,66.67,"2026-01-01T00:00:00+05:30","2026-01-31T22:00:00+05:30","Usable"
"2026-01","PROJ_158","Pune","so2",744,496,0,248,66.67,"2026-01-01T00:00:00+05:30","2026-01-31T22:00:00+05:30","Usable"
"2026-01","PROJ_158","Pune","co",744,496,0,248,66.67,"2026-01-01T00:00:00+05:30","2026-01-31T22:00:00+05:30","Usable"
"2026-01","PROJ_158","Pune","o3",744,496,0,248,66.67,"2026-01-01T00:00:00+05:30","2026-01-31T22:00:00+05:30","Usable"
"2026-01","PROJ_179","Hyderabad","pm2_5",744,460,0,284,61.83,"2026-01-01T00:00:00+05:30","2026-01-31T22:00:00+05:30","Usable"
"2026-01","PROJ_179","Hyderabad","pm10",744,460,0,284,61.83,"2026-01-01T00:00:00+05:30","2026-01-31T22:00:00+05:30","Usable"
"2026-01","PROJ_179","Hyderabad","no2",744,460,0,284,61.83,"2026-01-01T00:00:00+05:30","2026-01-31T22:00:00+05:30","Usable"
"2026-01","PROJ_179","Hyderabad","so2",744,455,5,289,61.16,"2026-01-01T00:00:00+05:30","2026-01-31T22:00:00+05:30","Usable"
"2026-01","PROJ_179","Hyderabad","co",744,460,0,284,61.83,"2026-01-01T00:00:00+05:30","2026-01-31T22:00:00+05:30","Usable"
"2026-01","PROJ_179","Hyderabad","o3",744,460,0,284,61.83,"2026-01-01T00:00:00+05:30","2026-01-31T22:00:00+05:30","Usable"
"2026-01","PROJ_180","Hyderabad","pm2_5",744,488,0,256,65.59,"2026-01-01T00:00:00+05:30","2026-01-31T22:00:00+05:30","Usable"
"2026-01","PROJ_180","Hyderabad","pm10",744,488,0,256,65.59,"2026-01-01T00:00:00+05:30","2026-01-31T22:00:00+05:30","Usable"
"2026-01","PROJ_180","Hyderabad","no2",744,488,0,256,65.59,"2026-01-01T00:00:00+05:30","2026-01-31T22:00:00+05:30","Usable"
"2026-01","PROJ_180","Hyderabad","so2",744,488,0,256,65.59,"2026-01-01T00:00:00+05:30","2026-01-31T22:00:00+05:30","Usable"
"2026-01","PROJ_180","Hyderabad","co",744,488,0,256,65.59,"2026-01-01T00:00:00+05:30","2026-01-31T22:00:00+05:30","Usable"
"2026-01","PROJ_180","Hyderabad","o3",744,488,0,256,65.59,"2026-01-01T00:00:00+05:30","2026-01-31T22:00:00+05:30","Usable"
"2026-01","PROJ_181","Hyderabad","pm2_5",744,494,1,250,66.4,"2026-01-01T00:00:00+05:30","2026-01-31T22:00:00+05:30","Usable"
"2026-01","PROJ_181","Hyderabad","pm10",744,495,0,249,66.53,"2026-01-01T00:00:00+05:30","2026-01-31T22:00:00+05:30","Usable"
"2026-01","PROJ_181","Hyderabad","no2",744,495,0,249,66.53,"2026-01-01T00:00:00+05:30","2026-01-31T22:00:00+05:30","Usable"
"2026-01","PROJ_181","Hyderabad","so2",744,495,0,249,66.53,"2026-01-01T00:00:00+05:30","2026-01-31T22:00:00+05:30","Usable"
"2026-01","PROJ_181","Hyderabad","co",744,495,0,249,66.53,"2026-01-01T00:00:00+05:30","2026-01-31T22:00:00+05:30","Usable"
"2026-01","PROJ_181","Hyderabad","o3",744,495,0,249,66.53,"2026-01-01T00:00:00+05:30","2026-01-31T22:00:00+05:30","Usable"
"2026-01","PROJ_186","Hyderabad","pm2_5",744,496,0,248,66.67,"2026-01-01T00:00:00+05:30","2026-01-31T22:00:00+05:30","Usable"
"2026-01","PROJ_186","Hyderabad","pm10",744,496,0,248,66.67,"2026-01-01T00:00:00+05:30","2026-01-31T22:00:00+05:30","Usable"
"2026-01","PROJ_186","Hyderabad","no2",744,496,0,248,66.67,"2026-01-01T00:00:00+05:30","2026-01-31T22:00:00+05:30","Usable"
"2026-01","PROJ_186","Hyderabad","so2",744,496,0,248,66.67,"2026-01-01T00:00:00+05:30","2026-01-31T22:00:00+05:30","Usable"
"2026-01","PROJ_186","Hyderabad","co",744,496,0,248,66.67,"2026-01-01T00:00:00+05:30","2026-01-31T22:00:00+05:30","Usable"
"2026-01","PROJ_186","Hyderabad","o3",744,496,0,248,66.67,"2026-01-01T00:00:00+05:30","2026-01-31T22:00:00+05:30","Usable"
"2026-01","PROJ_094","Kolkata","pm2_5",744,494,0,250,66.4,"2026-01-01T00:00:00+05:30","2026-01-31T22:00:00+05:30","Usable"
"2026-01","PROJ_094","Kolkata","pm10",744,494,0,250,66.4,"2026-01-01T00:00:00+05:30","2026-01-31T22:00:00+05:30","Usable"
"2026-01","PROJ_094","Kolkata","no2",744,484,10,260,65.05,"2026-01-01T00:00:00+05:30","2026-01-31T22:00:00+05:30","Usable"
"2026-01","PROJ_094","Kolkata","so2",744,494,0,250,66.4,"2026-01-01T00:00:00+05:30","2026-01-31T22:00:00+05:30","Usable"
"2026-01","PROJ_094","Kolkata","co",744,473,21,271,63.58,"2026-01-01T00:00:00+05:30","2026-01-31T22:00:00+05:30","Usable"
"2026-01","PROJ_094","Kolkata","o3",744,494,0,250,66.4,"2026-01-01T00:00:00+05:30","2026-01-31T22:00:00+05:30","Usable"
"2026-02","PROJ_002","Delhi","pm2_5",672,572,0,100,85.12,"2026-02-01T00:00:00+05:30","2026-02-28T22:00:00+05:30","Strong"
"2026-02","PROJ_002","Delhi","pm10",672,569,0,103,84.67,"2026-02-01T00:00:00+05:30","2026-02-28T22:00:00+05:30","Strong"
"2026-02","PROJ_002","Delhi","no2",672,572,0,100,85.12,"2026-02-01T00:00:00+05:30","2026-02-28T22:00:00+05:30","Strong"
"2026-02","PROJ_002","Delhi","so2",672,571,0,101,84.97,"2026-02-01T00:00:00+05:30","2026-02-28T22:00:00+05:30","Strong"
"2026-02","PROJ_002","Delhi","co",672,571,0,101,84.97,"2026-02-01T00:00:00+05:30","2026-02-28T22:00:00+05:30","Strong"
"2026-02","PROJ_002","Delhi","o3",672,568,0,104,84.52,"2026-02-01T00:00:00+05:30","2026-02-28T22:00:00+05:30","Strong"
"2026-02","PROJ_007","Hyderabad","pm2_5",672,568,0,104,84.52,"2026-02-01T00:00:00+05:30","2026-02-28T22:00:00+05:30","Strong"
"2026-02","PROJ_007","Hyderabad","pm10",672,568,0,104,84.52,"2026-02-01T00:00:00+05:30","2026-02-28T22:00:00+05:30","Strong"
"2026-02","PROJ_007","Hyderabad","no2",672,574,0,98,85.42,"2026-02-01T00:00:00+05:30","2026-02-28T22:00:00+05:30","Strong"
"2026-02","PROJ_007","Hyderabad","so2",672,574,0,98,85.42,"2026-02-01T00:00:00+05:30","2026-02-28T22:00:00+05:30","Strong"
"2026-02","PROJ_007","Hyderabad","co",672,574,0,98,85.42,"2026-02-01T00:00:00+05:30","2026-02-28T22:00:00+05:30","Strong"
"2026-02","PROJ_007","Hyderabad","o3",672,574,0,98,85.42,"2026-02-01T00:00:00+05:30","2026-02-28T22:00:00+05:30","Strong"
"2026-02","PROJ_019","Chennai","pm2_5",672,570,1,102,84.82,"2026-02-01T00:00:00+05:30","2026-02-28T22:00:00+05:30","Strong"
"2026-02","PROJ_019","Chennai","pm10",672,571,0,101,84.97,"2026-02-01T00:00:00+05:30","2026-02-28T22:00:00+05:30","Strong"
"2026-02","PROJ_019","Chennai","no2",672,571,0,101,84.97,"2026-02-01T00:00:00+05:30","2026-02-28T22:00:00+05:30","Strong"
"2026-02","PROJ_019","Chennai","so2",672,571,0,101,84.97,"2026-02-01T00:00:00+05:30","2026-02-28T22:00:00+05:30","Strong"
"2026-02","PROJ_019","Chennai","co",672,571,0,101,84.97,"2026-02-01T00:00:00+05:30","2026-02-28T22:00:00+05:30","Strong"
"2026-02","PROJ_019","Chennai","o3",672,571,0,101,84.97,"2026-02-01T00:00:00+05:30","2026-02-28T22:00:00+05:30","Strong"
"2026-02","PROJ_036","Hyderabad","pm2_5",672,442,0,230,65.77,"2026-02-01T13:00:00+05:30","2026-02-28T22:00:00+05:30","Usable"
"2026-02","PROJ_036","Hyderabad","pm10",672,466,0,206,69.35,"2026-02-01T01:00:00+05:30","2026-02-28T22:00:00+05:30","Usable"
"2026-02","PROJ_036","Hyderabad","no2",672,552,0,120,82.14,"2026-02-01T00:00:00+05:30","2026-02-28T22:00:00+05:30","Strong"
"2026-02","PROJ_036","Hyderabad","so2",672,552,0,120,82.14,"2026-02-01T00:00:00+05:30","2026-02-28T22:00:00+05:30","Strong"
"2026-02","PROJ_036","Hyderabad","co",672,552,0,120,82.14,"2026-02-01T00:00:00+05:30","2026-02-28T22:00:00+05:30","Strong"
"2026-02","PROJ_036","Hyderabad","o3",672,554,0,118,82.44,"2026-02-01T00:00:00+05:30","2026-02-28T22:00:00+05:30","Strong"
"2026-02","PROJ_042","Nagpur","pm2_5",672,565,0,107,84.08,"2026-02-01T00:00:00+05:30","2026-02-28T22:00:00+05:30","Strong"
"2026-02","PROJ_042","Nagpur","pm10",672,565,0,107,84.08,"2026-02-01T00:00:00+05:30","2026-02-28T22:00:00+05:30","Strong"
"2026-02","PROJ_042","Nagpur","no2",672,565,0,107,84.08,"2026-02-01T00:00:00+05:30","2026-02-28T22:00:00+05:30","Strong"
"2026-02","PROJ_042","Nagpur","so2",672,565,0,107,84.08,"2026-02-01T00:00:00+05:30","2026-02-28T22:00:00+05:30","Strong"
"2026-02","PROJ_042","Nagpur","co",672,565,0,107,84.08,"2026-02-01T00:00:00+05:30","2026-02-28T22:00:00+05:30","Strong"
"2026-02","PROJ_042","Nagpur","o3",672,565,0,107,84.08,"2026-02-01T00:00:00+05:30","2026-02-28T22:00:00+05:30","Strong"
"2026-02","PROJ_044","Hyderabad","pm2_5",672,537,0,135,79.91,"2026-02-01T00:00:00+05:30","2026-02-28T22:00:00+05:30","Strong"
"2026-02","PROJ_044","Hyderabad","pm10",672,538,0,134,80.06,"2026-02-01T00:00:00+05:30","2026-02-28T22:00:00+05:30","Strong"
"2026-02","PROJ_044","Hyderabad","no2",672,540,0,132,80.36,"2026-02-01T00:00:00+05:30","2026-02-28T22:00:00+05:30","Strong"
"2026-02","PROJ_044","Hyderabad","so2",672,540,0,132,80.36,"2026-02-01T00:00:00+05:30","2026-02-28T22:00:00+05:30","Strong"
"2026-02","PROJ_044","Hyderabad","co",672,540,0,132,80.36,"2026-02-01T00:00:00+05:30","2026-02-28T22:00:00+05:30","Strong"
"2026-02","PROJ_044","Hyderabad","o3",672,540,0,132,80.36,"2026-02-01T00:00:00+05:30","2026-02-28T22:00:00+05:30","Strong"
"2026-02","PROJ_048","Visakhapatnam","pm2_5",672,536,0,136,79.76,"2026-02-01T00:00:00+05:30","2026-02-28T22:00:00+05:30","Strong"
"2026-02","PROJ_048","Visakhapatnam","pm10",672,535,0,137,79.61,"2026-02-01T00:00:00+05:30","2026-02-28T22:00:00+05:30","Strong"
"2026-02","PROJ_048","Visakhapatnam","no2",672,535,0,137,79.61,"2026-02-01T00:00:00+05:30","2026-02-28T22:00:00+05:30","Strong"
"2026-02","PROJ_048","Visakhapatnam","so2",672,510,0,162,75.89,"2026-02-01T00:00:00+05:30","2026-02-28T22:00:00+05:30","Strong"
"2026-02","PROJ_048","Visakhapatnam","co",672,528,0,144,78.57,"2026-02-01T00:00:00+05:30","2026-02-28T20:00:00+05:30","Strong"
"2026-02","PROJ_048","Visakhapatnam","o3",672,537,0,135,79.91,"2026-02-01T00:00:00+05:30","2026-02-28T22:00:00+05:30","Strong"
"2026-02","PROJ_050","Ahmedabad","pm2_5",672,542,0,130,80.65,"2026-02-01T00:00:00+05:30","2026-02-28T22:00:00+05:30","Strong"
"2026-02","PROJ_050","Ahmedabad","pm10",672,542,0,130,80.65,"2026-02-01T00:00:00+05:30","2026-02-28T22:00:00+05:30","Strong"
"2026-02","PROJ_050","Ahmedabad","no2",672,542,0,130,80.65,"2026-02-01T00:00:00+05:30","2026-02-28T22:00:00+05:30","Strong"
"2026-02","PROJ_050","Ahmedabad","so2",672,542,0,130,80.65,"2026-02-01T00:00:00+05:30","2026-02-28T22:00:00+05:30","Strong"
"2026-02","PROJ_050","Ahmedabad","co",672,542,0,130,80.65,"2026-02-01T00:00:00+05:30","2026-02-28T22:00:00+05:30","Strong"
"2026-02","PROJ_050","Ahmedabad","o3",672,542,0,130,80.65,"2026-02-01T00:00:00+05:30","2026-02-28T22:00:00+05:30","Strong"
"2026-02","PROJ_051","Jaipur","pm2_5",672,571,0,101,84.97,"2026-02-01T00:00:00+05:30","2026-02-28T22:00:00+05:30","Strong"
"2026-02","PROJ_051","Jaipur","pm10",672,571,0,101,84.97,"2026-02-01T00:00:00+05:30","2026-02-28T22:00:00+05:30","Strong"
"2026-02","PROJ_051","Jaipur","no2",672,571,0,101,84.97,"2026-02-01T00:00:00+05:30","2026-02-28T22:00:00+05:30","Strong"
"2026-02","PROJ_051","Jaipur","so2",672,567,4,105,84.38,"2026-02-01T00:00:00+05:30","2026-02-28T22:00:00+05:30","Strong"
"2026-02","PROJ_051","Jaipur","co",672,571,0,101,84.97,"2026-02-01T00:00:00+05:30","2026-02-28T22:00:00+05:30","Strong"
"2026-02","PROJ_051","Jaipur","o3",672,571,0,101,84.97,"2026-02-01T00:00:00+05:30","2026-02-28T22:00:00+05:30","Strong"
"2026-02","PROJ_063","Lucknow","pm2_5",672,571,0,101,84.97,"2026-02-01T00:00:00+05:30","2026-02-28T22:00:00+05:30","Strong"
"2026-02","PROJ_063","Lucknow","pm10",672,569,2,103,84.67,"2026-02-01T00:00:00+05:30","2026-02-28T22:00:00+05:30","Strong"
"2026-02","PROJ_063","Lucknow","no2",672,571,0,101,84.97,"2026-02-01T00:00:00+05:30","2026-02-28T22:00:00+05:30","Strong"
"2026-02","PROJ_063","Lucknow","so2",672,571,0,101,84.97,"2026-02-01T00:00:00+05:30","2026-02-28T22:00:00+05:30","Strong"
"2026-02","PROJ_063","Lucknow","co",672,571,0,101,84.97,"2026-02-01T00:00:00+05:30","2026-02-28T22:00:00+05:30","Strong"
"2026-02","PROJ_063","Lucknow","o3",672,571,0,101,84.97,"2026-02-01T00:00:00+05:30","2026-02-28T22:00:00+05:30","Strong"
"2026-02","PROJ_092","Mumbai","pm2_5",672,428,0,244,63.69,"2026-02-02T11:00:00+05:30","2026-02-28T14:00:00+05:30","Usable"
"2026-02","PROJ_092","Mumbai","pm10",672,424,0,248,63.1,"2026-02-02T11:00:00+05:30","2026-02-28T14:00:00+05:30","Usable"
"2026-02","PROJ_092","Mumbai","no2",672,428,0,244,63.69,"2026-02-02T11:00:00+05:30","2026-02-28T14:00:00+05:30","Usable"
"2026-02","PROJ_092","Mumbai","so2",672,416,0,256,61.9,"2026-02-02T11:00:00+05:30","2026-02-28T14:00:00+05:30","Usable"
"2026-02","PROJ_092","Mumbai","co",672,413,0,259,61.46,"2026-02-02T11:00:00+05:30","2026-02-28T14:00:00+05:30","Usable"
"2026-02","PROJ_092","Mumbai","o3",672,413,0,259,61.46,"2026-02-02T11:00:00+05:30","2026-02-28T14:00:00+05:30","Usable"
"2026-02","PROJ_101","Bengaluru","pm2_5",672,559,0,113,83.18,"2026-02-01T00:00:00+05:30","2026-02-28T22:00:00+05:30","Strong"
"2026-02","PROJ_101","Bengaluru","pm10",672,572,0,100,85.12,"2026-02-01T00:00:00+05:30","2026-02-28T22:00:00+05:30","Strong"
"2026-02","PROJ_101","Bengaluru","no2",672,571,0,101,84.97,"2026-02-01T00:00:00+05:30","2026-02-28T22:00:00+05:30","Strong"
"2026-02","PROJ_101","Bengaluru","so2",672,561,0,111,83.48,"2026-02-01T00:00:00+05:30","2026-02-28T22:00:00+05:30","Strong"
"2026-02","PROJ_101","Bengaluru","co",672,570,0,102,84.82,"2026-02-01T00:00:00+05:30","2026-02-28T22:00:00+05:30","Strong"
"2026-02","PROJ_101","Bengaluru","o3",672,571,0,101,84.97,"2026-02-01T00:00:00+05:30","2026-02-28T22:00:00+05:30","Strong"
"2026-02","PROJ_133","Patna","pm2_5",672,562,0,110,83.63,"2026-02-01T00:00:00+05:30","2026-02-28T22:00:00+05:30","Strong"
"2026-02","PROJ_133","Patna","pm10",672,562,0,110,83.63,"2026-02-01T00:00:00+05:30","2026-02-28T22:00:00+05:30","Strong"
"2026-02","PROJ_133","Patna","no2",672,562,0,110,83.63,"2026-02-01T00:00:00+05:30","2026-02-28T22:00:00+05:30","Strong"
"2026-02","PROJ_133","Patna","so2",672,561,1,111,83.48,"2026-02-01T00:00:00+05:30","2026-02-28T22:00:00+05:30","Strong"
"2026-02","PROJ_133","Patna","co",672,562,0,110,83.63,"2026-02-01T00:00:00+05:30","2026-02-28T22:00:00+05:30","Strong"
"2026-02","PROJ_133","Patna","o3",672,537,25,135,79.91,"2026-02-01T00:00:00+05:30","2026-02-28T22:00:00+05:30","Strong"
"2026-02","PROJ_142","Guwahati","pm2_5",672,471,0,201,70.09,"2026-02-01T00:00:00+05:30","2026-02-24T14:00:00+05:30","Usable"
"2026-02","PROJ_142","Guwahati","pm10",672,471,0,201,70.09,"2026-02-01T00:00:00+05:30","2026-02-24T14:00:00+05:30","Usable"
"2026-02","PROJ_142","Guwahati","no2",672,471,0,201,70.09,"2026-02-01T00:00:00+05:30","2026-02-24T14:00:00+05:30","Usable"
"2026-02","PROJ_142","Guwahati","so2",672,471,0,201,70.09,"2026-02-01T00:00:00+05:30","2026-02-24T14:00:00+05:30","Usable"
"2026-02","PROJ_142","Guwahati","co",672,471,0,201,70.09,"2026-02-01T00:00:00+05:30","2026-02-24T14:00:00+05:30","Usable"
"2026-02","PROJ_142","Guwahati","o3",672,471,0,201,70.09,"2026-02-01T00:00:00+05:30","2026-02-24T14:00:00+05:30","Usable"
"2026-02","PROJ_144","Bhopal","pm2_5",672,573,0,99,85.27,"2026-02-01T00:00:00+05:30","2026-02-28T22:00:00+05:30","Strong"
"2026-02","PROJ_144","Bhopal","pm10",672,573,0,99,85.27,"2026-02-01T00:00:00+05:30","2026-02-28T22:00:00+05:30","Strong"
"2026-02","PROJ_144","Bhopal","no2",672,573,0,99,85.27,"2026-02-01T00:00:00+05:30","2026-02-28T22:00:00+05:30","Strong"
"2026-02","PROJ_144","Bhopal","so2",672,572,0,100,85.12,"2026-02-01T00:00:00+05:30","2026-02-28T22:00:00+05:30","Strong"
"2026-02","PROJ_144","Bhopal","co",672,570,0,102,84.82,"2026-02-01T01:00:00+05:30","2026-02-28T22:00:00+05:30","Strong"
"2026-02","PROJ_144","Bhopal","o3",672,573,0,99,85.27,"2026-02-01T00:00:00+05:30","2026-02-28T22:00:00+05:30","Strong"
"2026-02","PROJ_158","Pune","pm2_5",672,572,0,100,85.12,"2026-02-01T00:00:00+05:30","2026-02-28T22:00:00+05:30","Strong"
"2026-02","PROJ_158","Pune","pm10",672,571,0,101,84.97,"2026-02-01T00:00:00+05:30","2026-02-28T22:00:00+05:30","Strong"
"2026-02","PROJ_158","Pune","no2",672,571,0,101,84.97,"2026-02-01T00:00:00+05:30","2026-02-28T22:00:00+05:30","Strong"
"2026-02","PROJ_158","Pune","so2",672,571,0,101,84.97,"2026-02-01T00:00:00+05:30","2026-02-28T22:00:00+05:30","Strong"
"2026-02","PROJ_158","Pune","co",672,571,0,101,84.97,"2026-02-01T00:00:00+05:30","2026-02-28T22:00:00+05:30","Strong"
"2026-02","PROJ_158","Pune","o3",672,572,0,100,85.12,"2026-02-01T00:00:00+05:30","2026-02-28T22:00:00+05:30","Strong"
"2026-02","PROJ_179","Hyderabad","pm2_5",672,522,0,150,77.68,"2026-02-01T00:00:00+05:30","2026-02-28T18:00:00+05:30","Strong"
"2026-02","PROJ_179","Hyderabad","pm10",672,522,0,150,77.68,"2026-02-01T00:00:00+05:30","2026-02-28T18:00:00+05:30","Strong"
"2026-02","PROJ_179","Hyderabad","no2",672,522,0,150,77.68,"2026-02-01T00:00:00+05:30","2026-02-28T18:00:00+05:30","Strong"
"2026-02","PROJ_179","Hyderabad","so2",672,522,0,150,77.68,"2026-02-01T00:00:00+05:30","2026-02-28T18:00:00+05:30","Strong"
"2026-02","PROJ_179","Hyderabad","co",672,522,0,150,77.68,"2026-02-01T00:00:00+05:30","2026-02-28T18:00:00+05:30","Strong"
"2026-02","PROJ_179","Hyderabad","o3",672,522,0,150,77.68,"2026-02-01T00:00:00+05:30","2026-02-28T18:00:00+05:30","Strong"
"2026-02","PROJ_180","Hyderabad","pm2_5",672,545,0,127,81.1,"2026-02-01T00:00:00+05:30","2026-02-28T22:00:00+05:30","Strong"
"2026-02","PROJ_180","Hyderabad","pm10",672,546,0,126,81.25,"2026-02-01T00:00:00+05:30","2026-02-28T22:00:00+05:30","Strong"
"2026-02","PROJ_180","Hyderabad","no2",672,545,0,127,81.1,"2026-02-01T00:00:00+05:30","2026-02-28T22:00:00+05:30","Strong"
"2026-02","PROJ_180","Hyderabad","so2",672,545,0,127,81.1,"2026-02-01T00:00:00+05:30","2026-02-28T22:00:00+05:30","Strong"
"2026-02","PROJ_180","Hyderabad","co",672,545,0,127,81.1,"2026-02-01T00:00:00+05:30","2026-02-28T22:00:00+05:30","Strong"
"2026-02","PROJ_180","Hyderabad","o3",672,545,0,127,81.1,"2026-02-01T00:00:00+05:30","2026-02-28T22:00:00+05:30","Strong"
"2026-02","PROJ_181","Hyderabad","pm2_5",672,575,0,97,85.57,"2026-02-01T00:00:00+05:30","2026-02-28T22:00:00+05:30","Strong"
"2026-02","PROJ_181","Hyderabad","pm10",672,575,0,97,85.57,"2026-02-01T00:00:00+05:30","2026-02-28T22:00:00+05:30","Strong"
"2026-02","PROJ_181","Hyderabad","no2",672,575,0,97,85.57,"2026-02-01T00:00:00+05:30","2026-02-28T22:00:00+05:30","Strong"
"2026-02","PROJ_181","Hyderabad","so2",672,575,0,97,85.57,"2026-02-01T00:00:00+05:30","2026-02-28T22:00:00+05:30","Strong"
"2026-02","PROJ_181","Hyderabad","co",672,575,0,97,85.57,"2026-02-01T00:00:00+05:30","2026-02-28T22:00:00+05:30","Strong"
"2026-02","PROJ_181","Hyderabad","o3",672,575,0,97,85.57,"2026-02-01T00:00:00+05:30","2026-02-28T22:00:00+05:30","Strong"
"2026-02","PROJ_186","Hyderabad","pm2_5",672,535,0,137,79.61,"2026-02-01T00:00:00+05:30","2026-02-28T22:00:00+05:30","Strong"
"2026-02","PROJ_186","Hyderabad","pm10",672,535,0,137,79.61,"2026-02-01T00:00:00+05:30","2026-02-28T22:00:00+05:30","Strong"
"2026-02","PROJ_186","Hyderabad","no2",672,534,0,138,79.46,"2026-02-01T00:00:00+05:30","2026-02-28T22:00:00+05:30","Strong"
"2026-02","PROJ_186","Hyderabad","so2",672,534,0,138,79.46,"2026-02-01T00:00:00+05:30","2026-02-28T22:00:00+05:30","Strong"
"2026-02","PROJ_186","Hyderabad","co",672,534,0,138,79.46,"2026-02-01T00:00:00+05:30","2026-02-28T22:00:00+05:30","Strong"
"2026-02","PROJ_186","Hyderabad","o3",672,534,0,138,79.46,"2026-02-01T00:00:00+05:30","2026-02-28T22:00:00+05:30","Strong"
"2026-02","PROJ_094","Kolkata","pm2_5",672,571,0,101,84.97,"2026-02-01T00:00:00+05:30","2026-02-28T22:00:00+05:30","Strong"
"2026-02","PROJ_094","Kolkata","pm10",672,571,0,101,84.97,"2026-02-01T00:00:00+05:30","2026-02-28T22:00:00+05:30","Strong"
"2026-02","PROJ_094","Kolkata","no2",672,571,0,101,84.97,"2026-02-01T00:00:00+05:30","2026-02-28T22:00:00+05:30","Strong"
"2026-02","PROJ_094","Kolkata","so2",672,571,0,101,84.97,"2026-02-01T00:00:00+05:30","2026-02-28T22:00:00+05:30","Strong"
"2026-02","PROJ_094","Kolkata","co",672,568,3,104,84.52,"2026-02-01T00:00:00+05:30","2026-02-28T22:00:00+05:30","Strong"
"2026-02","PROJ_094","Kolkata","o3",672,571,0,101,84.97,"2026-02-01T00:00:00+05:30","2026-02-28T22:00:00+05:30","Strong"
"2026-03","PROJ_002","Delhi","pm2_5",744,692,0,52,93.01,"2026-03-01T01:00:00+05:30","2026-03-31T22:00:00+05:30","Strong"
"2026-03","PROJ_002","Delhi","pm10",744,692,0,52,93.01,"2026-03-01T01:00:00+05:30","2026-03-31T22:00:00+05:30","Strong"
"2026-03","PROJ_002","Delhi","no2",744,687,0,57,92.34,"2026-03-01T01:00:00+05:30","2026-03-31T22:00:00+05:30","Strong"
"2026-03","PROJ_002","Delhi","so2",744,630,0,114,84.68,"2026-03-01T01:00:00+05:30","2026-03-31T22:00:00+05:30","Strong"
"2026-03","PROJ_002","Delhi","co",744,692,0,52,93.01,"2026-03-01T01:00:00+05:30","2026-03-31T22:00:00+05:30","Strong"
"2026-03","PROJ_002","Delhi","o3",744,691,0,53,92.88,"2026-03-01T01:00:00+05:30","2026-03-31T22:00:00+05:30","Strong"
"2026-03","PROJ_007","Hyderabad","pm2_5",744,688,0,56,92.47,"2026-03-01T01:00:00+05:30","2026-03-31T22:00:00+05:30","Strong"
"2026-03","PROJ_007","Hyderabad","pm10",744,688,0,56,92.47,"2026-03-01T01:00:00+05:30","2026-03-31T22:00:00+05:30","Strong"
"2026-03","PROJ_007","Hyderabad","no2",744,695,0,49,93.41,"2026-03-01T01:00:00+05:30","2026-03-31T22:00:00+05:30","Strong"
"2026-03","PROJ_007","Hyderabad","so2",744,695,0,49,93.41,"2026-03-01T01:00:00+05:30","2026-03-31T22:00:00+05:30","Strong"
"2026-03","PROJ_007","Hyderabad","co",744,695,0,49,93.41,"2026-03-01T01:00:00+05:30","2026-03-31T22:00:00+05:30","Strong"
"2026-03","PROJ_007","Hyderabad","o3",744,695,0,49,93.41,"2026-03-01T01:00:00+05:30","2026-03-31T22:00:00+05:30","Strong"
"2026-03","PROJ_019","Chennai","pm2_5",744,711,0,33,95.56,"2026-03-01T01:00:00+05:30","2026-03-31T22:00:00+05:30","Strong"
"2026-03","PROJ_019","Chennai","pm10",744,706,5,38,94.89,"2026-03-01T01:00:00+05:30","2026-03-31T22:00:00+05:30","Strong"
"2026-03","PROJ_019","Chennai","no2",744,711,0,33,95.56,"2026-03-01T01:00:00+05:30","2026-03-31T22:00:00+05:30","Strong"
"2026-03","PROJ_019","Chennai","so2",744,711,0,33,95.56,"2026-03-01T01:00:00+05:30","2026-03-31T22:00:00+05:30","Strong"
"2026-03","PROJ_019","Chennai","co",744,711,0,33,95.56,"2026-03-01T01:00:00+05:30","2026-03-31T22:00:00+05:30","Strong"
"2026-03","PROJ_019","Chennai","o3",744,711,0,33,95.56,"2026-03-01T01:00:00+05:30","2026-03-31T22:00:00+05:30","Strong"
"2026-03","PROJ_036","Hyderabad","pm2_5",744,34,0,710,4.57,"2026-03-01T01:00:00+05:30","2026-03-02T12:00:00+05:30","Weak"
"2026-03","PROJ_036","Hyderabad","pm10",744,34,0,710,4.57,"2026-03-01T01:00:00+05:30","2026-03-02T12:00:00+05:30","Weak"
"2026-03","PROJ_036","Hyderabad","no2",744,35,0,709,4.7,"2026-03-01T01:00:00+05:30","2026-03-02T12:00:00+05:30","Weak"
"2026-03","PROJ_036","Hyderabad","so2",744,35,0,709,4.7,"2026-03-01T01:00:00+05:30","2026-03-02T12:00:00+05:30","Weak"
"2026-03","PROJ_036","Hyderabad","co",744,35,0,709,4.7,"2026-03-01T01:00:00+05:30","2026-03-02T12:00:00+05:30","Weak"
"2026-03","PROJ_036","Hyderabad","o3",744,35,0,709,4.7,"2026-03-01T01:00:00+05:30","2026-03-02T12:00:00+05:30","Weak"
"2026-03","PROJ_042","Nagpur","pm2_5",744,682,0,62,91.67,"2026-03-01T01:00:00+05:30","2026-03-31T22:00:00+05:30","Strong"
"2026-03","PROJ_042","Nagpur","pm10",744,682,0,62,91.67,"2026-03-01T01:00:00+05:30","2026-03-31T22:00:00+05:30","Strong"
"2026-03","PROJ_042","Nagpur","no2",744,682,0,62,91.67,"2026-03-01T01:00:00+05:30","2026-03-31T22:00:00+05:30","Strong"
"2026-03","PROJ_042","Nagpur","so2",744,682,0,62,91.67,"2026-03-01T01:00:00+05:30","2026-03-31T22:00:00+05:30","Strong"
"2026-03","PROJ_042","Nagpur","co",744,682,0,62,91.67,"2026-03-01T01:00:00+05:30","2026-03-31T22:00:00+05:30","Strong"
"2026-03","PROJ_042","Nagpur","o3",744,682,0,62,91.67,"2026-03-01T01:00:00+05:30","2026-03-31T22:00:00+05:30","Strong"
"2026-03","PROJ_044","Hyderabad","pm2_5",744,626,0,118,84.14,"2026-03-01T01:00:00+05:30","2026-03-31T18:00:00+05:30","Strong"
"2026-03","PROJ_044","Hyderabad","pm10",744,626,0,118,84.14,"2026-03-01T01:00:00+05:30","2026-03-31T18:00:00+05:30","Strong"
"2026-03","PROJ_044","Hyderabad","no2",744,628,0,116,84.41,"2026-03-01T01:00:00+05:30","2026-03-31T22:00:00+05:30","Strong"
"2026-03","PROJ_044","Hyderabad","so2",744,628,0,116,84.41,"2026-03-01T01:00:00+05:30","2026-03-31T22:00:00+05:30","Strong"
"2026-03","PROJ_044","Hyderabad","co",744,638,0,106,85.75,"2026-03-01T01:00:00+05:30","2026-03-31T22:00:00+05:30","Strong"
"2026-03","PROJ_044","Hyderabad","o3",744,638,0,106,85.75,"2026-03-01T01:00:00+05:30","2026-03-31T22:00:00+05:30","Strong"
"2026-03","PROJ_048","Visakhapatnam","pm2_5",744,690,0,54,92.74,"2026-03-01T01:00:00+05:30","2026-03-31T22:00:00+05:30","Strong"
"2026-03","PROJ_048","Visakhapatnam","pm10",744,704,0,40,94.62,"2026-03-01T01:00:00+05:30","2026-03-31T22:00:00+05:30","Strong"
"2026-03","PROJ_048","Visakhapatnam","no2",744,704,0,40,94.62,"2026-03-01T01:00:00+05:30","2026-03-31T22:00:00+05:30","Strong"
"2026-03","PROJ_048","Visakhapatnam","so2",744,672,0,72,90.32,"2026-03-01T01:00:00+05:30","2026-03-31T22:00:00+05:30","Strong"
"2026-03","PROJ_048","Visakhapatnam","co",744,669,1,75,89.92,"2026-03-01T01:00:00+05:30","2026-03-31T22:00:00+05:30","Strong"
"2026-03","PROJ_048","Visakhapatnam","o3",744,705,0,39,94.76,"2026-03-01T01:00:00+05:30","2026-03-31T22:00:00+05:30","Strong"
"2026-03","PROJ_050","Ahmedabad","pm2_5",744,711,0,33,95.56,"2026-03-01T01:00:00+05:30","2026-03-31T22:00:00+05:30","Strong"
"2026-03","PROJ_050","Ahmedabad","pm10",744,711,0,33,95.56,"2026-03-01T01:00:00+05:30","2026-03-31T22:00:00+05:30","Strong"
"2026-03","PROJ_050","Ahmedabad","no2",744,711,0,33,95.56,"2026-03-01T01:00:00+05:30","2026-03-31T22:00:00+05:30","Strong"
"2026-03","PROJ_050","Ahmedabad","so2",744,711,0,33,95.56,"2026-03-01T01:00:00+05:30","2026-03-31T22:00:00+05:30","Strong"
"2026-03","PROJ_050","Ahmedabad","co",744,711,0,33,95.56,"2026-03-01T01:00:00+05:30","2026-03-31T22:00:00+05:30","Strong"
"2026-03","PROJ_050","Ahmedabad","o3",744,711,0,33,95.56,"2026-03-01T01:00:00+05:30","2026-03-31T22:00:00+05:30","Strong"
"2026-03","PROJ_051","Jaipur","pm2_5",744,711,0,33,95.56,"2026-03-01T01:00:00+05:30","2026-03-31T22:00:00+05:30","Strong"
"2026-03","PROJ_051","Jaipur","pm10",744,710,0,34,95.43,"2026-03-01T01:00:00+05:30","2026-03-31T22:00:00+05:30","Strong"
"2026-03","PROJ_051","Jaipur","no2",744,709,0,35,95.3,"2026-03-01T01:00:00+05:30","2026-03-31T22:00:00+05:30","Strong"
"2026-03","PROJ_051","Jaipur","so2",744,709,0,35,95.3,"2026-03-01T01:00:00+05:30","2026-03-31T22:00:00+05:30","Strong"
"2026-03","PROJ_051","Jaipur","co",744,709,0,35,95.3,"2026-03-01T01:00:00+05:30","2026-03-31T22:00:00+05:30","Strong"
"2026-03","PROJ_051","Jaipur","o3",744,709,0,35,95.3,"2026-03-01T01:00:00+05:30","2026-03-31T22:00:00+05:30","Strong"
"2026-03","PROJ_063","Lucknow","pm2_5",744,697,0,47,93.68,"2026-03-01T01:00:00+05:30","2026-03-31T22:00:00+05:30","Strong"
"2026-03","PROJ_063","Lucknow","pm10",744,697,0,47,93.68,"2026-03-01T01:00:00+05:30","2026-03-31T22:00:00+05:30","Strong"
"2026-03","PROJ_063","Lucknow","no2",744,697,0,47,93.68,"2026-03-01T01:00:00+05:30","2026-03-31T22:00:00+05:30","Strong"
"2026-03","PROJ_063","Lucknow","so2",744,697,0,47,93.68,"2026-03-01T01:00:00+05:30","2026-03-31T22:00:00+05:30","Strong"
"2026-03","PROJ_063","Lucknow","co",744,697,0,47,93.68,"2026-03-01T01:00:00+05:30","2026-03-31T22:00:00+05:30","Strong"
"2026-03","PROJ_063","Lucknow","o3",744,697,0,47,93.68,"2026-03-01T01:00:00+05:30","2026-03-31T22:00:00+05:30","Strong"
"2026-03","PROJ_092","Mumbai","pm2_5",744,489,0,255,65.73,"2026-03-02T01:00:00+05:30","2026-03-31T22:00:00+05:30","Usable"
"2026-03","PROJ_092","Mumbai","pm10",744,488,0,256,65.59,"2026-03-02T01:00:00+05:30","2026-03-31T22:00:00+05:30","Usable"
"2026-03","PROJ_092","Mumbai","no2",744,489,0,255,65.73,"2026-03-02T01:00:00+05:30","2026-03-31T22:00:00+05:30","Usable"
"2026-03","PROJ_092","Mumbai","so2",744,487,0,257,65.46,"2026-03-02T01:00:00+05:30","2026-03-31T22:00:00+05:30","Usable"
"2026-03","PROJ_092","Mumbai","co",744,483,0,261,64.92,"2026-03-02T01:00:00+05:30","2026-03-31T22:00:00+05:30","Usable"
"2026-03","PROJ_092","Mumbai","o3",744,483,0,261,64.92,"2026-03-02T01:00:00+05:30","2026-03-31T22:00:00+05:30","Usable"
"2026-03","PROJ_101","Bengaluru","pm2_5",744,697,0,47,93.68,"2026-03-01T01:00:00+05:30","2026-03-31T22:00:00+05:30","Strong"
"2026-03","PROJ_101","Bengaluru","pm10",744,695,0,49,93.41,"2026-03-01T01:00:00+05:30","2026-03-31T22:00:00+05:30","Strong"
"2026-03","PROJ_101","Bengaluru","no2",744,677,0,67,90.99,"2026-03-01T01:00:00+05:30","2026-03-31T22:00:00+05:30","Strong"
"2026-03","PROJ_101","Bengaluru","so2",744,683,0,61,91.8,"2026-03-01T01:00:00+05:30","2026-03-31T22:00:00+05:30","Strong"
"2026-03","PROJ_101","Bengaluru","co",744,696,0,48,93.55,"2026-03-01T01:00:00+05:30","2026-03-31T22:00:00+05:30","Strong"
"2026-03","PROJ_101","Bengaluru","o3",744,690,0,54,92.74,"2026-03-01T01:00:00+05:30","2026-03-31T22:00:00+05:30","Strong"
"2026-03","PROJ_133","Patna","pm2_5",744,706,0,38,94.89,"2026-03-01T01:00:00+05:30","2026-03-31T22:00:00+05:30","Strong"
"2026-03","PROJ_133","Patna","pm10",744,706,0,38,94.89,"2026-03-01T01:00:00+05:30","2026-03-31T22:00:00+05:30","Strong"
"2026-03","PROJ_133","Patna","no2",744,706,0,38,94.89,"2026-03-01T01:00:00+05:30","2026-03-31T22:00:00+05:30","Strong"
"2026-03","PROJ_133","Patna","so2",744,698,8,46,93.82,"2026-03-01T01:00:00+05:30","2026-03-31T22:00:00+05:30","Strong"
"2026-03","PROJ_133","Patna","co",744,683,23,61,91.8,"2026-03-01T01:00:00+05:30","2026-03-31T22:00:00+05:30","Strong"
"2026-03","PROJ_133","Patna","o3",744,697,9,47,93.68,"2026-03-01T01:00:00+05:30","2026-03-31T22:00:00+05:30","Strong"
"2026-03","PROJ_142","Guwahati","pm2_5",744,647,0,97,86.96,"2026-03-03T00:00:00+05:30","2026-03-31T22:00:00+05:30","Strong"
"2026-03","PROJ_142","Guwahati","pm10",744,647,0,97,86.96,"2026-03-03T00:00:00+05:30","2026-03-31T22:00:00+05:30","Strong"
"2026-03","PROJ_142","Guwahati","no2",744,647,0,97,86.96,"2026-03-03T00:00:00+05:30","2026-03-31T22:00:00+05:30","Strong"
"2026-03","PROJ_142","Guwahati","so2",744,647,0,97,86.96,"2026-03-03T00:00:00+05:30","2026-03-31T22:00:00+05:30","Strong"
"2026-03","PROJ_142","Guwahati","co",744,647,0,97,86.96,"2026-03-03T00:00:00+05:30","2026-03-31T22:00:00+05:30","Strong"
"2026-03","PROJ_142","Guwahati","o3",744,647,0,97,86.96,"2026-03-03T00:00:00+05:30","2026-03-31T22:00:00+05:30","Strong"
"2026-03","PROJ_144","Bhopal","pm2_5",744,683,0,61,91.8,"2026-03-01T01:00:00+05:30","2026-03-31T22:00:00+05:30","Strong"
"2026-03","PROJ_144","Bhopal","pm10",744,683,0,61,91.8,"2026-03-01T01:00:00+05:30","2026-03-31T22:00:00+05:30","Strong"
"2026-03","PROJ_144","Bhopal","no2",744,683,0,61,91.8,"2026-03-01T01:00:00+05:30","2026-03-31T22:00:00+05:30","Strong"
"2026-03","PROJ_144","Bhopal","so2",744,681,0,63,91.53,"2026-03-01T01:00:00+05:30","2026-03-31T22:00:00+05:30","Strong"
"2026-03","PROJ_144","Bhopal","co",744,683,0,61,91.8,"2026-03-01T01:00:00+05:30","2026-03-31T22:00:00+05:30","Strong"
"2026-03","PROJ_144","Bhopal","o3",744,683,0,61,91.8,"2026-03-01T01:00:00+05:30","2026-03-31T22:00:00+05:30","Strong"
"2026-03","PROJ_158","Pune","pm2_5",744,705,0,39,94.76,"2026-03-01T01:00:00+05:30","2026-03-31T22:00:00+05:30","Strong"
"2026-03","PROJ_158","Pune","pm10",744,705,0,39,94.76,"2026-03-01T01:00:00+05:30","2026-03-31T22:00:00+05:30","Strong"
"2026-03","PROJ_158","Pune","no2",744,705,0,39,94.76,"2026-03-01T01:00:00+05:30","2026-03-31T22:00:00+05:30","Strong"
"2026-03","PROJ_158","Pune","so2",744,706,0,38,94.89,"2026-03-01T01:00:00+05:30","2026-03-31T22:00:00+05:30","Strong"
"2026-03","PROJ_158","Pune","co",744,705,0,39,94.76,"2026-03-01T01:00:00+05:30","2026-03-31T22:00:00+05:30","Strong"
"2026-03","PROJ_158","Pune","o3",744,705,0,39,94.76,"2026-03-01T01:00:00+05:30","2026-03-31T22:00:00+05:30","Strong"
"2026-03","PROJ_179","Hyderabad","pm2_5",744,627,0,117,84.27,"2026-03-01T01:00:00+05:30","2026-03-31T22:00:00+05:30","Strong"
"2026-03","PROJ_179","Hyderabad","pm10",744,627,0,117,84.27,"2026-03-01T01:00:00+05:30","2026-03-31T22:00:00+05:30","Strong"
"2026-03","PROJ_179","Hyderabad","no2",744,627,0,117,84.27,"2026-03-01T01:00:00+05:30","2026-03-31T22:00:00+05:30","Strong"
"2026-03","PROJ_179","Hyderabad","so2",744,627,0,117,84.27,"2026-03-01T01:00:00+05:30","2026-03-31T22:00:00+05:30","Strong"
"2026-03","PROJ_179","Hyderabad","co",744,627,0,117,84.27,"2026-03-01T01:00:00+05:30","2026-03-31T22:00:00+05:30","Strong"
"2026-03","PROJ_179","Hyderabad","o3",744,627,0,117,84.27,"2026-03-01T01:00:00+05:30","2026-03-31T22:00:00+05:30","Strong"
"2026-03","PROJ_180","Hyderabad","pm2_5",744,685,0,59,92.07,"2026-03-01T01:00:00+05:30","2026-03-31T22:00:00+05:30","Strong"
"2026-03","PROJ_180","Hyderabad","pm10",744,685,0,59,92.07,"2026-03-01T01:00:00+05:30","2026-03-31T22:00:00+05:30","Strong"
"2026-03","PROJ_180","Hyderabad","no2",744,685,0,59,92.07,"2026-03-01T01:00:00+05:30","2026-03-31T22:00:00+05:30","Strong"
"2026-03","PROJ_180","Hyderabad","so2",744,685,0,59,92.07,"2026-03-01T01:00:00+05:30","2026-03-31T22:00:00+05:30","Strong"
"2026-03","PROJ_180","Hyderabad","co",744,685,0,59,92.07,"2026-03-01T01:00:00+05:30","2026-03-31T22:00:00+05:30","Strong"
"2026-03","PROJ_180","Hyderabad","o3",744,685,0,59,92.07,"2026-03-01T01:00:00+05:30","2026-03-31T22:00:00+05:30","Strong"
"2026-03","PROJ_181","Hyderabad","pm2_5",744,694,0,50,93.28,"2026-03-01T01:00:00+05:30","2026-03-31T22:00:00+05:30","Strong"
"2026-03","PROJ_181","Hyderabad","pm10",744,694,0,50,93.28,"2026-03-01T01:00:00+05:30","2026-03-31T22:00:00+05:30","Strong"
"2026-03","PROJ_181","Hyderabad","no2",744,694,0,50,93.28,"2026-03-01T01:00:00+05:30","2026-03-31T22:00:00+05:30","Strong"
"2026-03","PROJ_181","Hyderabad","so2",744,691,3,53,92.88,"2026-03-01T01:00:00+05:30","2026-03-31T22:00:00+05:30","Strong"
"2026-03","PROJ_181","Hyderabad","co",744,694,0,50,93.28,"2026-03-01T01:00:00+05:30","2026-03-31T22:00:00+05:30","Strong"
"2026-03","PROJ_181","Hyderabad","o3",744,694,0,50,93.28,"2026-03-01T01:00:00+05:30","2026-03-31T22:00:00+05:30","Strong"
"2026-03","PROJ_186","Hyderabad","pm2_5",744,690,0,54,92.74,"2026-03-01T01:00:00+05:30","2026-03-31T22:00:00+05:30","Strong"
"2026-03","PROJ_186","Hyderabad","pm10",744,690,0,54,92.74,"2026-03-01T01:00:00+05:30","2026-03-31T22:00:00+05:30","Strong"
"2026-03","PROJ_186","Hyderabad","no2",744,690,0,54,92.74,"2026-03-01T01:00:00+05:30","2026-03-31T22:00:00+05:30","Strong"
"2026-03","PROJ_186","Hyderabad","so2",744,690,0,54,92.74,"2026-03-01T01:00:00+05:30","2026-03-31T22:00:00+05:30","Strong"
"2026-03","PROJ_186","Hyderabad","co",744,690,0,54,92.74,"2026-03-01T01:00:00+05:30","2026-03-31T22:00:00+05:30","Strong"
"2026-03","PROJ_186","Hyderabad","o3",744,690,0,54,92.74,"2026-03-01T01:00:00+05:30","2026-03-31T22:00:00+05:30","Strong"
"2026-03","PROJ_094","Kolkata","pm2_5",744,714,0,30,95.97,"2026-03-01T01:00:00+05:30","2026-03-31T22:00:00+05:30","Strong"
"2026-03","PROJ_094","Kolkata","pm10",744,714,0,30,95.97,"2026-03-01T01:00:00+05:30","2026-03-31T22:00:00+05:30","Strong"
"2026-03","PROJ_094","Kolkata","no2",744,714,0,30,95.97,"2026-03-01T01:00:00+05:30","2026-03-31T22:00:00+05:30","Strong"
"2026-03","PROJ_094","Kolkata","so2",744,714,0,30,95.97,"2026-03-01T01:00:00+05:30","2026-03-31T22:00:00+05:30","Strong"
"2026-03","PROJ_094","Kolkata","co",744,714,0,30,95.97,"2026-03-01T01:00:00+05:30","2026-03-31T22:00:00+05:30","Strong"
"2026-03","PROJ_094","Kolkata","o3",744,714,0,30,95.97,"2026-03-01T01:00:00+05:30","2026-03-31T22:00:00+05:30","Strong"
"2026-04","PROJ_002","Delhi","pm2_5",720,680,0,40,94.44,"2026-04-01T00:00:00+05:30","2026-04-30T22:00:00+05:30","Strong"
"2026-04","PROJ_002","Delhi","pm10",720,672,1,48,93.33,"2026-04-01T00:00:00+05:30","2026-04-30T22:00:00+05:30","Strong"
"2026-04","PROJ_002","Delhi","no2",720,661,1,59,91.81,"2026-04-01T00:00:00+05:30","2026-04-30T22:00:00+05:30","Strong"
"2026-04","PROJ_002","Delhi","so2",720,600,0,120,83.33,"2026-04-01T00:00:00+05:30","2026-04-30T22:00:00+05:30","Strong"
"2026-04","PROJ_002","Delhi","co",720,658,0,62,91.39,"2026-04-01T00:00:00+05:30","2026-04-30T22:00:00+05:30","Strong"
"2026-04","PROJ_002","Delhi","o3",720,678,0,42,94.17,"2026-04-01T00:00:00+05:30","2026-04-30T22:00:00+05:30","Strong"
"2026-04","PROJ_007","Hyderabad","pm2_5",720,573,0,147,79.58,"2026-04-01T00:00:00+05:30","2026-04-30T22:00:00+05:30","Strong"
"2026-04","PROJ_007","Hyderabad","pm10",720,573,0,147,79.58,"2026-04-01T00:00:00+05:30","2026-04-30T22:00:00+05:30","Strong"
"2026-04","PROJ_007","Hyderabad","no2",720,626,0,94,86.94,"2026-04-01T00:00:00+05:30","2026-04-30T22:00:00+05:30","Strong"
"2026-04","PROJ_007","Hyderabad","so2",720,626,0,94,86.94,"2026-04-01T00:00:00+05:30","2026-04-30T22:00:00+05:30","Strong"
"2026-04","PROJ_007","Hyderabad","co",720,626,0,94,86.94,"2026-04-01T00:00:00+05:30","2026-04-30T22:00:00+05:30","Strong"
"2026-04","PROJ_007","Hyderabad","o3",720,626,0,94,86.94,"2026-04-01T00:00:00+05:30","2026-04-30T22:00:00+05:30","Strong"
"2026-04","PROJ_019","Chennai","pm2_5",720,672,7,48,93.33,"2026-04-01T00:00:00+05:30","2026-04-30T22:00:00+05:30","Strong"
"2026-04","PROJ_019","Chennai","pm10",720,678,1,42,94.17,"2026-04-01T00:00:00+05:30","2026-04-30T22:00:00+05:30","Strong"
"2026-04","PROJ_019","Chennai","no2",720,679,0,41,94.31,"2026-04-01T00:00:00+05:30","2026-04-30T22:00:00+05:30","Strong"
"2026-04","PROJ_019","Chennai","so2",720,679,0,41,94.31,"2026-04-01T00:00:00+05:30","2026-04-30T22:00:00+05:30","Strong"
"2026-04","PROJ_019","Chennai","co",720,679,0,41,94.31,"2026-04-01T00:00:00+05:30","2026-04-30T22:00:00+05:30","Strong"
"2026-04","PROJ_019","Chennai","o3",720,679,0,41,94.31,"2026-04-01T00:00:00+05:30","2026-04-30T22:00:00+05:30","Strong"
"2026-04","PROJ_036","Hyderabad","pm2_5",720,0,0,720,0,NA,NA,"No Data"
"2026-04","PROJ_036","Hyderabad","pm10",720,0,0,720,0,NA,NA,"No Data"
"2026-04","PROJ_036","Hyderabad","no2",720,0,0,720,0,NA,NA,"No Data"
"2026-04","PROJ_036","Hyderabad","so2",720,0,0,720,0,NA,NA,"No Data"
"2026-04","PROJ_036","Hyderabad","co",720,0,0,720,0,NA,NA,"No Data"
"2026-04","PROJ_036","Hyderabad","o3",720,0,0,720,0,NA,NA,"No Data"
"2026-04","PROJ_042","Nagpur","pm2_5",720,662,0,58,91.94,"2026-04-01T00:00:00+05:30","2026-04-30T22:00:00+05:30","Strong"
"2026-04","PROJ_042","Nagpur","pm10",720,662,0,58,91.94,"2026-04-01T00:00:00+05:30","2026-04-30T22:00:00+05:30","Strong"
"2026-04","PROJ_042","Nagpur","no2",720,663,0,57,92.08,"2026-04-01T00:00:00+05:30","2026-04-30T22:00:00+05:30","Strong"
"2026-04","PROJ_042","Nagpur","so2",720,663,0,57,92.08,"2026-04-01T00:00:00+05:30","2026-04-30T22:00:00+05:30","Strong"
"2026-04","PROJ_042","Nagpur","co",720,662,0,58,91.94,"2026-04-01T00:00:00+05:30","2026-04-30T22:00:00+05:30","Strong"
"2026-04","PROJ_042","Nagpur","o3",720,662,0,58,91.94,"2026-04-01T00:00:00+05:30","2026-04-30T22:00:00+05:30","Strong"
"2026-04","PROJ_044","Hyderabad","pm2_5",720,597,0,123,82.92,"2026-04-01T13:00:00+05:30","2026-04-30T22:00:00+05:30","Strong"
"2026-04","PROJ_044","Hyderabad","pm10",720,597,0,123,82.92,"2026-04-01T13:00:00+05:30","2026-04-30T22:00:00+05:30","Strong"
"2026-04","PROJ_044","Hyderabad","no2",720,613,0,107,85.14,"2026-04-01T00:00:00+05:30","2026-04-30T22:00:00+05:30","Strong"
"2026-04","PROJ_044","Hyderabad","so2",720,613,0,107,85.14,"2026-04-01T00:00:00+05:30","2026-04-30T22:00:00+05:30","Strong"
"2026-04","PROJ_044","Hyderabad","co",720,613,0,107,85.14,"2026-04-01T00:00:00+05:30","2026-04-30T22:00:00+05:30","Strong"
"2026-04","PROJ_044","Hyderabad","o3",720,613,0,107,85.14,"2026-04-01T00:00:00+05:30","2026-04-30T22:00:00+05:30","Strong"
"2026-04","PROJ_048","Visakhapatnam","pm2_5",720,669,0,51,92.92,"2026-04-01T00:00:00+05:30","2026-04-30T22:00:00+05:30","Strong"
"2026-04","PROJ_048","Visakhapatnam","pm10",720,672,0,48,93.33,"2026-04-01T00:00:00+05:30","2026-04-30T22:00:00+05:30","Strong"
"2026-04","PROJ_048","Visakhapatnam","no2",720,672,0,48,93.33,"2026-04-01T00:00:00+05:30","2026-04-30T22:00:00+05:30","Strong"
"2026-04","PROJ_048","Visakhapatnam","so2",720,656,0,64,91.11,"2026-04-01T00:00:00+05:30","2026-04-30T22:00:00+05:30","Strong"
"2026-04","PROJ_048","Visakhapatnam","co",720,618,0,102,85.83,"2026-04-01T00:00:00+05:30","2026-04-30T22:00:00+05:30","Strong"
"2026-04","PROJ_048","Visakhapatnam","o3",720,672,0,48,93.33,"2026-04-01T00:00:00+05:30","2026-04-30T22:00:00+05:30","Strong"
"2026-04","PROJ_050","Ahmedabad","pm2_5",720,683,0,37,94.86,"2026-04-01T00:00:00+05:30","2026-04-30T22:00:00+05:30","Strong"
"2026-04","PROJ_050","Ahmedabad","pm10",720,683,0,37,94.86,"2026-04-01T00:00:00+05:30","2026-04-30T22:00:00+05:30","Strong"
"2026-04","PROJ_050","Ahmedabad","no2",720,683,0,37,94.86,"2026-04-01T00:00:00+05:30","2026-04-30T22:00:00+05:30","Strong"
"2026-04","PROJ_050","Ahmedabad","so2",720,683,0,37,94.86,"2026-04-01T00:00:00+05:30","2026-04-30T22:00:00+05:30","Strong"
"2026-04","PROJ_050","Ahmedabad","co",720,678,5,42,94.17,"2026-04-01T00:00:00+05:30","2026-04-30T22:00:00+05:30","Strong"
"2026-04","PROJ_050","Ahmedabad","o3",720,683,0,37,94.86,"2026-04-01T00:00:00+05:30","2026-04-30T22:00:00+05:30","Strong"
"2026-04","PROJ_051","Jaipur","pm2_5",720,620,0,100,86.11,"2026-04-01T00:00:00+05:30","2026-04-30T22:00:00+05:30","Strong"
"2026-04","PROJ_051","Jaipur","pm10",720,620,0,100,86.11,"2026-04-01T00:00:00+05:30","2026-04-30T22:00:00+05:30","Strong"
"2026-04","PROJ_051","Jaipur","no2",720,620,0,100,86.11,"2026-04-01T00:00:00+05:30","2026-04-30T22:00:00+05:30","Strong"
"2026-04","PROJ_051","Jaipur","so2",720,618,2,102,85.83,"2026-04-01T00:00:00+05:30","2026-04-30T22:00:00+05:30","Strong"
"2026-04","PROJ_051","Jaipur","co",720,620,0,100,86.11,"2026-04-01T00:00:00+05:30","2026-04-30T22:00:00+05:30","Strong"
"2026-04","PROJ_051","Jaipur","o3",720,620,0,100,86.11,"2026-04-01T00:00:00+05:30","2026-04-30T22:00:00+05:30","Strong"
"2026-04","PROJ_063","Lucknow","pm2_5",720,683,0,37,94.86,"2026-04-01T00:00:00+05:30","2026-04-30T22:00:00+05:30","Strong"
"2026-04","PROJ_063","Lucknow","pm10",720,683,0,37,94.86,"2026-04-01T00:00:00+05:30","2026-04-30T22:00:00+05:30","Strong"
"2026-04","PROJ_063","Lucknow","no2",720,683,0,37,94.86,"2026-04-01T00:00:00+05:30","2026-04-30T22:00:00+05:30","Strong"
"2026-04","PROJ_063","Lucknow","so2",720,683,0,37,94.86,"2026-04-01T00:00:00+05:30","2026-04-30T22:00:00+05:30","Strong"
"2026-04","PROJ_063","Lucknow","co",720,683,0,37,94.86,"2026-04-01T00:00:00+05:30","2026-04-30T22:00:00+05:30","Strong"
"2026-04","PROJ_063","Lucknow","o3",720,683,0,37,94.86,"2026-04-01T00:00:00+05:30","2026-04-30T22:00:00+05:30","Strong"
"2026-04","PROJ_092","Mumbai","pm2_5",720,505,0,215,70.14,"2026-04-01T00:00:00+05:30","2026-04-30T22:00:00+05:30","Usable"
"2026-04","PROJ_092","Mumbai","pm10",720,505,0,215,70.14,"2026-04-01T00:00:00+05:30","2026-04-30T22:00:00+05:30","Usable"
"2026-04","PROJ_092","Mumbai","no2",720,505,0,215,70.14,"2026-04-01T00:00:00+05:30","2026-04-30T22:00:00+05:30","Usable"
"2026-04","PROJ_092","Mumbai","so2",720,505,0,215,70.14,"2026-04-01T00:00:00+05:30","2026-04-30T22:00:00+05:30","Usable"
"2026-04","PROJ_092","Mumbai","co",720,505,0,215,70.14,"2026-04-01T00:00:00+05:30","2026-04-30T22:00:00+05:30","Usable"
"2026-04","PROJ_092","Mumbai","o3",720,505,0,215,70.14,"2026-04-01T00:00:00+05:30","2026-04-30T22:00:00+05:30","Usable"
"2026-04","PROJ_101","Bengaluru","pm2_5",720,682,0,38,94.72,"2026-04-01T00:00:00+05:30","2026-04-30T22:00:00+05:30","Strong"
"2026-04","PROJ_101","Bengaluru","pm10",720,682,0,38,94.72,"2026-04-01T00:00:00+05:30","2026-04-30T22:00:00+05:30","Strong"
"2026-04","PROJ_101","Bengaluru","no2",720,552,0,168,76.67,"2026-04-01T00:00:00+05:30","2026-04-30T22:00:00+05:30","Strong"
"2026-04","PROJ_101","Bengaluru","so2",720,655,0,65,90.97,"2026-04-01T00:00:00+05:30","2026-04-30T22:00:00+05:30","Strong"
"2026-04","PROJ_101","Bengaluru","co",720,679,0,41,94.31,"2026-04-01T00:00:00+05:30","2026-04-30T22:00:00+05:30","Strong"
"2026-04","PROJ_101","Bengaluru","o3",720,652,0,68,90.56,"2026-04-01T00:00:00+05:30","2026-04-30T22:00:00+05:30","Strong"
"2026-04","PROJ_133","Patna","pm2_5",720,675,0,45,93.75,"2026-04-01T00:00:00+05:30","2026-04-30T22:00:00+05:30","Strong"
"2026-04","PROJ_133","Patna","pm10",720,675,0,45,93.75,"2026-04-01T00:00:00+05:30","2026-04-30T22:00:00+05:30","Strong"
"2026-04","PROJ_133","Patna","no2",720,675,0,45,93.75,"2026-04-01T00:00:00+05:30","2026-04-30T22:00:00+05:30","Strong"
"2026-04","PROJ_133","Patna","so2",720,675,0,45,93.75,"2026-04-01T00:00:00+05:30","2026-04-30T22:00:00+05:30","Strong"
"2026-04","PROJ_133","Patna","co",720,673,2,47,93.47,"2026-04-01T00:00:00+05:30","2026-04-30T22:00:00+05:30","Strong"
"2026-04","PROJ_133","Patna","o3",720,675,0,45,93.75,"2026-04-01T00:00:00+05:30","2026-04-30T22:00:00+05:30","Strong"
"2026-04","PROJ_142","Guwahati","pm2_5",720,679,0,41,94.31,"2026-04-01T00:00:00+05:30","2026-04-30T22:00:00+05:30","Strong"
"2026-04","PROJ_142","Guwahati","pm10",720,679,0,41,94.31,"2026-04-01T00:00:00+05:30","2026-04-30T22:00:00+05:30","Strong"
"2026-04","PROJ_142","Guwahati","no2",720,679,0,41,94.31,"2026-04-01T00:00:00+05:30","2026-04-30T22:00:00+05:30","Strong"
"2026-04","PROJ_142","Guwahati","so2",720,679,0,41,94.31,"2026-04-01T00:00:00+05:30","2026-04-30T22:00:00+05:30","Strong"
"2026-04","PROJ_142","Guwahati","co",720,679,0,41,94.31,"2026-04-01T00:00:00+05:30","2026-04-30T22:00:00+05:30","Strong"
"2026-04","PROJ_142","Guwahati","o3",720,679,0,41,94.31,"2026-04-01T00:00:00+05:30","2026-04-30T22:00:00+05:30","Strong"
"2026-04","PROJ_144","Bhopal","pm2_5",720,681,0,39,94.58,"2026-04-01T00:00:00+05:30","2026-04-30T22:00:00+05:30","Strong"
"2026-04","PROJ_144","Bhopal","pm10",720,681,0,39,94.58,"2026-04-01T00:00:00+05:30","2026-04-30T22:00:00+05:30","Strong"
"2026-04","PROJ_144","Bhopal","no2",720,679,0,41,94.31,"2026-04-01T00:00:00+05:30","2026-04-30T22:00:00+05:30","Strong"
"2026-04","PROJ_144","Bhopal","so2",720,679,0,41,94.31,"2026-04-01T00:00:00+05:30","2026-04-30T22:00:00+05:30","Strong"
"2026-04","PROJ_144","Bhopal","co",720,676,0,44,93.89,"2026-04-01T00:00:00+05:30","2026-04-30T22:00:00+05:30","Strong"
"2026-04","PROJ_144","Bhopal","o3",720,678,0,42,94.17,"2026-04-01T00:00:00+05:30","2026-04-30T22:00:00+05:30","Strong"
"2026-04","PROJ_158","Pune","pm2_5",720,642,0,78,89.17,"2026-04-01T00:00:00+05:30","2026-04-30T22:00:00+05:30","Strong"
"2026-04","PROJ_158","Pune","pm10",720,642,0,78,89.17,"2026-04-01T00:00:00+05:30","2026-04-30T22:00:00+05:30","Strong"
"2026-04","PROJ_158","Pune","no2",720,642,0,78,89.17,"2026-04-01T00:00:00+05:30","2026-04-30T22:00:00+05:30","Strong"
"2026-04","PROJ_158","Pune","so2",720,642,0,78,89.17,"2026-04-01T00:00:00+05:30","2026-04-30T22:00:00+05:30","Strong"
"2026-04","PROJ_158","Pune","co",720,642,0,78,89.17,"2026-04-01T00:00:00+05:30","2026-04-30T22:00:00+05:30","Strong"
"2026-04","PROJ_158","Pune","o3",720,642,0,78,89.17,"2026-04-01T00:00:00+05:30","2026-04-30T22:00:00+05:30","Strong"
"2026-04","PROJ_179","Hyderabad","pm2_5",720,629,0,91,87.36,"2026-04-01T00:00:00+05:30","2026-04-30T22:00:00+05:30","Strong"
"2026-04","PROJ_179","Hyderabad","pm10",720,629,0,91,87.36,"2026-04-01T00:00:00+05:30","2026-04-30T22:00:00+05:30","Strong"
"2026-04","PROJ_179","Hyderabad","no2",720,629,0,91,87.36,"2026-04-01T00:00:00+05:30","2026-04-30T22:00:00+05:30","Strong"
"2026-04","PROJ_179","Hyderabad","so2",720,629,0,91,87.36,"2026-04-01T00:00:00+05:30","2026-04-30T22:00:00+05:30","Strong"
"2026-04","PROJ_179","Hyderabad","co",720,629,0,91,87.36,"2026-04-01T00:00:00+05:30","2026-04-30T22:00:00+05:30","Strong"
"2026-04","PROJ_179","Hyderabad","o3",720,629,0,91,87.36,"2026-04-01T00:00:00+05:30","2026-04-30T22:00:00+05:30","Strong"
"2026-04","PROJ_180","Hyderabad","pm2_5",720,628,0,92,87.22,"2026-04-01T00:00:00+05:30","2026-04-30T22:00:00+05:30","Strong"
"2026-04","PROJ_180","Hyderabad","pm10",720,628,0,92,87.22,"2026-04-01T00:00:00+05:30","2026-04-30T22:00:00+05:30","Strong"
"2026-04","PROJ_180","Hyderabad","no2",720,628,0,92,87.22,"2026-04-01T00:00:00+05:30","2026-04-30T22:00:00+05:30","Strong"
"2026-04","PROJ_180","Hyderabad","so2",720,628,0,92,87.22,"2026-04-01T00:00:00+05:30","2026-04-30T22:00:00+05:30","Strong"
"2026-04","PROJ_180","Hyderabad","co",720,628,0,92,87.22,"2026-04-01T00:00:00+05:30","2026-04-30T22:00:00+05:30","Strong"
"2026-04","PROJ_180","Hyderabad","o3",720,628,0,92,87.22,"2026-04-01T00:00:00+05:30","2026-04-30T22:00:00+05:30","Strong"
"2026-04","PROJ_181","Hyderabad","pm2_5",720,678,0,42,94.17,"2026-04-01T00:00:00+05:30","2026-04-30T22:00:00+05:30","Strong"
"2026-04","PROJ_181","Hyderabad","pm10",720,678,0,42,94.17,"2026-04-01T00:00:00+05:30","2026-04-30T22:00:00+05:30","Strong"
"2026-04","PROJ_181","Hyderabad","no2",720,678,0,42,94.17,"2026-04-01T00:00:00+05:30","2026-04-30T22:00:00+05:30","Strong"
"2026-04","PROJ_181","Hyderabad","so2",720,678,0,42,94.17,"2026-04-01T00:00:00+05:30","2026-04-30T22:00:00+05:30","Strong"
"2026-04","PROJ_181","Hyderabad","co",720,678,0,42,94.17,"2026-04-01T00:00:00+05:30","2026-04-30T22:00:00+05:30","Strong"
"2026-04","PROJ_181","Hyderabad","o3",720,678,0,42,94.17,"2026-04-01T00:00:00+05:30","2026-04-30T22:00:00+05:30","Strong"
"2026-04","PROJ_186","Hyderabad","pm2_5",720,602,0,118,83.61,"2026-04-01T00:00:00+05:30","2026-04-30T22:00:00+05:30","Strong"
"2026-04","PROJ_186","Hyderabad","pm10",720,602,0,118,83.61,"2026-04-01T00:00:00+05:30","2026-04-30T22:00:00+05:30","Strong"
"2026-04","PROJ_186","Hyderabad","no2",720,601,0,119,83.47,"2026-04-01T00:00:00+05:30","2026-04-30T22:00:00+05:30","Strong"
"2026-04","PROJ_186","Hyderabad","so2",720,601,0,119,83.47,"2026-04-01T00:00:00+05:30","2026-04-30T22:00:00+05:30","Strong"
"2026-04","PROJ_186","Hyderabad","co",720,601,0,119,83.47,"2026-04-01T00:00:00+05:30","2026-04-30T22:00:00+05:30","Strong"
"2026-04","PROJ_186","Hyderabad","o3",720,601,0,119,83.47,"2026-04-01T00:00:00+05:30","2026-04-30T22:00:00+05:30","Strong"
"2026-04","PROJ_094","Kolkata","pm2_5",720,684,0,36,95,"2026-04-01T00:00:00+05:30","2026-04-30T22:00:00+05:30","Strong"
"2026-04","PROJ_094","Kolkata","pm10",720,684,0,36,95,"2026-04-01T00:00:00+05:30","2026-04-30T22:00:00+05:30","Strong"
"2026-04","PROJ_094","Kolkata","no2",720,685,0,35,95.14,"2026-04-01T00:00:00+05:30","2026-04-30T22:00:00+05:30","Strong"
"2026-04","PROJ_094","Kolkata","so2",720,685,0,35,95.14,"2026-04-01T00:00:00+05:30","2026-04-30T22:00:00+05:30","Strong"
"2026-04","PROJ_094","Kolkata","co",720,685,0,35,95.14,"2026-04-01T00:00:00+05:30","2026-04-30T22:00:00+05:30","Strong"
"2026-04","PROJ_094","Kolkata","o3",720,685,0,35,95.14,"2026-04-01T00:00:00+05:30","2026-04-30T22:00:00+05:30","Strong"
"2026-05","PROJ_002","Delhi","pm2_5",744,661,0,83,88.84,"2026-05-01T00:00:00+05:30","2026-05-31T22:00:00+05:30","Strong"
"2026-05","PROJ_002","Delhi","pm10",744,668,0,76,89.78,"2026-05-01T00:00:00+05:30","2026-05-31T22:00:00+05:30","Strong"
"2026-05","PROJ_002","Delhi","no2",744,665,0,79,89.38,"2026-05-01T00:00:00+05:30","2026-05-31T22:00:00+05:30","Strong"
"2026-05","PROJ_002","Delhi","so2",744,608,0,136,81.72,"2026-05-01T00:00:00+05:30","2026-05-31T22:00:00+05:30","Strong"
"2026-05","PROJ_002","Delhi","co",744,649,0,95,87.23,"2026-05-01T00:00:00+05:30","2026-05-31T22:00:00+05:30","Strong"
"2026-05","PROJ_002","Delhi","o3",744,668,0,76,89.78,"2026-05-01T00:00:00+05:30","2026-05-31T22:00:00+05:30","Strong"
"2026-05","PROJ_007","Hyderabad","pm2_5",744,582,0,162,78.23,"2026-05-01T00:00:00+05:30","2026-05-31T22:00:00+05:30","Strong"
"2026-05","PROJ_007","Hyderabad","pm10",744,582,0,162,78.23,"2026-05-01T00:00:00+05:30","2026-05-31T22:00:00+05:30","Strong"
"2026-05","PROJ_007","Hyderabad","no2",744,583,0,161,78.36,"2026-05-01T00:00:00+05:30","2026-05-31T22:00:00+05:30","Strong"
"2026-05","PROJ_007","Hyderabad","so2",744,583,0,161,78.36,"2026-05-01T00:00:00+05:30","2026-05-31T22:00:00+05:30","Strong"
"2026-05","PROJ_007","Hyderabad","co",744,583,0,161,78.36,"2026-05-01T00:00:00+05:30","2026-05-31T22:00:00+05:30","Strong"
"2026-05","PROJ_007","Hyderabad","o3",744,583,0,161,78.36,"2026-05-01T00:00:00+05:30","2026-05-31T22:00:00+05:30","Strong"
"2026-05","PROJ_019","Chennai","pm2_5",744,649,0,95,87.23,"2026-05-01T00:00:00+05:30","2026-05-31T22:00:00+05:30","Strong"
"2026-05","PROJ_019","Chennai","pm10",744,645,4,99,86.69,"2026-05-01T00:00:00+05:30","2026-05-31T22:00:00+05:30","Strong"
"2026-05","PROJ_019","Chennai","no2",744,649,0,95,87.23,"2026-05-01T00:00:00+05:30","2026-05-31T22:00:00+05:30","Strong"
"2026-05","PROJ_019","Chennai","so2",744,649,0,95,87.23,"2026-05-01T00:00:00+05:30","2026-05-31T22:00:00+05:30","Strong"
"2026-05","PROJ_019","Chennai","co",744,649,0,95,87.23,"2026-05-01T00:00:00+05:30","2026-05-31T22:00:00+05:30","Strong"
"2026-05","PROJ_019","Chennai","o3",744,649,0,95,87.23,"2026-05-01T00:00:00+05:30","2026-05-31T22:00:00+05:30","Strong"
"2026-05","PROJ_036","Hyderabad","pm2_5",744,0,0,744,0,NA,NA,"No Data"
"2026-05","PROJ_036","Hyderabad","pm10",744,0,0,744,0,NA,NA,"No Data"
"2026-05","PROJ_036","Hyderabad","no2",744,0,0,744,0,NA,NA,"No Data"
"2026-05","PROJ_036","Hyderabad","so2",744,0,0,744,0,NA,NA,"No Data"
"2026-05","PROJ_036","Hyderabad","co",744,0,0,744,0,NA,NA,"No Data"
"2026-05","PROJ_036","Hyderabad","o3",744,0,0,744,0,NA,NA,"No Data"
"2026-05","PROJ_042","Nagpur","pm2_5",744,658,0,86,88.44,"2026-05-01T00:00:00+05:30","2026-05-31T22:00:00+05:30","Strong"
"2026-05","PROJ_042","Nagpur","pm10",744,658,0,86,88.44,"2026-05-01T00:00:00+05:30","2026-05-31T22:00:00+05:30","Strong"
"2026-05","PROJ_042","Nagpur","no2",744,658,0,86,88.44,"2026-05-01T00:00:00+05:30","2026-05-31T22:00:00+05:30","Strong"
"2026-05","PROJ_042","Nagpur","so2",744,658,0,86,88.44,"2026-05-01T00:00:00+05:30","2026-05-31T22:00:00+05:30","Strong"
"2026-05","PROJ_042","Nagpur","co",744,658,0,86,88.44,"2026-05-01T00:00:00+05:30","2026-05-31T22:00:00+05:30","Strong"
"2026-05","PROJ_042","Nagpur","o3",744,658,0,86,88.44,"2026-05-01T00:00:00+05:30","2026-05-31T22:00:00+05:30","Strong"
"2026-05","PROJ_044","Hyderabad","pm2_5",744,588,0,156,79.03,"2026-05-01T00:00:00+05:30","2026-05-30T16:00:00+05:30","Strong"
"2026-05","PROJ_044","Hyderabad","pm10",744,571,0,173,76.75,"2026-05-01T00:00:00+05:30","2026-05-30T16:00:00+05:30","Strong"
"2026-05","PROJ_044","Hyderabad","no2",744,614,0,130,82.53,"2026-05-01T00:00:00+05:30","2026-05-30T16:00:00+05:30","Strong"
"2026-05","PROJ_044","Hyderabad","so2",744,614,0,130,82.53,"2026-05-01T00:00:00+05:30","2026-05-30T16:00:00+05:30","Strong"
"2026-05","PROJ_044","Hyderabad","co",744,614,0,130,82.53,"2026-05-01T00:00:00+05:30","2026-05-30T16:00:00+05:30","Strong"
"2026-05","PROJ_044","Hyderabad","o3",744,606,0,138,81.45,"2026-05-01T00:00:00+05:30","2026-05-30T16:00:00+05:30","Strong"
"2026-05","PROJ_048","Visakhapatnam","pm2_5",744,641,0,103,86.16,"2026-05-01T00:00:00+05:30","2026-05-31T22:00:00+05:30","Strong"
"2026-05","PROJ_048","Visakhapatnam","pm10",744,670,0,74,90.05,"2026-05-01T00:00:00+05:30","2026-05-31T22:00:00+05:30","Strong"
"2026-05","PROJ_048","Visakhapatnam","no2",744,679,0,65,91.26,"2026-05-01T00:00:00+05:30","2026-05-31T22:00:00+05:30","Strong"
"2026-05","PROJ_048","Visakhapatnam","so2",744,667,0,77,89.65,"2026-05-01T00:00:00+05:30","2026-05-31T22:00:00+05:30","Strong"
"2026-05","PROJ_048","Visakhapatnam","co",744,623,0,121,83.74,"2026-05-01T00:00:00+05:30","2026-05-31T21:00:00+05:30","Strong"
"2026-05","PROJ_048","Visakhapatnam","o3",744,682,0,62,91.67,"2026-05-01T00:00:00+05:30","2026-05-31T22:00:00+05:30","Strong"
"2026-05","PROJ_050","Ahmedabad","pm2_5",744,694,0,50,93.28,"2026-05-01T00:00:00+05:30","2026-05-31T22:00:00+05:30","Strong"
"2026-05","PROJ_050","Ahmedabad","pm10",744,694,0,50,93.28,"2026-05-01T00:00:00+05:30","2026-05-31T22:00:00+05:30","Strong"
"2026-05","PROJ_050","Ahmedabad","no2",744,680,14,64,91.4,"2026-05-01T00:00:00+05:30","2026-05-31T22:00:00+05:30","Strong"
"2026-05","PROJ_050","Ahmedabad","so2",744,692,2,52,93.01,"2026-05-01T00:00:00+05:30","2026-05-31T22:00:00+05:30","Strong"
"2026-05","PROJ_050","Ahmedabad","co",744,694,0,50,93.28,"2026-05-01T00:00:00+05:30","2026-05-31T22:00:00+05:30","Strong"
"2026-05","PROJ_050","Ahmedabad","o3",744,694,0,50,93.28,"2026-05-01T00:00:00+05:30","2026-05-31T22:00:00+05:30","Strong"
"2026-05","PROJ_051","Jaipur","pm2_5",744,645,0,99,86.69,"2026-05-01T00:00:00+05:30","2026-05-31T22:00:00+05:30","Strong"
"2026-05","PROJ_051","Jaipur","pm10",744,645,0,99,86.69,"2026-05-01T00:00:00+05:30","2026-05-31T22:00:00+05:30","Strong"
"2026-05","PROJ_051","Jaipur","no2",744,645,0,99,86.69,"2026-05-01T00:00:00+05:30","2026-05-31T22:00:00+05:30","Strong"
"2026-05","PROJ_051","Jaipur","so2",744,646,0,98,86.83,"2026-05-01T00:00:00+05:30","2026-05-31T22:00:00+05:30","Strong"
"2026-05","PROJ_051","Jaipur","co",744,645,0,99,86.69,"2026-05-01T00:00:00+05:30","2026-05-31T22:00:00+05:30","Strong"
"2026-05","PROJ_051","Jaipur","o3",744,645,0,99,86.69,"2026-05-01T00:00:00+05:30","2026-05-31T22:00:00+05:30","Strong"
"2026-05","PROJ_063","Lucknow","pm2_5",744,694,0,50,93.28,"2026-05-01T00:00:00+05:30","2026-05-31T22:00:00+05:30","Strong"
"2026-05","PROJ_063","Lucknow","pm10",744,694,0,50,93.28,"2026-05-01T00:00:00+05:30","2026-05-31T22:00:00+05:30","Strong"
"2026-05","PROJ_063","Lucknow","no2",744,694,0,50,93.28,"2026-05-01T00:00:00+05:30","2026-05-31T22:00:00+05:30","Strong"
"2026-05","PROJ_063","Lucknow","so2",744,694,0,50,93.28,"2026-05-01T00:00:00+05:30","2026-05-31T22:00:00+05:30","Strong"
"2026-05","PROJ_063","Lucknow","co",744,694,0,50,93.28,"2026-05-01T00:00:00+05:30","2026-05-31T22:00:00+05:30","Strong"
"2026-05","PROJ_063","Lucknow","o3",744,694,0,50,93.28,"2026-05-01T00:00:00+05:30","2026-05-31T22:00:00+05:30","Strong"
"2026-05","PROJ_092","Mumbai","pm2_5",744,620,0,124,83.33,"2026-05-01T00:00:00+05:30","2026-05-31T22:00:00+05:30","Strong"
"2026-05","PROJ_092","Mumbai","pm10",744,617,0,127,82.93,"2026-05-01T00:00:00+05:30","2026-05-31T22:00:00+05:30","Strong"
"2026-05","PROJ_092","Mumbai","no2",744,619,0,125,83.2,"2026-05-01T00:00:00+05:30","2026-05-31T22:00:00+05:30","Strong"
"2026-05","PROJ_092","Mumbai","so2",744,614,0,130,82.53,"2026-05-01T00:00:00+05:30","2026-05-31T22:00:00+05:30","Strong"
"2026-05","PROJ_092","Mumbai","co",744,613,0,131,82.39,"2026-05-01T00:00:00+05:30","2026-05-31T22:00:00+05:30","Strong"
"2026-05","PROJ_092","Mumbai","o3",744,613,0,131,82.39,"2026-05-01T00:00:00+05:30","2026-05-31T22:00:00+05:30","Strong"
"2026-05","PROJ_101","Bengaluru","pm2_5",744,691,0,53,92.88,"2026-05-01T00:00:00+05:30","2026-05-31T22:00:00+05:30","Strong"
"2026-05","PROJ_101","Bengaluru","pm10",744,691,0,53,92.88,"2026-05-01T00:00:00+05:30","2026-05-31T22:00:00+05:30","Strong"
"2026-05","PROJ_101","Bengaluru","no2",744,626,0,118,84.14,"2026-05-01T00:00:00+05:30","2026-05-29T04:00:00+05:30","Strong"
"2026-05","PROJ_101","Bengaluru","so2",744,611,0,133,82.12,"2026-05-01T00:00:00+05:30","2026-05-31T22:00:00+05:30","Strong"
"2026-05","PROJ_101","Bengaluru","co",744,675,0,69,90.73,"2026-05-01T00:00:00+05:30","2026-05-31T22:00:00+05:30","Strong"
"2026-05","PROJ_101","Bengaluru","o3",744,616,0,128,82.8,"2026-05-01T00:00:00+05:30","2026-05-31T22:00:00+05:30","Strong"
"2026-05","PROJ_133","Patna","pm2_5",744,676,0,68,90.86,"2026-05-01T00:00:00+05:30","2026-05-31T22:00:00+05:30","Strong"
"2026-05","PROJ_133","Patna","pm10",744,676,0,68,90.86,"2026-05-01T00:00:00+05:30","2026-05-31T22:00:00+05:30","Strong"
"2026-05","PROJ_133","Patna","no2",744,676,0,68,90.86,"2026-05-01T00:00:00+05:30","2026-05-31T22:00:00+05:30","Strong"
"2026-05","PROJ_133","Patna","so2",744,674,2,70,90.59,"2026-05-01T00:00:00+05:30","2026-05-31T22:00:00+05:30","Strong"
"2026-05","PROJ_133","Patna","co",744,676,0,68,90.86,"2026-05-01T00:00:00+05:30","2026-05-31T22:00:00+05:30","Strong"
"2026-05","PROJ_133","Patna","o3",744,676,0,68,90.86,"2026-05-01T00:00:00+05:30","2026-05-31T22:00:00+05:30","Strong"
"2026-05","PROJ_142","Guwahati","pm2_5",744,688,0,56,92.47,"2026-05-01T00:00:00+05:30","2026-05-31T22:00:00+05:30","Strong"
"2026-05","PROJ_142","Guwahati","pm10",744,688,0,56,92.47,"2026-05-01T00:00:00+05:30","2026-05-31T22:00:00+05:30","Strong"
"2026-05","PROJ_142","Guwahati","no2",744,688,0,56,92.47,"2026-05-01T00:00:00+05:30","2026-05-31T22:00:00+05:30","Strong"
"2026-05","PROJ_142","Guwahati","so2",744,688,0,56,92.47,"2026-05-01T00:00:00+05:30","2026-05-31T22:00:00+05:30","Strong"
"2026-05","PROJ_142","Guwahati","co",744,688,0,56,92.47,"2026-05-01T00:00:00+05:30","2026-05-31T22:00:00+05:30","Strong"
"2026-05","PROJ_142","Guwahati","o3",744,688,0,56,92.47,"2026-05-01T00:00:00+05:30","2026-05-31T22:00:00+05:30","Strong"
"2026-05","PROJ_144","Bhopal","pm2_5",744,677,0,67,90.99,"2026-05-01T00:00:00+05:30","2026-05-31T22:00:00+05:30","Strong"
"2026-05","PROJ_144","Bhopal","pm10",744,676,0,68,90.86,"2026-05-01T00:00:00+05:30","2026-05-31T22:00:00+05:30","Strong"
"2026-05","PROJ_144","Bhopal","no2",744,673,0,71,90.46,"2026-05-01T00:00:00+05:30","2026-05-31T22:00:00+05:30","Strong"
"2026-05","PROJ_144","Bhopal","so2",744,667,0,77,89.65,"2026-05-01T00:00:00+05:30","2026-05-31T22:00:00+05:30","Strong"
"2026-05","PROJ_144","Bhopal","co",744,674,0,70,90.59,"2026-05-01T00:00:00+05:30","2026-05-31T22:00:00+05:30","Strong"
"2026-05","PROJ_144","Bhopal","o3",744,675,0,69,90.73,"2026-05-01T00:00:00+05:30","2026-05-31T22:00:00+05:30","Strong"
"2026-05","PROJ_158","Pune","pm2_5",744,687,0,57,92.34,"2026-05-01T00:00:00+05:30","2026-05-31T22:00:00+05:30","Strong"
"2026-05","PROJ_158","Pune","pm10",744,687,0,57,92.34,"2026-05-01T00:00:00+05:30","2026-05-31T22:00:00+05:30","Strong"
"2026-05","PROJ_158","Pune","no2",744,687,0,57,92.34,"2026-05-01T00:00:00+05:30","2026-05-31T22:00:00+05:30","Strong"
"2026-05","PROJ_158","Pune","so2",744,687,0,57,92.34,"2026-05-01T00:00:00+05:30","2026-05-31T22:00:00+05:30","Strong"
"2026-05","PROJ_158","Pune","co",744,687,0,57,92.34,"2026-05-01T00:00:00+05:30","2026-05-31T22:00:00+05:30","Strong"
"2026-05","PROJ_158","Pune","o3",744,687,0,57,92.34,"2026-05-01T00:00:00+05:30","2026-05-31T22:00:00+05:30","Strong"
"2026-05","PROJ_179","Hyderabad","pm2_5",744,627,0,117,84.27,"2026-05-01T00:00:00+05:30","2026-05-31T20:00:00+05:30","Strong"
"2026-05","PROJ_179","Hyderabad","pm10",744,627,0,117,84.27,"2026-05-01T00:00:00+05:30","2026-05-31T20:00:00+05:30","Strong"
"2026-05","PROJ_179","Hyderabad","no2",744,626,0,118,84.14,"2026-05-01T00:00:00+05:30","2026-05-31T20:00:00+05:30","Strong"
"2026-05","PROJ_179","Hyderabad","so2",744,626,0,118,84.14,"2026-05-01T00:00:00+05:30","2026-05-31T20:00:00+05:30","Strong"
"2026-05","PROJ_179","Hyderabad","co",744,624,2,120,83.87,"2026-05-01T00:00:00+05:30","2026-05-31T20:00:00+05:30","Strong"
"2026-05","PROJ_179","Hyderabad","o3",744,626,0,118,84.14,"2026-05-01T00:00:00+05:30","2026-05-31T20:00:00+05:30","Strong"
"2026-05","PROJ_180","Hyderabad","pm2_5",744,618,0,126,83.06,"2026-05-01T00:00:00+05:30","2026-05-31T18:00:00+05:30","Strong"
"2026-05","PROJ_180","Hyderabad","pm10",744,618,0,126,83.06,"2026-05-01T00:00:00+05:30","2026-05-31T18:00:00+05:30","Strong"
"2026-05","PROJ_180","Hyderabad","no2",744,618,0,126,83.06,"2026-05-01T00:00:00+05:30","2026-05-31T18:00:00+05:30","Strong"
"2026-05","PROJ_180","Hyderabad","so2",744,618,0,126,83.06,"2026-05-01T00:00:00+05:30","2026-05-31T18:00:00+05:30","Strong"
"2026-05","PROJ_180","Hyderabad","co",744,618,0,126,83.06,"2026-05-01T00:00:00+05:30","2026-05-31T18:00:00+05:30","Strong"
"2026-05","PROJ_180","Hyderabad","o3",744,618,0,126,83.06,"2026-05-01T00:00:00+05:30","2026-05-31T18:00:00+05:30","Strong"
"2026-05","PROJ_181","Hyderabad","pm2_5",744,677,0,67,90.99,"2026-05-01T00:00:00+05:30","2026-05-31T22:00:00+05:30","Strong"
"2026-05","PROJ_181","Hyderabad","pm10",744,677,0,67,90.99,"2026-05-01T00:00:00+05:30","2026-05-31T22:00:00+05:30","Strong"
"2026-05","PROJ_181","Hyderabad","no2",744,677,0,67,90.99,"2026-05-01T00:00:00+05:30","2026-05-31T22:00:00+05:30","Strong"
"2026-05","PROJ_181","Hyderabad","so2",744,677,0,67,90.99,"2026-05-01T00:00:00+05:30","2026-05-31T22:00:00+05:30","Strong"
"2026-05","PROJ_181","Hyderabad","co",744,677,0,67,90.99,"2026-05-01T00:00:00+05:30","2026-05-31T22:00:00+05:30","Strong"
"2026-05","PROJ_181","Hyderabad","o3",744,677,0,67,90.99,"2026-05-01T00:00:00+05:30","2026-05-31T22:00:00+05:30","Strong"
"2026-05","PROJ_186","Hyderabad","pm2_5",744,568,0,176,76.34,"2026-05-01T00:00:00+05:30","2026-05-31T22:00:00+05:30","Strong"
"2026-05","PROJ_186","Hyderabad","pm10",744,568,0,176,76.34,"2026-05-01T00:00:00+05:30","2026-05-31T22:00:00+05:30","Strong"
"2026-05","PROJ_186","Hyderabad","no2",744,566,0,178,76.08,"2026-05-01T00:00:00+05:30","2026-05-31T22:00:00+05:30","Strong"
"2026-05","PROJ_186","Hyderabad","so2",744,566,0,178,76.08,"2026-05-01T00:00:00+05:30","2026-05-31T22:00:00+05:30","Strong"
"2026-05","PROJ_186","Hyderabad","co",744,566,0,178,76.08,"2026-05-01T00:00:00+05:30","2026-05-31T22:00:00+05:30","Strong"
"2026-05","PROJ_186","Hyderabad","o3",744,566,0,178,76.08,"2026-05-01T00:00:00+05:30","2026-05-31T22:00:00+05:30","Strong"
"2026-05","PROJ_094","Kolkata","pm2_5",744,692,0,52,93.01,"2026-05-01T00:00:00+05:30","2026-05-31T22:00:00+05:30","Strong"
"2026-05","PROJ_094","Kolkata","pm10",744,692,0,52,93.01,"2026-05-01T00:00:00+05:30","2026-05-31T22:00:00+05:30","Strong"
"2026-05","PROJ_094","Kolkata","no2",744,692,0,52,93.01,"2026-05-01T00:00:00+05:30","2026-05-31T22:00:00+05:30","Strong"
"2026-05","PROJ_094","Kolkata","so2",744,692,0,52,93.01,"2026-05-01T00:00:00+05:30","2026-05-31T22:00:00+05:30","Strong"
"2026-05","PROJ_094","Kolkata","co",744,692,0,52,93.01,"2026-05-01T00:00:00+05:30","2026-05-31T22:00:00+05:30","Strong"
"2026-05","PROJ_094","Kolkata","o3",744,692,0,52,93.01,"2026-05-01T00:00:00+05:30","2026-05-31T22:00:00+05:30","Strong"
"2026-06","PROJ_002","Delhi","pm2_5",720,626,0,94,86.94,"2026-06-01T00:00:00+05:30","2026-06-30T22:00:00+05:30","Strong"
"2026-06","PROJ_002","Delhi","pm10",720,608,1,112,84.44,"2026-06-01T00:00:00+05:30","2026-06-30T22:00:00+05:30","Strong"
"2026-06","PROJ_002","Delhi","no2",720,623,0,97,86.53,"2026-06-01T00:00:00+05:30","2026-06-30T22:00:00+05:30","Strong"
"2026-06","PROJ_002","Delhi","so2",720,572,0,148,79.44,"2026-06-01T00:00:00+05:30","2026-06-30T22:00:00+05:30","Strong"
"2026-06","PROJ_002","Delhi","co",720,592,0,128,82.22,"2026-06-01T00:00:00+05:30","2026-06-30T22:00:00+05:30","Strong"
"2026-06","PROJ_002","Delhi","o3",720,605,0,115,84.03,"2026-06-01T00:00:00+05:30","2026-06-30T22:00:00+05:30","Strong"
"2026-06","PROJ_007","Hyderabad","pm2_5",720,492,0,228,68.33,"2026-06-01T00:00:00+05:30","2026-06-30T22:00:00+05:30","Usable"
"2026-06","PROJ_007","Hyderabad","pm10",720,495,0,225,68.75,"2026-06-01T00:00:00+05:30","2026-06-30T22:00:00+05:30","Usable"
"2026-06","PROJ_007","Hyderabad","no2",720,500,0,220,69.44,"2026-06-01T00:00:00+05:30","2026-06-30T22:00:00+05:30","Usable"
"2026-06","PROJ_007","Hyderabad","so2",720,500,0,220,69.44,"2026-06-01T00:00:00+05:30","2026-06-30T22:00:00+05:30","Usable"
"2026-06","PROJ_007","Hyderabad","co",720,503,0,217,69.86,"2026-06-01T00:00:00+05:30","2026-06-30T22:00:00+05:30","Usable"
"2026-06","PROJ_007","Hyderabad","o3",720,506,0,214,70.28,"2026-06-01T00:00:00+05:30","2026-06-30T22:00:00+05:30","Usable"
"2026-06","PROJ_019","Chennai","pm2_5",720,605,2,115,84.03,"2026-06-01T00:00:00+05:30","2026-06-30T12:00:00+05:30","Strong"
"2026-06","PROJ_019","Chennai","pm10",720,576,2,144,80,"2026-06-01T00:00:00+05:30","2026-06-30T22:00:00+05:30","Strong"
"2026-06","PROJ_019","Chennai","no2",720,554,0,166,76.94,"2026-06-01T00:00:00+05:30","2026-06-30T17:00:00+05:30","Strong"
"2026-06","PROJ_019","Chennai","so2",720,564,0,156,78.33,"2026-06-01T00:00:00+05:30","2026-06-30T22:00:00+05:30","Strong"
"2026-06","PROJ_019","Chennai","co",720,627,0,93,87.08,"2026-06-01T00:00:00+05:30","2026-06-30T22:00:00+05:30","Strong"
"2026-06","PROJ_019","Chennai","o3",720,627,0,93,87.08,"2026-06-01T00:00:00+05:30","2026-06-30T22:00:00+05:30","Strong"
"2026-06","PROJ_036","Hyderabad","pm2_5",720,0,0,720,0,NA,NA,"No Data"
"2026-06","PROJ_036","Hyderabad","pm10",720,0,0,720,0,NA,NA,"No Data"
"2026-06","PROJ_036","Hyderabad","no2",720,0,0,720,0,NA,NA,"No Data"
"2026-06","PROJ_036","Hyderabad","so2",720,0,0,720,0,NA,NA,"No Data"
"2026-06","PROJ_036","Hyderabad","co",720,0,0,720,0,NA,NA,"No Data"
"2026-06","PROJ_036","Hyderabad","o3",720,0,0,720,0,NA,NA,"No Data"
"2026-06","PROJ_042","Nagpur","pm2_5",720,567,0,153,78.75,"2026-06-01T00:00:00+05:30","2026-06-30T22:00:00+05:30","Strong"
"2026-06","PROJ_042","Nagpur","pm10",720,567,0,153,78.75,"2026-06-01T00:00:00+05:30","2026-06-30T22:00:00+05:30","Strong"
"2026-06","PROJ_042","Nagpur","no2",720,585,0,135,81.25,"2026-06-01T00:00:00+05:30","2026-06-30T22:00:00+05:30","Strong"
"2026-06","PROJ_042","Nagpur","so2",720,585,0,135,81.25,"2026-06-01T00:00:00+05:30","2026-06-30T22:00:00+05:30","Strong"
"2026-06","PROJ_042","Nagpur","co",720,585,0,135,81.25,"2026-06-01T00:00:00+05:30","2026-06-30T22:00:00+05:30","Strong"
"2026-06","PROJ_042","Nagpur","o3",720,585,0,135,81.25,"2026-06-01T00:00:00+05:30","2026-06-30T22:00:00+05:30","Strong"
"2026-06","PROJ_044","Hyderabad","pm2_5",720,518,0,202,71.94,"2026-06-03T10:00:00+05:30","2026-06-30T22:00:00+05:30","Usable"
"2026-06","PROJ_044","Hyderabad","pm10",720,430,0,290,59.72,"2026-06-03T10:00:00+05:30","2026-06-30T22:00:00+05:30","Usable"
"2026-06","PROJ_044","Hyderabad","no2",720,569,0,151,79.03,"2026-06-03T10:00:00+05:30","2026-06-30T22:00:00+05:30","Strong"
"2026-06","PROJ_044","Hyderabad","so2",720,569,0,151,79.03,"2026-06-03T10:00:00+05:30","2026-06-30T22:00:00+05:30","Strong"
"2026-06","PROJ_044","Hyderabad","co",720,573,0,147,79.58,"2026-06-03T10:00:00+05:30","2026-06-30T22:00:00+05:30","Strong"
"2026-06","PROJ_044","Hyderabad","o3",720,573,0,147,79.58,"2026-06-03T10:00:00+05:30","2026-06-30T22:00:00+05:30","Strong"
"2026-06","PROJ_048","Visakhapatnam","pm2_5",720,606,0,114,84.17,"2026-06-01T00:00:00+05:30","2026-06-30T22:00:00+05:30","Strong"
"2026-06","PROJ_048","Visakhapatnam","pm10",720,605,0,115,84.03,"2026-06-01T00:00:00+05:30","2026-06-30T22:00:00+05:30","Strong"
"2026-06","PROJ_048","Visakhapatnam","no2",720,608,0,112,84.44,"2026-06-01T00:00:00+05:30","2026-06-30T22:00:00+05:30","Strong"
"2026-06","PROJ_048","Visakhapatnam","so2",720,606,0,114,84.17,"2026-06-01T00:00:00+05:30","2026-06-30T22:00:00+05:30","Strong"
"2026-06","PROJ_048","Visakhapatnam","co",720,511,0,209,70.97,"2026-06-01T01:00:00+05:30","2026-06-30T19:00:00+05:30","Usable"
"2026-06","PROJ_048","Visakhapatnam","o3",720,610,0,110,84.72,"2026-06-01T00:00:00+05:30","2026-06-30T22:00:00+05:30","Strong"
"2026-06","PROJ_050","Ahmedabad","pm2_5",720,631,0,89,87.64,"2026-06-01T00:00:00+05:30","2026-06-30T22:00:00+05:30","Strong"
"2026-06","PROJ_050","Ahmedabad","pm10",720,631,0,89,87.64,"2026-06-01T00:00:00+05:30","2026-06-30T22:00:00+05:30","Strong"
"2026-06","PROJ_050","Ahmedabad","no2",720,604,0,116,83.89,"2026-06-01T00:00:00+05:30","2026-06-30T22:00:00+05:30","Strong"
"2026-06","PROJ_050","Ahmedabad","so2",720,587,1,133,81.53,"2026-06-01T00:00:00+05:30","2026-06-30T22:00:00+05:30","Strong"
"2026-06","PROJ_050","Ahmedabad","co",720,631,0,89,87.64,"2026-06-01T00:00:00+05:30","2026-06-30T22:00:00+05:30","Strong"
"2026-06","PROJ_050","Ahmedabad","o3",720,628,3,92,87.22,"2026-06-01T00:00:00+05:30","2026-06-30T22:00:00+05:30","Strong"
"2026-06","PROJ_051","Jaipur","pm2_5",720,601,0,119,83.47,"2026-06-01T00:00:00+05:30","2026-06-30T22:00:00+05:30","Strong"
"2026-06","PROJ_051","Jaipur","pm10",720,603,0,117,83.75,"2026-06-01T00:00:00+05:30","2026-06-30T22:00:00+05:30","Strong"
"2026-06","PROJ_051","Jaipur","no2",720,597,0,123,82.92,"2026-06-01T00:00:00+05:30","2026-06-30T22:00:00+05:30","Strong"
"2026-06","PROJ_051","Jaipur","so2",720,599,0,121,83.19,"2026-06-01T00:00:00+05:30","2026-06-30T22:00:00+05:30","Strong"
"2026-06","PROJ_051","Jaipur","co",720,599,0,121,83.19,"2026-06-01T00:00:00+05:30","2026-06-30T22:00:00+05:30","Strong"
"2026-06","PROJ_051","Jaipur","o3",720,603,0,117,83.75,"2026-06-01T00:00:00+05:30","2026-06-30T22:00:00+05:30","Strong"
"2026-06","PROJ_063","Lucknow","pm2_5",720,625,1,95,86.81,"2026-06-01T00:00:00+05:30","2026-06-30T22:00:00+05:30","Strong"
"2026-06","PROJ_063","Lucknow","pm10",720,626,0,94,86.94,"2026-06-01T00:00:00+05:30","2026-06-30T22:00:00+05:30","Strong"
"2026-06","PROJ_063","Lucknow","no2",720,637,0,83,88.47,"2026-06-01T00:00:00+05:30","2026-06-30T22:00:00+05:30","Strong"
"2026-06","PROJ_063","Lucknow","so2",720,634,0,86,88.06,"2026-06-01T00:00:00+05:30","2026-06-30T22:00:00+05:30","Strong"
"2026-06","PROJ_063","Lucknow","co",720,637,0,83,88.47,"2026-06-01T00:00:00+05:30","2026-06-30T22:00:00+05:30","Strong"
"2026-06","PROJ_063","Lucknow","o3",720,637,0,83,88.47,"2026-06-01T00:00:00+05:30","2026-06-30T22:00:00+05:30","Strong"
"2026-06","PROJ_092","Mumbai","pm2_5",720,453,0,267,62.92,"2026-06-01T00:00:00+05:30","2026-06-27T11:00:00+05:30","Usable"
"2026-06","PROJ_092","Mumbai","pm10",720,452,0,268,62.78,"2026-06-01T00:00:00+05:30","2026-06-27T11:00:00+05:30","Usable"
"2026-06","PROJ_092","Mumbai","no2",720,536,0,184,74.44,"2026-06-01T00:00:00+05:30","2026-06-30T22:00:00+05:30","Usable"
"2026-06","PROJ_092","Mumbai","so2",720,535,0,185,74.31,"2026-06-01T00:00:00+05:30","2026-06-30T22:00:00+05:30","Usable"
"2026-06","PROJ_092","Mumbai","co",720,535,0,185,74.31,"2026-06-01T00:00:00+05:30","2026-06-30T22:00:00+05:30","Usable"
"2026-06","PROJ_092","Mumbai","o3",720,535,0,185,74.31,"2026-06-01T00:00:00+05:30","2026-06-30T22:00:00+05:30","Usable"
"2026-06","PROJ_101","Bengaluru","pm2_5",720,582,0,138,80.83,"2026-06-01T00:00:00+05:30","2026-06-30T22:00:00+05:30","Strong"
"2026-06","PROJ_101","Bengaluru","pm10",720,550,0,170,76.39,"2026-06-01T00:00:00+05:30","2026-06-30T22:00:00+05:30","Strong"
"2026-06","PROJ_101","Bengaluru","no2",720,373,0,347,51.81,"2026-06-10T17:00:00+05:30","2026-06-30T22:00:00+05:30","Usable"
"2026-06","PROJ_101","Bengaluru","so2",720,590,0,130,81.94,"2026-06-01T00:00:00+05:30","2026-06-30T22:00:00+05:30","Strong"
"2026-06","PROJ_101","Bengaluru","co",720,561,0,159,77.92,"2026-06-01T01:00:00+05:30","2026-06-30T22:00:00+05:30","Strong"
"2026-06","PROJ_101","Bengaluru","o3",720,587,0,133,81.53,"2026-06-01T00:00:00+05:30","2026-06-30T22:00:00+05:30","Strong"
"2026-06","PROJ_133","Patna","pm2_5",720,611,3,109,84.86,"2026-06-01T00:00:00+05:30","2026-06-30T22:00:00+05:30","Strong"
"2026-06","PROJ_133","Patna","pm10",720,613,0,107,85.14,"2026-06-01T00:00:00+05:30","2026-06-30T22:00:00+05:30","Strong"
"2026-06","PROJ_133","Patna","no2",720,617,0,103,85.69,"2026-06-01T00:00:00+05:30","2026-06-30T22:00:00+05:30","Strong"
"2026-06","PROJ_133","Patna","so2",720,591,24,129,82.08,"2026-06-01T00:00:00+05:30","2026-06-30T22:00:00+05:30","Strong"
"2026-06","PROJ_133","Patna","co",720,599,18,121,83.19,"2026-06-01T00:00:00+05:30","2026-06-30T22:00:00+05:30","Strong"
"2026-06","PROJ_133","Patna","o3",720,616,0,104,85.56,"2026-06-01T00:00:00+05:30","2026-06-30T22:00:00+05:30","Strong"
"2026-06","PROJ_142","Guwahati","pm2_5",720,571,0,149,79.31,"2026-06-01T00:00:00+05:30","2026-06-30T22:00:00+05:30","Strong"
"2026-06","PROJ_142","Guwahati","pm10",720,573,0,147,79.58,"2026-06-01T00:00:00+05:30","2026-06-30T22:00:00+05:30","Strong"
"2026-06","PROJ_142","Guwahati","no2",720,514,0,206,71.39,"2026-06-01T00:00:00+05:30","2026-06-30T22:00:00+05:30","Usable"
"2026-06","PROJ_142","Guwahati","so2",720,586,0,134,81.39,"2026-06-01T00:00:00+05:30","2026-06-30T22:00:00+05:30","Strong"
"2026-06","PROJ_142","Guwahati","co",720,586,0,134,81.39,"2026-06-01T00:00:00+05:30","2026-06-30T22:00:00+05:30","Strong"
"2026-06","PROJ_142","Guwahati","o3",720,526,1,194,73.06,"2026-06-01T00:00:00+05:30","2026-06-30T22:00:00+05:30","Usable"
"2026-06","PROJ_144","Bhopal","pm2_5",720,600,0,120,83.33,"2026-06-01T00:00:00+05:30","2026-06-30T22:00:00+05:30","Strong"
"2026-06","PROJ_144","Bhopal","pm10",720,613,0,107,85.14,"2026-06-01T00:00:00+05:30","2026-06-30T22:00:00+05:30","Strong"
"2026-06","PROJ_144","Bhopal","no2",720,620,0,100,86.11,"2026-06-01T00:00:00+05:30","2026-06-30T22:00:00+05:30","Strong"
"2026-06","PROJ_144","Bhopal","so2",720,614,0,106,85.28,"2026-06-01T00:00:00+05:30","2026-06-30T22:00:00+05:30","Strong"
"2026-06","PROJ_144","Bhopal","co",720,607,0,113,84.31,"2026-06-01T00:00:00+05:30","2026-06-30T22:00:00+05:30","Strong"
"2026-06","PROJ_144","Bhopal","o3",720,618,0,102,85.83,"2026-06-01T00:00:00+05:30","2026-06-30T22:00:00+05:30","Strong"
"2026-06","PROJ_158","Pune","pm2_5",720,626,0,94,86.94,"2026-06-01T00:00:00+05:30","2026-06-30T22:00:00+05:30","Strong"
"2026-06","PROJ_158","Pune","pm10",720,628,0,92,87.22,"2026-06-01T00:00:00+05:30","2026-06-30T22:00:00+05:30","Strong"
"2026-06","PROJ_158","Pune","no2",720,636,0,84,88.33,"2026-06-01T00:00:00+05:30","2026-06-30T22:00:00+05:30","Strong"
"2026-06","PROJ_158","Pune","so2",720,632,0,88,87.78,"2026-06-01T00:00:00+05:30","2026-06-30T22:00:00+05:30","Strong"
"2026-06","PROJ_158","Pune","co",720,636,0,84,88.33,"2026-06-01T00:00:00+05:30","2026-06-30T22:00:00+05:30","Strong"
"2026-06","PROJ_158","Pune","o3",720,636,0,84,88.33,"2026-06-01T00:00:00+05:30","2026-06-30T22:00:00+05:30","Strong"
"2026-06","PROJ_179","Hyderabad","pm2_5",720,559,0,161,77.64,"2026-06-01T08:00:00+05:30","2026-06-30T22:00:00+05:30","Strong"
"2026-06","PROJ_179","Hyderabad","pm10",720,557,0,163,77.36,"2026-06-01T08:00:00+05:30","2026-06-30T22:00:00+05:30","Strong"
"2026-06","PROJ_179","Hyderabad","no2",720,558,0,162,77.5,"2026-06-01T08:00:00+05:30","2026-06-30T22:00:00+05:30","Strong"
"2026-06","PROJ_179","Hyderabad","so2",720,552,1,168,76.67,"2026-06-01T08:00:00+05:30","2026-06-30T22:00:00+05:30","Strong"
"2026-06","PROJ_179","Hyderabad","co",720,559,0,161,77.64,"2026-06-01T08:00:00+05:30","2026-06-30T22:00:00+05:30","Strong"
"2026-06","PROJ_179","Hyderabad","o3",720,559,0,161,77.64,"2026-06-01T08:00:00+05:30","2026-06-30T22:00:00+05:30","Strong"
"2026-06","PROJ_180","Hyderabad","pm2_5",720,587,0,133,81.53,"2026-06-01T00:00:00+05:30","2026-06-30T22:00:00+05:30","Strong"
"2026-06","PROJ_180","Hyderabad","pm10",720,585,0,135,81.25,"2026-06-01T00:00:00+05:30","2026-06-30T22:00:00+05:30","Strong"
"2026-06","PROJ_180","Hyderabad","no2",720,586,0,134,81.39,"2026-06-01T00:00:00+05:30","2026-06-30T22:00:00+05:30","Strong"
"2026-06","PROJ_180","Hyderabad","so2",720,585,0,135,81.25,"2026-06-01T00:00:00+05:30","2026-06-30T22:00:00+05:30","Strong"
"2026-06","PROJ_180","Hyderabad","co",720,585,0,135,81.25,"2026-06-01T00:00:00+05:30","2026-06-30T22:00:00+05:30","Strong"
"2026-06","PROJ_180","Hyderabad","o3",720,587,0,133,81.53,"2026-06-01T00:00:00+05:30","2026-06-30T22:00:00+05:30","Strong"
"2026-06","PROJ_181","Hyderabad","pm2_5",720,598,2,122,83.06,"2026-06-01T00:00:00+05:30","2026-06-30T22:00:00+05:30","Strong"
"2026-06","PROJ_181","Hyderabad","pm10",720,600,0,120,83.33,"2026-06-01T00:00:00+05:30","2026-06-30T22:00:00+05:30","Strong"
"2026-06","PROJ_181","Hyderabad","no2",720,615,0,105,85.42,"2026-06-01T00:00:00+05:30","2026-06-30T22:00:00+05:30","Strong"
"2026-06","PROJ_181","Hyderabad","so2",720,616,0,104,85.56,"2026-06-01T00:00:00+05:30","2026-06-30T22:00:00+05:30","Strong"
"2026-06","PROJ_181","Hyderabad","co",720,616,0,104,85.56,"2026-06-01T00:00:00+05:30","2026-06-30T22:00:00+05:30","Strong"
"2026-06","PROJ_181","Hyderabad","o3",720,616,0,104,85.56,"2026-06-01T00:00:00+05:30","2026-06-30T22:00:00+05:30","Strong"
"2026-06","PROJ_186","Hyderabad","pm2_5",720,593,0,127,82.36,"2026-06-01T00:00:00+05:30","2026-06-30T22:00:00+05:30","Strong"
"2026-06","PROJ_186","Hyderabad","pm10",720,593,0,127,82.36,"2026-06-01T00:00:00+05:30","2026-06-30T22:00:00+05:30","Strong"
"2026-06","PROJ_186","Hyderabad","no2",720,594,0,126,82.5,"2026-06-01T00:00:00+05:30","2026-06-30T22:00:00+05:30","Strong"
"2026-06","PROJ_186","Hyderabad","so2",720,594,0,126,82.5,"2026-06-01T00:00:00+05:30","2026-06-30T22:00:00+05:30","Strong"
"2026-06","PROJ_186","Hyderabad","co",720,594,0,126,82.5,"2026-06-01T00:00:00+05:30","2026-06-30T22:00:00+05:30","Strong"
"2026-06","PROJ_186","Hyderabad","o3",720,594,0,126,82.5,"2026-06-01T00:00:00+05:30","2026-06-30T22:00:00+05:30","Strong"
"2026-06","PROJ_094","Kolkata","pm2_5",720,637,0,83,88.47,"2026-06-01T00:00:00+05:30","2026-06-30T22:00:00+05:30","Strong"
"2026-06","PROJ_094","Kolkata","pm10",720,637,0,83,88.47,"2026-06-01T00:00:00+05:30","2026-06-30T22:00:00+05:30","Strong"
"2026-06","PROJ_094","Kolkata","no2",720,637,0,83,88.47,"2026-06-01T00:00:00+05:30","2026-06-30T22:00:00+05:30","Strong"
"2026-06","PROJ_094","Kolkata","so2",720,637,0,83,88.47,"2026-06-01T00:00:00+05:30","2026-06-30T22:00:00+05:30","Strong"
"2026-06","PROJ_094","Kolkata","co",720,605,0,115,84.03,"2026-06-01T00:00:00+05:30","2026-06-30T22:00:00+05:30","Strong"
"2026-06","PROJ_094","Kolkata","o3",720,637,0,83,88.47,"2026-06-01T00:00:00+05:30","2026-06-30T22:00:00+05:30","Strong"
"2026-07","PROJ_002","Delhi","pm2_5",744,689,0,55,92.61,"2026-07-01T01:00:00+05:30","2026-07-31T22:00:00+05:30","Strong"
"2026-07","PROJ_002","Delhi","pm10",744,716,0,28,96.24,"2026-07-01T01:00:00+05:30","2026-07-31T22:00:00+05:30","Strong"
"2026-07","PROJ_002","Delhi","no2",744,719,0,25,96.64,"2026-07-01T01:00:00+05:30","2026-07-31T22:00:00+05:30","Strong"
"2026-07","PROJ_002","Delhi","so2",744,680,0,64,91.4,"2026-07-01T01:00:00+05:30","2026-07-31T22:00:00+05:30","Strong"
"2026-07","PROJ_002","Delhi","co",744,716,0,28,96.24,"2026-07-01T01:00:00+05:30","2026-07-31T22:00:00+05:30","Strong"
"2026-07","PROJ_002","Delhi","o3",744,676,0,68,90.86,"2026-07-01T01:00:00+05:30","2026-07-31T22:00:00+05:30","Strong"
"2026-07","PROJ_007","Hyderabad","pm2_5",744,574,0,170,77.15,"2026-07-01T01:00:00+05:30","2026-07-31T22:00:00+05:30","Strong"
"2026-07","PROJ_007","Hyderabad","pm10",744,578,0,166,77.69,"2026-07-01T01:00:00+05:30","2026-07-31T22:00:00+05:30","Strong"
"2026-07","PROJ_007","Hyderabad","no2",744,586,0,158,78.76,"2026-07-01T01:00:00+05:30","2026-07-31T22:00:00+05:30","Strong"
"2026-07","PROJ_007","Hyderabad","so2",744,580,0,164,77.96,"2026-07-01T01:00:00+05:30","2026-07-31T22:00:00+05:30","Strong"
"2026-07","PROJ_007","Hyderabad","co",744,597,0,147,80.24,"2026-07-01T01:00:00+05:30","2026-07-31T22:00:00+05:30","Strong"
"2026-07","PROJ_007","Hyderabad","o3",744,542,0,202,72.85,"2026-07-01T01:00:00+05:30","2026-07-31T22:00:00+05:30","Usable"
"2026-07","PROJ_019","Chennai","pm2_5",744,584,0,160,78.49,"2026-07-01T05:00:00+05:30","2026-07-31T22:00:00+05:30","Strong"
"2026-07","PROJ_019","Chennai","pm10",744,622,0,122,83.6,"2026-07-01T02:00:00+05:30","2026-07-31T22:00:00+05:30","Strong"
"2026-07","PROJ_019","Chennai","no2",744,607,0,137,81.59,"2026-07-01T05:00:00+05:30","2026-07-31T22:00:00+05:30","Strong"
"2026-07","PROJ_019","Chennai","so2",744,583,0,161,78.36,"2026-07-01T01:00:00+05:30","2026-07-31T22:00:00+05:30","Strong"
"2026-07","PROJ_019","Chennai","co",744,650,0,94,87.37,"2026-07-01T01:00:00+05:30","2026-07-31T22:00:00+05:30","Strong"
"2026-07","PROJ_019","Chennai","o3",744,647,0,97,86.96,"2026-07-01T01:00:00+05:30","2026-07-31T22:00:00+05:30","Strong"
"2026-07","PROJ_036","Hyderabad","pm2_5",744,0,0,744,0,NA,NA,"No Data"
"2026-07","PROJ_036","Hyderabad","pm10",744,0,0,744,0,NA,NA,"No Data"
"2026-07","PROJ_036","Hyderabad","no2",744,0,0,744,0,NA,NA,"No Data"
"2026-07","PROJ_036","Hyderabad","so2",744,0,0,744,0,NA,NA,"No Data"
"2026-07","PROJ_036","Hyderabad","co",744,0,0,744,0,NA,NA,"No Data"
"2026-07","PROJ_036","Hyderabad","o3",744,0,0,744,0,NA,NA,"No Data"
"2026-07","PROJ_042","Nagpur","pm2_5",744,695,0,49,93.41,"2026-07-01T01:00:00+05:30","2026-07-31T22:00:00+05:30","Strong"
"2026-07","PROJ_042","Nagpur","pm10",744,695,0,49,93.41,"2026-07-01T01:00:00+05:30","2026-07-31T22:00:00+05:30","Strong"
"2026-07","PROJ_042","Nagpur","no2",744,735,0,9,98.79,"2026-07-01T01:00:00+05:30","2026-07-31T22:00:00+05:30","Strong"
"2026-07","PROJ_042","Nagpur","so2",744,735,0,9,98.79,"2026-07-01T01:00:00+05:30","2026-07-31T22:00:00+05:30","Strong"
"2026-07","PROJ_042","Nagpur","co",744,735,0,9,98.79,"2026-07-01T01:00:00+05:30","2026-07-31T22:00:00+05:30","Strong"
"2026-07","PROJ_042","Nagpur","o3",744,735,0,9,98.79,"2026-07-01T01:00:00+05:30","2026-07-31T22:00:00+05:30","Strong"
"2026-07","PROJ_044","Hyderabad","pm2_5",744,624,0,120,83.87,"2026-07-01T01:00:00+05:30","2026-07-31T22:00:00+05:30","Strong"
"2026-07","PROJ_044","Hyderabad","pm10",744,539,0,205,72.45,"2026-07-01T01:00:00+05:30","2026-07-31T22:00:00+05:30","Usable"
"2026-07","PROJ_044","Hyderabad","no2",744,710,0,34,95.43,"2026-07-01T01:00:00+05:30","2026-07-31T22:00:00+05:30","Strong"
"2026-07","PROJ_044","Hyderabad","so2",744,707,0,37,95.03,"2026-07-01T01:00:00+05:30","2026-07-31T22:00:00+05:30","Strong"
"2026-07","PROJ_044","Hyderabad","co",744,725,0,19,97.45,"2026-07-01T01:00:00+05:30","2026-07-31T22:00:00+05:30","Strong"
"2026-07","PROJ_044","Hyderabad","o3",744,725,0,19,97.45,"2026-07-01T01:00:00+05:30","2026-07-31T22:00:00+05:30","Strong"
"2026-07","PROJ_048","Visakhapatnam","pm2_5",744,708,0,36,95.16,"2026-07-01T01:00:00+05:30","2026-07-31T22:00:00+05:30","Strong"
"2026-07","PROJ_048","Visakhapatnam","pm10",744,722,0,22,97.04,"2026-07-01T01:00:00+05:30","2026-07-31T22:00:00+05:30","Strong"
"2026-07","PROJ_048","Visakhapatnam","no2",744,723,0,21,97.18,"2026-07-01T01:00:00+05:30","2026-07-31T22:00:00+05:30","Strong"
"2026-07","PROJ_048","Visakhapatnam","so2",744,723,0,21,97.18,"2026-07-01T01:00:00+05:30","2026-07-31T22:00:00+05:30","Strong"
"2026-07","PROJ_048","Visakhapatnam","co",744,590,0,154,79.3,"2026-07-01T01:00:00+05:30","2026-07-31T22:00:00+05:30","Strong"
"2026-07","PROJ_048","Visakhapatnam","o3",744,723,0,21,97.18,"2026-07-01T01:00:00+05:30","2026-07-31T22:00:00+05:30","Strong"
"2026-07","PROJ_050","Ahmedabad","pm2_5",744,690,0,54,92.74,"2026-07-01T01:00:00+05:30","2026-07-31T22:00:00+05:30","Strong"
"2026-07","PROJ_050","Ahmedabad","pm10",744,690,0,54,92.74,"2026-07-01T01:00:00+05:30","2026-07-31T22:00:00+05:30","Strong"
"2026-07","PROJ_050","Ahmedabad","no2",744,713,0,31,95.83,"2026-07-01T01:00:00+05:30","2026-07-31T22:00:00+05:30","Strong"
"2026-07","PROJ_050","Ahmedabad","so2",744,724,0,20,97.31,"2026-07-01T01:00:00+05:30","2026-07-31T22:00:00+05:30","Strong"
"2026-07","PROJ_050","Ahmedabad","co",744,730,0,14,98.12,"2026-07-01T01:00:00+05:30","2026-07-31T22:00:00+05:30","Strong"
"2026-07","PROJ_050","Ahmedabad","o3",744,724,0,20,97.31,"2026-07-01T01:00:00+05:30","2026-07-31T22:00:00+05:30","Strong"
"2026-07","PROJ_051","Jaipur","pm2_5",744,660,0,84,88.71,"2026-07-01T01:00:00+05:30","2026-07-31T22:00:00+05:30","Strong"
"2026-07","PROJ_051","Jaipur","pm10",744,662,0,82,88.98,"2026-07-01T01:00:00+05:30","2026-07-31T22:00:00+05:30","Strong"
"2026-07","PROJ_051","Jaipur","no2",744,665,0,79,89.38,"2026-07-01T01:00:00+05:30","2026-07-31T22:00:00+05:30","Strong"
"2026-07","PROJ_051","Jaipur","so2",744,659,0,85,88.58,"2026-07-01T01:00:00+05:30","2026-07-31T22:00:00+05:30","Strong"
"2026-07","PROJ_051","Jaipur","co",744,671,0,73,90.19,"2026-07-01T01:00:00+05:30","2026-07-31T22:00:00+05:30","Strong"
"2026-07","PROJ_051","Jaipur","o3",744,674,0,70,90.59,"2026-07-01T01:00:00+05:30","2026-07-31T22:00:00+05:30","Strong"
"2026-07","PROJ_063","Lucknow","pm2_5",744,658,0,86,88.44,"2026-07-01T01:00:00+05:30","2026-07-31T22:00:00+05:30","Strong"
"2026-07","PROJ_063","Lucknow","pm10",744,664,0,80,89.25,"2026-07-01T01:00:00+05:30","2026-07-31T22:00:00+05:30","Strong"
"2026-07","PROJ_063","Lucknow","no2",744,715,0,29,96.1,"2026-07-01T01:00:00+05:30","2026-07-31T22:00:00+05:30","Strong"
"2026-07","PROJ_063","Lucknow","so2",744,672,0,72,90.32,"2026-07-01T01:00:00+05:30","2026-07-31T22:00:00+05:30","Strong"
"2026-07","PROJ_063","Lucknow","co",744,713,0,31,95.83,"2026-07-01T01:00:00+05:30","2026-07-31T22:00:00+05:30","Strong"
"2026-07","PROJ_063","Lucknow","o3",744,715,0,29,96.1,"2026-07-01T01:00:00+05:30","2026-07-31T22:00:00+05:30","Strong"
"2026-07","PROJ_092","Mumbai","pm2_5",744,481,0,263,64.65,"2026-07-09T18:00:00+05:30","2026-07-29T23:00:00+05:30","Usable"
"2026-07","PROJ_092","Mumbai","pm10",744,481,0,263,64.65,"2026-07-09T18:00:00+05:30","2026-07-29T23:00:00+05:30","Usable"
"2026-07","PROJ_092","Mumbai","no2",744,662,0,82,88.98,"2026-07-01T01:00:00+05:30","2026-07-29T23:00:00+05:30","Strong"
"2026-07","PROJ_092","Mumbai","so2",744,661,0,83,88.84,"2026-07-01T01:00:00+05:30","2026-07-29T23:00:00+05:30","Strong"
"2026-07","PROJ_092","Mumbai","co",744,661,0,83,88.84,"2026-07-01T01:00:00+05:30","2026-07-29T23:00:00+05:30","Strong"
"2026-07","PROJ_092","Mumbai","o3",744,661,0,83,88.84,"2026-07-01T01:00:00+05:30","2026-07-29T23:00:00+05:30","Strong"
"2026-07","PROJ_101","Bengaluru","pm2_5",744,695,0,49,93.41,"2026-07-01T01:00:00+05:30","2026-07-31T21:00:00+05:30","Strong"
"2026-07","PROJ_101","Bengaluru","pm10",744,696,0,48,93.55,"2026-07-01T01:00:00+05:30","2026-07-31T21:00:00+05:30","Strong"
"2026-07","PROJ_101","Bengaluru","no2",744,604,0,140,81.18,"2026-07-01T01:00:00+05:30","2026-07-31T21:00:00+05:30","Strong"
"2026-07","PROJ_101","Bengaluru","so2",744,709,0,35,95.3,"2026-07-01T01:00:00+05:30","2026-07-31T21:00:00+05:30","Strong"
"2026-07","PROJ_101","Bengaluru","co",744,666,0,78,89.52,"2026-07-01T02:00:00+05:30","2026-07-31T21:00:00+05:30","Strong"
"2026-07","PROJ_101","Bengaluru","o3",744,715,0,29,96.1,"2026-07-01T01:00:00+05:30","2026-07-31T21:00:00+05:30","Strong"
"2026-07","PROJ_133","Patna","pm2_5",744,668,0,76,89.78,"2026-07-01T01:00:00+05:30","2026-07-31T22:00:00+05:30","Strong"
"2026-07","PROJ_133","Patna","pm10",744,669,0,75,89.92,"2026-07-01T01:00:00+05:30","2026-07-31T22:00:00+05:30","Strong"
"2026-07","PROJ_133","Patna","no2",744,678,0,66,91.13,"2026-07-01T01:00:00+05:30","2026-07-31T22:00:00+05:30","Strong"
"2026-07","PROJ_133","Patna","so2",744,673,0,71,90.46,"2026-07-01T01:00:00+05:30","2026-07-31T22:00:00+05:30","Strong"
"2026-07","PROJ_133","Patna","co",744,677,0,67,90.99,"2026-07-01T01:00:00+05:30","2026-07-31T22:00:00+05:30","Strong"
"2026-07","PROJ_133","Patna","o3",744,678,0,66,91.13,"2026-07-01T01:00:00+05:30","2026-07-31T22:00:00+05:30","Strong"
"2026-07","PROJ_142","Guwahati","pm2_5",744,705,0,39,94.76,"2026-07-01T01:00:00+05:30","2026-07-31T22:00:00+05:30","Strong"
"2026-07","PROJ_142","Guwahati","pm10",744,653,0,91,87.77,"2026-07-01T01:00:00+05:30","2026-07-31T22:00:00+05:30","Strong"
"2026-07","PROJ_142","Guwahati","no2",744,680,0,64,91.4,"2026-07-01T01:00:00+05:30","2026-07-31T22:00:00+05:30","Strong"
"2026-07","PROJ_142","Guwahati","so2",744,707,0,37,95.03,"2026-07-01T01:00:00+05:30","2026-07-31T22:00:00+05:30","Strong"
"2026-07","PROJ_142","Guwahati","co",744,712,0,32,95.7,"2026-07-01T01:00:00+05:30","2026-07-31T22:00:00+05:30","Strong"
"2026-07","PROJ_142","Guwahati","o3",744,706,1,38,94.89,"2026-07-01T01:00:00+05:30","2026-07-31T22:00:00+05:30","Strong"
"2026-07","PROJ_144","Bhopal","pm2_5",744,725,0,19,97.45,"2026-07-01T01:00:00+05:30","2026-07-31T22:00:00+05:30","Strong"
"2026-07","PROJ_144","Bhopal","pm10",744,725,0,19,97.45,"2026-07-01T01:00:00+05:30","2026-07-31T22:00:00+05:30","Strong"
"2026-07","PROJ_144","Bhopal","no2",744,727,0,17,97.72,"2026-07-01T01:00:00+05:30","2026-07-31T22:00:00+05:30","Strong"
"2026-07","PROJ_144","Bhopal","so2",744,726,0,18,97.58,"2026-07-01T01:00:00+05:30","2026-07-31T22:00:00+05:30","Strong"
"2026-07","PROJ_144","Bhopal","co",744,727,0,17,97.72,"2026-07-01T01:00:00+05:30","2026-07-31T22:00:00+05:30","Strong"
"2026-07","PROJ_144","Bhopal","o3",744,728,0,16,97.85,"2026-07-01T01:00:00+05:30","2026-07-31T22:00:00+05:30","Strong"
"2026-07","PROJ_158","Pune","pm2_5",744,645,0,99,86.69,"2026-07-01T01:00:00+05:30","2026-07-31T21:00:00+05:30","Strong"
"2026-07","PROJ_158","Pune","pm10",744,645,0,99,86.69,"2026-07-01T01:00:00+05:30","2026-07-31T21:00:00+05:30","Strong"
"2026-07","PROJ_158","Pune","no2",744,656,0,88,88.17,"2026-07-01T01:00:00+05:30","2026-07-31T22:00:00+05:30","Strong"
"2026-07","PROJ_158","Pune","so2",744,679,0,65,91.26,"2026-07-01T01:00:00+05:30","2026-07-31T22:00:00+05:30","Strong"
"2026-07","PROJ_158","Pune","co",744,683,0,61,91.8,"2026-07-01T01:00:00+05:30","2026-07-31T22:00:00+05:30","Strong"
"2026-07","PROJ_158","Pune","o3",744,682,0,62,91.67,"2026-07-01T01:00:00+05:30","2026-07-31T22:00:00+05:30","Strong"
"2026-07","PROJ_179","Hyderabad","pm2_5",744,646,0,98,86.83,"2026-07-01T01:00:00+05:30","2026-07-31T22:00:00+05:30","Strong"
"2026-07","PROJ_179","Hyderabad","pm10",744,651,0,93,87.5,"2026-07-01T01:00:00+05:30","2026-07-31T22:00:00+05:30","Strong"
"2026-07","PROJ_179","Hyderabad","no2",744,630,0,114,84.68,"2026-07-01T01:00:00+05:30","2026-07-31T22:00:00+05:30","Strong"
"2026-07","PROJ_179","Hyderabad","so2",744,654,0,90,87.9,"2026-07-01T01:00:00+05:30","2026-07-31T22:00:00+05:30","Strong"
"2026-07","PROJ_179","Hyderabad","co",744,667,0,77,89.65,"2026-07-01T01:00:00+05:30","2026-07-31T22:00:00+05:30","Strong"
"2026-07","PROJ_179","Hyderabad","o3",744,669,0,75,89.92,"2026-07-01T01:00:00+05:30","2026-07-31T22:00:00+05:30","Strong"
"2026-07","PROJ_180","Hyderabad","pm2_5",744,640,0,104,86.02,"2026-07-01T10:00:00+05:30","2026-07-31T22:00:00+05:30","Strong"
"2026-07","PROJ_180","Hyderabad","pm10",744,547,0,197,73.52,"2026-07-01T10:00:00+05:30","2026-07-31T14:00:00+05:30","Usable"
"2026-07","PROJ_180","Hyderabad","no2",744,639,0,105,85.89,"2026-07-01T10:00:00+05:30","2026-07-31T22:00:00+05:30","Strong"
"2026-07","PROJ_180","Hyderabad","so2",744,536,0,208,72.04,"2026-07-01T13:00:00+05:30","2026-07-31T14:00:00+05:30","Usable"
"2026-07","PROJ_180","Hyderabad","co",744,615,0,129,82.66,"2026-07-01T10:00:00+05:30","2026-07-31T22:00:00+05:30","Strong"
"2026-07","PROJ_180","Hyderabad","o3",744,640,0,104,86.02,"2026-07-01T10:00:00+05:30","2026-07-31T22:00:00+05:30","Strong"
"2026-07","PROJ_181","Hyderabad","pm2_5",744,567,0,177,76.21,"2026-07-01T01:00:00+05:30","2026-07-31T22:00:00+05:30","Strong"
"2026-07","PROJ_181","Hyderabad","pm10",744,531,0,213,71.37,"2026-07-01T01:00:00+05:30","2026-07-31T22:00:00+05:30","Usable"
"2026-07","PROJ_181","Hyderabad","no2",744,697,0,47,93.68,"2026-07-01T01:00:00+05:30","2026-07-31T22:00:00+05:30","Strong"
"2026-07","PROJ_181","Hyderabad","so2",744,691,0,53,92.88,"2026-07-01T01:00:00+05:30","2026-07-31T22:00:00+05:30","Strong"
"2026-07","PROJ_181","Hyderabad","co",744,692,0,52,93.01,"2026-07-01T01:00:00+05:30","2026-07-31T22:00:00+05:30","Strong"
"2026-07","PROJ_181","Hyderabad","o3",744,699,0,45,93.95,"2026-07-01T01:00:00+05:30","2026-07-31T22:00:00+05:30","Strong"
"2026-07","PROJ_186","Hyderabad","pm2_5",744,669,0,75,89.92,"2026-07-01T01:00:00+05:30","2026-07-31T22:00:00+05:30","Strong"
"2026-07","PROJ_186","Hyderabad","pm10",744,671,0,73,90.19,"2026-07-01T01:00:00+05:30","2026-07-31T22:00:00+05:30","Strong"
"2026-07","PROJ_186","Hyderabad","no2",744,685,0,59,92.07,"2026-07-01T01:00:00+05:30","2026-07-31T22:00:00+05:30","Strong"
"2026-07","PROJ_186","Hyderabad","so2",744,685,0,59,92.07,"2026-07-01T01:00:00+05:30","2026-07-31T22:00:00+05:30","Strong"
"2026-07","PROJ_186","Hyderabad","co",744,684,0,60,91.94,"2026-07-01T01:00:00+05:30","2026-07-31T22:00:00+05:30","Strong"
"2026-07","PROJ_186","Hyderabad","o3",744,685,0,59,92.07,"2026-07-01T01:00:00+05:30","2026-07-31T22:00:00+05:30","Strong"
"2026-07","PROJ_094","Kolkata","pm2_5",744,729,0,15,97.98,"2026-07-01T01:00:00+05:30","2026-07-31T22:00:00+05:30","Strong"
"2026-07","PROJ_094","Kolkata","pm10",744,729,0,15,97.98,"2026-07-01T01:00:00+05:30","2026-07-31T22:00:00+05:30","Strong"
"2026-07","PROJ_094","Kolkata","no2",744,731,0,13,98.25,"2026-07-01T01:00:00+05:30","2026-07-31T22:00:00+05:30","Strong"
"2026-07","PROJ_094","Kolkata","so2",744,733,0,11,98.52,"2026-07-01T01:00:00+05:30","2026-07-31T22:00:00+05:30","Strong"
"2026-07","PROJ_094","Kolkata","co",744,722,0,22,97.04,"2026-07-01T01:00:00+05:30","2026-07-31T22:00:00+05:30","Strong"
"2026-07","PROJ_094","Kolkata","o3",744,731,0,13,98.25,"2026-07-01T01:00:00+05:30","2026-07-31T22:00:00+05:30","Strong"
"2026-08","PROJ_002","Delhi","pm2_5",744,543,0,201,72.98,"2026-08-01T00:00:00+05:30","2026-08-31T22:00:00+05:30","Usable"
"2026-08","PROJ_002","Delhi","pm10",744,533,0,211,71.64,"2026-08-01T00:00:00+05:30","2026-08-31T22:00:00+05:30","Usable"
"2026-08","PROJ_002","Delhi","no2",744,600,0,144,80.65,"2026-08-01T00:00:00+05:30","2026-08-31T22:00:00+05:30","Strong"
"2026-08","PROJ_002","Delhi","so2",744,600,0,144,80.65,"2026-08-01T00:00:00+05:30","2026-08-31T22:00:00+05:30","Strong"
"2026-08","PROJ_002","Delhi","co",744,600,0,144,80.65,"2026-08-01T00:00:00+05:30","2026-08-31T22:00:00+05:30","Strong"
"2026-08","PROJ_002","Delhi","o3",744,565,0,179,75.94,"2026-08-01T00:00:00+05:30","2026-08-31T22:00:00+05:30","Strong"
"2026-08","PROJ_007","Hyderabad","pm2_5",744,591,0,153,79.44,"2026-08-01T00:00:00+05:30","2026-08-31T22:00:00+05:30","Strong"
"2026-08","PROJ_007","Hyderabad","pm10",744,591,0,153,79.44,"2026-08-01T00:00:00+05:30","2026-08-31T22:00:00+05:30","Strong"
"2026-08","PROJ_007","Hyderabad","no2",744,630,0,114,84.68,"2026-08-01T00:00:00+05:30","2026-08-31T22:00:00+05:30","Strong"
"2026-08","PROJ_007","Hyderabad","so2",744,629,0,115,84.54,"2026-08-01T00:00:00+05:30","2026-08-31T22:00:00+05:30","Strong"
"2026-08","PROJ_007","Hyderabad","co",744,632,0,112,84.95,"2026-08-01T00:00:00+05:30","2026-08-31T22:00:00+05:30","Strong"
"2026-08","PROJ_007","Hyderabad","o3",744,629,0,115,84.54,"2026-08-01T00:00:00+05:30","2026-08-31T22:00:00+05:30","Strong"
"2026-08","PROJ_019","Chennai","pm2_5",744,454,0,290,61.02,"2026-08-01T00:00:00+05:30","2026-08-31T22:00:00+05:30","Usable"
"2026-08","PROJ_019","Chennai","pm10",744,495,0,249,66.53,"2026-08-01T00:00:00+05:30","2026-08-31T22:00:00+05:30","Usable"
"2026-08","PROJ_019","Chennai","no2",744,494,0,250,66.4,"2026-08-01T00:00:00+05:30","2026-08-31T22:00:00+05:30","Usable"
"2026-08","PROJ_019","Chennai","so2",744,468,0,276,62.9,"2026-08-01T00:00:00+05:30","2026-08-31T22:00:00+05:30","Usable"
"2026-08","PROJ_019","Chennai","co",744,587,0,157,78.9,"2026-08-01T00:00:00+05:30","2026-08-31T22:00:00+05:30","Strong"
"2026-08","PROJ_019","Chennai","o3",744,588,0,156,79.03,"2026-08-01T00:00:00+05:30","2026-08-31T22:00:00+05:30","Strong"
"2026-08","PROJ_036","Hyderabad","pm2_5",744,250,0,494,33.6,"2026-08-11T18:00:00+05:30","2026-08-31T17:00:00+05:30","Weak"
"2026-08","PROJ_036","Hyderabad","pm10",744,250,0,494,33.6,"2026-08-11T18:00:00+05:30","2026-08-31T17:00:00+05:30","Weak"
"2026-08","PROJ_036","Hyderabad","no2",744,264,0,480,35.48,"2026-08-11T18:00:00+05:30","2026-08-31T17:00:00+05:30","Weak"
"2026-08","PROJ_036","Hyderabad","so2",744,268,0,476,36.02,"2026-08-11T18:00:00+05:30","2026-08-31T17:00:00+05:30","Weak"
"2026-08","PROJ_036","Hyderabad","co",744,264,0,480,35.48,"2026-08-11T18:00:00+05:30","2026-08-31T17:00:00+05:30","Weak"
"2026-08","PROJ_036","Hyderabad","o3",744,269,0,475,36.16,"2026-08-11T17:00:00+05:30","2026-08-31T17:00:00+05:30","Weak"
"2026-08","PROJ_042","Nagpur","pm2_5",744,594,0,150,79.84,"2026-08-01T00:00:00+05:30","2026-08-31T13:00:00+05:30","Strong"
"2026-08","PROJ_042","Nagpur","pm10",744,594,0,150,79.84,"2026-08-01T00:00:00+05:30","2026-08-31T13:00:00+05:30","Strong"
"2026-08","PROJ_042","Nagpur","no2",744,657,0,87,88.31,"2026-08-01T00:00:00+05:30","2026-08-31T13:00:00+05:30","Strong"
"2026-08","PROJ_042","Nagpur","so2",744,657,0,87,88.31,"2026-08-01T00:00:00+05:30","2026-08-31T13:00:00+05:30","Strong"
"2026-08","PROJ_042","Nagpur","co",744,657,0,87,88.31,"2026-08-01T00:00:00+05:30","2026-08-31T13:00:00+05:30","Strong"
"2026-08","PROJ_042","Nagpur","o3",744,657,0,87,88.31,"2026-08-01T00:00:00+05:30","2026-08-31T13:00:00+05:30","Strong"
"2026-08","PROJ_044","Hyderabad","pm2_5",744,626,0,118,84.14,"2026-08-01T00:00:00+05:30","2026-08-31T22:00:00+05:30","Strong"
"2026-08","PROJ_044","Hyderabad","pm10",744,590,0,154,79.3,"2026-08-01T00:00:00+05:30","2026-08-31T22:00:00+05:30","Strong"
"2026-08","PROJ_044","Hyderabad","no2",744,631,0,113,84.81,"2026-08-01T00:00:00+05:30","2026-08-31T22:00:00+05:30","Strong"
"2026-08","PROJ_044","Hyderabad","so2",744,640,0,104,86.02,"2026-08-01T00:00:00+05:30","2026-08-31T22:00:00+05:30","Strong"
"2026-08","PROJ_044","Hyderabad","co",744,659,0,85,88.58,"2026-08-01T00:00:00+05:30","2026-08-31T22:00:00+05:30","Strong"
"2026-08","PROJ_044","Hyderabad","o3",744,664,0,80,89.25,"2026-08-01T00:00:00+05:30","2026-08-31T22:00:00+05:30","Strong"
"2026-08","PROJ_048","Visakhapatnam","pm2_5",744,650,0,94,87.37,"2026-08-01T00:00:00+05:30","2026-08-31T22:00:00+05:30","Strong"
"2026-08","PROJ_048","Visakhapatnam","pm10",744,658,0,86,88.44,"2026-08-01T00:00:00+05:30","2026-08-31T22:00:00+05:30","Strong"
"2026-08","PROJ_048","Visakhapatnam","no2",744,658,0,86,88.44,"2026-08-01T00:00:00+05:30","2026-08-31T22:00:00+05:30","Strong"
"2026-08","PROJ_048","Visakhapatnam","so2",744,653,0,91,87.77,"2026-08-01T00:00:00+05:30","2026-08-31T22:00:00+05:30","Strong"
"2026-08","PROJ_048","Visakhapatnam","co",744,583,0,161,78.36,"2026-08-01T00:00:00+05:30","2026-08-31T22:00:00+05:30","Strong"
"2026-08","PROJ_048","Visakhapatnam","o3",744,644,0,100,86.56,"2026-08-01T00:00:00+05:30","2026-08-31T22:00:00+05:30","Strong"
"2026-08","PROJ_050","Ahmedabad","pm2_5",744,612,0,132,82.26,"2026-08-01T00:00:00+05:30","2026-08-31T22:00:00+05:30","Strong"
"2026-08","PROJ_050","Ahmedabad","pm10",744,621,0,123,83.47,"2026-08-01T00:00:00+05:30","2026-08-31T22:00:00+05:30","Strong"
"2026-08","PROJ_050","Ahmedabad","no2",744,622,0,122,83.6,"2026-08-01T00:00:00+05:30","2026-08-31T22:00:00+05:30","Strong"
"2026-08","PROJ_050","Ahmedabad","so2",744,646,0,98,86.83,"2026-08-01T00:00:00+05:30","2026-08-31T22:00:00+05:30","Strong"
"2026-08","PROJ_050","Ahmedabad","co",744,648,0,96,87.1,"2026-08-01T00:00:00+05:30","2026-08-31T22:00:00+05:30","Strong"
"2026-08","PROJ_050","Ahmedabad","o3",744,644,0,100,86.56,"2026-08-01T00:00:00+05:30","2026-08-31T22:00:00+05:30","Strong"
"2026-08","PROJ_051","Jaipur","pm2_5",744,637,0,107,85.62,"2026-08-01T00:00:00+05:30","2026-08-31T22:00:00+05:30","Strong"
"2026-08","PROJ_051","Jaipur","pm10",744,639,0,105,85.89,"2026-08-01T00:00:00+05:30","2026-08-31T22:00:00+05:30","Strong"
"2026-08","PROJ_051","Jaipur","no2",744,648,0,96,87.1,"2026-08-01T00:00:00+05:30","2026-08-31T22:00:00+05:30","Strong"
"2026-08","PROJ_051","Jaipur","so2",744,652,0,92,87.63,"2026-08-01T00:00:00+05:30","2026-08-31T22:00:00+05:30","Strong"
"2026-08","PROJ_051","Jaipur","co",744,657,0,87,88.31,"2026-08-01T00:00:00+05:30","2026-08-31T22:00:00+05:30","Strong"
"2026-08","PROJ_051","Jaipur","o3",744,656,0,88,88.17,"2026-08-01T00:00:00+05:30","2026-08-31T22:00:00+05:30","Strong"
"2026-08","PROJ_063","Lucknow","pm2_5",744,625,0,119,84.01,"2026-08-01T00:00:00+05:30","2026-08-31T22:00:00+05:30","Strong"
"2026-08","PROJ_063","Lucknow","pm10",744,621,0,123,83.47,"2026-08-01T00:00:00+05:30","2026-08-31T22:00:00+05:30","Strong"
"2026-08","PROJ_063","Lucknow","no2",744,670,0,74,90.05,"2026-08-01T00:00:00+05:30","2026-08-31T22:00:00+05:30","Strong"
"2026-08","PROJ_063","Lucknow","so2",744,668,0,76,89.78,"2026-08-01T00:00:00+05:30","2026-08-31T22:00:00+05:30","Strong"
"2026-08","PROJ_063","Lucknow","co",744,668,0,76,89.78,"2026-08-01T00:00:00+05:30","2026-08-31T22:00:00+05:30","Strong"
"2026-08","PROJ_063","Lucknow","o3",744,669,0,75,89.92,"2026-08-01T00:00:00+05:30","2026-08-31T22:00:00+05:30","Strong"
"2026-08","PROJ_092","Mumbai","pm2_5",744,540,0,204,72.58,"2026-08-04T17:00:00+05:30","2026-08-29T03:00:00+05:30","Usable"
"2026-08","PROJ_092","Mumbai","pm10",744,540,0,204,72.58,"2026-08-04T17:00:00+05:30","2026-08-29T03:00:00+05:30","Usable"
"2026-08","PROJ_092","Mumbai","no2",744,584,0,160,78.49,"2026-08-04T17:00:00+05:30","2026-08-31T22:00:00+05:30","Strong"
"2026-08","PROJ_092","Mumbai","so2",744,584,0,160,78.49,"2026-08-04T17:00:00+05:30","2026-08-31T22:00:00+05:30","Strong"
"2026-08","PROJ_092","Mumbai","co",744,583,0,161,78.36,"2026-08-04T17:00:00+05:30","2026-08-31T22:00:00+05:30","Strong"
"2026-08","PROJ_092","Mumbai","o3",744,583,0,161,78.36,"2026-08-04T17:00:00+05:30","2026-08-31T22:00:00+05:30","Strong"
"2026-08","PROJ_101","Bengaluru","pm2_5",744,586,0,158,78.76,"2026-08-01T00:00:00+05:30","2026-08-31T22:00:00+05:30","Strong"
"2026-08","PROJ_101","Bengaluru","pm10",744,573,0,171,77.02,"2026-08-01T00:00:00+05:30","2026-08-31T22:00:00+05:30","Strong"
"2026-08","PROJ_101","Bengaluru","no2",744,618,0,126,83.06,"2026-08-01T00:00:00+05:30","2026-08-31T22:00:00+05:30","Strong"
"2026-08","PROJ_101","Bengaluru","so2",744,619,0,125,83.2,"2026-08-01T00:00:00+05:30","2026-08-31T22:00:00+05:30","Strong"
"2026-08","PROJ_101","Bengaluru","co",744,601,0,143,80.78,"2026-08-01T00:00:00+05:30","2026-08-31T22:00:00+05:30","Strong"
"2026-08","PROJ_101","Bengaluru","o3",744,612,0,132,82.26,"2026-08-01T00:00:00+05:30","2026-08-31T22:00:00+05:30","Strong"
"2026-08","PROJ_133","Patna","pm2_5",744,556,0,188,74.73,"2026-08-01T00:00:00+05:30","2026-08-31T22:00:00+05:30","Usable"
"2026-08","PROJ_133","Patna","pm10",744,556,0,188,74.73,"2026-08-01T00:00:00+05:30","2026-08-31T22:00:00+05:30","Usable"
"2026-08","PROJ_133","Patna","no2",744,557,0,187,74.87,"2026-08-01T00:00:00+05:30","2026-08-31T22:00:00+05:30","Usable"
"2026-08","PROJ_133","Patna","so2",744,542,0,202,72.85,"2026-08-01T00:00:00+05:30","2026-08-31T22:00:00+05:30","Usable"
"2026-08","PROJ_133","Patna","co",744,502,0,242,67.47,"2026-08-01T00:00:00+05:30","2026-08-31T22:00:00+05:30","Usable"
"2026-08","PROJ_133","Patna","o3",744,557,0,187,74.87,"2026-08-01T00:00:00+05:30","2026-08-31T22:00:00+05:30","Usable"
"2026-08","PROJ_142","Guwahati","pm2_5",744,564,0,180,75.81,"2026-08-01T00:00:00+05:30","2026-08-31T22:00:00+05:30","Strong"
"2026-08","PROJ_142","Guwahati","pm10",744,594,0,150,79.84,"2026-08-01T00:00:00+05:30","2026-08-31T22:00:00+05:30","Strong"
"2026-08","PROJ_142","Guwahati","no2",744,623,0,121,83.74,"2026-08-01T00:00:00+05:30","2026-08-31T22:00:00+05:30","Strong"
"2026-08","PROJ_142","Guwahati","so2",744,623,0,121,83.74,"2026-08-01T00:00:00+05:30","2026-08-31T22:00:00+05:30","Strong"
"2026-08","PROJ_142","Guwahati","co",744,624,0,120,83.87,"2026-08-01T00:00:00+05:30","2026-08-31T22:00:00+05:30","Strong"
"2026-08","PROJ_142","Guwahati","o3",744,505,0,239,67.88,"2026-08-01T00:00:00+05:30","2026-08-31T22:00:00+05:30","Usable"
"2026-08","PROJ_144","Bhopal","pm2_5",744,648,0,96,87.1,"2026-08-01T00:00:00+05:30","2026-08-31T22:00:00+05:30","Strong"
"2026-08","PROJ_144","Bhopal","pm10",744,649,0,95,87.23,"2026-08-01T00:00:00+05:30","2026-08-31T22:00:00+05:30","Strong"
"2026-08","PROJ_144","Bhopal","no2",744,648,0,96,87.1,"2026-08-01T00:00:00+05:30","2026-08-31T22:00:00+05:30","Strong"
"2026-08","PROJ_144","Bhopal","so2",744,647,0,97,86.96,"2026-08-01T00:00:00+05:30","2026-08-31T22:00:00+05:30","Strong"
"2026-08","PROJ_144","Bhopal","co",744,645,0,99,86.69,"2026-08-01T00:00:00+05:30","2026-08-31T22:00:00+05:30","Strong"
"2026-08","PROJ_144","Bhopal","o3",744,647,0,97,86.96,"2026-08-01T00:00:00+05:30","2026-08-31T22:00:00+05:30","Strong"
"2026-08","PROJ_158","Pune","pm2_5",744,538,0,206,72.31,"2026-08-01T01:00:00+05:30","2026-08-31T12:00:00+05:30","Usable"
"2026-08","PROJ_158","Pune","pm10",744,538,0,206,72.31,"2026-08-01T01:00:00+05:30","2026-08-31T12:00:00+05:30","Usable"
"2026-08","PROJ_158","Pune","no2",744,549,0,195,73.79,"2026-08-01T01:00:00+05:30","2026-08-31T19:00:00+05:30","Usable"
"2026-08","PROJ_158","Pune","so2",744,549,0,195,73.79,"2026-08-01T01:00:00+05:30","2026-08-31T19:00:00+05:30","Usable"
"2026-08","PROJ_158","Pune","co",744,543,0,201,72.98,"2026-08-01T01:00:00+05:30","2026-08-31T19:00:00+05:30","Usable"
"2026-08","PROJ_158","Pune","o3",744,549,0,195,73.79,"2026-08-01T01:00:00+05:30","2026-08-31T19:00:00+05:30","Usable"
"2026-08","PROJ_179","Hyderabad","pm2_5",744,586,0,158,78.76,"2026-08-01T00:00:00+05:30","2026-08-31T22:00:00+05:30","Strong"
"2026-08","PROJ_179","Hyderabad","pm10",744,586,0,158,78.76,"2026-08-01T00:00:00+05:30","2026-08-31T22:00:00+05:30","Strong"
"2026-08","PROJ_179","Hyderabad","no2",744,620,0,124,83.33,"2026-08-01T00:00:00+05:30","2026-08-31T22:00:00+05:30","Strong"
"2026-08","PROJ_179","Hyderabad","so2",744,608,0,136,81.72,"2026-08-01T00:00:00+05:30","2026-08-31T22:00:00+05:30","Strong"
"2026-08","PROJ_179","Hyderabad","co",744,624,0,120,83.87,"2026-08-01T00:00:00+05:30","2026-08-31T22:00:00+05:30","Strong"
"2026-08","PROJ_179","Hyderabad","o3",744,624,0,120,83.87,"2026-08-01T00:00:00+05:30","2026-08-31T22:00:00+05:30","Strong"
"2026-08","PROJ_180","Hyderabad","pm2_5",744,630,0,114,84.68,"2026-08-01T00:00:00+05:30","2026-08-31T22:00:00+05:30","Strong"
"2026-08","PROJ_180","Hyderabad","pm10",744,609,0,135,81.85,"2026-08-01T10:00:00+05:30","2026-08-31T22:00:00+05:30","Strong"
"2026-08","PROJ_180","Hyderabad","no2",744,648,0,96,87.1,"2026-08-01T00:00:00+05:30","2026-08-31T22:00:00+05:30","Strong"
"2026-08","PROJ_180","Hyderabad","so2",744,610,0,134,81.99,"2026-08-01T10:00:00+05:30","2026-08-31T22:00:00+05:30","Strong"
"2026-08","PROJ_180","Hyderabad","co",744,649,0,95,87.23,"2026-08-01T00:00:00+05:30","2026-08-31T22:00:00+05:30","Strong"
"2026-08","PROJ_180","Hyderabad","o3",744,640,0,104,86.02,"2026-08-01T00:00:00+05:30","2026-08-31T22:00:00+05:30","Strong"
"2026-08","PROJ_181","Hyderabad","pm2_5",744,626,0,118,84.14,"2026-08-01T00:00:00+05:30","2026-08-31T22:00:00+05:30","Strong"
"2026-08","PROJ_181","Hyderabad","pm10",744,626,0,118,84.14,"2026-08-01T00:00:00+05:30","2026-08-31T22:00:00+05:30","Strong"
"2026-08","PROJ_181","Hyderabad","no2",744,672,0,72,90.32,"2026-08-01T00:00:00+05:30","2026-08-31T22:00:00+05:30","Strong"
"2026-08","PROJ_181","Hyderabad","so2",744,671,0,73,90.19,"2026-08-01T00:00:00+05:30","2026-08-31T22:00:00+05:30","Strong"
"2026-08","PROJ_181","Hyderabad","co",744,672,0,72,90.32,"2026-08-01T00:00:00+05:30","2026-08-31T22:00:00+05:30","Strong"
"2026-08","PROJ_181","Hyderabad","o3",744,625,0,119,84.01,"2026-08-01T00:00:00+05:30","2026-08-31T22:00:00+05:30","Strong"
"2026-08","PROJ_186","Hyderabad","pm2_5",744,623,0,121,83.74,"2026-08-01T00:00:00+05:30","2026-08-31T22:00:00+05:30","Strong"
"2026-08","PROJ_186","Hyderabad","pm10",744,623,0,121,83.74,"2026-08-01T00:00:00+05:30","2026-08-31T22:00:00+05:30","Strong"
"2026-08","PROJ_186","Hyderabad","no2",744,632,0,112,84.95,"2026-08-01T00:00:00+05:30","2026-08-31T22:00:00+05:30","Strong"
"2026-08","PROJ_186","Hyderabad","so2",744,631,0,113,84.81,"2026-08-01T00:00:00+05:30","2026-08-31T22:00:00+05:30","Strong"
"2026-08","PROJ_186","Hyderabad","co",744,633,0,111,85.08,"2026-08-01T00:00:00+05:30","2026-08-31T22:00:00+05:30","Strong"
"2026-08","PROJ_186","Hyderabad","o3",744,632,0,112,84.95,"2026-08-01T00:00:00+05:30","2026-08-31T22:00:00+05:30","Strong"
"2026-08","PROJ_094","Kolkata","pm2_5",744,663,0,81,89.11,"2026-08-01T00:00:00+05:30","2026-08-31T22:00:00+05:30","Strong"
"2026-08","PROJ_094","Kolkata","pm10",744,663,0,81,89.11,"2026-08-01T00:00:00+05:30","2026-08-31T22:00:00+05:30","Strong"
"2026-08","PROJ_094","Kolkata","no2",744,654,0,90,87.9,"2026-08-01T00:00:00+05:30","2026-08-31T22:00:00+05:30","Strong"
"2026-08","PROJ_094","Kolkata","so2",744,663,0,81,89.11,"2026-08-01T00:00:00+05:30","2026-08-31T22:00:00+05:30","Strong"
"2026-08","PROJ_094","Kolkata","co",744,662,0,82,88.98,"2026-08-01T00:00:00+05:30","2026-08-31T22:00:00+05:30","Strong"
"2026-08","PROJ_094","Kolkata","o3",744,660,0,84,88.71,"2026-08-01T00:00:00+05:30","2026-08-31T22:00:00+05:30","Strong"
"2026-09","PROJ_002","Delhi","pm2_5",504,458,0,46,90.87,"2026-09-01T00:00:00+05:30","2026-09-21T20:00:00+05:30","Strong"
"2026-09","PROJ_002","Delhi","pm10",504,463,0,41,91.87,"2026-09-01T00:00:00+05:30","2026-09-21T20:00:00+05:30","Strong"
"2026-09","PROJ_002","Delhi","no2",504,471,0,33,93.45,"2026-09-01T00:00:00+05:30","2026-09-21T20:00:00+05:30","Strong"
"2026-09","PROJ_002","Delhi","so2",504,471,0,33,93.45,"2026-09-01T00:00:00+05:30","2026-09-21T20:00:00+05:30","Strong"
"2026-09","PROJ_002","Delhi","co",504,471,0,33,93.45,"2026-09-01T00:00:00+05:30","2026-09-21T20:00:00+05:30","Strong"
"2026-09","PROJ_002","Delhi","o3",504,413,0,91,81.94,"2026-09-01T00:00:00+05:30","2026-09-21T20:00:00+05:30","Strong"
"2026-09","PROJ_007","Hyderabad","pm2_5",504,464,0,40,92.06,"2026-09-01T00:00:00+05:30","2026-09-21T20:00:00+05:30","Strong"
"2026-09","PROJ_007","Hyderabad","pm10",504,465,0,39,92.26,"2026-09-01T00:00:00+05:30","2026-09-21T20:00:00+05:30","Strong"
"2026-09","PROJ_007","Hyderabad","no2",504,478,0,26,94.84,"2026-09-01T00:00:00+05:30","2026-09-21T20:00:00+05:30","Strong"
"2026-09","PROJ_007","Hyderabad","so2",504,478,0,26,94.84,"2026-09-01T00:00:00+05:30","2026-09-21T20:00:00+05:30","Strong"
"2026-09","PROJ_007","Hyderabad","co",504,479,0,25,95.04,"2026-09-01T00:00:00+05:30","2026-09-21T20:00:00+05:30","Strong"
"2026-09","PROJ_007","Hyderabad","o3",504,478,0,26,94.84,"2026-09-01T00:00:00+05:30","2026-09-21T20:00:00+05:30","Strong"
"2026-09","PROJ_019","Chennai","pm2_5",504,411,0,93,81.55,"2026-09-01T00:00:00+05:30","2026-09-21T20:00:00+05:30","Strong"
"2026-09","PROJ_019","Chennai","pm10",504,364,0,140,72.22,"2026-09-01T00:00:00+05:30","2026-09-21T20:00:00+05:30","Usable"
"2026-09","PROJ_019","Chennai","no2",504,422,0,82,83.73,"2026-09-01T00:00:00+05:30","2026-09-21T20:00:00+05:30","Strong"
"2026-09","PROJ_019","Chennai","so2",504,401,0,103,79.56,"2026-09-01T00:00:00+05:30","2026-09-21T20:00:00+05:30","Strong"
"2026-09","PROJ_019","Chennai","co",504,490,0,14,97.22,"2026-09-01T00:00:00+05:30","2026-09-21T20:00:00+05:30","Strong"
"2026-09","PROJ_019","Chennai","o3",504,491,0,13,97.42,"2026-09-01T00:00:00+05:30","2026-09-21T20:00:00+05:30","Strong"
"2026-09","PROJ_036","Hyderabad","pm2_5",504,323,0,181,64.09,"2026-09-01T09:00:00+05:30","2026-09-21T20:00:00+05:30","Usable"
"2026-09","PROJ_036","Hyderabad","pm10",504,315,0,189,62.5,"2026-09-01T09:00:00+05:30","2026-09-21T20:00:00+05:30","Usable"
"2026-09","PROJ_036","Hyderabad","no2",504,339,0,165,67.26,"2026-09-01T09:00:00+05:30","2026-09-21T20:00:00+05:30","Usable"
"2026-09","PROJ_036","Hyderabad","so2",504,339,0,165,67.26,"2026-09-01T09:00:00+05:30","2026-09-21T20:00:00+05:30","Usable"
"2026-09","PROJ_036","Hyderabad","co",504,338,0,166,67.06,"2026-09-01T09:00:00+05:30","2026-09-21T20:00:00+05:30","Usable"
"2026-09","PROJ_036","Hyderabad","o3",504,339,0,165,67.26,"2026-09-01T09:00:00+05:30","2026-09-21T20:00:00+05:30","Usable"
"2026-09","PROJ_042","Nagpur","pm2_5",504,463,0,41,91.87,"2026-09-01T07:00:00+05:30","2026-09-21T20:00:00+05:30","Strong"
"2026-09","PROJ_042","Nagpur","pm10",504,462,0,42,91.67,"2026-09-01T07:00:00+05:30","2026-09-21T20:00:00+05:30","Strong"
"2026-09","PROJ_042","Nagpur","no2",504,486,0,18,96.43,"2026-09-01T07:00:00+05:30","2026-09-21T20:00:00+05:30","Strong"
"2026-09","PROJ_042","Nagpur","so2",504,485,0,19,96.23,"2026-09-01T07:00:00+05:30","2026-09-21T20:00:00+05:30","Strong"
"2026-09","PROJ_042","Nagpur","co",504,485,0,19,96.23,"2026-09-01T07:00:00+05:30","2026-09-21T20:00:00+05:30","Strong"
"2026-09","PROJ_042","Nagpur","o3",504,486,0,18,96.43,"2026-09-01T07:00:00+05:30","2026-09-21T20:00:00+05:30","Strong"
"2026-09","PROJ_044","Hyderabad","pm2_5",504,478,0,26,94.84,"2026-09-01T00:00:00+05:30","2026-09-21T20:00:00+05:30","Strong"
"2026-09","PROJ_044","Hyderabad","pm10",504,467,0,37,92.66,"2026-09-01T00:00:00+05:30","2026-09-21T20:00:00+05:30","Strong"
"2026-09","PROJ_044","Hyderabad","no2",504,489,0,15,97.02,"2026-09-01T00:00:00+05:30","2026-09-21T20:00:00+05:30","Strong"
"2026-09","PROJ_044","Hyderabad","so2",504,481,0,23,95.44,"2026-09-01T00:00:00+05:30","2026-09-21T20:00:00+05:30","Strong"
"2026-09","PROJ_044","Hyderabad","co",504,494,0,10,98.02,"2026-09-01T00:00:00+05:30","2026-09-21T20:00:00+05:30","Strong"
"2026-09","PROJ_044","Hyderabad","o3",504,494,0,10,98.02,"2026-09-01T00:00:00+05:30","2026-09-21T20:00:00+05:30","Strong"
"2026-09","PROJ_048","Visakhapatnam","pm2_5",504,454,0,50,90.08,"2026-09-01T00:00:00+05:30","2026-09-21T20:00:00+05:30","Strong"
"2026-09","PROJ_048","Visakhapatnam","pm10",504,442,0,62,87.7,"2026-09-01T00:00:00+05:30","2026-09-21T20:00:00+05:30","Strong"
"2026-09","PROJ_048","Visakhapatnam","no2",504,466,0,38,92.46,"2026-09-01T00:00:00+05:30","2026-09-21T20:00:00+05:30","Strong"
"2026-09","PROJ_048","Visakhapatnam","so2",504,466,0,38,92.46,"2026-09-01T00:00:00+05:30","2026-09-21T20:00:00+05:30","Strong"
"2026-09","PROJ_048","Visakhapatnam","co",504,375,0,129,74.4,"2026-09-01T00:00:00+05:30","2026-09-21T20:00:00+05:30","Usable"
"2026-09","PROJ_048","Visakhapatnam","o3",504,403,0,101,79.96,"2026-09-01T00:00:00+05:30","2026-09-21T20:00:00+05:30","Strong"
"2026-09","PROJ_050","Ahmedabad","pm2_5",504,429,0,75,85.12,"2026-09-01T00:00:00+05:30","2026-09-21T20:00:00+05:30","Strong"
"2026-09","PROJ_050","Ahmedabad","pm10",504,423,0,81,83.93,"2026-09-01T00:00:00+05:30","2026-09-21T20:00:00+05:30","Strong"
"2026-09","PROJ_050","Ahmedabad","no2",504,494,0,10,98.02,"2026-09-01T00:00:00+05:30","2026-09-21T20:00:00+05:30","Strong"
"2026-09","PROJ_050","Ahmedabad","so2",504,411,0,93,81.55,"2026-09-01T00:00:00+05:30","2026-09-21T20:00:00+05:30","Strong"
"2026-09","PROJ_050","Ahmedabad","co",504,491,0,13,97.42,"2026-09-01T00:00:00+05:30","2026-09-21T20:00:00+05:30","Strong"
"2026-09","PROJ_050","Ahmedabad","o3",504,493,0,11,97.82,"2026-09-01T00:00:00+05:30","2026-09-21T20:00:00+05:30","Strong"
"2026-09","PROJ_051","Jaipur","pm2_5",504,484,0,20,96.03,"2026-09-01T00:00:00+05:30","2026-09-21T20:00:00+05:30","Strong"
"2026-09","PROJ_051","Jaipur","pm10",504,486,0,18,96.43,"2026-09-01T00:00:00+05:30","2026-09-21T20:00:00+05:30","Strong"
"2026-09","PROJ_051","Jaipur","no2",504,488,0,16,96.83,"2026-09-01T00:00:00+05:30","2026-09-21T20:00:00+05:30","Strong"
"2026-09","PROJ_051","Jaipur","so2",504,486,0,18,96.43,"2026-09-01T00:00:00+05:30","2026-09-21T20:00:00+05:30","Strong"
"2026-09","PROJ_051","Jaipur","co",504,489,0,15,97.02,"2026-09-01T00:00:00+05:30","2026-09-21T20:00:00+05:30","Strong"
"2026-09","PROJ_051","Jaipur","o3",504,488,0,16,96.83,"2026-09-01T00:00:00+05:30","2026-09-21T20:00:00+05:30","Strong"
"2026-09","PROJ_063","Lucknow","pm2_5",504,443,0,61,87.9,"2026-09-01T00:00:00+05:30","2026-09-21T20:00:00+05:30","Strong"
"2026-09","PROJ_063","Lucknow","pm10",504,454,0,50,90.08,"2026-09-01T00:00:00+05:30","2026-09-21T20:00:00+05:30","Strong"
"2026-09","PROJ_063","Lucknow","no2",504,482,0,22,95.63,"2026-09-01T00:00:00+05:30","2026-09-21T20:00:00+05:30","Strong"
"2026-09","PROJ_063","Lucknow","so2",504,481,0,23,95.44,"2026-09-01T00:00:00+05:30","2026-09-21T20:00:00+05:30","Strong"
"2026-09","PROJ_063","Lucknow","co",504,480,0,24,95.24,"2026-09-01T00:00:00+05:30","2026-09-21T20:00:00+05:30","Strong"
"2026-09","PROJ_063","Lucknow","o3",504,483,0,21,95.83,"2026-09-01T00:00:00+05:30","2026-09-21T20:00:00+05:30","Strong"
"2026-09","PROJ_092","Mumbai","pm2_5",504,310,0,194,61.51,"2026-09-08T16:00:00+05:30","2026-09-21T20:00:00+05:30","Usable"
"2026-09","PROJ_092","Mumbai","pm10",504,310,0,194,61.51,"2026-09-08T16:00:00+05:30","2026-09-21T20:00:00+05:30","Usable"
"2026-09","PROJ_092","Mumbai","no2",504,493,0,11,97.82,"2026-09-01T00:00:00+05:30","2026-09-21T20:00:00+05:30","Strong"
"2026-09","PROJ_092","Mumbai","so2",504,493,0,11,97.82,"2026-09-01T00:00:00+05:30","2026-09-21T20:00:00+05:30","Strong"
"2026-09","PROJ_092","Mumbai","co",504,493,0,11,97.82,"2026-09-01T00:00:00+05:30","2026-09-21T20:00:00+05:30","Strong"
"2026-09","PROJ_092","Mumbai","o3",504,493,0,11,97.82,"2026-09-01T00:00:00+05:30","2026-09-21T20:00:00+05:30","Strong"
"2026-09","PROJ_101","Bengaluru","pm2_5",504,465,0,39,92.26,"2026-09-01T00:00:00+05:30","2026-09-21T20:00:00+05:30","Strong"
"2026-09","PROJ_101","Bengaluru","pm10",504,462,0,42,91.67,"2026-09-01T00:00:00+05:30","2026-09-21T20:00:00+05:30","Strong"
"2026-09","PROJ_101","Bengaluru","no2",504,470,0,34,93.25,"2026-09-01T00:00:00+05:30","2026-09-21T20:00:00+05:30","Strong"
"2026-09","PROJ_101","Bengaluru","so2",504,419,0,85,83.13,"2026-09-01T00:00:00+05:30","2026-09-21T20:00:00+05:30","Strong"
"2026-09","PROJ_101","Bengaluru","co",504,457,0,47,90.67,"2026-09-01T00:00:00+05:30","2026-09-21T20:00:00+05:30","Strong"
"2026-09","PROJ_101","Bengaluru","o3",504,453,0,51,89.88,"2026-09-01T00:00:00+05:30","2026-09-21T20:00:00+05:30","Strong"
"2026-09","PROJ_133","Patna","pm2_5",504,480,0,24,95.24,"2026-09-01T00:00:00+05:30","2026-09-21T20:00:00+05:30","Strong"
"2026-09","PROJ_133","Patna","pm10",504,480,0,24,95.24,"2026-09-01T00:00:00+05:30","2026-09-21T20:00:00+05:30","Strong"
"2026-09","PROJ_133","Patna","no2",504,480,0,24,95.24,"2026-09-01T00:00:00+05:30","2026-09-21T20:00:00+05:30","Strong"
"2026-09","PROJ_133","Patna","so2",504,469,0,35,93.06,"2026-09-01T00:00:00+05:30","2026-09-21T20:00:00+05:30","Strong"
"2026-09","PROJ_133","Patna","co",504,472,0,32,93.65,"2026-09-01T00:00:00+05:30","2026-09-21T20:00:00+05:30","Strong"
"2026-09","PROJ_133","Patna","o3",504,480,0,24,95.24,"2026-09-01T00:00:00+05:30","2026-09-21T20:00:00+05:30","Strong"
"2026-09","PROJ_142","Guwahati","pm2_5",504,471,0,33,93.45,"2026-09-01T00:00:00+05:30","2026-09-21T20:00:00+05:30","Strong"
"2026-09","PROJ_142","Guwahati","pm10",504,469,0,35,93.06,"2026-09-01T00:00:00+05:30","2026-09-21T20:00:00+05:30","Strong"
"2026-09","PROJ_142","Guwahati","no2",504,490,0,14,97.22,"2026-09-01T00:00:00+05:30","2026-09-21T20:00:00+05:30","Strong"
"2026-09","PROJ_142","Guwahati","so2",504,490,0,14,97.22,"2026-09-01T00:00:00+05:30","2026-09-21T20:00:00+05:30","Strong"
"2026-09","PROJ_142","Guwahati","co",504,492,0,12,97.62,"2026-09-01T00:00:00+05:30","2026-09-21T20:00:00+05:30","Strong"
"2026-09","PROJ_142","Guwahati","o3",504,486,0,18,96.43,"2026-09-01T00:00:00+05:30","2026-09-21T20:00:00+05:30","Strong"
"2026-09","PROJ_144","Bhopal","pm2_5",504,490,0,14,97.22,"2026-09-01T00:00:00+05:30","2026-09-21T20:00:00+05:30","Strong"
"2026-09","PROJ_144","Bhopal","pm10",504,494,0,10,98.02,"2026-09-01T00:00:00+05:30","2026-09-21T20:00:00+05:30","Strong"
"2026-09","PROJ_144","Bhopal","no2",504,494,0,10,98.02,"2026-09-01T00:00:00+05:30","2026-09-21T20:00:00+05:30","Strong"
"2026-09","PROJ_144","Bhopal","so2",504,493,0,11,97.82,"2026-09-01T00:00:00+05:30","2026-09-21T20:00:00+05:30","Strong"
"2026-09","PROJ_144","Bhopal","co",504,494,0,10,98.02,"2026-09-01T00:00:00+05:30","2026-09-21T20:00:00+05:30","Strong"
"2026-09","PROJ_144","Bhopal","o3",504,491,0,13,97.42,"2026-09-01T00:00:00+05:30","2026-09-21T20:00:00+05:30","Strong"
"2026-09","PROJ_158","Pune","pm2_5",504,470,0,34,93.25,"2026-09-01T09:00:00+05:30","2026-09-21T20:00:00+05:30","Strong"
"2026-09","PROJ_158","Pune","pm10",504,470,0,34,93.25,"2026-09-01T09:00:00+05:30","2026-09-21T20:00:00+05:30","Strong"
"2026-09","PROJ_158","Pune","no2",504,473,0,31,93.85,"2026-09-01T09:00:00+05:30","2026-09-21T20:00:00+05:30","Strong"
"2026-09","PROJ_158","Pune","so2",504,473,0,31,93.85,"2026-09-01T09:00:00+05:30","2026-09-21T20:00:00+05:30","Strong"
"2026-09","PROJ_158","Pune","co",504,472,0,32,93.65,"2026-09-01T09:00:00+05:30","2026-09-21T20:00:00+05:30","Strong"
"2026-09","PROJ_158","Pune","o3",504,472,0,32,93.65,"2026-09-01T09:00:00+05:30","2026-09-21T20:00:00+05:30","Strong"
"2026-09","PROJ_179","Hyderabad","pm2_5",504,456,0,48,90.48,"2026-09-01T00:00:00+05:30","2026-09-21T20:00:00+05:30","Strong"
"2026-09","PROJ_179","Hyderabad","pm10",504,456,0,48,90.48,"2026-09-01T00:00:00+05:30","2026-09-21T20:00:00+05:30","Strong"
"2026-09","PROJ_179","Hyderabad","no2",504,471,0,33,93.45,"2026-09-01T00:00:00+05:30","2026-09-21T20:00:00+05:30","Strong"
"2026-09","PROJ_179","Hyderabad","so2",504,450,0,54,89.29,"2026-09-01T00:00:00+05:30","2026-09-21T20:00:00+05:30","Strong"
"2026-09","PROJ_179","Hyderabad","co",504,473,0,31,93.85,"2026-09-01T00:00:00+05:30","2026-09-21T20:00:00+05:30","Strong"
"2026-09","PROJ_179","Hyderabad","o3",504,472,0,32,93.65,"2026-09-01T00:00:00+05:30","2026-09-21T20:00:00+05:30","Strong"
"2026-09","PROJ_180","Hyderabad","pm2_5",504,488,0,16,96.83,"2026-09-01T00:00:00+05:30","2026-09-21T20:00:00+05:30","Strong"
"2026-09","PROJ_180","Hyderabad","pm10",504,488,0,16,96.83,"2026-09-01T00:00:00+05:30","2026-09-21T20:00:00+05:30","Strong"
"2026-09","PROJ_180","Hyderabad","no2",504,482,0,22,95.63,"2026-09-01T00:00:00+05:30","2026-09-21T20:00:00+05:30","Strong"
"2026-09","PROJ_180","Hyderabad","so2",504,483,0,21,95.83,"2026-09-01T00:00:00+05:30","2026-09-21T20:00:00+05:30","Strong"
"2026-09","PROJ_180","Hyderabad","co",504,487,0,17,96.63,"2026-09-01T00:00:00+05:30","2026-09-21T20:00:00+05:30","Strong"
"2026-09","PROJ_180","Hyderabad","o3",504,486,0,18,96.43,"2026-09-01T00:00:00+05:30","2026-09-21T20:00:00+05:30","Strong"
"2026-09","PROJ_181","Hyderabad","pm2_5",504,492,0,12,97.62,"2026-09-01T00:00:00+05:30","2026-09-21T20:00:00+05:30","Strong"
"2026-09","PROJ_181","Hyderabad","pm10",504,492,0,12,97.62,"2026-09-01T00:00:00+05:30","2026-09-21T20:00:00+05:30","Strong"
"2026-09","PROJ_181","Hyderabad","no2",504,493,0,11,97.82,"2026-09-01T00:00:00+05:30","2026-09-21T20:00:00+05:30","Strong"
"2026-09","PROJ_181","Hyderabad","so2",504,493,0,11,97.82,"2026-09-01T00:00:00+05:30","2026-09-21T20:00:00+05:30","Strong"
"2026-09","PROJ_181","Hyderabad","co",504,493,0,11,97.82,"2026-09-01T00:00:00+05:30","2026-09-21T20:00:00+05:30","Strong"
"2026-09","PROJ_181","Hyderabad","o3",504,470,0,34,93.25,"2026-09-01T00:00:00+05:30","2026-09-21T20:00:00+05:30","Strong"
"2026-09","PROJ_186","Hyderabad","pm2_5",504,435,0,69,86.31,"2026-09-01T00:00:00+05:30","2026-09-21T20:00:00+05:30","Strong"
"2026-09","PROJ_186","Hyderabad","pm10",504,437,0,67,86.71,"2026-09-01T00:00:00+05:30","2026-09-21T20:00:00+05:30","Strong"
"2026-09","PROJ_186","Hyderabad","no2",504,464,0,40,92.06,"2026-09-01T00:00:00+05:30","2026-09-21T20:00:00+05:30","Strong"
"2026-09","PROJ_186","Hyderabad","so2",504,463,0,41,91.87,"2026-09-01T00:00:00+05:30","2026-09-21T20:00:00+05:30","Strong"
"2026-09","PROJ_186","Hyderabad","co",504,464,0,40,92.06,"2026-09-01T00:00:00+05:30","2026-09-21T20:00:00+05:30","Strong"
"2026-09","PROJ_186","Hyderabad","o3",504,464,0,40,92.06,"2026-09-01T00:00:00+05:30","2026-09-21T20:00:00+05:30","Strong"
"2026-09","PROJ_094","Kolkata","pm2_5",504,494,0,10,98.02,"2026-09-01T00:00:00+05:30","2026-09-21T20:00:00+05:30","Strong"
"2026-09","PROJ_094","Kolkata","pm10",504,494,0,10,98.02,"2026-09-01T00:00:00+05:30","2026-09-21T20:00:00+05:30","Strong"
"2026-09","PROJ_094","Kolkata","no2",504,494,0,10,98.02,"2026-09-01T00:00:00+05:30","2026-09-21T20:00:00+05:30","Strong"
"2026-09","PROJ_094","Kolkata","so2",504,494,0,10,98.02,"2026-09-01T00:00:00+05:30","2026-09-21T20:00:00+05:30","Strong"
"2026-09","PROJ_094","Kolkata","co",504,410,0,94,81.35,"2026-09-01T00:00:00+05:30","2026-09-21T20:00:00+05:30","Strong"
"2026-09","PROJ_094","Kolkata","o3",504,494,0,10,98.02,"2026-09-01T00:00:00+05:30","2026-09-21T20:00:00+05:30","Strong"
