"chunk_id","project_station_id","source_location_id","sensor_id","parameter","request_start_datetime","request_end_datetime","status","attempt_count","api_found","response_row_count","page_count","raw_files","first_attempt_at","completed_at","last_http_status","error_message"
1,"PROJ_002",17,12234785,"o3","2025-03-31T18:30:00Z","2025-04-30T18:29:59Z","completed",1,518,518,1,"data/raw/air_quality/openaq/historical/PROJ_002/o3/PROJ_002_12234785_o3_2025_04_p1_20260924T212658.json","2026-09-24T15:56:59Z","2026-09-24T15:56:59Z",200,""
1,"PROJ_002",17,12234787,"pm2_5","2025-03-31T18:30:00Z","2025-04-30T18:29:59Z","completed",1,549,549,1,"data/raw/air_quality/openaq/historical/PROJ_002/pm2_5/PROJ_002_12234787_pm2_5_2025_04_p1_20260924T212702.json","2026-09-24T15:57:02Z","2026-09-24T15:57:02Z",200,""
1,"PROJ_002",17,12234784,"no2","2025-03-31T18:30:00Z","2025-04-30T18:29:59Z","completed",1,552,552,1,"data/raw/air_quality/openaq/historical/PROJ_002/no2/PROJ_002_12234784_no2_2025_04_p1_20260924T212705.json","2026-09-24T15:57:05Z","2026-09-24T15:57:05Z",200,""
1,"PROJ_002",17,12234786,"pm10","2025-03-31T18:30:00Z","2025-04-30T18:29:59Z","completed",1,542,542,1,"data/raw/air_quality/openaq/historical/PROJ_002/pm10/PROJ_002_12234786_pm10_2025_04_p1_20260924T212708.json","2026-09-24T15:57:09Z","2026-09-24T15:57:09Z",200,""
1,"PROJ_002",17,12234782,"co","2025-03-31T18:30:00Z","2025-04-30T18:29:59Z","completed",1,538,538,1,"data/raw/air_quality/openaq/historical/PROJ_002/co/PROJ_002_12234782_co_2025_04_p1_20260924T212712.json","2026-09-24T15:57:12Z","2026-09-24T15:57:12Z",200,""
1,"PROJ_002",17,12234789,"so2","2025-03-31T18:30:00Z","2025-04-30T18:29:59Z","completed",1,545,545,1,"data/raw/air_quality/openaq/historical/PROJ_002/so2/PROJ_002_12234789_so2_2025_04_p1_20260924T212716.json","2026-09-24T15:57:16Z","2026-09-24T15:57:16Z",200,""
1,"PROJ_007",407,12235585,"so2","2025-03-31T18:30:00Z","2025-04-30T18:29:59Z","completed",1,532,532,1,"data/raw/air_quality/openaq/historical/PROJ_007/so2/PROJ_007_12235585_so2_2025_04_p1_20260924T212720.json","2026-09-24T15:57:20Z","2026-09-24T15:57:20Z",200,""
1,"PROJ_007",407,12235581,"o3","2025-03-31T18:30:00Z","2025-04-30T18:29:59Z","completed",1,474,474,1,"data/raw/air_quality/openaq/historical/PROJ_007/o3/PROJ_007_12235581_o3_2025_04_p1_20260924T212723.json","2026-09-24T15:57:23Z","2026-09-24T15:57:23Z",200,""
1,"PROJ_007",407,12235578,"co","2025-03-31T18:30:00Z","2025-04-30T18:29:59Z","completed",1,532,532,1,"data/raw/air_quality/openaq/historical/PROJ_007/co/PROJ_007_12235578_co_2025_04_p1_20260924T212727.json","2026-09-24T15:57:27Z","2026-09-24T15:57:27Z",200,""
1,"PROJ_007",407,12235580,"no2","2025-03-31T18:30:00Z","2025-04-30T18:29:59Z","completed",1,474,474,1,"data/raw/air_quality/openaq/historical/PROJ_007/no2/PROJ_007_12235580_no2_2025_04_p1_20260924T212730.json","2026-09-24T15:57:30Z","2026-09-24T15:57:30Z",200,""
1,"PROJ_007",407,12235583,"pm2_5","2025-03-31T18:30:00Z","2025-04-30T18:29:59Z","completed",1,541,541,1,"data/raw/air_quality/openaq/historical/PROJ_007/pm2_5/PROJ_007_12235583_pm2_5_2025_04_p1_20260924T212734.json","2026-09-24T15:57:35Z","2026-09-24T15:57:35Z",200,""
1,"PROJ_007",407,12235582,"pm10","2025-03-31T18:30:00Z","2025-04-30T18:29:59Z","completed",1,548,548,1,"data/raw/air_quality/openaq/historical/PROJ_007/pm10/PROJ_007_12235582_pm10_2025_04_p1_20260924T212738.json","2026-09-24T15:57:38Z","2026-09-24T15:57:38Z",200,""
1,"PROJ_019",2586,12235655,"so2","2025-03-31T18:30:00Z","2025-04-30T18:29:59Z","completed",1,491,491,1,"data/raw/air_quality/openaq/historical/PROJ_019/so2/PROJ_019_12235655_so2_2025_04_p1_20260924T212741.json","2026-09-24T15:57:41Z","2026-09-24T15:57:41Z",200,""
1,"PROJ_019",2586,12235648,"co","2025-03-31T18:30:00Z","2025-04-30T18:29:59Z","completed",1,491,491,1,"data/raw/air_quality/openaq/historical/PROJ_019/co/PROJ_019_12235648_co_2025_04_p1_20260924T212746.json","2026-09-24T15:57:46Z","2026-09-24T15:57:46Z",200,""
1,"PROJ_019",2586,12235653,"pm2_5","2025-03-31T18:30:00Z","2025-04-30T18:29:59Z","completed",1,491,491,1,"data/raw/air_quality/openaq/historical/PROJ_019/pm2_5/PROJ_019_12235653_pm2_5_2025_04_p1_20260924T212750.json","2026-09-24T15:57:51Z","2026-09-24T15:57:51Z",200,""
1,"PROJ_019",2586,12235652,"pm10","2025-03-31T18:30:00Z","2025-04-30T18:29:59Z","completed",1,491,491,1,"data/raw/air_quality/openaq/historical/PROJ_019/pm10/PROJ_019_12235652_pm10_2025_04_p1_20260924T212755.json","2026-09-24T15:57:55Z","2026-09-24T15:57:55Z",200,""
1,"PROJ_019",2586,12235650,"no2","2025-03-31T18:30:00Z","2025-04-30T18:29:59Z","completed",1,491,491,1,"data/raw/air_quality/openaq/historical/PROJ_019/no2/PROJ_019_12235650_no2_2025_04_p1_20260924T212758.json","2026-09-24T15:57:59Z","2026-09-24T15:57:59Z",200,""
1,"PROJ_019",2586,12235651,"o3","2025-03-31T18:30:00Z","2025-04-30T18:29:59Z","completed",1,491,491,1,"data/raw/air_quality/openaq/historical/PROJ_019/o3/PROJ_019_12235651_o3_2025_04_p1_20260924T212802.json","2026-09-24T15:58:02Z","2026-09-24T15:58:02Z",200,""
1,"PROJ_036",5599,12235400,"pm2_5","2025-03-31T18:30:00Z","2025-04-30T18:29:59Z","completed",1,565,565,1,"data/raw/air_quality/openaq/historical/PROJ_036/pm2_5/PROJ_036_12235400_pm2_5_2025_04_p1_20260924T212805.json","2026-09-24T15:58:05Z","2026-09-24T15:58:05Z",200,""
1,"PROJ_036",5599,12235399,"pm10","2025-03-31T18:30:00Z","2025-04-30T18:29:59Z","completed",1,576,576,1,"data/raw/air_quality/openaq/historical/PROJ_036/pm10/PROJ_036_12235399_pm10_2025_04_p1_20260924T212808.json","2026-09-24T15:58:09Z","2026-09-24T15:58:09Z",200,""
1,"PROJ_036",5599,12235402,"so2","2025-03-31T18:30:00Z","2025-04-30T18:29:59Z","completed",1,605,605,1,"data/raw/air_quality/openaq/historical/PROJ_036/so2/PROJ_036_12235402_so2_2025_04_p1_20260924T212812.json","2026-09-24T15:58:12Z","2026-09-24T15:58:12Z",200,""
1,"PROJ_036",5599,12235398,"o3","2025-03-31T18:30:00Z","2025-04-30T18:29:59Z","completed",1,605,605,1,"data/raw/air_quality/openaq/historical/PROJ_036/o3/PROJ_036_12235398_o3_2025_04_p1_20260924T212815.json","2026-09-24T15:58:15Z","2026-09-24T15:58:15Z",200,""
1,"PROJ_036",5599,12235395,"co","2025-03-31T18:30:00Z","2025-04-30T18:29:59Z","completed",1,606,606,1,"data/raw/air_quality/openaq/historical/PROJ_036/co/PROJ_036_12235395_co_2025_04_p1_20260924T212818.json","2026-09-24T15:58:19Z","2026-09-24T15:58:19Z",200,""
1,"PROJ_036",5599,12235397,"no2","2025-03-31T18:30:00Z","2025-04-30T18:29:59Z","completed",1,605,605,1,"data/raw/air_quality/openaq/historical/PROJ_036/no2/PROJ_036_12235397_no2_2025_04_p1_20260924T212822.json","2026-09-24T15:58:22Z","2026-09-24T15:58:22Z",200,""
1,"PROJ_042",5621,12235625,"pm10","2025-03-31T18:30:00Z","2025-04-30T18:29:59Z","completed",1,625,625,1,"data/raw/air_quality/openaq/historical/PROJ_042/pm10/PROJ_042_12235625_pm10_2025_04_p1_20260924T212827.json","2026-09-24T15:58:27Z","2026-09-24T15:58:27Z",200,""
1,"PROJ_042",5621,12235623,"no2","2025-03-31T18:30:00Z","2025-04-30T18:29:59Z","completed",1,625,625,1,"data/raw/air_quality/openaq/historical/PROJ_042/no2/PROJ_042_12235623_no2_2025_04_p1_20260924T212830.json","2026-09-24T15:58:31Z","2026-09-24T15:58:31Z",200,""
1,"PROJ_042",5621,12235626,"pm2_5","2025-03-31T18:30:00Z","2025-04-30T18:29:59Z","completed",1,625,625,1,"data/raw/air_quality/openaq/historical/PROJ_042/pm2_5/PROJ_042_12235626_pm2_5_2025_04_p1_20260924T212835.json","2026-09-24T15:58:35Z","2026-09-24T15:58:35Z",200,""
1,"PROJ_042",5621,12235621,"co","2025-03-31T18:30:00Z","2025-04-30T18:29:59Z","completed",1,625,625,1,"data/raw/air_quality/openaq/historical/PROJ_042/co/PROJ_042_12235621_co_2025_04_p1_20260924T212838.json","2026-09-24T15:58:39Z","2026-09-24T15:58:39Z",200,""
1,"PROJ_042",5621,12235628,"so2","2025-03-31T18:30:00Z","2025-04-30T18:29:59Z","completed",1,625,625,1,"data/raw/air_quality/openaq/historical/PROJ_042/so2/PROJ_042_12235628_so2_2025_04_p1_20260924T212843.json","2026-09-24T15:58:43Z","2026-09-24T15:58:43Z",200,""
1,"PROJ_042",5621,12235624,"o3","2025-03-31T18:30:00Z","2025-04-30T18:29:59Z","completed",1,625,625,1,"data/raw/air_quality/openaq/historical/PROJ_042/o3/PROJ_042_12235624_o3_2025_04_p1_20260924T212846.json","2026-09-24T15:58:47Z","2026-09-24T15:58:47Z",200,""
1,"PROJ_044",5623,12242116,"co","2025-03-31T18:30:00Z","2025-04-30T18:29:59Z","completed",1,533,533,1,"data/raw/air_quality/openaq/historical/PROJ_044/co/PROJ_044_12242116_co_2025_04_p1_20260924T212851.json","2026-09-24T15:58:51Z","2026-09-24T15:58:51Z",200,""
1,"PROJ_044",5623,12242118,"no2","2025-03-31T18:30:00Z","2025-04-30T18:29:59Z","completed",1,534,534,1,"data/raw/air_quality/openaq/historical/PROJ_044/no2/PROJ_044_12242118_no2_2025_04_p1_20260924T212855.json","2026-09-24T15:58:55Z","2026-09-24T15:58:55Z",200,""
1,"PROJ_044",5623,12242119,"o3","2025-03-31T18:30:00Z","2025-04-30T18:29:59Z","completed",1,534,534,1,"data/raw/air_quality/openaq/historical/PROJ_044/o3/PROJ_044_12242119_o3_2025_04_p1_20260924T212859.json","2026-09-24T15:59:00Z","2026-09-24T15:59:00Z",200,""
1,"PROJ_044",5623,12242121,"pm2_5","2025-03-31T18:30:00Z","2025-04-30T18:29:59Z","completed",1,525,525,1,"data/raw/air_quality/openaq/historical/PROJ_044/pm2_5/PROJ_044_12242121_pm2_5_2025_04_p1_20260924T212903.json","2026-09-24T15:59:03Z","2026-09-24T15:59:03Z",200,""
1,"PROJ_044",5623,12242120,"pm10","2025-03-31T18:30:00Z","2025-04-30T18:29:59Z","completed",1,439,439,1,"data/raw/air_quality/openaq/historical/PROJ_044/pm10/PROJ_044_12242120_pm10_2025_04_p1_20260924T212906.json","2026-09-24T15:59:06Z","2026-09-24T15:59:06Z",200,""
1,"PROJ_044",5623,12242123,"so2","2025-03-31T18:30:00Z","2025-04-30T18:29:59Z","completed",1,534,534,1,"data/raw/air_quality/openaq/historical/PROJ_044/so2/PROJ_044_12242123_so2_2025_04_p1_20260924T212909.json","2026-09-24T15:59:10Z","2026-09-24T15:59:10Z",200,""
1,"PROJ_048",5628,12235460,"pm2_5","2025-03-31T18:30:00Z","2025-04-30T18:29:59Z","completed",1,557,557,1,"data/raw/air_quality/openaq/historical/PROJ_048/pm2_5/PROJ_048_12235460_pm2_5_2025_04_p1_20260924T212914.json","2026-09-24T15:59:15Z","2026-09-24T15:59:15Z",200,""
1,"PROJ_048",5628,12235458,"o3","2025-03-31T18:30:00Z","2025-04-30T18:29:59Z","completed",1,543,543,1,"data/raw/air_quality/openaq/historical/PROJ_048/o3/PROJ_048_12235458_o3_2025_04_p1_20260924T212919.json","2026-09-24T15:59:19Z","2026-09-24T15:59:19Z",200,""
1,"PROJ_048",5628,12235455,"co","2025-03-31T18:30:00Z","2025-04-30T18:29:59Z","completed",1,533,533,1,"data/raw/air_quality/openaq/historical/PROJ_048/co/PROJ_048_12235455_co_2025_04_p1_20260924T212922.json","2026-09-24T15:59:22Z","2026-09-24T15:59:22Z",200,""
1,"PROJ_048",5628,12235459,"pm10","2025-03-31T18:30:00Z","2025-04-30T18:29:59Z","completed",1,563,563,1,"data/raw/air_quality/openaq/historical/PROJ_048/pm10/PROJ_048_12235459_pm10_2025_04_p1_20260924T212927.json","2026-09-24T15:59:27Z","2026-09-24T15:59:27Z",200,""
1,"PROJ_048",5628,12235462,"so2","2025-03-31T18:30:00Z","2025-04-30T18:29:59Z","completed",1,567,567,1,"data/raw/air_quality/openaq/historical/PROJ_048/so2/PROJ_048_12235462_so2_2025_04_p1_20260924T212930.json","2026-09-24T15:59:31Z","2026-09-24T15:59:31Z",200,""
1,"PROJ_048",5628,12235457,"no2","2025-03-31T18:30:00Z","2025-04-30T18:29:59Z","completed",1,552,552,1,"data/raw/air_quality/openaq/historical/PROJ_048/no2/PROJ_048_12235457_no2_2025_04_p1_20260924T212935.json","2026-09-24T15:59:35Z","2026-09-24T15:59:35Z",200,""
1,"PROJ_050",5631,12235666,"co","2025-03-31T18:30:00Z","2025-04-30T18:29:59Z","completed",1,586,586,1,"data/raw/air_quality/openaq/historical/PROJ_050/co/PROJ_050_12235666_co_2025_04_p1_20260924T212940.json","2026-09-24T15:59:40Z","2026-09-24T15:59:40Z",200,""
1,"PROJ_050",5631,12235668,"no2","2025-03-31T18:30:00Z","2025-04-30T18:29:59Z","completed",1,586,586,1,"data/raw/air_quality/openaq/historical/PROJ_050/no2/PROJ_050_12235668_no2_2025_04_p1_20260924T212945.json","2026-09-24T15:59:46Z","2026-09-24T15:59:46Z",200,""
1,"PROJ_050",5631,12235670,"pm10","2025-03-31T18:30:00Z","2025-04-30T18:29:59Z","completed",1,586,586,1,"data/raw/air_quality/openaq/historical/PROJ_050/pm10/PROJ_050_12235670_pm10_2025_04_p1_20260924T212949.json","2026-09-24T15:59:49Z","2026-09-24T15:59:49Z",200,""
1,"PROJ_050",5631,12235673,"so2","2025-03-31T18:30:00Z","2025-04-30T18:29:59Z","completed",1,584,584,1,"data/raw/air_quality/openaq/historical/PROJ_050/so2/PROJ_050_12235673_so2_2025_04_p1_20260924T212953.json","2026-09-24T15:59:54Z","2026-09-24T15:59:54Z",200,""
1,"PROJ_050",5631,12235671,"pm2_5","2025-03-31T18:30:00Z","2025-04-30T18:29:59Z","completed",1,586,586,1,"data/raw/air_quality/openaq/historical/PROJ_050/pm2_5/PROJ_050_12235671_pm2_5_2025_04_p1_20260924T212957.json","2026-09-24T15:59:57Z","2026-09-24T15:59:57Z",200,""
1,"PROJ_050",5631,12235669,"o3","2025-03-31T18:30:00Z","2025-04-30T18:29:59Z","completed",1,574,574,1,"data/raw/air_quality/openaq/historical/PROJ_050/o3/PROJ_050_12235669_o3_2025_04_p1_20260924T213001.json","2026-09-24T16:00:02Z","2026-09-24T16:00:02Z",200,""
1,"PROJ_051",5633,12234804,"pm10","2025-03-31T18:30:00Z","2025-04-30T18:29:59Z","completed",1,547,547,1,"data/raw/air_quality/openaq/historical/PROJ_051/pm10/PROJ_051_12234804_pm10_2025_04_p1_20260924T213005.json","2026-09-24T16:00:05Z","2026-09-24T16:00:05Z",200,""
1,"PROJ_051",5633,12234807,"so2","2025-03-31T18:30:00Z","2025-04-30T18:29:59Z","completed",1,547,547,1,"data/raw/air_quality/openaq/historical/PROJ_051/so2/PROJ_051_12234807_so2_2025_04_p1_20260924T213010.json","2026-09-24T16:00:10Z","2026-09-24T16:00:10Z",200,""
1,"PROJ_051",5633,12234805,"pm2_5","2025-03-31T18:30:00Z","2025-04-30T18:29:59Z","completed",1,547,547,1,"data/raw/air_quality/openaq/historical/PROJ_051/pm2_5/PROJ_051_12234805_pm2_5_2025_04_p1_20260924T213013.json","2026-09-24T16:00:14Z","2026-09-24T16:00:14Z",200,""
1,"PROJ_051",5633,12234800,"co","2025-03-31T18:30:00Z","2025-04-30T18:29:59Z","completed",1,547,547,1,"data/raw/air_quality/openaq/historical/PROJ_051/co/PROJ_051_12234800_co_2025_04_p1_20260924T213018.json","2026-09-24T16:00:18Z","2026-09-24T16:00:18Z",200,""
1,"PROJ_051",5633,12234803,"o3","2025-03-31T18:30:00Z","2025-04-30T18:29:59Z","completed",1,547,547,1,"data/raw/air_quality/openaq/historical/PROJ_051/o3/PROJ_051_12234803_o3_2025_04_p1_20260924T213023.json","2026-09-24T16:00:24Z","2026-09-24T16:00:24Z",200,""
1,"PROJ_051",5633,12234802,"no2","2025-03-31T18:30:00Z","2025-04-30T18:29:59Z","completed",1,548,548,1,"data/raw/air_quality/openaq/historical/PROJ_051/no2/PROJ_051_12234802_no2_2025_04_p1_20260924T213028.json","2026-09-24T16:00:28Z","2026-09-24T16:00:28Z",200,""
1,"PROJ_063",5659,12235521,"pm10","2025-03-31T18:30:00Z","2025-04-30T18:29:59Z","completed",1,508,508,1,"data/raw/air_quality/openaq/historical/PROJ_063/pm10/PROJ_063_12235521_pm10_2025_04_p1_20260924T213032.json","2026-09-24T16:00:33Z","2026-09-24T16:00:33Z",200,""
1,"PROJ_063",5659,12235520,"o3","2025-03-31T18:30:00Z","2025-04-30T18:29:59Z","completed",1,508,508,1,"data/raw/air_quality/openaq/historical/PROJ_063/o3/PROJ_063_12235520_o3_2025_04_p1_20260924T213036.json","2026-09-24T16:00:36Z","2026-09-24T16:00:36Z",200,""
1,"PROJ_063",5659,12235517,"co","2025-03-31T18:30:00Z","2025-04-30T18:29:59Z","completed",1,509,509,1,"data/raw/air_quality/openaq/historical/PROJ_063/co/PROJ_063_12235517_co_2025_04_p1_20260924T213040.json","2026-09-24T16:00:41Z","2026-09-24T16:00:41Z",200,""
1,"PROJ_063",5659,12235524,"so2","2025-03-31T18:30:00Z","2025-04-30T18:29:59Z","completed",1,508,508,1,"data/raw/air_quality/openaq/historical/PROJ_063/so2/PROJ_063_12235524_so2_2025_04_p1_20260924T213044.json","2026-09-24T16:00:45Z","2026-09-24T16:00:45Z",200,""
1,"PROJ_063",5659,12235519,"no2","2025-03-31T18:30:00Z","2025-04-30T18:29:59Z","completed",1,508,508,1,"data/raw/air_quality/openaq/historical/PROJ_063/no2/PROJ_063_12235519_no2_2025_04_p1_20260924T213048.json","2026-09-24T16:00:48Z","2026-09-24T16:00:48Z",200,""
1,"PROJ_063",5659,12235522,"pm2_5","2025-03-31T18:30:00Z","2025-04-30T18:29:59Z","completed",1,508,508,1,"data/raw/air_quality/openaq/historical/PROJ_063/pm2_5/PROJ_063_12235522_pm2_5_2025_04_p1_20260924T213052.json","2026-09-24T16:00:53Z","2026-09-24T16:00:53Z",200,""
1,"PROJ_092",6945,12289836,"so2","2025-03-31T18:30:00Z","2025-04-30T18:29:59Z","completed",1,224,224,1,"data/raw/air_quality/openaq/historical/PROJ_092/so2/PROJ_092_12289836_so2_2025_04_p1_20260924T213055.json","2026-09-24T16:00:56Z","2026-09-24T16:00:56Z",200,""
1,"PROJ_092",6945,12235834,"pm2_5","2025-03-31T18:30:00Z","2025-04-30T18:29:59Z","completed",1,514,514,1,"data/raw/air_quality/openaq/historical/PROJ_092/pm2_5/PROJ_092_12235834_pm2_5_2025_04_p1_20260924T213100.json","2026-09-24T16:01:00Z","2026-09-24T16:01:00Z",200,""
1,"PROJ_092",6945,12235829,"co","2025-03-31T18:30:00Z","2025-04-30T18:29:59Z","completed",1,511,511,1,"data/raw/air_quality/openaq/historical/PROJ_092/co/PROJ_092_12235829_co_2025_04_p1_20260924T213103.json","2026-09-24T16:01:03Z","2026-09-24T16:01:03Z",200,""
1,"PROJ_092",6945,12235833,"pm10","2025-03-31T18:30:00Z","2025-04-30T18:29:59Z","completed",1,514,514,1,"data/raw/air_quality/openaq/historical/PROJ_092/pm10/PROJ_092_12235833_pm10_2025_04_p1_20260924T213106.json","2026-09-24T16:01:07Z","2026-09-24T16:01:07Z",200,""
1,"PROJ_092",6945,12235831,"no2","2025-03-31T18:30:00Z","2025-04-30T18:29:59Z","completed",1,514,514,1,"data/raw/air_quality/openaq/historical/PROJ_092/no2/PROJ_092_12235831_no2_2025_04_p1_20260924T213111.json","2026-09-24T16:01:11Z","2026-09-24T16:01:11Z",200,""
1,"PROJ_092",6945,12235832,"o3","2025-03-31T18:30:00Z","2025-04-30T18:29:59Z","completed",1,511,511,1,"data/raw/air_quality/openaq/historical/PROJ_092/o3/PROJ_092_12235832_o3_2025_04_p1_20260924T213114.json","2026-09-24T16:01:14Z","2026-09-24T16:01:14Z",200,""
1,"PROJ_101",6973,12235269,"so2","2025-03-31T18:30:00Z","2025-04-30T18:29:59Z","completed",1,555,555,1,"data/raw/air_quality/openaq/historical/PROJ_101/so2/PROJ_101_12235269_so2_2025_04_p1_20260924T213119.json","2026-09-24T16:01:20Z","2026-09-24T16:01:20Z",200,""
1,"PROJ_101",6973,12235264,"no2","2025-03-31T18:30:00Z","2025-04-30T18:29:59Z","completed",1,556,556,1,"data/raw/air_quality/openaq/historical/PROJ_101/no2/PROJ_101_12235264_no2_2025_04_p1_20260924T213122.json","2026-09-24T16:01:23Z","2026-09-24T16:01:23Z",200,""
1,"PROJ_101",6973,12235266,"pm10","2025-03-31T18:30:00Z","2025-04-30T18:29:59Z","completed",1,528,528,1,"data/raw/air_quality/openaq/historical/PROJ_101/pm10/PROJ_101_12235266_pm10_2025_04_p1_20260924T213127.json","2026-09-24T16:01:27Z","2026-09-24T16:01:27Z",200,""
1,"PROJ_101",6973,12235267,"pm2_5","2025-03-31T18:30:00Z","2025-04-30T18:29:59Z","completed",1,557,557,1,"data/raw/air_quality/openaq/historical/PROJ_101/pm2_5/PROJ_101_12235267_pm2_5_2025_04_p1_20260924T213130.json","2026-09-24T16:01:31Z","2026-09-24T16:01:31Z",200,""
1,"PROJ_101",6973,12235265,"o3","2025-03-31T18:30:00Z","2025-04-30T18:29:59Z","completed",1,490,490,1,"data/raw/air_quality/openaq/historical/PROJ_101/o3/PROJ_101_12235265_o3_2025_04_p1_20260924T213134.json","2026-09-24T16:01:34Z","2026-09-24T16:01:34Z",200,""
1,"PROJ_101",6973,12235262,"co","2025-03-31T18:30:00Z","2025-04-30T18:29:59Z","completed",1,454,454,1,"data/raw/air_quality/openaq/historical/PROJ_101/co/PROJ_101_12235262_co_2025_04_p1_20260924T213137.json","2026-09-24T16:01:38Z","2026-09-24T16:01:38Z",200,""
1,"PROJ_133",10599,12236100,"o3","2025-03-31T18:30:00Z","2025-04-30T18:29:59Z","completed",1,615,615,1,"data/raw/air_quality/openaq/historical/PROJ_133/o3/PROJ_133_12236100_o3_2025_04_p1_20260924T213142.json","2026-09-24T16:01:43Z","2026-09-24T16:01:43Z",200,""
1,"PROJ_133",10599,12236101,"pm10","2025-03-31T18:30:00Z","2025-04-30T18:29:59Z","completed",1,615,615,1,"data/raw/air_quality/openaq/historical/PROJ_133/pm10/PROJ_133_12236101_pm10_2025_04_p1_20260924T213147.json","2026-09-24T16:01:47Z","2026-09-24T16:01:47Z",200,""
1,"PROJ_133",10599,12236097,"co","2025-03-31T18:30:00Z","2025-04-30T18:29:59Z","completed",1,615,615,1,"data/raw/air_quality/openaq/historical/PROJ_133/co/PROJ_133_12236097_co_2025_04_p1_20260924T213151.json","2026-09-24T16:01:51Z","2026-09-24T16:01:51Z",200,""
1,"PROJ_133",10599,12236104,"so2","2025-03-31T18:30:00Z","2025-04-30T18:29:59Z","completed",1,615,615,1,"data/raw/air_quality/openaq/historical/PROJ_133/so2/PROJ_133_12236104_so2_2025_04_p1_20260924T213154.json","2026-09-24T16:01:55Z","2026-09-24T16:01:55Z",200,""
1,"PROJ_133",10599,12236102,"pm2_5","2025-03-31T18:30:00Z","2025-04-30T18:29:59Z","completed",1,615,615,1,"data/raw/air_quality/openaq/historical/PROJ_133/pm2_5/PROJ_133_12236102_pm2_5_2025_04_p1_20260924T213158.json","2026-09-24T16:01:58Z","2026-09-24T16:01:58Z",200,""
1,"PROJ_133",10599,12236099,"no2","2025-03-31T18:30:00Z","2025-04-30T18:29:59Z","completed",1,615,615,1,"data/raw/air_quality/openaq/historical/PROJ_133/no2/PROJ_133_12236099_no2_2025_04_p1_20260924T213202.json","2026-09-24T16:02:02Z","2026-09-24T16:02:02Z",200,""
1,"PROJ_142",10903,12235758,"no2","2025-03-31T18:30:00Z","2025-04-30T18:29:59Z","completed",1,468,468,1,"data/raw/air_quality/openaq/historical/PROJ_142/no2/PROJ_142_12235758_no2_2025_04_p1_20260924T213205.json","2026-09-24T16:02:06Z","2026-09-24T16:02:06Z",200,""
1,"PROJ_142",10903,12235763,"so2","2025-03-31T18:30:00Z","2025-04-30T18:29:59Z","completed",1,468,468,1,"data/raw/air_quality/openaq/historical/PROJ_142/so2/PROJ_142_12235763_so2_2025_04_p1_20260924T213209.json","2026-09-24T16:02:09Z","2026-09-24T16:02:09Z",200,""
1,"PROJ_142",10903,12235756,"co","2025-03-31T18:30:00Z","2025-04-30T18:29:59Z","completed",1,468,468,1,"data/raw/air_quality/openaq/historical/PROJ_142/co/PROJ_142_12235756_co_2025_04_p1_20260924T213212.json","2026-09-24T16:02:12Z","2026-09-24T16:02:12Z",200,""
1,"PROJ_142",10903,12235760,"pm10","2025-03-31T18:30:00Z","2025-04-30T18:29:59Z","completed",1,468,468,1,"data/raw/air_quality/openaq/historical/PROJ_142/pm10/PROJ_142_12235760_pm10_2025_04_p1_20260924T213215.json","2026-09-24T16:02:15Z","2026-09-24T16:02:15Z",200,""
1,"PROJ_142",10903,12235759,"o3","2025-03-31T18:30:00Z","2025-04-30T18:29:59Z","completed",1,468,468,1,"data/raw/air_quality/openaq/historical/PROJ_142/o3/PROJ_142_12235759_o3_2025_04_p1_20260924T213218.json","2026-09-24T16:02:19Z","2026-09-24T16:02:19Z",200,""
1,"PROJ_142",10903,12235761,"pm2_5","2025-03-31T18:30:00Z","2025-04-30T18:29:59Z","completed",1,468,468,1,"data/raw/air_quality/openaq/historical/PROJ_142/pm2_5/PROJ_142_12235761_pm2_5_2025_04_p1_20260924T213223.json","2026-09-24T16:02:23Z","2026-09-24T16:02:23Z",200,""
1,"PROJ_144",10913,12236019,"o3","2025-03-31T18:30:00Z","2025-04-30T18:29:59Z","completed",1,616,616,1,"data/raw/air_quality/openaq/historical/PROJ_144/o3/PROJ_144_12236019_o3_2025_04_p1_20260924T213226.json","2026-09-24T16:02:27Z","2026-09-24T16:02:27Z",200,""
1,"PROJ_144",10913,12236023,"so2","2025-03-31T18:30:00Z","2025-04-30T18:29:59Z","completed",1,617,617,1,"data/raw/air_quality/openaq/historical/PROJ_144/so2/PROJ_144_12236023_so2_2025_04_p1_20260924T213232.json","2026-09-24T16:02:32Z","2026-09-24T16:02:32Z",200,""
1,"PROJ_144",10913,12236021,"pm2_5","2025-03-31T18:30:00Z","2025-04-30T18:29:59Z","completed",1,602,602,1,"data/raw/air_quality/openaq/historical/PROJ_144/pm2_5/PROJ_144_12236021_pm2_5_2025_04_p1_20260924T213235.json","2026-09-24T16:02:35Z","2026-09-24T16:02:35Z",200,""
1,"PROJ_144",10913,12236020,"pm10","2025-03-31T18:30:00Z","2025-04-30T18:29:59Z","completed",1,614,614,1,"data/raw/air_quality/openaq/historical/PROJ_144/pm10/PROJ_144_12236020_pm10_2025_04_p1_20260924T213240.json","2026-09-24T16:02:40Z","2026-09-24T16:02:40Z",200,""
1,"PROJ_144",10913,12236016,"co","2025-03-31T18:30:00Z","2025-04-30T18:29:59Z","completed",1,617,617,1,"data/raw/air_quality/openaq/historical/PROJ_144/co/PROJ_144_12236016_co_2025_04_p1_20260924T213243.json","2026-09-24T16:02:43Z","2026-09-24T16:02:43Z",200,""
1,"PROJ_144",10913,12236018,"no2","2025-03-31T18:30:00Z","2025-04-30T18:29:59Z","completed",1,598,598,1,"data/raw/air_quality/openaq/historical/PROJ_144/no2/PROJ_144_12236018_no2_2025_04_p1_20260924T213246.json","2026-09-24T16:02:46Z","2026-09-24T16:02:46Z",200,""
1,"PROJ_158",11613,12236463,"pm2_5","2025-03-31T18:30:00Z","2025-04-30T18:29:59Z","completed",1,620,620,1,"data/raw/air_quality/openaq/historical/PROJ_158/pm2_5/PROJ_158_12236463_pm2_5_2025_04_p1_20260924T213251.json","2026-09-24T16:02:51Z","2026-09-24T16:02:51Z",200,""
1,"PROJ_158",11613,12236458,"co","2025-03-31T18:30:00Z","2025-04-30T18:29:59Z","completed",1,620,620,1,"data/raw/air_quality/openaq/historical/PROJ_158/co/PROJ_158_12236458_co_2025_04_p1_20260924T213255.json","2026-09-24T16:02:56Z","2026-09-24T16:02:56Z",200,""
1,"PROJ_158",11613,12236460,"no2","2025-03-31T18:30:00Z","2025-04-30T18:29:59Z","completed",1,620,620,1,"data/raw/air_quality/openaq/historical/PROJ_158/no2/PROJ_158_12236460_no2_2025_04_p1_20260924T213259.json","2026-09-24T16:02:59Z","2026-09-24T16:02:59Z",200,""
1,"PROJ_158",11613,12236461,"o3","2025-03-31T18:30:00Z","2025-04-30T18:29:59Z","completed",1,620,620,1,"data/raw/air_quality/openaq/historical/PROJ_158/o3/PROJ_158_12236461_o3_2025_04_p1_20260924T213302.json","2026-09-24T16:03:02Z","2026-09-24T16:03:02Z",200,""
1,"PROJ_158",11613,12236465,"so2","2025-03-31T18:30:00Z","2025-04-30T18:29:59Z","completed",1,620,620,1,"data/raw/air_quality/openaq/historical/PROJ_158/so2/PROJ_158_12236465_so2_2025_04_p1_20260924T213307.json","2026-09-24T16:03:08Z","2026-09-24T16:03:08Z",200,""
1,"PROJ_158",11613,12236462,"pm10","2025-03-31T18:30:00Z","2025-04-30T18:29:59Z","completed",1,620,620,1,"data/raw/air_quality/openaq/historical/PROJ_158/pm10/PROJ_158_12236462_pm10_2025_04_p1_20260924T213312.json","2026-09-24T16:03:12Z","2026-09-24T16:03:12Z",200,""
1,"PROJ_179",344103,12237100,"so2","2025-03-31T18:30:00Z","2025-04-30T18:29:59Z","completed",1,523,523,1,"data/raw/air_quality/openaq/historical/PROJ_179/so2/PROJ_179_12237100_so2_2025_04_p1_20260924T213315.json","2026-09-24T16:03:15Z","2026-09-24T16:03:15Z",200,""
1,"PROJ_179",344103,12237093,"co","2025-03-31T18:30:00Z","2025-04-30T18:29:59Z","completed",1,523,523,1,"data/raw/air_quality/openaq/historical/PROJ_179/co/PROJ_179_12237093_co_2025_04_p1_20260924T213318.json","2026-09-24T16:03:19Z","2026-09-24T16:03:19Z",200,""
1,"PROJ_179",344103,12237096,"o3","2025-03-31T18:30:00Z","2025-04-30T18:29:59Z","completed",1,523,523,1,"data/raw/air_quality/openaq/historical/PROJ_179/o3/PROJ_179_12237096_o3_2025_04_p1_20260924T213322.json","2026-09-24T16:03:22Z","2026-09-24T16:03:22Z",200,""
1,"PROJ_179",344103,12237097,"pm10","2025-03-31T18:30:00Z","2025-04-30T18:29:59Z","completed",1,523,523,1,"data/raw/air_quality/openaq/historical/PROJ_179/pm10/PROJ_179_12237097_pm10_2025_04_p1_20260924T213325.json","2026-09-24T16:03:25Z","2026-09-24T16:03:25Z",200,""
1,"PROJ_179",344103,12237098,"pm2_5","2025-03-31T18:30:00Z","2025-04-30T18:29:59Z","completed",1,523,523,1,"data/raw/air_quality/openaq/historical/PROJ_179/pm2_5/PROJ_179_12237098_pm2_5_2025_04_p1_20260924T213328.json","2026-09-24T16:03:28Z","2026-09-24T16:03:28Z",200,""
1,"PROJ_179",344103,12237095,"no2","2025-03-31T18:30:00Z","2025-04-30T18:29:59Z","completed",1,523,523,1,"data/raw/air_quality/openaq/historical/PROJ_179/no2/PROJ_179_12237095_no2_2025_04_p1_20260924T213332.json","2026-09-24T16:03:33Z","2026-09-24T16:03:33Z",200,""
1,"PROJ_180",344104,12237125,"pm2_5","2025-03-31T18:30:00Z","2025-04-30T18:29:59Z","completed",1,562,562,1,"data/raw/air_quality/openaq/historical/PROJ_180/pm2_5/PROJ_180_12237125_pm2_5_2025_04_p1_20260924T213336.json","2026-09-24T16:03:36Z","2026-09-24T16:03:36Z",200,""
1,"PROJ_180",344104,12237122,"no2","2025-03-31T18:30:00Z","2025-04-30T18:29:59Z","completed",1,562,562,1,"data/raw/air_quality/openaq/historical/PROJ_180/no2/PROJ_180_12237122_no2_2025_04_p1_20260924T213339.json","2026-09-24T16:03:39Z","2026-09-24T16:03:39Z",200,""
1,"PROJ_180",344104,12237124,"pm10","2025-03-31T18:30:00Z","2025-04-30T18:29:59Z","completed",1,562,562,1,"data/raw/air_quality/openaq/historical/PROJ_180/pm10/PROJ_180_12237124_pm10_2025_04_p1_20260924T213343.json","2026-09-24T16:03:44Z","2026-09-24T16:03:44Z",200,""
1,"PROJ_180",344104,12237127,"so2","2025-03-31T18:30:00Z","2025-04-30T18:29:59Z","completed",1,562,562,1,"data/raw/air_quality/openaq/historical/PROJ_180/so2/PROJ_180_12237127_so2_2025_04_p1_20260924T213347.json","2026-09-24T16:03:47Z","2026-09-24T16:03:47Z",200,""
1,"PROJ_180",344104,12237123,"o3","2025-03-31T18:30:00Z","2025-04-30T18:29:59Z","completed",1,562,562,1,"data/raw/air_quality/openaq/historical/PROJ_180/o3/PROJ_180_12237123_o3_2025_04_p1_20260924T213351.json","2026-09-24T16:03:51Z","2026-09-24T16:03:51Z",200,""
1,"PROJ_180",344104,12237120,"co","2025-03-31T18:30:00Z","2025-04-30T18:29:59Z","completed",1,562,562,1,"data/raw/air_quality/openaq/historical/PROJ_180/co/PROJ_180_12237120_co_2025_04_p1_20260924T213355.json","2026-09-24T16:03:55Z","2026-09-24T16:03:55Z",200,""
1,"PROJ_181",344140,12237111,"co","2025-03-31T18:30:00Z","2025-04-30T18:29:59Z","completed",1,495,495,1,"data/raw/air_quality/openaq/historical/PROJ_181/co/PROJ_181_12237111_co_2025_04_p1_20260924T213358.json","2026-09-24T16:03:58Z","2026-09-24T16:03:58Z",200,""
1,"PROJ_181",344140,12237114,"o3","2025-03-31T18:30:00Z","2025-04-30T18:29:59Z","completed",1,495,495,1,"data/raw/air_quality/openaq/historical/PROJ_181/o3/PROJ_181_12237114_o3_2025_04_p1_20260924T213402.json","2026-09-24T16:04:03Z","2026-09-24T16:04:03Z",200,""
1,"PROJ_181",344140,12237113,"no2","2025-03-31T18:30:00Z","2025-04-30T18:29:59Z","completed",1,495,495,1,"data/raw/air_quality/openaq/historical/PROJ_181/no2/PROJ_181_12237113_no2_2025_04_p1_20260924T213406.json","2026-09-24T16:04:06Z","2026-09-24T16:04:06Z",200,""
1,"PROJ_181",344140,12237115,"pm10","2025-03-31T18:30:00Z","2025-04-30T18:29:59Z","completed",1,495,495,1,"data/raw/air_quality/openaq/historical/PROJ_181/pm10/PROJ_181_12237115_pm10_2025_04_p1_20260924T213409.json","2026-09-24T16:04:09Z","2026-09-24T16:04:09Z",200,""
1,"PROJ_181",344140,12237118,"so2","2025-03-31T18:30:00Z","2025-04-30T18:29:59Z","completed",1,495,495,1,"data/raw/air_quality/openaq/historical/PROJ_181/so2/PROJ_181_12237118_so2_2025_04_p1_20260924T213412.json","2026-09-24T16:04:13Z","2026-09-24T16:04:13Z",200,""
1,"PROJ_181",344140,12237116,"pm2_5","2025-03-31T18:30:00Z","2025-04-30T18:29:59Z","completed",1,495,495,1,"data/raw/air_quality/openaq/historical/PROJ_181/pm2_5/PROJ_181_12237116_pm2_5_2025_04_p1_20260924T213416.json","2026-09-24T16:04:17Z","2026-09-24T16:04:17Z",200,""
1,"PROJ_186",352465,12237091,"so2","2025-03-31T18:30:00Z","2025-04-30T18:29:59Z","completed",1,501,501,1,"data/raw/air_quality/openaq/historical/PROJ_186/so2/PROJ_186_12237091_so2_2025_04_p1_20260924T213421.json","2026-09-24T16:04:21Z","2026-09-24T16:04:21Z",200,""
1,"PROJ_186",352465,12237088,"pm10","2025-03-31T18:30:00Z","2025-04-30T18:29:59Z","completed",1,502,502,1,"data/raw/air_quality/openaq/historical/PROJ_186/pm10/PROJ_186_12237088_pm10_2025_04_p1_20260924T213424.json","2026-09-24T16:04:24Z","2026-09-24T16:04:24Z",200,""
1,"PROJ_186",352465,12237089,"pm2_5","2025-03-31T18:30:00Z","2025-04-30T18:29:59Z","completed",1,502,502,1,"data/raw/air_quality/openaq/historical/PROJ_186/pm2_5/PROJ_186_12237089_pm2_5_2025_04_p1_20260924T213427.json","2026-09-24T16:04:27Z","2026-09-24T16:04:27Z",200,""
1,"PROJ_186",352465,12237086,"no2","2025-03-31T18:30:00Z","2025-04-30T18:29:59Z","completed",1,501,501,1,"data/raw/air_quality/openaq/historical/PROJ_186/no2/PROJ_186_12237086_no2_2025_04_p1_20260924T213430.json","2026-09-24T16:04:31Z","2026-09-24T16:04:31Z",200,""
1,"PROJ_186",352465,12237087,"o3","2025-03-31T18:30:00Z","2025-04-30T18:29:59Z","completed",1,501,501,1,"data/raw/air_quality/openaq/historical/PROJ_186/o3/PROJ_186_12237087_o3_2025_04_p1_20260924T213435.json","2026-09-24T16:04:35Z","2026-09-24T16:04:35Z",200,""
1,"PROJ_186",352465,12237084,"co","2025-03-31T18:30:00Z","2025-04-30T18:29:59Z","completed",1,501,501,1,"data/raw/air_quality/openaq/historical/PROJ_186/co/PROJ_186_12237084_co_2025_04_p1_20260924T213440.json","2026-09-24T16:04:40Z","2026-09-24T16:04:40Z",200,""
1,"PROJ_094",6950,12235885,"o3","2025-03-31T18:30:00Z","2025-04-30T18:29:59Z","completed",1,622,622,1,"data/raw/air_quality/openaq/historical/PROJ_094/o3/PROJ_094_12235885_o3_2025_04_p1_20260924T213444.json","2026-09-24T16:04:44Z","2026-09-24T16:04:44Z",200,""
1,"PROJ_094",6950,12235889,"so2","2025-03-31T18:30:00Z","2025-04-30T18:29:59Z","completed",1,622,622,1,"data/raw/air_quality/openaq/historical/PROJ_094/so2/PROJ_094_12235889_so2_2025_04_p1_20260924T213449.json","2026-09-24T16:04:49Z","2026-09-24T16:04:49Z",200,""
1,"PROJ_094",6950,12235884,"no2","2025-03-31T18:30:00Z","2025-04-30T18:29:59Z","completed",1,622,622,1,"data/raw/air_quality/openaq/historical/PROJ_094/no2/PROJ_094_12235884_no2_2025_04_p1_20260924T213452.json","2026-09-24T16:04:53Z","2026-09-24T16:04:53Z",200,""
1,"PROJ_094",6950,12235886,"pm10","2025-03-31T18:30:00Z","2025-04-30T18:29:59Z","completed",1,623,623,1,"data/raw/air_quality/openaq/historical/PROJ_094/pm10/PROJ_094_12235886_pm10_2025_04_p1_20260924T213456.json","2026-09-24T16:04:56Z","2026-09-24T16:04:56Z",200,""
1,"PROJ_094",6950,12235882,"co","2025-03-31T18:30:00Z","2025-04-30T18:29:59Z","completed",1,622,622,1,"data/raw/air_quality/openaq/historical/PROJ_094/co/PROJ_094_12235882_co_2025_04_p1_20260924T213500.json","2026-09-24T16:05:00Z","2026-09-24T16:05:00Z",200,""
1,"PROJ_094",6950,12235887,"pm2_5","2025-03-31T18:30:00Z","2025-04-30T18:29:59Z","completed",1,623,623,1,"data/raw/air_quality/openaq/historical/PROJ_094/pm2_5/PROJ_094_12235887_pm2_5_2025_04_p1_20260924T213504.json","2026-09-24T16:05:05Z","2026-09-24T16:05:05Z",200,""
2,"PROJ_002",17,12234785,"o3","2025-04-30T18:30:00Z","2025-05-31T18:29:59Z","completed",1,695,695,1,"data/raw/air_quality/openaq/historical/PROJ_002/o3/PROJ_002_12234785_o3_2025_05_p1_20260924T213508.json","2026-09-24T16:05:08Z","2026-09-24T16:05:08Z",200,""
2,"PROJ_002",17,12234787,"pm2_5","2025-04-30T18:30:00Z","2025-05-31T18:29:59Z","completed",1,701,701,1,"data/raw/air_quality/openaq/historical/PROJ_002/pm2_5/PROJ_002_12234787_pm2_5_2025_05_p1_20260924T213512.json","2026-09-24T16:05:12Z","2026-09-24T16:05:12Z",200,""
2,"PROJ_002",17,12234784,"no2","2025-04-30T18:30:00Z","2025-05-31T18:29:59Z","completed",1,702,702,1,"data/raw/air_quality/openaq/historical/PROJ_002/no2/PROJ_002_12234784_no2_2025_05_p1_20260924T213515.json","2026-09-24T16:05:16Z","2026-09-24T16:05:16Z",200,""
2,"PROJ_002",17,12234786,"pm10","2025-04-30T18:30:00Z","2025-05-31T18:29:59Z","completed",1,701,701,1,"data/raw/air_quality/openaq/historical/PROJ_002/pm10/PROJ_002_12234786_pm10_2025_05_p1_20260924T213520.json","2026-09-24T16:05:21Z","2026-09-24T16:05:21Z",200,""
2,"PROJ_002",17,12234782,"co","2025-04-30T18:30:00Z","2025-05-31T18:29:59Z","completed",1,702,702,1,"data/raw/air_quality/openaq/historical/PROJ_002/co/PROJ_002_12234782_co_2025_05_p1_20260924T213524.json","2026-09-24T16:05:24Z","2026-09-24T16:05:24Z",200,""
2,"PROJ_002",17,12234789,"so2","2025-04-30T18:30:00Z","2025-05-31T18:29:59Z","completed",1,659,659,1,"data/raw/air_quality/openaq/historical/PROJ_002/so2/PROJ_002_12234789_so2_2025_05_p1_20260924T213529.json","2026-09-24T16:05:29Z","2026-09-24T16:05:29Z",200,""
2,"PROJ_007",407,12235585,"so2","2025-04-30T18:30:00Z","2025-05-31T18:29:59Z","completed",1,651,651,1,"data/raw/air_quality/openaq/historical/PROJ_007/so2/PROJ_007_12235585_so2_2025_05_p1_20260924T213532.json","2026-09-24T16:05:33Z","2026-09-24T16:05:33Z",200,""
2,"PROJ_007",407,12235581,"o3","2025-04-30T18:30:00Z","2025-05-31T18:29:59Z","completed",1,652,652,1,"data/raw/air_quality/openaq/historical/PROJ_007/o3/PROJ_007_12235581_o3_2025_05_p1_20260924T213536.json","2026-09-24T16:05:36Z","2026-09-24T16:05:36Z",200,""
2,"PROJ_007",407,12235578,"co","2025-04-30T18:30:00Z","2025-05-31T18:29:59Z","completed",1,651,651,1,"data/raw/air_quality/openaq/historical/PROJ_007/co/PROJ_007_12235578_co_2025_05_p1_20260924T213539.json","2026-09-24T16:05:40Z","2026-09-24T16:05:40Z",200,""
2,"PROJ_007",407,12235580,"no2","2025-04-30T18:30:00Z","2025-05-31T18:29:59Z","completed",1,651,651,1,"data/raw/air_quality/openaq/historical/PROJ_007/no2/PROJ_007_12235580_no2_2025_05_p1_20260924T213543.json","2026-09-24T16:05:44Z","2026-09-24T16:05:44Z",200,""
2,"PROJ_007",407,12235583,"pm2_5","2025-04-30T18:30:00Z","2025-05-31T18:29:59Z","completed",1,626,626,1,"data/raw/air_quality/openaq/historical/PROJ_007/pm2_5/PROJ_007_12235583_pm2_5_2025_05_p1_20260924T213547.json","2026-09-24T16:05:48Z","2026-09-24T16:05:48Z",200,""
2,"PROJ_007",407,12235582,"pm10","2025-04-30T18:30:00Z","2025-05-31T18:29:59Z","completed",1,632,632,1,"data/raw/air_quality/openaq/historical/PROJ_007/pm10/PROJ_007_12235582_pm10_2025_05_p1_20260924T213551.json","2026-09-24T16:05:51Z","2026-09-24T16:05:51Z",200,""
2,"PROJ_019",2586,12235655,"so2","2025-04-30T18:30:00Z","2025-05-31T18:29:59Z","completed",1,577,577,1,"data/raw/air_quality/openaq/historical/PROJ_019/so2/PROJ_019_12235655_so2_2025_05_p1_20260924T213554.json","2026-09-24T16:05:55Z","2026-09-24T16:05:55Z",200,""
2,"PROJ_019",2586,12235648,"co","2025-04-30T18:30:00Z","2025-05-31T18:29:59Z","completed",1,577,577,1,"data/raw/air_quality/openaq/historical/PROJ_019/co/PROJ_019_12235648_co_2025_05_p1_20260924T213559.json","2026-09-24T16:05:59Z","2026-09-24T16:05:59Z",200,""
2,"PROJ_019",2586,12235653,"pm2_5","2025-04-30T18:30:00Z","2025-05-31T18:29:59Z","completed",1,577,577,1,"data/raw/air_quality/openaq/historical/PROJ_019/pm2_5/PROJ_019_12235653_pm2_5_2025_05_p1_20260924T213602.json","2026-09-24T16:06:03Z","2026-09-24T16:06:03Z",200,""
2,"PROJ_019",2586,12235652,"pm10","2025-04-30T18:30:00Z","2025-05-31T18:29:59Z","completed",1,577,577,1,"data/raw/air_quality/openaq/historical/PROJ_019/pm10/PROJ_019_12235652_pm10_2025_05_p1_20260924T213607.json","2026-09-24T16:06:08Z","2026-09-24T16:06:08Z",200,""
2,"PROJ_019",2586,12235650,"no2","2025-04-30T18:30:00Z","2025-05-31T18:29:59Z","completed",1,577,577,1,"data/raw/air_quality/openaq/historical/PROJ_019/no2/PROJ_019_12235650_no2_2025_05_p1_20260924T213611.json","2026-09-24T16:06:12Z","2026-09-24T16:06:12Z",200,""
2,"PROJ_019",2586,12235651,"o3","2025-04-30T18:30:00Z","2025-05-31T18:29:59Z","completed",1,577,577,1,"data/raw/air_quality/openaq/historical/PROJ_019/o3/PROJ_019_12235651_o3_2025_05_p1_20260924T213615.json","2026-09-24T16:06:15Z","2026-09-24T16:06:15Z",200,""
2,"PROJ_036",5599,12235400,"pm2_5","2025-04-30T18:30:00Z","2025-05-31T18:29:59Z","completed",1,558,558,1,"data/raw/air_quality/openaq/historical/PROJ_036/pm2_5/PROJ_036_12235400_pm2_5_2025_05_p1_20260924T213618.json","2026-09-24T16:06:19Z","2026-09-24T16:06:19Z",200,""
2,"PROJ_036",5599,12235399,"pm10","2025-04-30T18:30:00Z","2025-05-31T18:29:59Z","completed",1,554,554,1,"data/raw/air_quality/openaq/historical/PROJ_036/pm10/PROJ_036_12235399_pm10_2025_05_p1_20260924T213621.json","2026-09-24T16:06:22Z","2026-09-24T16:06:22Z",200,""
2,"PROJ_036",5599,12235402,"so2","2025-04-30T18:30:00Z","2025-05-31T18:29:59Z","completed",1,574,574,1,"data/raw/air_quality/openaq/historical/PROJ_036/so2/PROJ_036_12235402_so2_2025_05_p1_20260924T213625.json","2026-09-24T16:06:25Z","2026-09-24T16:06:25Z",200,""
2,"PROJ_036",5599,12235398,"o3","2025-04-30T18:30:00Z","2025-05-31T18:29:59Z","completed",1,573,573,1,"data/raw/air_quality/openaq/historical/PROJ_036/o3/PROJ_036_12235398_o3_2025_05_p1_20260924T213628.json","2026-09-24T16:06:29Z","2026-09-24T16:06:29Z",200,""
2,"PROJ_036",5599,12235395,"co","2025-04-30T18:30:00Z","2025-05-31T18:29:59Z","completed",1,572,572,1,"data/raw/air_quality/openaq/historical/PROJ_036/co/PROJ_036_12235395_co_2025_05_p1_20260924T213632.json","2026-09-24T16:06:33Z","2026-09-24T16:06:33Z",200,""
2,"PROJ_036",5599,12235397,"no2","2025-04-30T18:30:00Z","2025-05-31T18:29:59Z","completed",1,574,574,1,"data/raw/air_quality/openaq/historical/PROJ_036/no2/PROJ_036_12235397_no2_2025_05_p1_20260924T213635.json","2026-09-24T16:06:36Z","2026-09-24T16:06:36Z",200,""
2,"PROJ_042",5621,12235625,"pm10","2025-04-30T18:30:00Z","2025-05-31T18:29:59Z","completed",1,698,698,1,"data/raw/air_quality/openaq/historical/PROJ_042/pm10/PROJ_042_12235625_pm10_2025_05_p1_20260924T213640.json","2026-09-24T16:06:41Z","2026-09-24T16:06:41Z",200,""
2,"PROJ_042",5621,12235623,"no2","2025-04-30T18:30:00Z","2025-05-31T18:29:59Z","completed",1,698,698,1,"data/raw/air_quality/openaq/historical/PROJ_042/no2/PROJ_042_12235623_no2_2025_05_p1_20260924T213645.json","2026-09-24T16:06:45Z","2026-09-24T16:06:45Z",200,""
2,"PROJ_042",5621,12235626,"pm2_5","2025-04-30T18:30:00Z","2025-05-31T18:29:59Z","completed",1,698,698,1,"data/raw/air_quality/openaq/historical/PROJ_042/pm2_5/PROJ_042_12235626_pm2_5_2025_05_p1_20260924T213650.json","2026-09-24T16:06:50Z","2026-09-24T16:06:50Z",200,""
2,"PROJ_042",5621,12235621,"co","2025-04-30T18:30:00Z","2025-05-31T18:29:59Z","completed",1,698,698,1,"data/raw/air_quality/openaq/historical/PROJ_042/co/PROJ_042_12235621_co_2025_05_p1_20260924T213654.json","2026-09-24T16:06:54Z","2026-09-24T16:06:54Z",200,""
2,"PROJ_042",5621,12235628,"so2","2025-04-30T18:30:00Z","2025-05-31T18:29:59Z","completed",1,698,698,1,"data/raw/air_quality/openaq/historical/PROJ_042/so2/PROJ_042_12235628_so2_2025_05_p1_20260924T213658.json","2026-09-24T16:06:59Z","2026-09-24T16:06:59Z",200,""
2,"PROJ_042",5621,12235624,"o3","2025-04-30T18:30:00Z","2025-05-31T18:29:59Z","completed",1,698,698,1,"data/raw/air_quality/openaq/historical/PROJ_042/o3/PROJ_042_12235624_o3_2025_05_p1_20260924T213702.json","2026-09-24T16:07:02Z","2026-09-24T16:07:02Z",200,""
2,"PROJ_044",5623,12242116,"co","2025-04-30T18:30:00Z","2025-05-31T18:29:59Z","completed",1,401,401,1,"data/raw/air_quality/openaq/historical/PROJ_044/co/PROJ_044_12242116_co_2025_05_p1_20260924T213706.json","2026-09-24T16:07:07Z","2026-09-24T16:07:07Z",200,""
2,"PROJ_044",5623,12242118,"no2","2025-04-30T18:30:00Z","2025-05-31T18:29:59Z","completed",1,401,401,1,"data/raw/air_quality/openaq/historical/PROJ_044/no2/PROJ_044_12242118_no2_2025_05_p1_20260924T213711.json","2026-09-24T16:07:11Z","2026-09-24T16:07:11Z",200,""
2,"PROJ_044",5623,12242119,"o3","2025-04-30T18:30:00Z","2025-05-31T18:29:59Z","completed",1,401,401,1,"data/raw/air_quality/openaq/historical/PROJ_044/o3/PROJ_044_12242119_o3_2025_05_p1_20260924T213714.json","2026-09-24T16:07:15Z","2026-09-24T16:07:15Z",200,""
2,"PROJ_044",5623,12242121,"pm2_5","2025-04-30T18:30:00Z","2025-05-31T18:29:59Z","completed",1,387,387,1,"data/raw/air_quality/openaq/historical/PROJ_044/pm2_5/PROJ_044_12242121_pm2_5_2025_05_p1_20260924T213718.json","2026-09-24T16:07:18Z","2026-09-24T16:07:18Z",200,""
2,"PROJ_044",5623,12242120,"pm10","2025-04-30T18:30:00Z","2025-05-31T18:29:59Z","completed",1,376,376,1,"data/raw/air_quality/openaq/historical/PROJ_044/pm10/PROJ_044_12242120_pm10_2025_05_p1_20260924T213721.json","2026-09-24T16:07:22Z","2026-09-24T16:07:22Z",200,""
2,"PROJ_044",5623,12242123,"so2","2025-04-30T18:30:00Z","2025-05-31T18:29:59Z","completed",1,402,402,1,"data/raw/air_quality/openaq/historical/PROJ_044/so2/PROJ_044_12242123_so2_2025_05_p1_20260924T213725.json","2026-09-24T16:07:25Z","2026-09-24T16:07:25Z",200,""
2,"PROJ_048",5628,12235460,"pm2_5","2025-04-30T18:30:00Z","2025-05-31T18:29:59Z","completed",1,702,702,1,"data/raw/air_quality/openaq/historical/PROJ_048/pm2_5/PROJ_048_12235460_pm2_5_2025_05_p1_20260924T213728.json","2026-09-24T16:07:29Z","2026-09-24T16:07:29Z",200,""
2,"PROJ_048",5628,12235458,"o3","2025-04-30T18:30:00Z","2025-05-31T18:29:59Z","completed",1,681,681,1,"data/raw/air_quality/openaq/historical/PROJ_048/o3/PROJ_048_12235458_o3_2025_05_p1_20260924T213734.json","2026-09-24T16:07:34Z","2026-09-24T16:07:34Z",200,""
2,"PROJ_048",5628,12235455,"co","2025-04-30T18:30:00Z","2025-05-31T18:29:59Z","completed",1,690,690,1,"data/raw/air_quality/openaq/historical/PROJ_048/co/PROJ_048_12235455_co_2025_05_p1_20260924T213738.json","2026-09-24T16:07:39Z","2026-09-24T16:07:39Z",200,""
2,"PROJ_048",5628,12235459,"pm10","2025-04-30T18:30:00Z","2025-05-31T18:29:59Z","completed",1,701,701,1,"data/raw/air_quality/openaq/historical/PROJ_048/pm10/PROJ_048_12235459_pm10_2025_05_p1_20260924T213743.json","2026-09-24T16:07:44Z","2026-09-24T16:07:44Z",200,""
2,"PROJ_048",5628,12235462,"so2","2025-04-30T18:30:00Z","2025-05-31T18:29:59Z","completed",1,697,697,1,"data/raw/air_quality/openaq/historical/PROJ_048/so2/PROJ_048_12235462_so2_2025_05_p1_20260924T213747.json","2026-09-24T16:07:48Z","2026-09-24T16:07:48Z",200,""
2,"PROJ_048",5628,12235457,"no2","2025-04-30T18:30:00Z","2025-05-31T18:29:59Z","completed",1,696,696,1,"data/raw/air_quality/openaq/historical/PROJ_048/no2/PROJ_048_12235457_no2_2025_05_p1_20260924T213751.json","2026-09-24T16:07:51Z","2026-09-24T16:07:51Z",200,""
2,"PROJ_050",5631,12235666,"co","2025-04-30T18:30:00Z","2025-05-31T18:29:59Z","completed",1,641,641,1,"data/raw/air_quality/openaq/historical/PROJ_050/co/PROJ_050_12235666_co_2025_05_p1_20260924T213757.json","2026-09-24T16:07:58Z","2026-09-24T16:07:58Z",200,""
2,"PROJ_050",5631,12235668,"no2","2025-04-30T18:30:00Z","2025-05-31T18:29:59Z","completed",1,641,641,1,"data/raw/air_quality/openaq/historical/PROJ_050/no2/PROJ_050_12235668_no2_2025_05_p1_20260924T213802.json","2026-09-24T16:08:02Z","2026-09-24T16:08:02Z",200,""
2,"PROJ_050",5631,12235670,"pm10","2025-04-30T18:30:00Z","2025-05-31T18:29:59Z","completed",1,641,641,1,"data/raw/air_quality/openaq/historical/PROJ_050/pm10/PROJ_050_12235670_pm10_2025_05_p1_20260924T213806.json","2026-09-24T16:08:07Z","2026-09-24T16:08:07Z",200,""
2,"PROJ_050",5631,12235673,"so2","2025-04-30T18:30:00Z","2025-05-31T18:29:59Z","completed",1,641,641,1,"data/raw/air_quality/openaq/historical/PROJ_050/so2/PROJ_050_12235673_so2_2025_05_p1_20260924T213810.json","2026-09-24T16:08:10Z","2026-09-24T16:08:10Z",200,""
2,"PROJ_050",5631,12235671,"pm2_5","2025-04-30T18:30:00Z","2025-05-31T18:29:59Z","completed",1,641,641,1,"data/raw/air_quality/openaq/historical/PROJ_050/pm2_5/PROJ_050_12235671_pm2_5_2025_05_p1_20260924T213815.json","2026-09-24T16:08:15Z","2026-09-24T16:08:15Z",200,""
2,"PROJ_050",5631,12235669,"o3","2025-04-30T18:30:00Z","2025-05-31T18:29:59Z","completed",1,640,640,1,"data/raw/air_quality/openaq/historical/PROJ_050/o3/PROJ_050_12235669_o3_2025_05_p1_20260924T213819.json","2026-09-24T16:08:20Z","2026-09-24T16:08:20Z",200,""
2,"PROJ_051",5633,12234804,"pm10","2025-04-30T18:30:00Z","2025-05-31T18:29:59Z","completed",1,607,607,1,"data/raw/air_quality/openaq/historical/PROJ_051/pm10/PROJ_051_12234804_pm10_2025_05_p1_20260924T213823.json","2026-09-24T16:08:24Z","2026-09-24T16:08:24Z",200,""
2,"PROJ_051",5633,12234807,"so2","2025-04-30T18:30:00Z","2025-05-31T18:29:59Z","completed",1,607,607,1,"data/raw/air_quality/openaq/historical/PROJ_051/so2/PROJ_051_12234807_so2_2025_05_p1_20260924T213828.json","2026-09-24T16:08:29Z","2026-09-24T16:08:29Z",200,""
2,"PROJ_051",5633,12234805,"pm2_5","2025-04-30T18:30:00Z","2025-05-31T18:29:59Z","completed",1,607,607,1,"data/raw/air_quality/openaq/historical/PROJ_051/pm2_5/PROJ_051_12234805_pm2_5_2025_05_p1_20260924T213833.json","2026-09-24T16:08:33Z","2026-09-24T16:08:33Z",200,""
2,"PROJ_051",5633,12234800,"co","2025-04-30T18:30:00Z","2025-05-31T18:29:59Z","completed",1,607,607,1,"data/raw/air_quality/openaq/historical/PROJ_051/co/PROJ_051_12234800_co_2025_05_p1_20260924T213836.json","2026-09-24T16:08:37Z","2026-09-24T16:08:37Z",200,""
2,"PROJ_051",5633,12234803,"o3","2025-04-30T18:30:00Z","2025-05-31T18:29:59Z","completed",1,607,607,1,"data/raw/air_quality/openaq/historical/PROJ_051/o3/PROJ_051_12234803_o3_2025_05_p1_20260924T213841.json","2026-09-24T16:08:42Z","2026-09-24T16:08:42Z",200,""
2,"PROJ_051",5633,12234802,"no2","2025-04-30T18:30:00Z","2025-05-31T18:29:59Z","completed",1,606,606,1,"data/raw/air_quality/openaq/historical/PROJ_051/no2/PROJ_051_12234802_no2_2025_05_p1_20260924T213846.json","2026-09-24T16:08:46Z","2026-09-24T16:08:46Z",200,""
2,"PROJ_063",5659,12235521,"pm10","2025-04-30T18:30:00Z","2025-05-31T18:29:59Z","completed",1,699,699,1,"data/raw/air_quality/openaq/historical/PROJ_063/pm10/PROJ_063_12235521_pm10_2025_05_p1_20260924T213850.json","2026-09-24T16:08:50Z","2026-09-24T16:08:50Z",200,""
2,"PROJ_063",5659,12235520,"o3","2025-04-30T18:30:00Z","2025-05-31T18:29:59Z","completed",1,699,699,1,"data/raw/air_quality/openaq/historical/PROJ_063/o3/PROJ_063_12235520_o3_2025_05_p1_20260924T213854.json","2026-09-24T16:08:55Z","2026-09-24T16:08:55Z",200,""
2,"PROJ_063",5659,12235517,"co","2025-04-30T18:30:00Z","2025-05-31T18:29:59Z","completed",1,699,699,1,"data/raw/air_quality/openaq/historical/PROJ_063/co/PROJ_063_12235517_co_2025_05_p1_20260924T213858.json","2026-09-24T16:08:58Z","2026-09-24T16:08:58Z",200,""
2,"PROJ_063",5659,12235524,"so2","2025-04-30T18:30:00Z","2025-05-31T18:29:59Z","completed",1,699,699,1,"data/raw/air_quality/openaq/historical/PROJ_063/so2/PROJ_063_12235524_so2_2025_05_p1_20260924T213903.json","2026-09-24T16:09:03Z","2026-09-24T16:09:03Z",200,""
2,"PROJ_063",5659,12235519,"no2","2025-04-30T18:30:00Z","2025-05-31T18:29:59Z","completed",1,699,699,1,"data/raw/air_quality/openaq/historical/PROJ_063/no2/PROJ_063_12235519_no2_2025_05_p1_20260924T213907.json","2026-09-24T16:09:07Z","2026-09-24T16:09:07Z",200,""
2,"PROJ_063",5659,12235522,"pm2_5","2025-04-30T18:30:00Z","2025-05-31T18:29:59Z","completed",1,699,699,1,"data/raw/air_quality/openaq/historical/PROJ_063/pm2_5/PROJ_063_12235522_pm2_5_2025_05_p1_20260924T213911.json","2026-09-24T16:09:12Z","2026-09-24T16:09:12Z",200,""
2,"PROJ_092",6945,12289836,"so2","2025-04-30T18:30:00Z","2025-05-31T18:29:59Z","completed",1,316,316,1,"data/raw/air_quality/openaq/historical/PROJ_092/so2/PROJ_092_12289836_so2_2025_05_p1_20260924T213914.json","2026-09-24T16:09:15Z","2026-09-24T16:09:15Z",200,""
2,"PROJ_092",6945,12235834,"pm2_5","2025-04-30T18:30:00Z","2025-05-31T18:29:59Z","completed",1,552,552,1,"data/raw/air_quality/openaq/historical/PROJ_092/pm2_5/PROJ_092_12235834_pm2_5_2025_05_p1_20260924T213918.json","2026-09-24T16:09:18Z","2026-09-24T16:09:18Z",200,""
2,"PROJ_092",6945,12235829,"co","2025-04-30T18:30:00Z","2025-05-31T18:29:59Z","completed",1,550,550,1,"data/raw/air_quality/openaq/historical/PROJ_092/co/PROJ_092_12235829_co_2025_05_p1_20260924T213923.json","2026-09-24T16:09:24Z","2026-09-24T16:09:24Z",200,""
2,"PROJ_092",6945,12235833,"pm10","2025-04-30T18:30:00Z","2025-05-31T18:29:59Z","completed",1,552,552,1,"data/raw/air_quality/openaq/historical/PROJ_092/pm10/PROJ_092_12235833_pm10_2025_05_p1_20260924T213927.json","2026-09-24T16:09:27Z","2026-09-24T16:09:27Z",200,""
2,"PROJ_092",6945,12235831,"no2","2025-04-30T18:30:00Z","2025-05-31T18:29:59Z","completed",1,556,556,1,"data/raw/air_quality/openaq/historical/PROJ_092/no2/PROJ_092_12235831_no2_2025_05_p1_20260924T213930.json","2026-09-24T16:09:30Z","2026-09-24T16:09:30Z",200,""
2,"PROJ_092",6945,12235832,"o3","2025-04-30T18:30:00Z","2025-05-31T18:29:59Z","completed",1,550,550,1,"data/raw/air_quality/openaq/historical/PROJ_092/o3/PROJ_092_12235832_o3_2025_05_p1_20260924T213933.json","2026-09-24T16:09:34Z","2026-09-24T16:09:34Z",200,""
2,"PROJ_101",6973,12235269,"so2","2025-04-30T18:30:00Z","2025-05-31T18:29:59Z","completed",1,657,657,1,"data/raw/air_quality/openaq/historical/PROJ_101/so2/PROJ_101_12235269_so2_2025_05_p1_20260924T213937.json","2026-09-24T16:09:37Z","2026-09-24T16:09:37Z",200,""
2,"PROJ_101",6973,12235264,"no2","2025-04-30T18:30:00Z","2025-05-31T18:29:59Z","completed",1,594,594,1,"data/raw/air_quality/openaq/historical/PROJ_101/no2/PROJ_101_12235264_no2_2025_05_p1_20260924T213941.json","2026-09-24T16:09:42Z","2026-09-24T16:09:42Z",200,""
2,"PROJ_101",6973,12235266,"pm10","2025-04-30T18:30:00Z","2025-05-31T18:29:59Z","completed",1,668,668,1,"data/raw/air_quality/openaq/historical/PROJ_101/pm10/PROJ_101_12235266_pm10_2025_05_p1_20260924T213946.json","2026-09-24T16:09:46Z","2026-09-24T16:09:46Z",200,""
2,"PROJ_101",6973,12235267,"pm2_5","2025-04-30T18:30:00Z","2025-05-31T18:29:59Z","completed",1,658,658,1,"data/raw/air_quality/openaq/historical/PROJ_101/pm2_5/PROJ_101_12235267_pm2_5_2025_05_p1_20260924T213949.json","2026-09-24T16:09:50Z","2026-09-24T16:09:50Z",200,""
2,"PROJ_101",6973,12235265,"o3","2025-04-30T18:30:00Z","2025-05-31T18:29:59Z","completed",1,663,663,1,"data/raw/air_quality/openaq/historical/PROJ_101/o3/PROJ_101_12235265_o3_2025_05_p1_20260924T213954.json","2026-09-24T16:09:54Z","2026-09-24T16:09:54Z",200,""
2,"PROJ_101",6973,12235262,"co","2025-04-30T18:30:00Z","2025-05-31T18:29:59Z","completed",1,622,622,1,"data/raw/air_quality/openaq/historical/PROJ_101/co/PROJ_101_12235262_co_2025_05_p1_20260924T213957.json","2026-09-24T16:09:58Z","2026-09-24T16:09:58Z",200,""
2,"PROJ_133",10599,12236100,"o3","2025-04-30T18:30:00Z","2025-05-31T18:29:59Z","completed",1,703,703,1,"data/raw/air_quality/openaq/historical/PROJ_133/o3/PROJ_133_12236100_o3_2025_05_p1_20260924T214001.json","2026-09-24T16:10:02Z","2026-09-24T16:10:02Z",200,""
2,"PROJ_133",10599,12236101,"pm10","2025-04-30T18:30:00Z","2025-05-31T18:29:59Z","completed",1,703,703,1,"data/raw/air_quality/openaq/historical/PROJ_133/pm10/PROJ_133_12236101_pm10_2025_05_p1_20260924T214005.json","2026-09-24T16:10:05Z","2026-09-24T16:10:05Z",200,""
2,"PROJ_133",10599,12236097,"co","2025-04-30T18:30:00Z","2025-05-31T18:29:59Z","completed",1,703,703,1,"data/raw/air_quality/openaq/historical/PROJ_133/co/PROJ_133_12236097_co_2025_05_p1_20260924T214009.json","2026-09-24T16:10:09Z","2026-09-24T16:10:09Z",200,""
2,"PROJ_133",10599,12236104,"so2","2025-04-30T18:30:00Z","2025-05-31T18:29:59Z","completed",1,703,703,1,"data/raw/air_quality/openaq/historical/PROJ_133/so2/PROJ_133_12236104_so2_2025_05_p1_20260924T214013.json","2026-09-24T16:10:14Z","2026-09-24T16:10:14Z",200,""
2,"PROJ_133",10599,12236102,"pm2_5","2025-04-30T18:30:00Z","2025-05-31T18:29:59Z","completed",1,703,703,1,"data/raw/air_quality/openaq/historical/PROJ_133/pm2_5/PROJ_133_12236102_pm2_5_2025_05_p1_20260924T214018.json","2026-09-24T16:10:18Z","2026-09-24T16:10:18Z",200,""
2,"PROJ_133",10599,12236099,"no2","2025-04-30T18:30:00Z","2025-05-31T18:29:59Z","completed",1,703,703,1,"data/raw/air_quality/openaq/historical/PROJ_133/no2/PROJ_133_12236099_no2_2025_05_p1_20260924T214023.json","2026-09-24T16:10:23Z","2026-09-24T16:10:23Z",200,""
2,"PROJ_142",10903,12235758,"no2","2025-04-30T18:30:00Z","2025-05-31T18:29:59Z","completed",1,557,557,1,"data/raw/air_quality/openaq/historical/PROJ_142/no2/PROJ_142_12235758_no2_2025_05_p1_20260924T214026.json","2026-09-24T16:10:27Z","2026-09-24T16:10:27Z",200,""
2,"PROJ_142",10903,12235763,"so2","2025-04-30T18:30:00Z","2025-05-31T18:29:59Z","completed",1,557,557,1,"data/raw/air_quality/openaq/historical/PROJ_142/so2/PROJ_142_12235763_so2_2025_05_p1_20260924T214031.json","2026-09-24T16:10:32Z","2026-09-24T16:10:32Z",200,""
2,"PROJ_142",10903,12235756,"co","2025-04-30T18:30:00Z","2025-05-31T18:29:59Z","completed",1,557,557,1,"data/raw/air_quality/openaq/historical/PROJ_142/co/PROJ_142_12235756_co_2025_05_p1_20260924T214036.json","2026-09-24T16:10:37Z","2026-09-24T16:10:37Z",200,""
2,"PROJ_142",10903,12235760,"pm10","2025-04-30T18:30:00Z","2025-05-31T18:29:59Z","completed",1,557,557,1,"data/raw/air_quality/openaq/historical/PROJ_142/pm10/PROJ_142_12235760_pm10_2025_05_p1_20260924T214040.json","2026-09-24T16:10:40Z","2026-09-24T16:10:40Z",200,""
2,"PROJ_142",10903,12235759,"o3","2025-04-30T18:30:00Z","2025-05-31T18:29:59Z","completed",1,557,557,1,"data/raw/air_quality/openaq/historical/PROJ_142/o3/PROJ_142_12235759_o3_2025_05_p1_20260924T214044.json","2026-09-24T16:10:45Z","2026-09-24T16:10:45Z",200,""
2,"PROJ_142",10903,12235761,"pm2_5","2025-04-30T18:30:00Z","2025-05-31T18:29:59Z","completed",1,557,557,1,"data/raw/air_quality/openaq/historical/PROJ_142/pm2_5/PROJ_142_12235761_pm2_5_2025_05_p1_20260924T214048.json","2026-09-24T16:10:48Z","2026-09-24T16:10:48Z",200,""
2,"PROJ_144",10913,12236019,"o3","2025-04-30T18:30:00Z","2025-05-31T18:29:59Z","completed",1,687,687,1,"data/raw/air_quality/openaq/historical/PROJ_144/o3/PROJ_144_12236019_o3_2025_05_p1_20260924T214053.json","2026-09-24T16:10:53Z","2026-09-24T16:10:53Z",200,""
2,"PROJ_144",10913,12236023,"so2","2025-04-30T18:30:00Z","2025-05-31T18:29:59Z","completed",1,683,683,1,"data/raw/air_quality/openaq/historical/PROJ_144/so2/PROJ_144_12236023_so2_2025_05_p1_20260924T214058.json","2026-09-24T16:10:58Z","2026-09-24T16:10:58Z",200,""
2,"PROJ_144",10913,12236021,"pm2_5","2025-04-30T18:30:00Z","2025-05-31T18:29:59Z","completed",1,687,687,1,"data/raw/air_quality/openaq/historical/PROJ_144/pm2_5/PROJ_144_12236021_pm2_5_2025_05_p1_20260924T214101.json","2026-09-24T16:11:02Z","2026-09-24T16:11:02Z",200,""
2,"PROJ_144",10913,12236020,"pm10","2025-04-30T18:30:00Z","2025-05-31T18:29:59Z","completed",1,673,673,1,"data/raw/air_quality/openaq/historical/PROJ_144/pm10/PROJ_144_12236020_pm10_2025_05_p1_20260924T214105.json","2026-09-24T16:11:05Z","2026-09-24T16:11:05Z",200,""
2,"PROJ_144",10913,12236016,"co","2025-04-30T18:30:00Z","2025-05-31T18:29:59Z","completed",1,683,683,1,"data/raw/air_quality/openaq/historical/PROJ_144/co/PROJ_144_12236016_co_2025_05_p1_20260924T214108.json","2026-09-24T16:11:09Z","2026-09-24T16:11:09Z",200,""
2,"PROJ_144",10913,12236018,"no2","2025-04-30T18:30:00Z","2025-05-31T18:29:59Z","completed",1,681,681,1,"data/raw/air_quality/openaq/historical/PROJ_144/no2/PROJ_144_12236018_no2_2025_05_p1_20260924T214116.json","2026-09-24T16:11:16Z","2026-09-24T16:11:16Z",200,""
2,"PROJ_158",11613,12236463,"pm2_5","2025-04-30T18:30:00Z","2025-05-31T18:29:59Z","completed",1,681,681,1,"data/raw/air_quality/openaq/historical/PROJ_158/pm2_5/PROJ_158_12236463_pm2_5_2025_05_p1_20260924T214119.json","2026-09-24T16:11:20Z","2026-09-24T16:11:20Z",200,""
2,"PROJ_158",11613,12236458,"co","2025-04-30T18:30:00Z","2025-05-31T18:29:59Z","completed",1,681,681,1,"data/raw/air_quality/openaq/historical/PROJ_158/co/PROJ_158_12236458_co_2025_05_p1_20260924T214123.json","2026-09-24T16:11:24Z","2026-09-24T16:11:24Z",200,""
2,"PROJ_158",11613,12236460,"no2","2025-04-30T18:30:00Z","2025-05-31T18:29:59Z","completed",1,681,681,1,"data/raw/air_quality/openaq/historical/PROJ_158/no2/PROJ_158_12236460_no2_2025_05_p1_20260924T214127.json","2026-09-24T16:11:27Z","2026-09-24T16:11:27Z",200,""
2,"PROJ_158",11613,12236461,"o3","2025-04-30T18:30:00Z","2025-05-31T18:29:59Z","completed",1,681,681,1,"data/raw/air_quality/openaq/historical/PROJ_158/o3/PROJ_158_12236461_o3_2025_05_p1_20260924T214130.json","2026-09-24T16:11:31Z","2026-09-24T16:11:31Z",200,""
2,"PROJ_158",11613,12236465,"so2","2025-04-30T18:30:00Z","2025-05-31T18:29:59Z","completed",1,681,681,1,"data/raw/air_quality/openaq/historical/PROJ_158/so2/PROJ_158_12236465_so2_2025_05_p1_20260924T214135.json","2026-09-24T16:11:35Z","2026-09-24T16:11:35Z",200,""
2,"PROJ_158",11613,12236462,"pm10","2025-04-30T18:30:00Z","2025-05-31T18:29:59Z","completed",1,681,681,1,"data/raw/air_quality/openaq/historical/PROJ_158/pm10/PROJ_158_12236462_pm10_2025_05_p1_20260924T214138.json","2026-09-24T16:11:39Z","2026-09-24T16:11:39Z",200,""
2,"PROJ_179",344103,12237100,"so2","2025-04-30T18:30:00Z","2025-05-31T18:29:59Z","completed",1,693,693,1,"data/raw/air_quality/openaq/historical/PROJ_179/so2/PROJ_179_12237100_so2_2025_05_p1_20260924T214142.json","2026-09-24T16:11:42Z","2026-09-24T16:11:42Z",200,""
2,"PROJ_179",344103,12237093,"co","2025-04-30T18:30:00Z","2025-05-31T18:29:59Z","completed",1,693,693,1,"data/raw/air_quality/openaq/historical/PROJ_179/co/PROJ_179_12237093_co_2025_05_p1_20260924T214145.json","2026-09-24T16:11:45Z","2026-09-24T16:11:45Z",200,""
2,"PROJ_179",344103,12237096,"o3","2025-04-30T18:30:00Z","2025-05-31T18:29:59Z","completed",1,693,693,1,"data/raw/air_quality/openaq/historical/PROJ_179/o3/PROJ_179_12237096_o3_2025_05_p1_20260924T214150.json","2026-09-24T16:11:50Z","2026-09-24T16:11:50Z",200,""
2,"PROJ_179",344103,12237097,"pm10","2025-04-30T18:30:00Z","2025-05-31T18:29:59Z","completed",1,693,693,1,"data/raw/air_quality/openaq/historical/PROJ_179/pm10/PROJ_179_12237097_pm10_2025_05_p1_20260924T214153.json","2026-09-24T16:11:54Z","2026-09-24T16:11:54Z",200,""
2,"PROJ_179",344103,12237098,"pm2_5","2025-04-30T18:30:00Z","2025-05-31T18:29:59Z","completed",1,693,693,1,"data/raw/air_quality/openaq/historical/PROJ_179/pm2_5/PROJ_179_12237098_pm2_5_2025_05_p1_20260924T214158.json","2026-09-24T16:11:58Z","2026-09-24T16:11:58Z",200,""
2,"PROJ_179",344103,12237095,"no2","2025-04-30T18:30:00Z","2025-05-31T18:29:59Z","completed",1,693,693,1,"data/raw/air_quality/openaq/historical/PROJ_179/no2/PROJ_179_12237095_no2_2025_05_p1_20260924T214202.json","2026-09-24T16:12:03Z","2026-09-24T16:12:03Z",200,""
2,"PROJ_180",344104,12237125,"pm2_5","2025-04-30T18:30:00Z","2025-05-31T18:29:59Z","completed",1,537,537,1,"data/raw/air_quality/openaq/historical/PROJ_180/pm2_5/PROJ_180_12237125_pm2_5_2025_05_p1_20260924T214206.json","2026-09-24T16:12:07Z","2026-09-24T16:12:07Z",200,""
2,"PROJ_180",344104,12237122,"no2","2025-04-30T18:30:00Z","2025-05-31T18:29:59Z","completed",1,537,537,1,"data/raw/air_quality/openaq/historical/PROJ_180/no2/PROJ_180_12237122_no2_2025_05_p1_20260924T214211.json","2026-09-24T16:12:11Z","2026-09-24T16:12:11Z",200,""
2,"PROJ_180",344104,12237124,"pm10","2025-04-30T18:30:00Z","2025-05-31T18:29:59Z","completed",1,537,537,1,"data/raw/air_quality/openaq/historical/PROJ_180/pm10/PROJ_180_12237124_pm10_2025_05_p1_20260924T214215.json","2026-09-24T16:12:15Z","2026-09-24T16:12:15Z",200,""
2,"PROJ_180",344104,12237127,"so2","2025-04-30T18:30:00Z","2025-05-31T18:29:59Z","completed",1,537,537,1,"data/raw/air_quality/openaq/historical/PROJ_180/so2/PROJ_180_12237127_so2_2025_05_p1_20260924T214219.json","2026-09-24T16:12:20Z","2026-09-24T16:12:20Z",200,""
2,"PROJ_180",344104,12237123,"o3","2025-04-30T18:30:00Z","2025-05-31T18:29:59Z","completed",1,537,537,1,"data/raw/air_quality/openaq/historical/PROJ_180/o3/PROJ_180_12237123_o3_2025_05_p1_20260924T214223.json","2026-09-24T16:12:23Z","2026-09-24T16:12:23Z",200,""
2,"PROJ_180",344104,12237120,"co","2025-04-30T18:30:00Z","2025-05-31T18:29:59Z","completed",1,537,537,1,"data/raw/air_quality/openaq/historical/PROJ_180/co/PROJ_180_12237120_co_2025_05_p1_20260924T214226.json","2026-09-24T16:12:26Z","2026-09-24T16:12:26Z",200,""
2,"PROJ_181",344140,12237111,"co","2025-04-30T18:30:00Z","2025-05-31T18:29:59Z","completed",1,609,609,1,"data/raw/air_quality/openaq/historical/PROJ_181/co/PROJ_181_12237111_co_2025_05_p1_20260924T214229.json","2026-09-24T16:12:30Z","2026-09-24T16:12:30Z",200,""
2,"PROJ_181",344140,12237114,"o3","2025-04-30T18:30:00Z","2025-05-31T18:29:59Z","completed",1,609,609,1,"data/raw/air_quality/openaq/historical/PROJ_181/o3/PROJ_181_12237114_o3_2025_05_p1_20260924T214234.json","2026-09-24T16:12:34Z","2026-09-24T16:12:34Z",200,""
2,"PROJ_181",344140,12237113,"no2","2025-04-30T18:30:00Z","2025-05-31T18:29:59Z","completed",1,609,609,1,"data/raw/air_quality/openaq/historical/PROJ_181/no2/PROJ_181_12237113_no2_2025_05_p1_20260924T214239.json","2026-09-24T16:12:39Z","2026-09-24T16:12:39Z",200,""
2,"PROJ_181",344140,12237115,"pm10","2025-04-30T18:30:00Z","2025-05-31T18:29:59Z","completed",1,609,609,1,"data/raw/air_quality/openaq/historical/PROJ_181/pm10/PROJ_181_12237115_pm10_2025_05_p1_20260924T214242.json","2026-09-24T16:12:42Z","2026-09-24T16:12:42Z",200,""
2,"PROJ_181",344140,12237118,"so2","2025-04-30T18:30:00Z","2025-05-31T18:29:59Z","completed",1,609,609,1,"data/raw/air_quality/openaq/historical/PROJ_181/so2/PROJ_181_12237118_so2_2025_05_p1_20260924T214245.json","2026-09-24T16:12:46Z","2026-09-24T16:12:46Z",200,""
2,"PROJ_181",344140,12237116,"pm2_5","2025-04-30T18:30:00Z","2025-05-31T18:29:59Z","completed",1,609,609,1,"data/raw/air_quality/openaq/historical/PROJ_181/pm2_5/PROJ_181_12237116_pm2_5_2025_05_p1_20260924T214250.json","2026-09-24T16:12:50Z","2026-09-24T16:12:50Z",200,""
2,"PROJ_186",352465,12237091,"so2","2025-04-30T18:30:00Z","2025-05-31T18:29:59Z","completed",1,572,572,1,"data/raw/air_quality/openaq/historical/PROJ_186/so2/PROJ_186_12237091_so2_2025_05_p1_20260924T214253.json","2026-09-24T16:12:54Z","2026-09-24T16:12:54Z",200,""
2,"PROJ_186",352465,12237088,"pm10","2025-04-30T18:30:00Z","2025-05-31T18:29:59Z","completed",1,574,574,1,"data/raw/air_quality/openaq/historical/PROJ_186/pm10/PROJ_186_12237088_pm10_2025_05_p1_20260924T214259.json","2026-09-24T16:12:59Z","2026-09-24T16:12:59Z",200,""
2,"PROJ_186",352465,12237089,"pm2_5","2025-04-30T18:30:00Z","2025-05-31T18:29:59Z","completed",1,574,574,1,"data/raw/air_quality/openaq/historical/PROJ_186/pm2_5/PROJ_186_12237089_pm2_5_2025_05_p1_20260924T214303.json","2026-09-24T16:13:04Z","2026-09-24T16:13:04Z",200,""
2,"PROJ_186",352465,12237086,"no2","2025-04-30T18:30:00Z","2025-05-31T18:29:59Z","completed",1,572,572,1,"data/raw/air_quality/openaq/historical/PROJ_186/no2/PROJ_186_12237086_no2_2025_05_p1_20260924T214307.json","2026-09-24T16:13:07Z","2026-09-24T16:13:07Z",200,""
2,"PROJ_186",352465,12237087,"o3","2025-04-30T18:30:00Z","2025-05-31T18:29:59Z","completed",1,572,572,1,"data/raw/air_quality/openaq/historical/PROJ_186/o3/PROJ_186_12237087_o3_2025_05_p1_20260924T214311.json","2026-09-24T16:13:12Z","2026-09-24T16:13:12Z",200,""
2,"PROJ_186",352465,12237084,"co","2025-04-30T18:30:00Z","2025-05-31T18:29:59Z","completed",1,572,572,1,"data/raw/air_quality/openaq/historical/PROJ_186/co/PROJ_186_12237084_co_2025_05_p1_20260924T214317.json","2026-09-24T16:13:17Z","2026-09-24T16:13:17Z",200,""
2,"PROJ_094",6950,12235885,"o3","2025-04-30T18:30:00Z","2025-05-31T18:29:59Z","completed",1,702,702,1,"data/raw/air_quality/openaq/historical/PROJ_094/o3/PROJ_094_12235885_o3_2025_05_p1_20260924T214322.json","2026-09-24T16:13:23Z","2026-09-24T16:13:23Z",200,""
2,"PROJ_094",6950,12235889,"so2","2025-04-30T18:30:00Z","2025-05-31T18:29:59Z","completed",1,702,702,1,"data/raw/air_quality/openaq/historical/PROJ_094/so2/PROJ_094_12235889_so2_2025_05_p1_20260924T214327.json","2026-09-24T16:13:27Z","2026-09-24T16:13:27Z",200,""
2,"PROJ_094",6950,12235884,"no2","2025-04-30T18:30:00Z","2025-05-31T18:29:59Z","completed",1,702,702,1,"data/raw/air_quality/openaq/historical/PROJ_094/no2/PROJ_094_12235884_no2_2025_05_p1_20260924T214332.json","2026-09-24T16:13:32Z","2026-09-24T16:13:32Z",200,""
2,"PROJ_094",6950,12235886,"pm10","2025-04-30T18:30:00Z","2025-05-31T18:29:59Z","completed",1,702,702,1,"data/raw/air_quality/openaq/historical/PROJ_094/pm10/PROJ_094_12235886_pm10_2025_05_p1_20260924T214337.json","2026-09-24T16:13:37Z","2026-09-24T16:13:37Z",200,""
2,"PROJ_094",6950,12235882,"co","2025-04-30T18:30:00Z","2025-05-31T18:29:59Z","completed",1,702,702,1,"data/raw/air_quality/openaq/historical/PROJ_094/co/PROJ_094_12235882_co_2025_05_p1_20260924T214341.json","2026-09-24T16:13:42Z","2026-09-24T16:13:42Z",200,""
2,"PROJ_094",6950,12235887,"pm2_5","2025-04-30T18:30:00Z","2025-05-31T18:29:59Z","completed",1,702,702,1,"data/raw/air_quality/openaq/historical/PROJ_094/pm2_5/PROJ_094_12235887_pm2_5_2025_05_p1_20260924T214345.json","2026-09-24T16:13:45Z","2026-09-24T16:13:45Z",200,""
3,"PROJ_002",17,12234785,"o3","2025-05-31T18:30:00Z","2025-06-30T18:29:59Z","completed",1,595,595,1,"data/raw/air_quality/openaq/historical/PROJ_002/o3/PROJ_002_12234785_o3_2025_06_p1_20260924T214349.json","2026-09-24T16:13:50Z","2026-09-24T16:13:50Z",200,""
3,"PROJ_002",17,12234787,"pm2_5","2025-05-31T18:30:00Z","2025-06-30T18:29:59Z","completed",1,630,630,1,"data/raw/air_quality/openaq/historical/PROJ_002/pm2_5/PROJ_002_12234787_pm2_5_2025_06_p1_20260924T214353.json","2026-09-24T16:13:53Z","2026-09-24T16:13:53Z",200,""
3,"PROJ_002",17,12234784,"no2","2025-05-31T18:30:00Z","2025-06-30T18:29:59Z","completed",1,630,630,1,"data/raw/air_quality/openaq/historical/PROJ_002/no2/PROJ_002_12234784_no2_2025_06_p1_20260924T214357.json","2026-09-24T16:13:57Z","2026-09-24T16:13:57Z",200,""
3,"PROJ_002",17,12234786,"pm10","2025-05-31T18:30:00Z","2025-06-30T18:29:59Z","completed",1,629,629,1,"data/raw/air_quality/openaq/historical/PROJ_002/pm10/PROJ_002_12234786_pm10_2025_06_p1_20260924T214400.json","2026-09-24T16:14:01Z","2026-09-24T16:14:01Z",200,""
3,"PROJ_002",17,12234782,"co","2025-05-31T18:30:00Z","2025-06-30T18:29:59Z","completed",1,632,632,1,"data/raw/air_quality/openaq/historical/PROJ_002/co/PROJ_002_12234782_co_2025_06_p1_20260924T214404.json","2026-09-24T16:14:04Z","2026-09-24T16:14:04Z",200,""
3,"PROJ_002",17,12234789,"so2","2025-05-31T18:30:00Z","2025-06-30T18:29:59Z","completed",1,597,597,1,"data/raw/air_quality/openaq/historical/PROJ_002/so2/PROJ_002_12234789_so2_2025_06_p1_20260924T214407.json","2026-09-24T16:14:08Z","2026-09-24T16:14:08Z",200,""
3,"PROJ_007",407,12235585,"so2","2025-05-31T18:30:00Z","2025-06-30T18:29:59Z","completed",1,622,622,1,"data/raw/air_quality/openaq/historical/PROJ_007/so2/PROJ_007_12235585_so2_2025_06_p1_20260924T214411.json","2026-09-24T16:14:11Z","2026-09-24T16:14:11Z",200,""
3,"PROJ_007",407,12235581,"o3","2025-05-31T18:30:00Z","2025-06-30T18:29:59Z","completed",1,621,621,1,"data/raw/air_quality/openaq/historical/PROJ_007/o3/PROJ_007_12235581_o3_2025_06_p1_20260924T214414.json","2026-09-24T16:14:15Z","2026-09-24T16:14:15Z",200,""
3,"PROJ_007",407,12235578,"co","2025-05-31T18:30:00Z","2025-06-30T18:29:59Z","completed",1,621,621,1,"data/raw/air_quality/openaq/historical/PROJ_007/co/PROJ_007_12235578_co_2025_06_p1_20260924T214419.json","2026-09-24T16:14:19Z","2026-09-24T16:14:19Z",200,""
3,"PROJ_007",407,12235580,"no2","2025-05-31T18:30:00Z","2025-06-30T18:29:59Z","completed",1,620,620,1,"data/raw/air_quality/openaq/historical/PROJ_007/no2/PROJ_007_12235580_no2_2025_06_p1_20260924T214422.json","2026-09-24T16:14:23Z","2026-09-24T16:14:23Z",200,""
3,"PROJ_007",407,12235583,"pm2_5","2025-05-31T18:30:00Z","2025-06-30T18:29:59Z","completed",1,583,583,1,"data/raw/air_quality/openaq/historical/PROJ_007/pm2_5/PROJ_007_12235583_pm2_5_2025_06_p1_20260924T214426.json","2026-09-24T16:14:26Z","2026-09-24T16:14:26Z",200,""
3,"PROJ_007",407,12235582,"pm10","2025-05-31T18:30:00Z","2025-06-30T18:29:59Z","completed",1,583,583,1,"data/raw/air_quality/openaq/historical/PROJ_007/pm10/PROJ_007_12235582_pm10_2025_06_p1_20260924T214430.json","2026-09-24T16:14:31Z","2026-09-24T16:14:31Z",200,""
3,"PROJ_019",2586,12235655,"so2","2025-05-31T18:30:00Z","2025-06-30T18:29:59Z","completed",1,603,603,1,"data/raw/air_quality/openaq/historical/PROJ_019/so2/PROJ_019_12235655_so2_2025_06_p1_20260924T214434.json","2026-09-24T16:14:35Z","2026-09-24T16:14:35Z",200,""
3,"PROJ_019",2586,12235648,"co","2025-05-31T18:30:00Z","2025-06-30T18:29:59Z","completed",1,603,603,1,"data/raw/air_quality/openaq/historical/PROJ_019/co/PROJ_019_12235648_co_2025_06_p1_20260924T214438.json","2026-09-24T16:14:39Z","2026-09-24T16:14:39Z",200,""
3,"PROJ_019",2586,12235653,"pm2_5","2025-05-31T18:30:00Z","2025-06-30T18:29:59Z","completed",1,603,603,1,"data/raw/air_quality/openaq/historical/PROJ_019/pm2_5/PROJ_019_12235653_pm2_5_2025_06_p1_20260924T214444.json","2026-09-24T16:14:44Z","2026-09-24T16:14:44Z",200,""
3,"PROJ_019",2586,12235652,"pm10","2025-05-31T18:30:00Z","2025-06-30T18:29:59Z","completed",1,603,603,1,"data/raw/air_quality/openaq/historical/PROJ_019/pm10/PROJ_019_12235652_pm10_2025_06_p1_20260924T214447.json","2026-09-24T16:14:48Z","2026-09-24T16:14:48Z",200,""
3,"PROJ_019",2586,12235650,"no2","2025-05-31T18:30:00Z","2025-06-30T18:29:59Z","completed",1,603,603,1,"data/raw/air_quality/openaq/historical/PROJ_019/no2/PROJ_019_12235650_no2_2025_06_p1_20260924T214451.json","2026-09-24T16:14:51Z","2026-09-24T16:14:51Z",200,""
3,"PROJ_019",2586,12235651,"o3","2025-05-31T18:30:00Z","2025-06-30T18:29:59Z","completed",1,603,603,1,"data/raw/air_quality/openaq/historical/PROJ_019/o3/PROJ_019_12235651_o3_2025_06_p1_20260924T214455.json","2026-09-24T16:14:56Z","2026-09-24T16:14:56Z",200,""
3,"PROJ_036",5599,12235400,"pm2_5","2025-05-31T18:30:00Z","2025-06-30T18:29:59Z","completed",1,470,470,1,"data/raw/air_quality/openaq/historical/PROJ_036/pm2_5/PROJ_036_12235400_pm2_5_2025_06_p1_20260924T214500.json","2026-09-24T16:15:00Z","2026-09-24T16:15:00Z",200,""
3,"PROJ_036",5599,12235399,"pm10","2025-05-31T18:30:00Z","2025-06-30T18:29:59Z","completed",1,500,500,1,"data/raw/air_quality/openaq/historical/PROJ_036/pm10/PROJ_036_12235399_pm10_2025_06_p1_20260924T214505.json","2026-09-24T16:15:05Z","2026-09-24T16:15:05Z",200,""
3,"PROJ_036",5599,12235402,"so2","2025-05-31T18:30:00Z","2025-06-30T18:29:59Z","completed",1,513,513,1,"data/raw/air_quality/openaq/historical/PROJ_036/so2/PROJ_036_12235402_so2_2025_06_p1_20260924T214508.json","2026-09-24T16:15:09Z","2026-09-24T16:15:09Z",200,""
3,"PROJ_036",5599,12235398,"o3","2025-05-31T18:30:00Z","2025-06-30T18:29:59Z","completed",1,513,513,1,"data/raw/air_quality/openaq/historical/PROJ_036/o3/PROJ_036_12235398_o3_2025_06_p1_20260924T214514.json","2026-09-24T16:15:14Z","2026-09-24T16:15:14Z",200,""
3,"PROJ_036",5599,12235395,"co","2025-05-31T18:30:00Z","2025-06-30T18:29:59Z","completed",1,513,513,1,"data/raw/air_quality/openaq/historical/PROJ_036/co/PROJ_036_12235395_co_2025_06_p1_20260924T214518.json","2026-09-24T16:15:19Z","2026-09-24T16:15:19Z",200,""
3,"PROJ_036",5599,12235397,"no2","2025-05-31T18:30:00Z","2025-06-30T18:29:59Z","completed",1,513,513,1,"data/raw/air_quality/openaq/historical/PROJ_036/no2/PROJ_036_12235397_no2_2025_06_p1_20260924T214522.json","2026-09-24T16:15:22Z","2026-09-24T16:15:22Z",200,""
3,"PROJ_042",5621,12235625,"pm10","2025-05-31T18:30:00Z","2025-06-30T18:29:59Z","completed",1,652,652,1,"data/raw/air_quality/openaq/historical/PROJ_042/pm10/PROJ_042_12235625_pm10_2025_06_p1_20260924T214525.json","2026-09-24T16:15:26Z","2026-09-24T16:15:26Z",200,""
3,"PROJ_042",5621,12235623,"no2","2025-05-31T18:30:00Z","2025-06-30T18:29:59Z","completed",1,652,652,1,"data/raw/air_quality/openaq/historical/PROJ_042/no2/PROJ_042_12235623_no2_2025_06_p1_20260924T214530.json","2026-09-24T16:15:31Z","2026-09-24T16:15:31Z",200,""
3,"PROJ_042",5621,12235626,"pm2_5","2025-05-31T18:30:00Z","2025-06-30T18:29:59Z","completed",1,652,652,1,"data/raw/air_quality/openaq/historical/PROJ_042/pm2_5/PROJ_042_12235626_pm2_5_2025_06_p1_20260924T214534.json","2026-09-24T16:15:34Z","2026-09-24T16:15:34Z",200,""
3,"PROJ_042",5621,12235621,"co","2025-05-31T18:30:00Z","2025-06-30T18:29:59Z","completed",1,652,652,1,"data/raw/air_quality/openaq/historical/PROJ_042/co/PROJ_042_12235621_co_2025_06_p1_20260924T214537.json","2026-09-24T16:15:37Z","2026-09-24T16:15:37Z",200,""
3,"PROJ_042",5621,12235628,"so2","2025-05-31T18:30:00Z","2025-06-30T18:29:59Z","completed",1,652,652,1,"data/raw/air_quality/openaq/historical/PROJ_042/so2/PROJ_042_12235628_so2_2025_06_p1_20260924T214540.json","2026-09-24T16:15:41Z","2026-09-24T16:15:41Z",200,""
3,"PROJ_042",5621,12235624,"o3","2025-05-31T18:30:00Z","2025-06-30T18:29:59Z","completed",1,652,652,1,"data/raw/air_quality/openaq/historical/PROJ_042/o3/PROJ_042_12235624_o3_2025_06_p1_20260924T214545.json","2026-09-24T16:15:45Z","2026-09-24T16:15:45Z",200,""
3,"PROJ_044",5623,12242116,"co","2025-05-31T18:30:00Z","2025-06-30T18:29:59Z","completed",1,555,555,1,"data/raw/air_quality/openaq/historical/PROJ_044/co/PROJ_044_12242116_co_2025_06_p1_20260924T214551.json","2026-09-24T16:15:51Z","2026-09-24T16:15:51Z",200,""
3,"PROJ_044",5623,12242118,"no2","2025-05-31T18:30:00Z","2025-06-30T18:29:59Z","completed",1,555,555,1,"data/raw/air_quality/openaq/historical/PROJ_044/no2/PROJ_044_12242118_no2_2025_06_p1_20260924T214555.json","2026-09-24T16:15:56Z","2026-09-24T16:15:56Z",200,""
3,"PROJ_044",5623,12242119,"o3","2025-05-31T18:30:00Z","2025-06-30T18:29:59Z","completed",1,555,555,1,"data/raw/air_quality/openaq/historical/PROJ_044/o3/PROJ_044_12242119_o3_2025_06_p1_20260924T214559.json","2026-09-24T16:15:59Z","2026-09-24T16:15:59Z",200,""
3,"PROJ_044",5623,12242121,"pm2_5","2025-05-31T18:30:00Z","2025-06-30T18:29:59Z","completed",1,542,542,1,"data/raw/air_quality/openaq/historical/PROJ_044/pm2_5/PROJ_044_12242121_pm2_5_2025_06_p1_20260924T214602.json","2026-09-24T16:16:03Z","2026-09-24T16:16:03Z",200,""
3,"PROJ_044",5623,12242120,"pm10","2025-05-31T18:30:00Z","2025-06-30T18:29:59Z","completed",1,510,510,1,"data/raw/air_quality/openaq/historical/PROJ_044/pm10/PROJ_044_12242120_pm10_2025_06_p1_20260924T214606.json","2026-09-24T16:16:07Z","2026-09-24T16:16:07Z",200,""
3,"PROJ_044",5623,12242123,"so2","2025-05-31T18:30:00Z","2025-06-30T18:29:59Z","completed",1,555,555,1,"data/raw/air_quality/openaq/historical/PROJ_044/so2/PROJ_044_12242123_so2_2025_06_p1_20260924T214610.json","2026-09-24T16:16:10Z","2026-09-24T16:16:10Z",200,""
3,"PROJ_048",5628,12235460,"pm2_5","2025-05-31T18:30:00Z","2025-06-30T18:29:59Z","completed",1,665,665,1,"data/raw/air_quality/openaq/historical/PROJ_048/pm2_5/PROJ_048_12235460_pm2_5_2025_06_p1_20260924T214613.json","2026-09-24T16:16:14Z","2026-09-24T16:16:14Z",200,""
3,"PROJ_048",5628,12235458,"o3","2025-05-31T18:30:00Z","2025-06-30T18:29:59Z","completed",1,661,661,1,"data/raw/air_quality/openaq/historical/PROJ_048/o3/PROJ_048_12235458_o3_2025_06_p1_20260924T214618.json","2026-09-24T16:16:19Z","2026-09-24T16:16:19Z",200,""
3,"PROJ_048",5628,12235455,"co","2025-05-31T18:30:00Z","2025-06-30T18:29:59Z","completed",1,657,657,1,"data/raw/air_quality/openaq/historical/PROJ_048/co/PROJ_048_12235455_co_2025_06_p1_20260924T214622.json","2026-09-24T16:16:22Z","2026-09-24T16:16:22Z",200,""
3,"PROJ_048",5628,12235459,"pm10","2025-05-31T18:30:00Z","2025-06-30T18:29:59Z","completed",1,665,665,1,"data/raw/air_quality/openaq/historical/PROJ_048/pm10/PROJ_048_12235459_pm10_2025_06_p1_20260924T214627.json","2026-09-24T16:16:27Z","2026-09-24T16:16:27Z",200,""
3,"PROJ_048",5628,12235462,"so2","2025-05-31T18:30:00Z","2025-06-30T18:29:59Z","completed",1,663,663,1,"data/raw/air_quality/openaq/historical/PROJ_048/so2/PROJ_048_12235462_so2_2025_06_p1_20260924T214632.json","2026-09-24T16:16:32Z","2026-09-24T16:16:32Z",200,""
3,"PROJ_048",5628,12235457,"no2","2025-05-31T18:30:00Z","2025-06-30T18:29:59Z","completed",1,665,665,1,"data/raw/air_quality/openaq/historical/PROJ_048/no2/PROJ_048_12235457_no2_2025_06_p1_20260924T214635.json","2026-09-24T16:16:36Z","2026-09-24T16:16:36Z",200,""
3,"PROJ_050",5631,12235666,"co","2025-05-31T18:30:00Z","2025-06-30T18:29:59Z","completed",1,647,647,1,"data/raw/air_quality/openaq/historical/PROJ_050/co/PROJ_050_12235666_co_2025_06_p1_20260924T214639.json","2026-09-24T16:16:39Z","2026-09-24T16:16:39Z",200,""
3,"PROJ_050",5631,12235668,"no2","2025-05-31T18:30:00Z","2025-06-30T18:29:59Z","completed",1,647,647,1,"data/raw/air_quality/openaq/historical/PROJ_050/no2/PROJ_050_12235668_no2_2025_06_p1_20260924T214643.json","2026-09-24T16:16:43Z","2026-09-24T16:16:43Z",200,""
3,"PROJ_050",5631,12235670,"pm10","2025-05-31T18:30:00Z","2025-06-30T18:29:59Z","completed",1,647,647,1,"data/raw/air_quality/openaq/historical/PROJ_050/pm10/PROJ_050_12235670_pm10_2025_06_p1_20260924T214646.json","2026-09-24T16:16:47Z","2026-09-24T16:16:47Z",200,""
3,"PROJ_050",5631,12235673,"so2","2025-05-31T18:30:00Z","2025-06-30T18:29:59Z","completed",1,645,645,1,"data/raw/air_quality/openaq/historical/PROJ_050/so2/PROJ_050_12235673_so2_2025_06_p1_20260924T214651.json","2026-09-24T16:16:51Z","2026-09-24T16:16:51Z",200,""
3,"PROJ_050",5631,12235671,"pm2_5","2025-05-31T18:30:00Z","2025-06-30T18:29:59Z","completed",1,647,647,1,"data/raw/air_quality/openaq/historical/PROJ_050/pm2_5/PROJ_050_12235671_pm2_5_2025_06_p1_20260924T214655.json","2026-09-24T16:16:55Z","2026-09-24T16:16:55Z",200,""
3,"PROJ_050",5631,12235669,"o3","2025-05-31T18:30:00Z","2025-06-30T18:29:59Z","completed",1,646,646,1,"data/raw/air_quality/openaq/historical/PROJ_050/o3/PROJ_050_12235669_o3_2025_06_p1_20260924T214659.json","2026-09-24T16:16:59Z","2026-09-24T16:16:59Z",200,""
3,"PROJ_051",5633,12234804,"pm10","2025-05-31T18:30:00Z","2025-06-30T18:29:59Z","completed",1,551,551,1,"data/raw/air_quality/openaq/historical/PROJ_051/pm10/PROJ_051_12234804_pm10_2025_06_p1_20260924T214704.json","2026-09-24T16:17:04Z","2026-09-24T16:17:04Z",200,""
3,"PROJ_051",5633,12234807,"so2","2025-05-31T18:30:00Z","2025-06-30T18:29:59Z","completed",1,556,556,1,"data/raw/air_quality/openaq/historical/PROJ_051/so2/PROJ_051_12234807_so2_2025_06_p1_20260924T214709.json","2026-09-24T16:17:09Z","2026-09-24T16:17:09Z",200,""
3,"PROJ_051",5633,12234805,"pm2_5","2025-05-31T18:30:00Z","2025-06-30T18:29:59Z","completed",1,550,550,1,"data/raw/air_quality/openaq/historical/PROJ_051/pm2_5/PROJ_051_12234805_pm2_5_2025_06_p1_20260924T214712.json","2026-09-24T16:17:13Z","2026-09-24T16:17:13Z",200,""
3,"PROJ_051",5633,12234800,"co","2025-05-31T18:30:00Z","2025-06-30T18:29:59Z","completed",1,558,558,1,"data/raw/air_quality/openaq/historical/PROJ_051/co/PROJ_051_12234800_co_2025_06_p1_20260924T214717.json","2026-09-24T16:17:17Z","2026-09-24T16:17:17Z",200,""
3,"PROJ_051",5633,12234803,"o3","2025-05-31T18:30:00Z","2025-06-30T18:29:59Z","completed",1,552,552,1,"data/raw/air_quality/openaq/historical/PROJ_051/o3/PROJ_051_12234803_o3_2025_06_p1_20260924T214722.json","2026-09-24T16:17:22Z","2026-09-24T16:17:22Z",200,""
3,"PROJ_051",5633,12234802,"no2","2025-05-31T18:30:00Z","2025-06-30T18:29:59Z","completed",1,537,537,1,"data/raw/air_quality/openaq/historical/PROJ_051/no2/PROJ_051_12234802_no2_2025_06_p1_20260924T214725.json","2026-09-24T16:17:26Z","2026-09-24T16:17:26Z",200,""
3,"PROJ_063",5659,12235521,"pm10","2025-05-31T18:30:00Z","2025-06-30T18:29:59Z","completed",1,583,583,1,"data/raw/air_quality/openaq/historical/PROJ_063/pm10/PROJ_063_12235521_pm10_2025_06_p1_20260924T214729.json","2026-09-24T16:17:30Z","2026-09-24T16:17:30Z",200,""
3,"PROJ_063",5659,12235520,"o3","2025-05-31T18:30:00Z","2025-06-30T18:29:59Z","completed",1,583,583,1,"data/raw/air_quality/openaq/historical/PROJ_063/o3/PROJ_063_12235520_o3_2025_06_p1_20260924T214734.json","2026-09-24T16:17:34Z","2026-09-24T16:17:34Z",200,""
3,"PROJ_063",5659,12235517,"co","2025-05-31T18:30:00Z","2025-06-30T18:29:59Z","completed",1,583,583,1,"data/raw/air_quality/openaq/historical/PROJ_063/co/PROJ_063_12235517_co_2025_06_p1_20260924T214739.json","2026-09-24T16:17:39Z","2026-09-24T16:17:39Z",200,""
3,"PROJ_063",5659,12235524,"so2","2025-05-31T18:30:00Z","2025-06-30T18:29:59Z","completed",1,583,583,1,"data/raw/air_quality/openaq/historical/PROJ_063/so2/PROJ_063_12235524_so2_2025_06_p1_20260924T214743.json","2026-09-24T16:17:44Z","2026-09-24T16:17:44Z",200,""
3,"PROJ_063",5659,12235519,"no2","2025-05-31T18:30:00Z","2025-06-30T18:29:59Z","completed",1,583,583,1,"data/raw/air_quality/openaq/historical/PROJ_063/no2/PROJ_063_12235519_no2_2025_06_p1_20260924T214747.json","2026-09-24T16:17:47Z","2026-09-24T16:17:47Z",200,""
3,"PROJ_063",5659,12235522,"pm2_5","2025-05-31T18:30:00Z","2025-06-30T18:29:59Z","completed",1,583,583,1,"data/raw/air_quality/openaq/historical/PROJ_063/pm2_5/PROJ_063_12235522_pm2_5_2025_06_p1_20260924T214752.json","2026-09-24T16:17:52Z","2026-09-24T16:17:52Z",200,""
3,"PROJ_092",6945,12289836,"so2","2025-05-31T18:30:00Z","2025-06-30T18:29:59Z","completed",1,613,613,1,"data/raw/air_quality/openaq/historical/PROJ_092/so2/PROJ_092_12289836_so2_2025_06_p1_20260924T214755.json","2026-09-24T16:17:56Z","2026-09-24T16:17:56Z",200,""
3,"PROJ_092",6945,12235834,"pm2_5","2025-05-31T18:30:00Z","2025-06-30T18:29:59Z","completed",1,618,618,1,"data/raw/air_quality/openaq/historical/PROJ_092/pm2_5/PROJ_092_12235834_pm2_5_2025_06_p1_20260924T214800.json","2026-09-24T16:18:01Z","2026-09-24T16:18:01Z",200,""
3,"PROJ_092",6945,12235829,"co","2025-05-31T18:30:00Z","2025-06-30T18:29:59Z","completed",1,609,609,1,"data/raw/air_quality/openaq/historical/PROJ_092/co/PROJ_092_12235829_co_2025_06_p1_20260924T214805.json","2026-09-24T16:18:05Z","2026-09-24T16:18:05Z",200,""
3,"PROJ_092",6945,12235833,"pm10","2025-05-31T18:30:00Z","2025-06-30T18:29:59Z","completed",1,615,615,1,"data/raw/air_quality/openaq/historical/PROJ_092/pm10/PROJ_092_12235833_pm10_2025_06_p1_20260924T214808.json","2026-09-24T16:18:08Z","2026-09-24T16:18:08Z",200,""
3,"PROJ_092",6945,12235831,"no2","2025-05-31T18:30:00Z","2025-06-30T18:29:59Z","completed",1,618,618,1,"data/raw/air_quality/openaq/historical/PROJ_092/no2/PROJ_092_12235831_no2_2025_06_p1_20260924T214811.json","2026-09-24T16:18:12Z","2026-09-24T16:18:12Z",200,""
3,"PROJ_092",6945,12235832,"o3","2025-05-31T18:30:00Z","2025-06-30T18:29:59Z","completed",1,609,609,1,"data/raw/air_quality/openaq/historical/PROJ_092/o3/PROJ_092_12235832_o3_2025_06_p1_20260924T214816.json","2026-09-24T16:18:16Z","2026-09-24T16:18:16Z",200,""
3,"PROJ_101",6973,12235269,"so2","2025-05-31T18:30:00Z","2025-06-30T18:29:59Z","completed",1,636,636,1,"data/raw/air_quality/openaq/historical/PROJ_101/so2/PROJ_101_12235269_so2_2025_06_p1_20260924T214820.json","2026-09-24T16:18:20Z","2026-09-24T16:18:20Z",200,""
3,"PROJ_101",6973,12235264,"no2","2025-05-31T18:30:00Z","2025-06-30T18:29:59Z","completed",1,203,203,1,"data/raw/air_quality/openaq/historical/PROJ_101/no2/PROJ_101_12235264_no2_2025_06_p1_20260924T214823.json","2026-09-24T16:18:23Z","2026-09-24T16:18:23Z",200,""
3,"PROJ_101",6973,12235266,"pm10","2025-05-31T18:30:00Z","2025-06-30T18:29:59Z","completed",1,615,615,1,"data/raw/air_quality/openaq/historical/PROJ_101/pm10/PROJ_101_12235266_pm10_2025_06_p1_20260924T214827.json","2026-09-24T16:18:28Z","2026-09-24T16:18:28Z",200,""
3,"PROJ_101",6973,12235267,"pm2_5","2025-05-31T18:30:00Z","2025-06-30T18:29:59Z","completed",1,638,638,1,"data/raw/air_quality/openaq/historical/PROJ_101/pm2_5/PROJ_101_12235267_pm2_5_2025_06_p1_20260924T214831.json","2026-09-24T16:18:31Z","2026-09-24T16:18:31Z",200,""
3,"PROJ_101",6973,12235265,"o3","2025-05-31T18:30:00Z","2025-06-30T18:29:59Z","completed",1,640,640,1,"data/raw/air_quality/openaq/historical/PROJ_101/o3/PROJ_101_12235265_o3_2025_06_p1_20260924T214836.json","2026-09-24T16:18:37Z","2026-09-24T16:18:37Z",200,""
3,"PROJ_101",6973,12235262,"co","2025-05-31T18:30:00Z","2025-06-30T18:29:59Z","completed",1,605,605,1,"data/raw/air_quality/openaq/historical/PROJ_101/co/PROJ_101_12235262_co_2025_06_p1_20260924T214841.json","2026-09-24T16:18:41Z","2026-09-24T16:18:41Z",200,""
3,"PROJ_133",10599,12236100,"o3","2025-05-31T18:30:00Z","2025-06-30T18:29:59Z","completed",1,654,654,1,"data/raw/air_quality/openaq/historical/PROJ_133/o3/PROJ_133_12236100_o3_2025_06_p1_20260924T214846.json","2026-09-24T16:18:46Z","2026-09-24T16:18:46Z",200,""
3,"PROJ_133",10599,12236101,"pm10","2025-05-31T18:30:00Z","2025-06-30T18:29:59Z","completed",1,654,654,1,"data/raw/air_quality/openaq/historical/PROJ_133/pm10/PROJ_133_12236101_pm10_2025_06_p1_20260924T214849.json","2026-09-24T16:18:50Z","2026-09-24T16:18:50Z",200,""
3,"PROJ_133",10599,12236097,"co","2025-05-31T18:30:00Z","2025-06-30T18:29:59Z","completed",1,654,654,1,"data/raw/air_quality/openaq/historical/PROJ_133/co/PROJ_133_12236097_co_2025_06_p1_20260924T214853.json","2026-09-24T16:18:53Z","2026-09-24T16:18:53Z",200,""
3,"PROJ_133",10599,12236104,"so2","2025-05-31T18:30:00Z","2025-06-30T18:29:59Z","completed",1,654,654,1,"data/raw/air_quality/openaq/historical/PROJ_133/so2/PROJ_133_12236104_so2_2025_06_p1_20260924T214858.json","2026-09-24T16:18:58Z","2026-09-24T16:18:58Z",200,""
3,"PROJ_133",10599,12236102,"pm2_5","2025-05-31T18:30:00Z","2025-06-30T18:29:59Z","completed",1,654,654,1,"data/raw/air_quality/openaq/historical/PROJ_133/pm2_5/PROJ_133_12236102_pm2_5_2025_06_p1_20260924T214903.json","2026-09-24T16:19:03Z","2026-09-24T16:19:03Z",200,""
3,"PROJ_133",10599,12236099,"no2","2025-05-31T18:30:00Z","2025-06-30T18:29:59Z","completed",1,654,654,1,"data/raw/air_quality/openaq/historical/PROJ_133/no2/PROJ_133_12236099_no2_2025_06_p1_20260924T214906.json","2026-09-24T16:19:07Z","2026-09-24T16:19:07Z",200,""
3,"PROJ_142",10903,12235758,"no2","2025-05-31T18:30:00Z","2025-06-30T18:29:59Z","completed",1,550,550,1,"data/raw/air_quality/openaq/historical/PROJ_142/no2/PROJ_142_12235758_no2_2025_06_p1_20260924T214910.json","2026-09-24T16:19:10Z","2026-09-24T16:19:10Z",200,""
3,"PROJ_142",10903,12235763,"so2","2025-05-31T18:30:00Z","2025-06-30T18:29:59Z","completed",1,550,550,1,"data/raw/air_quality/openaq/historical/PROJ_142/so2/PROJ_142_12235763_so2_2025_06_p1_20260924T214913.json","2026-09-24T16:19:14Z","2026-09-24T16:19:14Z",200,""
3,"PROJ_142",10903,12235756,"co","2025-05-31T18:30:00Z","2025-06-30T18:29:59Z","completed",1,550,550,1,"data/raw/air_quality/openaq/historical/PROJ_142/co/PROJ_142_12235756_co_2025_06_p1_20260924T214917.json","2026-09-24T16:19:17Z","2026-09-24T16:19:17Z",200,""
3,"PROJ_142",10903,12235760,"pm10","2025-05-31T18:30:00Z","2025-06-30T18:29:59Z","completed",1,550,550,1,"data/raw/air_quality/openaq/historical/PROJ_142/pm10/PROJ_142_12235760_pm10_2025_06_p1_20260924T214922.json","2026-09-24T16:19:23Z","2026-09-24T16:19:23Z",200,""
3,"PROJ_142",10903,12235759,"o3","2025-05-31T18:30:00Z","2025-06-30T18:29:59Z","completed",1,550,550,1,"data/raw/air_quality/openaq/historical/PROJ_142/o3/PROJ_142_12235759_o3_2025_06_p1_20260924T214927.json","2026-09-24T16:19:27Z","2026-09-24T16:19:27Z",200,""
3,"PROJ_142",10903,12235761,"pm2_5","2025-05-31T18:30:00Z","2025-06-30T18:29:59Z","completed",1,550,550,1,"data/raw/air_quality/openaq/historical/PROJ_142/pm2_5/PROJ_142_12235761_pm2_5_2025_06_p1_20260924T214930.json","2026-09-24T16:19:31Z","2026-09-24T16:19:31Z",200,""
3,"PROJ_144",10913,12236019,"o3","2025-05-31T18:30:00Z","2025-06-30T18:29:59Z","completed",1,513,513,1,"data/raw/air_quality/openaq/historical/PROJ_144/o3/PROJ_144_12236019_o3_2025_06_p1_20260924T214934.json","2026-09-24T16:19:34Z","2026-09-24T16:19:34Z",200,""
3,"PROJ_144",10913,12236023,"so2","2025-05-31T18:30:00Z","2025-06-30T18:29:59Z","completed",1,498,498,1,"data/raw/air_quality/openaq/historical/PROJ_144/so2/PROJ_144_12236023_so2_2025_06_p1_20260924T214937.json","2026-09-24T16:19:38Z","2026-09-24T16:19:38Z",200,""
3,"PROJ_144",10913,12236021,"pm2_5","2025-05-31T18:30:00Z","2025-06-30T18:29:59Z","completed",1,501,501,1,"data/raw/air_quality/openaq/historical/PROJ_144/pm2_5/PROJ_144_12236021_pm2_5_2025_06_p1_20260924T214940.json","2026-09-24T16:19:41Z","2026-09-24T16:19:41Z",200,""
3,"PROJ_144",10913,12236020,"pm10","2025-05-31T18:30:00Z","2025-06-30T18:29:59Z","completed",1,495,495,1,"data/raw/air_quality/openaq/historical/PROJ_144/pm10/PROJ_144_12236020_pm10_2025_06_p1_20260924T214945.json","2026-09-24T16:19:45Z","2026-09-24T16:19:45Z",200,""
3,"PROJ_144",10913,12236016,"co","2025-05-31T18:30:00Z","2025-06-30T18:29:59Z","completed",1,499,499,1,"data/raw/air_quality/openaq/historical/PROJ_144/co/PROJ_144_12236016_co_2025_06_p1_20260924T214949.json","2026-09-24T16:19:50Z","2026-09-24T16:19:50Z",200,""
3,"PROJ_144",10913,12236018,"no2","2025-05-31T18:30:00Z","2025-06-30T18:29:59Z","completed",1,518,518,1,"data/raw/air_quality/openaq/historical/PROJ_144/no2/PROJ_144_12236018_no2_2025_06_p1_20260924T214953.json","2026-09-24T16:19:54Z","2026-09-24T16:19:54Z",200,""
3,"PROJ_158",11613,12236463,"pm2_5","2025-05-31T18:30:00Z","2025-06-30T18:29:59Z","completed",1,646,646,1,"data/raw/air_quality/openaq/historical/PROJ_158/pm2_5/PROJ_158_12236463_pm2_5_2025_06_p1_20260924T215002.json","2026-09-24T16:20:02Z","2026-09-24T16:20:02Z",200,""
3,"PROJ_158",11613,12236458,"co","2025-05-31T18:30:00Z","2025-06-30T18:29:59Z","completed",1,646,646,1,"data/raw/air_quality/openaq/historical/PROJ_158/co/PROJ_158_12236458_co_2025_06_p1_20260924T215007.json","2026-09-24T16:20:07Z","2026-09-24T16:20:07Z",200,""
3,"PROJ_158",11613,12236460,"no2","2025-05-31T18:30:00Z","2025-06-30T18:29:59Z","completed",1,646,646,1,"data/raw/air_quality/openaq/historical/PROJ_158/no2/PROJ_158_12236460_no2_2025_06_p1_20260924T215011.json","2026-09-24T16:20:12Z","2026-09-24T16:20:12Z",200,""
3,"PROJ_158",11613,12236461,"o3","2025-05-31T18:30:00Z","2025-06-30T18:29:59Z","completed",1,646,646,1,"data/raw/air_quality/openaq/historical/PROJ_158/o3/PROJ_158_12236461_o3_2025_06_p1_20260924T215016.json","2026-09-24T16:20:17Z","2026-09-24T16:20:17Z",200,""
3,"PROJ_158",11613,12236465,"so2","2025-05-31T18:30:00Z","2025-06-30T18:29:59Z","completed",1,646,646,1,"data/raw/air_quality/openaq/historical/PROJ_158/so2/PROJ_158_12236465_so2_2025_06_p1_20260924T215020.json","2026-09-24T16:20:20Z","2026-09-24T16:20:20Z",200,""
3,"PROJ_158",11613,12236462,"pm10","2025-05-31T18:30:00Z","2025-06-30T18:29:59Z","completed",1,646,646,1,"data/raw/air_quality/openaq/historical/PROJ_158/pm10/PROJ_158_12236462_pm10_2025_06_p1_20260924T215024.json","2026-09-24T16:20:25Z","2026-09-24T16:20:25Z",200,""
3,"PROJ_179",344103,12237100,"so2","2025-05-31T18:30:00Z","2025-06-30T18:29:59Z","completed",1,616,616,1,"data/raw/air_quality/openaq/historical/PROJ_179/so2/PROJ_179_12237100_so2_2025_06_p1_20260924T215029.json","2026-09-24T16:20:29Z","2026-09-24T16:20:29Z",200,""
3,"PROJ_179",344103,12237093,"co","2025-05-31T18:30:00Z","2025-06-30T18:29:59Z","completed",1,616,616,1,"data/raw/air_quality/openaq/historical/PROJ_179/co/PROJ_179_12237093_co_2025_06_p1_20260924T215033.json","2026-09-24T16:20:34Z","2026-09-24T16:20:34Z",200,""
3,"PROJ_179",344103,12237096,"o3","2025-05-31T18:30:00Z","2025-06-30T18:29:59Z","completed",1,616,616,1,"data/raw/air_quality/openaq/historical/PROJ_179/o3/PROJ_179_12237096_o3_2025_06_p1_20260924T215037.json","2026-09-24T16:20:37Z","2026-09-24T16:20:37Z",200,""
3,"PROJ_179",344103,12237097,"pm10","2025-05-31T18:30:00Z","2025-06-30T18:29:59Z","completed",1,617,617,1,"data/raw/air_quality/openaq/historical/PROJ_179/pm10/PROJ_179_12237097_pm10_2025_06_p1_20260924T215041.json","2026-09-24T16:20:41Z","2026-09-24T16:20:41Z",200,""
3,"PROJ_179",344103,12237098,"pm2_5","2025-05-31T18:30:00Z","2025-06-30T18:29:59Z","completed",1,617,617,1,"data/raw/air_quality/openaq/historical/PROJ_179/pm2_5/PROJ_179_12237098_pm2_5_2025_06_p1_20260924T215045.json","2026-09-24T16:20:46Z","2026-09-24T16:20:46Z",200,""
3,"PROJ_179",344103,12237095,"no2","2025-05-31T18:30:00Z","2025-06-30T18:29:59Z","completed",1,616,616,1,"data/raw/air_quality/openaq/historical/PROJ_179/no2/PROJ_179_12237095_no2_2025_06_p1_20260924T215048.json","2026-09-24T16:20:49Z","2026-09-24T16:20:49Z",200,""
3,"PROJ_180",344104,12237125,"pm2_5","2025-05-31T18:30:00Z","2025-06-30T18:29:59Z","completed",1,593,593,1,"data/raw/air_quality/openaq/historical/PROJ_180/pm2_5/PROJ_180_12237125_pm2_5_2025_06_p1_20260924T215054.json","2026-09-24T16:20:55Z","2026-09-24T16:20:55Z",200,""
3,"PROJ_180",344104,12237122,"no2","2025-05-31T18:30:00Z","2025-06-30T18:29:59Z","completed",1,593,593,1,"data/raw/air_quality/openaq/historical/PROJ_180/no2/PROJ_180_12237122_no2_2025_06_p1_20260924T215059.json","2026-09-24T16:20:59Z","2026-09-24T16:20:59Z",200,""
3,"PROJ_180",344104,12237124,"pm10","2025-05-31T18:30:00Z","2025-06-30T18:29:59Z","completed",1,593,593,1,"data/raw/air_quality/openaq/historical/PROJ_180/pm10/PROJ_180_12237124_pm10_2025_06_p1_20260924T215102.json","2026-09-24T16:21:03Z","2026-09-24T16:21:03Z",200,""
3,"PROJ_180",344104,12237127,"so2","2025-05-31T18:30:00Z","2025-06-30T18:29:59Z","completed",1,593,593,1,"data/raw/air_quality/openaq/historical/PROJ_180/so2/PROJ_180_12237127_so2_2025_06_p1_20260924T215106.json","2026-09-24T16:21:06Z","2026-09-24T16:21:06Z",200,""
3,"PROJ_180",344104,12237123,"o3","2025-05-31T18:30:00Z","2025-06-30T18:29:59Z","completed",1,593,593,1,"data/raw/air_quality/openaq/historical/PROJ_180/o3/PROJ_180_12237123_o3_2025_06_p1_20260924T215110.json","2026-09-24T16:21:10Z","2026-09-24T16:21:10Z",200,""
3,"PROJ_180",344104,12237120,"co","2025-05-31T18:30:00Z","2025-06-30T18:29:59Z","completed",1,593,593,1,"data/raw/air_quality/openaq/historical/PROJ_180/co/PROJ_180_12237120_co_2025_06_p1_20260924T215113.json","2026-09-24T16:21:13Z","2026-09-24T16:21:13Z",200,""
3,"PROJ_181",344140,12237111,"co","2025-05-31T18:30:00Z","2025-06-30T18:29:59Z","completed",1,648,648,1,"data/raw/air_quality/openaq/historical/PROJ_181/co/PROJ_181_12237111_co_2025_06_p1_20260924T215118.json","2026-09-24T16:21:18Z","2026-09-24T16:21:18Z",200,""
3,"PROJ_181",344140,12237114,"o3","2025-05-31T18:30:00Z","2025-06-30T18:29:59Z","completed",1,648,648,1,"data/raw/air_quality/openaq/historical/PROJ_181/o3/PROJ_181_12237114_o3_2025_06_p1_20260924T215125.json","2026-09-24T16:21:25Z","2026-09-24T16:21:25Z",200,""
3,"PROJ_181",344140,12237113,"no2","2025-05-31T18:30:00Z","2025-06-30T18:29:59Z","completed",1,648,648,1,"data/raw/air_quality/openaq/historical/PROJ_181/no2/PROJ_181_12237113_no2_2025_06_p1_20260924T215128.json","2026-09-24T16:21:29Z","2026-09-24T16:21:29Z",200,""
3,"PROJ_181",344140,12237115,"pm10","2025-05-31T18:30:00Z","2025-06-30T18:29:59Z","completed",1,648,648,1,"data/raw/air_quality/openaq/historical/PROJ_181/pm10/PROJ_181_12237115_pm10_2025_06_p1_20260924T215132.json","2026-09-24T16:21:32Z","2026-09-24T16:21:32Z",200,""
3,"PROJ_181",344140,12237118,"so2","2025-05-31T18:30:00Z","2025-06-30T18:29:59Z","completed",1,648,648,1,"data/raw/air_quality/openaq/historical/PROJ_181/so2/PROJ_181_12237118_so2_2025_06_p1_20260924T215135.json","2026-09-24T16:21:36Z","2026-09-24T16:21:36Z",200,""
3,"PROJ_181",344140,12237116,"pm2_5","2025-05-31T18:30:00Z","2025-06-30T18:29:59Z","completed",1,648,648,1,"data/raw/air_quality/openaq/historical/PROJ_181/pm2_5/PROJ_181_12237116_pm2_5_2025_06_p1_20260924T215139.json","2026-09-24T16:21:39Z","2026-09-24T16:21:39Z",200,""
3,"PROJ_186",352465,12237091,"so2","2025-05-31T18:30:00Z","2025-06-30T18:29:59Z","completed",1,630,630,1,"data/raw/air_quality/openaq/historical/PROJ_186/so2/PROJ_186_12237091_so2_2025_06_p1_20260924T215142.json","2026-09-24T16:21:43Z","2026-09-24T16:21:43Z",200,""
3,"PROJ_186",352465,12237088,"pm10","2025-05-31T18:30:00Z","2025-06-30T18:29:59Z","completed",1,631,631,1,"data/raw/air_quality/openaq/historical/PROJ_186/pm10/PROJ_186_12237088_pm10_2025_06_p1_20260924T215146.json","2026-09-24T16:21:47Z","2026-09-24T16:21:47Z",200,""
3,"PROJ_186",352465,12237089,"pm2_5","2025-05-31T18:30:00Z","2025-06-30T18:29:59Z","completed",1,631,631,1,"data/raw/air_quality/openaq/historical/PROJ_186/pm2_5/PROJ_186_12237089_pm2_5_2025_06_p1_20260924T215150.json","2026-09-24T16:21:50Z","2026-09-24T16:21:50Z",200,""
3,"PROJ_186",352465,12237086,"no2","2025-05-31T18:30:00Z","2025-06-30T18:29:59Z","completed",1,630,630,1,"data/raw/air_quality/openaq/historical/PROJ_186/no2/PROJ_186_12237086_no2_2025_06_p1_20260924T215155.json","2026-09-24T16:21:55Z","2026-09-24T16:21:55Z",200,""
3,"PROJ_186",352465,12237087,"o3","2025-05-31T18:30:00Z","2025-06-30T18:29:59Z","completed",1,630,630,1,"data/raw/air_quality/openaq/historical/PROJ_186/o3/PROJ_186_12237087_o3_2025_06_p1_20260924T215159.json","2026-09-24T16:21:59Z","2026-09-24T16:21:59Z",200,""
3,"PROJ_186",352465,12237084,"co","2025-05-31T18:30:00Z","2025-06-30T18:29:59Z","completed",1,630,630,1,"data/raw/air_quality/openaq/historical/PROJ_186/co/PROJ_186_12237084_co_2025_06_p1_20260924T215202.json","2026-09-24T16:22:03Z","2026-09-24T16:22:03Z",200,""
3,"PROJ_094",6950,12235885,"o3","2025-05-31T18:30:00Z","2025-06-30T18:29:59Z","completed",1,664,664,1,"data/raw/air_quality/openaq/historical/PROJ_094/o3/PROJ_094_12235885_o3_2025_06_p1_20260924T215206.json","2026-09-24T16:22:06Z","2026-09-24T16:22:06Z",200,""
3,"PROJ_094",6950,12235889,"so2","2025-05-31T18:30:00Z","2025-06-30T18:29:59Z","completed",1,664,664,1,"data/raw/air_quality/openaq/historical/PROJ_094/so2/PROJ_094_12235889_so2_2025_06_p1_20260924T215209.json","2026-09-24T16:22:09Z","2026-09-24T16:22:09Z",200,""
3,"PROJ_094",6950,12235884,"no2","2025-05-31T18:30:00Z","2025-06-30T18:29:59Z","completed",1,664,664,1,"data/raw/air_quality/openaq/historical/PROJ_094/no2/PROJ_094_12235884_no2_2025_06_p1_20260924T215213.json","2026-09-24T16:22:13Z","2026-09-24T16:22:13Z",200,""
3,"PROJ_094",6950,12235886,"pm10","2025-05-31T18:30:00Z","2025-06-30T18:29:59Z","completed",1,664,664,1,"data/raw/air_quality/openaq/historical/PROJ_094/pm10/PROJ_094_12235886_pm10_2025_06_p1_20260924T215217.json","2026-09-24T16:22:17Z","2026-09-24T16:22:17Z",200,""
3,"PROJ_094",6950,12235882,"co","2025-05-31T18:30:00Z","2025-06-30T18:29:59Z","completed",1,664,664,1,"data/raw/air_quality/openaq/historical/PROJ_094/co/PROJ_094_12235882_co_2025_06_p1_20260924T215220.json","2026-09-24T16:22:21Z","2026-09-24T16:22:21Z",200,""
3,"PROJ_094",6950,12235887,"pm2_5","2025-05-31T18:30:00Z","2025-06-30T18:29:59Z","completed",1,664,664,1,"data/raw/air_quality/openaq/historical/PROJ_094/pm2_5/PROJ_094_12235887_pm2_5_2025_06_p1_20260924T215224.json","2026-09-24T16:22:24Z","2026-09-24T16:22:24Z",200,""
4,"PROJ_002",17,12234785,"o3","2025-06-30T18:30:00Z","2025-07-31T18:29:59Z","completed",1,734,734,1,"data/raw/air_quality/openaq/historical/PROJ_002/o3/PROJ_002_12234785_o3_2025_07_p1_20260924T215228.json","2026-09-24T16:22:28Z","2026-09-24T16:22:28Z",200,""
4,"PROJ_002",17,12234787,"pm2_5","2025-06-30T18:30:00Z","2025-07-31T18:29:59Z","completed",1,693,693,1,"data/raw/air_quality/openaq/historical/PROJ_002/pm2_5/PROJ_002_12234787_pm2_5_2025_07_p1_20260924T215232.json","2026-09-24T16:22:32Z","2026-09-24T16:22:32Z",200,""
4,"PROJ_002",17,12234784,"no2","2025-06-30T18:30:00Z","2025-07-31T18:29:59Z","completed",1,733,733,1,"data/raw/air_quality/openaq/historical/PROJ_002/no2/PROJ_002_12234784_no2_2025_07_p1_20260924T215236.json","2026-09-24T16:22:37Z","2026-09-24T16:22:37Z",200,""
4,"PROJ_002",17,12234786,"pm10","2025-06-30T18:30:00Z","2025-07-31T18:29:59Z","completed",1,703,703,1,"data/raw/air_quality/openaq/historical/PROJ_002/pm10/PROJ_002_12234786_pm10_2025_07_p1_20260924T215241.json","2026-09-24T16:22:41Z","2026-09-24T16:22:41Z",200,""
4,"PROJ_002",17,12234782,"co","2025-06-30T18:30:00Z","2025-07-31T18:29:59Z","completed",1,729,729,1,"data/raw/air_quality/openaq/historical/PROJ_002/co/PROJ_002_12234782_co_2025_07_p1_20260924T215244.json","2026-09-24T16:22:45Z","2026-09-24T16:22:45Z",200,""
4,"PROJ_002",17,12234789,"so2","2025-06-30T18:30:00Z","2025-07-31T18:29:59Z","completed",1,700,700,1,"data/raw/air_quality/openaq/historical/PROJ_002/so2/PROJ_002_12234789_so2_2025_07_p1_20260924T215249.json","2026-09-24T16:22:50Z","2026-09-24T16:22:50Z",200,""
4,"PROJ_007",407,12235585,"so2","2025-06-30T18:30:00Z","2025-07-31T18:29:59Z","completed",1,614,614,1,"data/raw/air_quality/openaq/historical/PROJ_007/so2/PROJ_007_12235585_so2_2025_07_p1_20260924T215254.json","2026-09-24T16:22:55Z","2026-09-24T16:22:55Z",200,""
4,"PROJ_007",407,12235581,"o3","2025-06-30T18:30:00Z","2025-07-31T18:29:59Z","completed",1,606,606,1,"data/raw/air_quality/openaq/historical/PROJ_007/o3/PROJ_007_12235581_o3_2025_07_p1_20260924T215259.json","2026-09-24T16:23:00Z","2026-09-24T16:23:00Z",200,""
4,"PROJ_007",407,12235578,"co","2025-06-30T18:30:00Z","2025-07-31T18:29:59Z","completed",1,607,607,1,"data/raw/air_quality/openaq/historical/PROJ_007/co/PROJ_007_12235578_co_2025_07_p1_20260924T215303.json","2026-09-24T16:23:03Z","2026-09-24T16:23:03Z",200,""
4,"PROJ_007",407,12235580,"no2","2025-06-30T18:30:00Z","2025-07-31T18:29:59Z","completed",1,609,609,1,"data/raw/air_quality/openaq/historical/PROJ_007/no2/PROJ_007_12235580_no2_2025_07_p1_20260924T215308.json","2026-09-24T16:23:08Z","2026-09-24T16:23:08Z",200,""
4,"PROJ_007",407,12235583,"pm2_5","2025-06-30T18:30:00Z","2025-07-31T18:29:59Z","completed",1,571,571,1,"data/raw/air_quality/openaq/historical/PROJ_007/pm2_5/PROJ_007_12235583_pm2_5_2025_07_p1_20260924T215311.json","2026-09-24T16:23:12Z","2026-09-24T16:23:12Z",200,""
4,"PROJ_007",407,12235582,"pm10","2025-06-30T18:30:00Z","2025-07-31T18:29:59Z","completed",1,571,571,1,"data/raw/air_quality/openaq/historical/PROJ_007/pm10/PROJ_007_12235582_pm10_2025_07_p1_20260924T215316.json","2026-09-24T16:23:16Z","2026-09-24T16:23:16Z",200,""
4,"PROJ_019",2586,12235655,"so2","2025-06-30T18:30:00Z","2025-07-31T18:29:59Z","completed",1,707,707,1,"data/raw/air_quality/openaq/historical/PROJ_019/so2/PROJ_019_12235655_so2_2025_07_p1_20260924T215320.json","2026-09-24T16:23:20Z","2026-09-24T16:23:20Z",200,""
4,"PROJ_019",2586,12235648,"co","2025-06-30T18:30:00Z","2025-07-31T18:29:59Z","completed",1,707,707,1,"data/raw/air_quality/openaq/historical/PROJ_019/co/PROJ_019_12235648_co_2025_07_p1_20260924T215324.json","2026-09-24T16:23:25Z","2026-09-24T16:23:25Z",200,""
4,"PROJ_019",2586,12235653,"pm2_5","2025-06-30T18:30:00Z","2025-07-31T18:29:59Z","completed",1,707,707,1,"data/raw/air_quality/openaq/historical/PROJ_019/pm2_5/PROJ_019_12235653_pm2_5_2025_07_p1_20260924T215328.json","2026-09-24T16:23:28Z","2026-09-24T16:23:28Z",200,""
4,"PROJ_019",2586,12235652,"pm10","2025-06-30T18:30:00Z","2025-07-31T18:29:59Z","completed",2,707,707,1,"data/raw/air_quality/openaq/historical/PROJ_019/pm10/PROJ_019_12235652_pm10_2025_07_p1_20260925T095236.json","2026-09-24T16:23:46Z","2026-09-25T04:22:37Z",200,""
4,"PROJ_019",2586,12235650,"no2","2025-06-30T18:30:00Z","2025-07-31T18:29:59Z","completed",1,707,707,1,"data/raw/air_quality/openaq/historical/PROJ_019/no2/PROJ_019_12235650_no2_2025_07_p1_20260924T215353.json","2026-09-24T16:23:54Z","2026-09-24T16:23:54Z",200,""
4,"PROJ_019",2586,12235651,"o3","2025-06-30T18:30:00Z","2025-07-31T18:29:59Z","completed",1,707,707,1,"data/raw/air_quality/openaq/historical/PROJ_019/o3/PROJ_019_12235651_o3_2025_07_p1_20260924T215358.json","2026-09-24T16:23:58Z","2026-09-24T16:23:58Z",200,""
4,"PROJ_036",5599,12235400,"pm2_5","2025-06-30T18:30:00Z","2025-07-31T18:29:59Z","completed",1,645,645,1,"data/raw/air_quality/openaq/historical/PROJ_036/pm2_5/PROJ_036_12235400_pm2_5_2025_07_p1_20260924T215403.json","2026-09-24T16:24:03Z","2026-09-24T16:24:03Z",200,""
4,"PROJ_036",5599,12235399,"pm10","2025-06-30T18:30:00Z","2025-07-31T18:29:59Z","completed",1,647,647,1,"data/raw/air_quality/openaq/historical/PROJ_036/pm10/PROJ_036_12235399_pm10_2025_07_p1_20260924T215407.json","2026-09-24T16:24:08Z","2026-09-24T16:24:08Z",200,""
4,"PROJ_036",5599,12235402,"so2","2025-06-30T18:30:00Z","2025-07-31T18:29:59Z","completed",1,673,673,1,"data/raw/air_quality/openaq/historical/PROJ_036/so2/PROJ_036_12235402_so2_2025_07_p1_20260924T215412.json","2026-09-24T16:24:13Z","2026-09-24T16:24:13Z",200,""
4,"PROJ_036",5599,12235398,"o3","2025-06-30T18:30:00Z","2025-07-31T18:29:59Z","completed",1,676,676,1,"data/raw/air_quality/openaq/historical/PROJ_036/o3/PROJ_036_12235398_o3_2025_07_p1_20260924T215416.json","2026-09-24T16:24:16Z","2026-09-24T16:24:16Z",200,""
4,"PROJ_036",5599,12235395,"co","2025-06-30T18:30:00Z","2025-07-31T18:29:59Z","completed",1,673,673,1,"data/raw/air_quality/openaq/historical/PROJ_036/co/PROJ_036_12235395_co_2025_07_p1_20260924T215422.json","2026-09-24T16:24:22Z","2026-09-24T16:24:22Z",200,""
4,"PROJ_036",5599,12235397,"no2","2025-06-30T18:30:00Z","2025-07-31T18:29:59Z","completed",1,673,673,1,"data/raw/air_quality/openaq/historical/PROJ_036/no2/PROJ_036_12235397_no2_2025_07_p1_20260924T215426.json","2026-09-24T16:24:27Z","2026-09-24T16:24:27Z",200,""
4,"PROJ_042",5621,12235625,"pm10","2025-06-30T18:30:00Z","2025-07-31T18:29:59Z","completed",1,707,707,1,"data/raw/air_quality/openaq/historical/PROJ_042/pm10/PROJ_042_12235625_pm10_2025_07_p1_20260924T215431.json","2026-09-24T16:24:31Z","2026-09-24T16:24:31Z",200,""
4,"PROJ_042",5621,12235623,"no2","2025-06-30T18:30:00Z","2025-07-31T18:29:59Z","completed",1,707,707,1,"data/raw/air_quality/openaq/historical/PROJ_042/no2/PROJ_042_12235623_no2_2025_07_p1_20260924T215435.json","2026-09-24T16:24:35Z","2026-09-24T16:24:35Z",200,""
4,"PROJ_042",5621,12235626,"pm2_5","2025-06-30T18:30:00Z","2025-07-31T18:29:59Z","completed",1,707,707,1,"data/raw/air_quality/openaq/historical/PROJ_042/pm2_5/PROJ_042_12235626_pm2_5_2025_07_p1_20260924T215439.json","2026-09-24T16:24:39Z","2026-09-24T16:24:39Z",200,""
4,"PROJ_042",5621,12235621,"co","2025-06-30T18:30:00Z","2025-07-31T18:29:59Z","completed",1,707,707,1,"data/raw/air_quality/openaq/historical/PROJ_042/co/PROJ_042_12235621_co_2025_07_p1_20260924T215443.json","2026-09-24T16:24:44Z","2026-09-24T16:24:44Z",200,""
4,"PROJ_042",5621,12235628,"so2","2025-06-30T18:30:00Z","2025-07-31T18:29:59Z","completed",1,707,707,1,"data/raw/air_quality/openaq/historical/PROJ_042/so2/PROJ_042_12235628_so2_2025_07_p1_20260924T215447.json","2026-09-24T16:24:47Z","2026-09-24T16:24:47Z",200,""
4,"PROJ_042",5621,12235624,"o3","2025-06-30T18:30:00Z","2025-07-31T18:29:59Z","completed",1,707,707,1,"data/raw/air_quality/openaq/historical/PROJ_042/o3/PROJ_042_12235624_o3_2025_07_p1_20260924T215450.json","2026-09-24T16:24:51Z","2026-09-24T16:24:51Z",200,""
4,"PROJ_044",5623,12242116,"co","2025-06-30T18:30:00Z","2025-07-31T18:29:59Z","completed",1,651,651,1,"data/raw/air_quality/openaq/historical/PROJ_044/co/PROJ_044_12242116_co_2025_07_p1_20260924T215454.json","2026-09-24T16:24:55Z","2026-09-24T16:24:55Z",200,""
4,"PROJ_044",5623,12242118,"no2","2025-06-30T18:30:00Z","2025-07-31T18:29:59Z","completed",1,651,651,1,"data/raw/air_quality/openaq/historical/PROJ_044/no2/PROJ_044_12242118_no2_2025_07_p1_20260924T215501.json","2026-09-24T16:25:01Z","2026-09-24T16:25:01Z",200,""
4,"PROJ_044",5623,12242119,"o3","2025-06-30T18:30:00Z","2025-07-31T18:29:59Z","completed",1,651,651,1,"data/raw/air_quality/openaq/historical/PROJ_044/o3/PROJ_044_12242119_o3_2025_07_p1_20260924T215504.json","2026-09-24T16:25:05Z","2026-09-24T16:25:05Z",200,""
4,"PROJ_044",5623,12242121,"pm2_5","2025-06-30T18:30:00Z","2025-07-31T18:29:59Z","completed",1,632,632,1,"data/raw/air_quality/openaq/historical/PROJ_044/pm2_5/PROJ_044_12242121_pm2_5_2025_07_p1_20260924T215508.json","2026-09-24T16:25:08Z","2026-09-24T16:25:08Z",200,""
4,"PROJ_044",5623,12242120,"pm10","2025-06-30T18:30:00Z","2025-07-31T18:29:59Z","completed",1,596,596,1,"data/raw/air_quality/openaq/historical/PROJ_044/pm10/PROJ_044_12242120_pm10_2025_07_p1_20260924T215512.json","2026-09-24T16:25:13Z","2026-09-24T16:25:13Z",200,""
4,"PROJ_044",5623,12242123,"so2","2025-06-30T18:30:00Z","2025-07-31T18:29:59Z","completed",1,651,651,1,"data/raw/air_quality/openaq/historical/PROJ_044/so2/PROJ_044_12242123_so2_2025_07_p1_20260924T215517.json","2026-09-24T16:25:18Z","2026-09-24T16:25:18Z",200,""
4,"PROJ_048",5628,12235460,"pm2_5","2025-06-30T18:30:00Z","2025-07-31T18:29:59Z","completed",1,659,659,1,"data/raw/air_quality/openaq/historical/PROJ_048/pm2_5/PROJ_048_12235460_pm2_5_2025_07_p1_20260924T215521.json","2026-09-24T16:25:21Z","2026-09-24T16:25:21Z",200,""
4,"PROJ_048",5628,12235458,"o3","2025-06-30T18:30:00Z","2025-07-31T18:29:59Z","completed",1,664,664,1,"data/raw/air_quality/openaq/historical/PROJ_048/o3/PROJ_048_12235458_o3_2025_07_p1_20260924T215524.json","2026-09-24T16:25:25Z","2026-09-24T16:25:25Z",200,""
4,"PROJ_048",5628,12235455,"co","2025-06-30T18:30:00Z","2025-07-31T18:29:59Z","completed",1,659,659,1,"data/raw/air_quality/openaq/historical/PROJ_048/co/PROJ_048_12235455_co_2025_07_p1_20260924T215529.json","2026-09-24T16:25:30Z","2026-09-24T16:25:30Z",200,""
4,"PROJ_048",5628,12235459,"pm10","2025-06-30T18:30:00Z","2025-07-31T18:29:59Z","completed",1,659,659,1,"data/raw/air_quality/openaq/historical/PROJ_048/pm10/PROJ_048_12235459_pm10_2025_07_p1_20260924T215533.json","2026-09-24T16:25:33Z","2026-09-24T16:25:33Z",200,""
4,"PROJ_048",5628,12235462,"so2","2025-06-30T18:30:00Z","2025-07-31T18:29:59Z","completed",1,662,662,1,"data/raw/air_quality/openaq/historical/PROJ_048/so2/PROJ_048_12235462_so2_2025_07_p1_20260924T215536.json","2026-09-24T16:25:37Z","2026-09-24T16:25:37Z",200,""
4,"PROJ_048",5628,12235457,"no2","2025-06-30T18:30:00Z","2025-07-31T18:29:59Z","completed",1,663,663,1,"data/raw/air_quality/openaq/historical/PROJ_048/no2/PROJ_048_12235457_no2_2025_07_p1_20260924T215540.json","2026-09-24T16:25:41Z","2026-09-24T16:25:41Z",200,""
4,"PROJ_050",5631,12235666,"co","2025-06-30T18:30:00Z","2025-07-31T18:29:59Z","completed",1,587,587,1,"data/raw/air_quality/openaq/historical/PROJ_050/co/PROJ_050_12235666_co_2025_07_p1_20260924T215544.json","2026-09-24T16:25:44Z","2026-09-24T16:25:44Z",200,""
4,"PROJ_050",5631,12235668,"no2","2025-06-30T18:30:00Z","2025-07-31T18:29:59Z","completed",1,584,584,1,"data/raw/air_quality/openaq/historical/PROJ_050/no2/PROJ_050_12235668_no2_2025_07_p1_20260924T215550.json","2026-09-24T16:25:50Z","2026-09-24T16:25:50Z",200,""
4,"PROJ_050",5631,12235670,"pm10","2025-06-30T18:30:00Z","2025-07-31T18:29:59Z","completed",1,586,586,1,"data/raw/air_quality/openaq/historical/PROJ_050/pm10/PROJ_050_12235670_pm10_2025_07_p1_20260924T215555.json","2026-09-24T16:25:55Z","2026-09-24T16:25:55Z",200,""
4,"PROJ_050",5631,12235673,"so2","2025-06-30T18:30:00Z","2025-07-31T18:29:59Z","completed",1,585,585,1,"data/raw/air_quality/openaq/historical/PROJ_050/so2/PROJ_050_12235673_so2_2025_07_p1_20260924T215600.json","2026-09-24T16:26:00Z","2026-09-24T16:26:00Z",200,""
4,"PROJ_050",5631,12235671,"pm2_5","2025-06-30T18:30:00Z","2025-07-31T18:29:59Z","completed",1,587,587,1,"data/raw/air_quality/openaq/historical/PROJ_050/pm2_5/PROJ_050_12235671_pm2_5_2025_07_p1_20260924T215604.json","2026-09-24T16:26:05Z","2026-09-24T16:26:05Z",200,""
4,"PROJ_050",5631,12235669,"o3","2025-06-30T18:30:00Z","2025-07-31T18:29:59Z","completed",1,585,585,1,"data/raw/air_quality/openaq/historical/PROJ_050/o3/PROJ_050_12235669_o3_2025_07_p1_20260924T215608.json","2026-09-24T16:26:08Z","2026-09-24T16:26:08Z",200,""
4,"PROJ_051",5633,12234804,"pm10","2025-06-30T18:30:00Z","2025-07-31T18:29:59Z","completed",1,734,734,1,"data/raw/air_quality/openaq/historical/PROJ_051/pm10/PROJ_051_12234804_pm10_2025_07_p1_20260924T215612.json","2026-09-24T16:26:12Z","2026-09-24T16:26:12Z",200,""
4,"PROJ_051",5633,12234807,"so2","2025-06-30T18:30:00Z","2025-07-31T18:29:59Z","completed",1,734,734,1,"data/raw/air_quality/openaq/historical/PROJ_051/so2/PROJ_051_12234807_so2_2025_07_p1_20260924T215617.json","2026-09-24T16:26:17Z","2026-09-24T16:26:17Z",200,""
4,"PROJ_051",5633,12234805,"pm2_5","2025-06-30T18:30:00Z","2025-07-31T18:29:59Z","completed",1,734,734,1,"data/raw/air_quality/openaq/historical/PROJ_051/pm2_5/PROJ_051_12234805_pm2_5_2025_07_p1_20260924T215622.json","2026-09-24T16:26:22Z","2026-09-24T16:26:22Z",200,""
4,"PROJ_051",5633,12234800,"co","2025-06-30T18:30:00Z","2025-07-31T18:29:59Z","completed",1,734,734,1,"data/raw/air_quality/openaq/historical/PROJ_051/co/PROJ_051_12234800_co_2025_07_p1_20260924T215625.json","2026-09-24T16:26:26Z","2026-09-24T16:26:26Z",200,""
4,"PROJ_051",5633,12234803,"o3","2025-06-30T18:30:00Z","2025-07-31T18:29:59Z","completed",1,734,734,1,"data/raw/air_quality/openaq/historical/PROJ_051/o3/PROJ_051_12234803_o3_2025_07_p1_20260924T215630.json","2026-09-24T16:26:31Z","2026-09-24T16:26:31Z",200,""
4,"PROJ_051",5633,12234802,"no2","2025-06-30T18:30:00Z","2025-07-31T18:29:59Z","completed",1,734,734,1,"data/raw/air_quality/openaq/historical/PROJ_051/no2/PROJ_051_12234802_no2_2025_07_p1_20260924T215635.json","2026-09-24T16:26:35Z","2026-09-24T16:26:35Z",200,""
4,"PROJ_063",5659,12235521,"pm10","2025-06-30T18:30:00Z","2025-07-31T18:29:59Z","completed",1,734,734,1,"data/raw/air_quality/openaq/historical/PROJ_063/pm10/PROJ_063_12235521_pm10_2025_07_p1_20260924T215640.json","2026-09-24T16:26:41Z","2026-09-24T16:26:41Z",200,""
4,"PROJ_063",5659,12235520,"o3","2025-06-30T18:30:00Z","2025-07-31T18:29:59Z","completed",1,735,735,1,"data/raw/air_quality/openaq/historical/PROJ_063/o3/PROJ_063_12235520_o3_2025_07_p1_20260924T215644.json","2026-09-24T16:26:45Z","2026-09-24T16:26:45Z",200,""
4,"PROJ_063",5659,12235517,"co","2025-06-30T18:30:00Z","2025-07-31T18:29:59Z","completed",1,735,735,1,"data/raw/air_quality/openaq/historical/PROJ_063/co/PROJ_063_12235517_co_2025_07_p1_20260924T215649.json","2026-09-24T16:26:50Z","2026-09-24T16:26:50Z",200,""
4,"PROJ_063",5659,12235524,"so2","2025-06-30T18:30:00Z","2025-07-31T18:29:59Z","completed",1,735,735,1,"data/raw/air_quality/openaq/historical/PROJ_063/so2/PROJ_063_12235524_so2_2025_07_p1_20260924T215653.json","2026-09-24T16:26:53Z","2026-09-24T16:26:53Z",200,""
4,"PROJ_063",5659,12235519,"no2","2025-06-30T18:30:00Z","2025-07-31T18:29:59Z","completed",1,735,735,1,"data/raw/air_quality/openaq/historical/PROJ_063/no2/PROJ_063_12235519_no2_2025_07_p1_20260924T215658.json","2026-09-24T16:26:58Z","2026-09-24T16:26:58Z",200,""
4,"PROJ_063",5659,12235522,"pm2_5","2025-06-30T18:30:00Z","2025-07-31T18:29:59Z","completed",1,735,735,1,"data/raw/air_quality/openaq/historical/PROJ_063/pm2_5/PROJ_063_12235522_pm2_5_2025_07_p1_20260924T215703.json","2026-09-24T16:27:04Z","2026-09-24T16:27:04Z",200,""
4,"PROJ_092",6945,12289836,"so2","2025-06-30T18:30:00Z","2025-07-31T18:29:59Z","completed",1,689,689,1,"data/raw/air_quality/openaq/historical/PROJ_092/so2/PROJ_092_12289836_so2_2025_07_p1_20260924T215708.json","2026-09-24T16:27:09Z","2026-09-24T16:27:09Z",200,""
4,"PROJ_092",6945,12235834,"pm2_5","2025-06-30T18:30:00Z","2025-07-31T18:29:59Z","completed",1,694,694,1,"data/raw/air_quality/openaq/historical/PROJ_092/pm2_5/PROJ_092_12235834_pm2_5_2025_07_p1_20260924T215712.json","2026-09-24T16:27:13Z","2026-09-24T16:27:13Z",200,""
4,"PROJ_092",6945,12235829,"co","2025-06-30T18:30:00Z","2025-07-31T18:29:59Z","completed",1,687,687,1,"data/raw/air_quality/openaq/historical/PROJ_092/co/PROJ_092_12235829_co_2025_07_p1_20260924T215716.json","2026-09-24T16:27:17Z","2026-09-24T16:27:17Z",200,""
4,"PROJ_092",6945,12235833,"pm10","2025-06-30T18:30:00Z","2025-07-31T18:29:59Z","completed",1,689,689,1,"data/raw/air_quality/openaq/historical/PROJ_092/pm10/PROJ_092_12235833_pm10_2025_07_p1_20260924T215720.json","2026-09-24T16:27:20Z","2026-09-24T16:27:20Z",200,""
4,"PROJ_092",6945,12235831,"no2","2025-06-30T18:30:00Z","2025-07-31T18:29:59Z","completed",1,692,692,1,"data/raw/air_quality/openaq/historical/PROJ_092/no2/PROJ_092_12235831_no2_2025_07_p1_20260924T215725.json","2026-09-24T16:27:25Z","2026-09-24T16:27:25Z",200,""
4,"PROJ_092",6945,12235832,"o3","2025-06-30T18:30:00Z","2025-07-31T18:29:59Z","completed",1,687,687,1,"data/raw/air_quality/openaq/historical/PROJ_092/o3/PROJ_092_12235832_o3_2025_07_p1_20260924T215728.json","2026-09-24T16:27:29Z","2026-09-24T16:27:29Z",200,""
4,"PROJ_101",6973,12235269,"so2","2025-06-30T18:30:00Z","2025-07-31T18:29:59Z","completed",1,714,714,1,"data/raw/air_quality/openaq/historical/PROJ_101/so2/PROJ_101_12235269_so2_2025_07_p1_20260924T215733.json","2026-09-24T16:27:34Z","2026-09-24T16:27:34Z",200,""
4,"PROJ_101",6973,12235264,"no2","2025-06-30T18:30:00Z","2025-07-31T18:29:59Z","completed",1,159,159,1,"data/raw/air_quality/openaq/historical/PROJ_101/no2/PROJ_101_12235264_no2_2025_07_p1_20260924T215737.json","2026-09-24T16:27:38Z","2026-09-24T16:27:38Z",200,""
4,"PROJ_101",6973,12235266,"pm10","2025-06-30T18:30:00Z","2025-07-31T18:29:59Z","completed",1,720,720,1,"data/raw/air_quality/openaq/historical/PROJ_101/pm10/PROJ_101_12235266_pm10_2025_07_p1_20260924T215742.json","2026-09-24T16:27:42Z","2026-09-24T16:27:42Z",200,""
4,"PROJ_101",6973,12235267,"pm2_5","2025-06-30T18:30:00Z","2025-07-31T18:29:59Z","completed",1,717,717,1,"data/raw/air_quality/openaq/historical/PROJ_101/pm2_5/PROJ_101_12235267_pm2_5_2025_07_p1_20260924T215747.json","2026-09-24T16:27:47Z","2026-09-24T16:27:47Z",200,""
4,"PROJ_101",6973,12235265,"o3","2025-06-30T18:30:00Z","2025-07-31T18:29:59Z","completed",1,721,721,1,"data/raw/air_quality/openaq/historical/PROJ_101/o3/PROJ_101_12235265_o3_2025_07_p1_20260924T215751.json","2026-09-24T16:27:52Z","2026-09-24T16:27:52Z",200,""
4,"PROJ_101",6973,12235262,"co","2025-06-30T18:30:00Z","2025-07-31T18:29:59Z","completed",1,699,699,1,"data/raw/air_quality/openaq/historical/PROJ_101/co/PROJ_101_12235262_co_2025_07_p1_20260924T215756.json","2026-09-24T16:27:57Z","2026-09-24T16:27:57Z",200,""
4,"PROJ_133",10599,12236100,"o3","2025-06-30T18:30:00Z","2025-07-31T18:29:59Z","completed",1,731,731,1,"data/raw/air_quality/openaq/historical/PROJ_133/o3/PROJ_133_12236100_o3_2025_07_p1_20260924T215801.json","2026-09-24T16:28:01Z","2026-09-24T16:28:01Z",200,""
4,"PROJ_133",10599,12236101,"pm10","2025-06-30T18:30:00Z","2025-07-31T18:29:59Z","completed",1,731,731,1,"data/raw/air_quality/openaq/historical/PROJ_133/pm10/PROJ_133_12236101_pm10_2025_07_p1_20260924T215805.json","2026-09-24T16:28:05Z","2026-09-24T16:28:05Z",200,""
4,"PROJ_133",10599,12236097,"co","2025-06-30T18:30:00Z","2025-07-31T18:29:59Z","completed",1,732,732,1,"data/raw/air_quality/openaq/historical/PROJ_133/co/PROJ_133_12236097_co_2025_07_p1_20260924T215809.json","2026-09-24T16:28:10Z","2026-09-24T16:28:10Z",200,""
4,"PROJ_133",10599,12236104,"so2","2025-06-30T18:30:00Z","2025-07-31T18:29:59Z","completed",1,731,731,1,"data/raw/air_quality/openaq/historical/PROJ_133/so2/PROJ_133_12236104_so2_2025_07_p1_20260924T215813.json","2026-09-24T16:28:14Z","2026-09-24T16:28:14Z",200,""
4,"PROJ_133",10599,12236102,"pm2_5","2025-06-30T18:30:00Z","2025-07-31T18:29:59Z","completed",1,731,731,1,"data/raw/air_quality/openaq/historical/PROJ_133/pm2_5/PROJ_133_12236102_pm2_5_2025_07_p1_20260924T215819.json","2026-09-24T16:28:19Z","2026-09-24T16:28:19Z",200,""
4,"PROJ_133",10599,12236099,"no2","2025-06-30T18:30:00Z","2025-07-31T18:29:59Z","completed",1,731,731,1,"data/raw/air_quality/openaq/historical/PROJ_133/no2/PROJ_133_12236099_no2_2025_07_p1_20260924T215823.json","2026-09-24T16:28:23Z","2026-09-24T16:28:23Z",200,""
4,"PROJ_142",10903,12235758,"no2","2025-06-30T18:30:00Z","2025-07-31T18:29:59Z","completed",1,688,688,1,"data/raw/air_quality/openaq/historical/PROJ_142/no2/PROJ_142_12235758_no2_2025_07_p1_20260924T215828.json","2026-09-24T16:28:28Z","2026-09-24T16:28:28Z",200,""
4,"PROJ_142",10903,12235763,"so2","2025-06-30T18:30:00Z","2025-07-31T18:29:59Z","completed",1,688,688,1,"data/raw/air_quality/openaq/historical/PROJ_142/so2/PROJ_142_12235763_so2_2025_07_p1_20260924T215832.json","2026-09-24T16:28:32Z","2026-09-24T16:28:32Z",200,""
4,"PROJ_142",10903,12235756,"co","2025-06-30T18:30:00Z","2025-07-31T18:29:59Z","completed",1,688,688,1,"data/raw/air_quality/openaq/historical/PROJ_142/co/PROJ_142_12235756_co_2025_07_p1_20260924T215835.json","2026-09-24T16:28:35Z","2026-09-24T16:28:35Z",200,""
4,"PROJ_142",10903,12235760,"pm10","2025-06-30T18:30:00Z","2025-07-31T18:29:59Z","completed",1,688,688,1,"data/raw/air_quality/openaq/historical/PROJ_142/pm10/PROJ_142_12235760_pm10_2025_07_p1_20260924T215838.json","2026-09-24T16:28:39Z","2026-09-24T16:28:39Z",200,""
4,"PROJ_142",10903,12235759,"o3","2025-06-30T18:30:00Z","2025-07-31T18:29:59Z","completed",1,688,688,1,"data/raw/air_quality/openaq/historical/PROJ_142/o3/PROJ_142_12235759_o3_2025_07_p1_20260924T215842.json","2026-09-24T16:28:42Z","2026-09-24T16:28:42Z",200,""
4,"PROJ_142",10903,12235761,"pm2_5","2025-06-30T18:30:00Z","2025-07-31T18:29:59Z","completed",1,688,688,1,"data/raw/air_quality/openaq/historical/PROJ_142/pm2_5/PROJ_142_12235761_pm2_5_2025_07_p1_20260924T215846.json","2026-09-24T16:28:47Z","2026-09-24T16:28:47Z",200,""
4,"PROJ_144",10913,12236019,"o3","2025-06-30T18:30:00Z","2025-07-31T18:29:59Z","completed",1,686,686,1,"data/raw/air_quality/openaq/historical/PROJ_144/o3/PROJ_144_12236019_o3_2025_07_p1_20260924T215852.json","2026-09-24T16:28:52Z","2026-09-24T16:28:52Z",200,""
4,"PROJ_144",10913,12236023,"so2","2025-06-30T18:30:00Z","2025-07-31T18:29:59Z","completed",1,658,658,1,"data/raw/air_quality/openaq/historical/PROJ_144/so2/PROJ_144_12236023_so2_2025_07_p1_20260924T215856.json","2026-09-24T16:28:57Z","2026-09-24T16:28:57Z",200,""
4,"PROJ_144",10913,12236021,"pm2_5","2025-06-30T18:30:00Z","2025-07-31T18:29:59Z","completed",1,683,683,1,"data/raw/air_quality/openaq/historical/PROJ_144/pm2_5/PROJ_144_12236021_pm2_5_2025_07_p1_20260924T215901.json","2026-09-24T16:29:02Z","2026-09-24T16:29:02Z",200,""
4,"PROJ_144",10913,12236020,"pm10","2025-06-30T18:30:00Z","2025-07-31T18:29:59Z","completed",1,682,682,1,"data/raw/air_quality/openaq/historical/PROJ_144/pm10/PROJ_144_12236020_pm10_2025_07_p1_20260924T215905.json","2026-09-24T16:29:05Z","2026-09-24T16:29:05Z",200,""
4,"PROJ_144",10913,12236016,"co","2025-06-30T18:30:00Z","2025-07-31T18:29:59Z","completed",1,659,659,1,"data/raw/air_quality/openaq/historical/PROJ_144/co/PROJ_144_12236016_co_2025_07_p1_20260924T215909.json","2026-09-24T16:29:10Z","2026-09-24T16:29:10Z",200,""
4,"PROJ_144",10913,12236018,"no2","2025-06-30T18:30:00Z","2025-07-31T18:29:59Z","completed",1,688,688,1,"data/raw/air_quality/openaq/historical/PROJ_144/no2/PROJ_144_12236018_no2_2025_07_p1_20260924T215913.json","2026-09-24T16:29:13Z","2026-09-24T16:29:13Z",200,""
4,"PROJ_158",11613,12236463,"pm2_5","2025-06-30T18:30:00Z","2025-07-31T18:29:59Z","completed",1,650,650,1,"data/raw/air_quality/openaq/historical/PROJ_158/pm2_5/PROJ_158_12236463_pm2_5_2025_07_p1_20260924T215917.json","2026-09-24T16:29:17Z","2026-09-24T16:29:17Z",200,""
4,"PROJ_158",11613,12236458,"co","2025-06-30T18:30:00Z","2025-07-31T18:29:59Z","completed",1,650,650,1,"data/raw/air_quality/openaq/historical/PROJ_158/co/PROJ_158_12236458_co_2025_07_p1_20260924T215921.json","2026-09-24T16:29:22Z","2026-09-24T16:29:22Z",200,""
4,"PROJ_158",11613,12236460,"no2","2025-06-30T18:30:00Z","2025-07-31T18:29:59Z","completed",1,650,650,1,"data/raw/air_quality/openaq/historical/PROJ_158/no2/PROJ_158_12236460_no2_2025_07_p1_20260924T215926.json","2026-09-24T16:29:27Z","2026-09-24T16:29:27Z",200,""
4,"PROJ_158",11613,12236461,"o3","2025-06-30T18:30:00Z","2025-07-31T18:29:59Z","completed",1,650,650,1,"data/raw/air_quality/openaq/historical/PROJ_158/o3/PROJ_158_12236461_o3_2025_07_p1_20260924T215931.json","2026-09-24T16:29:31Z","2026-09-24T16:29:31Z",200,""
4,"PROJ_158",11613,12236465,"so2","2025-06-30T18:30:00Z","2025-07-31T18:29:59Z","completed",1,650,650,1,"data/raw/air_quality/openaq/historical/PROJ_158/so2/PROJ_158_12236465_so2_2025_07_p1_20260924T215936.json","2026-09-24T16:29:36Z","2026-09-24T16:29:36Z",200,""
4,"PROJ_158",11613,12236462,"pm10","2025-06-30T18:30:00Z","2025-07-31T18:29:59Z","completed",1,650,650,1,"data/raw/air_quality/openaq/historical/PROJ_158/pm10/PROJ_158_12236462_pm10_2025_07_p1_20260924T215941.json","2026-09-24T16:29:41Z","2026-09-24T16:29:41Z",200,""
4,"PROJ_179",344103,12237100,"so2","2025-06-30T18:30:00Z","2025-07-31T18:29:59Z","completed",1,731,731,1,"data/raw/air_quality/openaq/historical/PROJ_179/so2/PROJ_179_12237100_so2_2025_07_p1_20260924T215945.json","2026-09-24T16:29:45Z","2026-09-24T16:29:45Z",200,""
4,"PROJ_179",344103,12237093,"co","2025-06-30T18:30:00Z","2025-07-31T18:29:59Z","completed",1,731,731,1,"data/raw/air_quality/openaq/historical/PROJ_179/co/PROJ_179_12237093_co_2025_07_p1_20260924T215950.json","2026-09-24T16:29:51Z","2026-09-24T16:29:51Z",200,""
4,"PROJ_179",344103,12237096,"o3","2025-06-30T18:30:00Z","2025-07-31T18:29:59Z","completed",1,731,731,1,"data/raw/air_quality/openaq/historical/PROJ_179/o3/PROJ_179_12237096_o3_2025_07_p1_20260924T215956.json","2026-09-24T16:29:56Z","2026-09-24T16:29:56Z",200,""
4,"PROJ_179",344103,12237097,"pm10","2025-06-30T18:30:00Z","2025-07-31T18:29:59Z","completed",1,731,731,1,"data/raw/air_quality/openaq/historical/PROJ_179/pm10/PROJ_179_12237097_pm10_2025_07_p1_20260924T220001.json","2026-09-24T16:30:02Z","2026-09-24T16:30:02Z",200,""
4,"PROJ_179",344103,12237098,"pm2_5","2025-06-30T18:30:00Z","2025-07-31T18:29:59Z","completed",1,731,731,1,"data/raw/air_quality/openaq/historical/PROJ_179/pm2_5/PROJ_179_12237098_pm2_5_2025_07_p1_20260924T220005.json","2026-09-24T16:30:05Z","2026-09-24T16:30:05Z",200,""
4,"PROJ_179",344103,12237095,"no2","2025-06-30T18:30:00Z","2025-07-31T18:29:59Z","completed",1,731,731,1,"data/raw/air_quality/openaq/historical/PROJ_179/no2/PROJ_179_12237095_no2_2025_07_p1_20260924T220008.json","2026-09-24T16:30:08Z","2026-09-24T16:30:08Z",200,""
4,"PROJ_180",344104,12237125,"pm2_5","2025-06-30T18:30:00Z","2025-07-31T18:29:59Z","completed",1,548,548,1,"data/raw/air_quality/openaq/historical/PROJ_180/pm2_5/PROJ_180_12237125_pm2_5_2025_07_p1_20260924T220013.json","2026-09-24T16:30:13Z","2026-09-24T16:30:13Z",200,""
4,"PROJ_180",344104,12237122,"no2","2025-06-30T18:30:00Z","2025-07-31T18:29:59Z","completed",1,548,548,1,"data/raw/air_quality/openaq/historical/PROJ_180/no2/PROJ_180_12237122_no2_2025_07_p1_20260924T220017.json","2026-09-24T16:30:18Z","2026-09-24T16:30:18Z",200,""
4,"PROJ_180",344104,12237124,"pm10","2025-06-30T18:30:00Z","2025-07-31T18:29:59Z","completed",1,548,548,1,"data/raw/air_quality/openaq/historical/PROJ_180/pm10/PROJ_180_12237124_pm10_2025_07_p1_20260924T220021.json","2026-09-24T16:30:21Z","2026-09-24T16:30:21Z",200,""
4,"PROJ_180",344104,12237127,"so2","2025-06-30T18:30:00Z","2025-07-31T18:29:59Z","completed",1,548,548,1,"data/raw/air_quality/openaq/historical/PROJ_180/so2/PROJ_180_12237127_so2_2025_07_p1_20260924T220024.json","2026-09-24T16:30:25Z","2026-09-24T16:30:25Z",200,""
4,"PROJ_180",344104,12237123,"o3","2025-06-30T18:30:00Z","2025-07-31T18:29:59Z","completed",1,548,548,1,"data/raw/air_quality/openaq/historical/PROJ_180/o3/PROJ_180_12237123_o3_2025_07_p1_20260924T220029.json","2026-09-24T16:30:30Z","2026-09-24T16:30:30Z",200,""
4,"PROJ_180",344104,12237120,"co","2025-06-30T18:30:00Z","2025-07-31T18:29:59Z","completed",1,548,548,1,"data/raw/air_quality/openaq/historical/PROJ_180/co/PROJ_180_12237120_co_2025_07_p1_20260924T220033.json","2026-09-24T16:30:33Z","2026-09-24T16:30:33Z",200,""
4,"PROJ_181",344140,12237111,"co","2025-06-30T18:30:00Z","2025-07-31T18:29:59Z","completed",1,693,693,1,"data/raw/air_quality/openaq/historical/PROJ_181/co/PROJ_181_12237111_co_2025_07_p1_20260924T220036.json","2026-09-24T16:30:37Z","2026-09-24T16:30:37Z",200,""
4,"PROJ_181",344140,12237114,"o3","2025-06-30T18:30:00Z","2025-07-31T18:29:59Z","completed",1,693,693,1,"data/raw/air_quality/openaq/historical/PROJ_181/o3/PROJ_181_12237114_o3_2025_07_p1_20260924T220040.json","2026-09-24T16:30:41Z","2026-09-24T16:30:41Z",200,""
4,"PROJ_181",344140,12237113,"no2","2025-06-30T18:30:00Z","2025-07-31T18:29:59Z","completed",1,693,693,1,"data/raw/air_quality/openaq/historical/PROJ_181/no2/PROJ_181_12237113_no2_2025_07_p1_20260924T220045.json","2026-09-24T16:30:45Z","2026-09-24T16:30:45Z",200,""
4,"PROJ_181",344140,12237115,"pm10","2025-06-30T18:30:00Z","2025-07-31T18:29:59Z","completed",1,693,693,1,"data/raw/air_quality/openaq/historical/PROJ_181/pm10/PROJ_181_12237115_pm10_2025_07_p1_20260924T220050.json","2026-09-24T16:30:50Z","2026-09-24T16:30:50Z",200,""
4,"PROJ_181",344140,12237118,"so2","2025-06-30T18:30:00Z","2025-07-31T18:29:59Z","completed",1,693,693,1,"data/raw/air_quality/openaq/historical/PROJ_181/so2/PROJ_181_12237118_so2_2025_07_p1_20260924T220053.json","2026-09-24T16:30:54Z","2026-09-24T16:30:54Z",200,""
4,"PROJ_181",344140,12237116,"pm2_5","2025-06-30T18:30:00Z","2025-07-31T18:29:59Z","completed",1,693,693,1,"data/raw/air_quality/openaq/historical/PROJ_181/pm2_5/PROJ_181_12237116_pm2_5_2025_07_p1_20260924T220058.json","2026-09-24T16:30:58Z","2026-09-24T16:30:58Z",200,""
4,"PROJ_186",352465,12237091,"so2","2025-06-30T18:30:00Z","2025-07-31T18:29:59Z","completed",1,657,657,1,"data/raw/air_quality/openaq/historical/PROJ_186/so2/PROJ_186_12237091_so2_2025_07_p1_20260924T220103.json","2026-09-24T16:31:03Z","2026-09-24T16:31:03Z",200,""
4,"PROJ_186",352465,12237088,"pm10","2025-06-30T18:30:00Z","2025-07-31T18:29:59Z","completed",1,659,659,1,"data/raw/air_quality/openaq/historical/PROJ_186/pm10/PROJ_186_12237088_pm10_2025_07_p1_20260924T220106.json","2026-09-24T16:31:06Z","2026-09-24T16:31:06Z",200,""
4,"PROJ_186",352465,12237089,"pm2_5","2025-06-30T18:30:00Z","2025-07-31T18:29:59Z","completed",1,659,659,1,"data/raw/air_quality/openaq/historical/PROJ_186/pm2_5/PROJ_186_12237089_pm2_5_2025_07_p1_20260924T220110.json","2026-09-24T16:31:10Z","2026-09-24T16:31:10Z",200,""
4,"PROJ_186",352465,12237086,"no2","2025-06-30T18:30:00Z","2025-07-31T18:29:59Z","completed",1,657,657,1,"data/raw/air_quality/openaq/historical/PROJ_186/no2/PROJ_186_12237086_no2_2025_07_p1_20260924T220113.json","2026-09-24T16:31:13Z","2026-09-24T16:31:13Z",200,""
4,"PROJ_186",352465,12237087,"o3","2025-06-30T18:30:00Z","2025-07-31T18:29:59Z","completed",1,657,657,1,"data/raw/air_quality/openaq/historical/PROJ_186/o3/PROJ_186_12237087_o3_2025_07_p1_20260924T220118.json","2026-09-24T16:31:18Z","2026-09-24T16:31:18Z",200,""
4,"PROJ_186",352465,12237084,"co","2025-06-30T18:30:00Z","2025-07-31T18:29:59Z","completed",1,657,657,1,"data/raw/air_quality/openaq/historical/PROJ_186/co/PROJ_186_12237084_co_2025_07_p1_20260924T220121.json","2026-09-24T16:31:22Z","2026-09-24T16:31:22Z",200,""
4,"PROJ_094",6950,12235885,"o3","2025-06-30T18:30:00Z","2025-07-31T18:29:59Z","completed",1,735,735,1,"data/raw/air_quality/openaq/historical/PROJ_094/o3/PROJ_094_12235885_o3_2025_07_p1_20260924T220125.json","2026-09-24T16:31:26Z","2026-09-24T16:31:26Z",200,""
4,"PROJ_094",6950,12235889,"so2","2025-06-30T18:30:00Z","2025-07-31T18:29:59Z","completed",1,735,735,1,"data/raw/air_quality/openaq/historical/PROJ_094/so2/PROJ_094_12235889_so2_2025_07_p1_20260924T220130.json","2026-09-24T16:31:30Z","2026-09-24T16:31:30Z",200,""
4,"PROJ_094",6950,12235884,"no2","2025-06-30T18:30:00Z","2025-07-31T18:29:59Z","completed",1,735,735,1,"data/raw/air_quality/openaq/historical/PROJ_094/no2/PROJ_094_12235884_no2_2025_07_p1_20260924T220133.json","2026-09-24T16:31:34Z","2026-09-24T16:31:34Z",200,""
4,"PROJ_094",6950,12235886,"pm10","2025-06-30T18:30:00Z","2025-07-31T18:29:59Z","completed",1,735,735,1,"data/raw/air_quality/openaq/historical/PROJ_094/pm10/PROJ_094_12235886_pm10_2025_07_p1_20260924T220137.json","2026-09-24T16:31:37Z","2026-09-24T16:31:37Z",200,""
4,"PROJ_094",6950,12235882,"co","2025-06-30T18:30:00Z","2025-07-31T18:29:59Z","completed",1,735,735,1,"data/raw/air_quality/openaq/historical/PROJ_094/co/PROJ_094_12235882_co_2025_07_p1_20260924T220141.json","2026-09-24T16:31:42Z","2026-09-24T16:31:42Z",200,""
4,"PROJ_094",6950,12235887,"pm2_5","2025-06-30T18:30:00Z","2025-07-31T18:29:59Z","completed",1,735,735,1,"data/raw/air_quality/openaq/historical/PROJ_094/pm2_5/PROJ_094_12235887_pm2_5_2025_07_p1_20260924T220145.json","2026-09-24T16:31:45Z","2026-09-24T16:31:45Z",200,""
5,"PROJ_002",17,12234785,"o3","2025-07-31T18:30:00Z","2025-08-31T18:29:59Z","completed",1,689,689,1,"data/raw/air_quality/openaq/historical/PROJ_002/o3/PROJ_002_12234785_o3_2025_08_p1_20260924T220150.json","2026-09-24T16:31:50Z","2026-09-24T16:31:50Z",200,""
5,"PROJ_002",17,12234787,"pm2_5","2025-07-31T18:30:00Z","2025-08-31T18:29:59Z","completed",1,697,697,1,"data/raw/air_quality/openaq/historical/PROJ_002/pm2_5/PROJ_002_12234787_pm2_5_2025_08_p1_20260924T220155.json","2026-09-24T16:31:55Z","2026-09-24T16:31:55Z",200,""
5,"PROJ_002",17,12234784,"no2","2025-07-31T18:30:00Z","2025-08-31T18:29:59Z","completed",1,695,695,1,"data/raw/air_quality/openaq/historical/PROJ_002/no2/PROJ_002_12234784_no2_2025_08_p1_20260924T220159.json","2026-09-24T16:32:00Z","2026-09-24T16:32:00Z",200,""
5,"PROJ_002",17,12234786,"pm10","2025-07-31T18:30:00Z","2025-08-31T18:29:59Z","completed",1,695,695,1,"data/raw/air_quality/openaq/historical/PROJ_002/pm10/PROJ_002_12234786_pm10_2025_08_p1_20260924T220204.json","2026-09-24T16:32:04Z","2026-09-24T16:32:04Z",200,""
5,"PROJ_002",17,12234782,"co","2025-07-31T18:30:00Z","2025-08-31T18:29:59Z","completed",1,696,696,1,"data/raw/air_quality/openaq/historical/PROJ_002/co/PROJ_002_12234782_co_2025_08_p1_20260924T220209.json","2026-09-24T16:32:09Z","2026-09-24T16:32:09Z",200,""
5,"PROJ_002",17,12234789,"so2","2025-07-31T18:30:00Z","2025-08-31T18:29:59Z","completed",1,645,645,1,"data/raw/air_quality/openaq/historical/PROJ_002/so2/PROJ_002_12234789_so2_2025_08_p1_20260924T220212.json","2026-09-24T16:32:13Z","2026-09-24T16:32:13Z",200,""
5,"PROJ_007",407,12235585,"so2","2025-07-31T18:30:00Z","2025-08-31T18:29:59Z","completed",1,729,729,1,"data/raw/air_quality/openaq/historical/PROJ_007/so2/PROJ_007_12235585_so2_2025_08_p1_20260924T220216.json","2026-09-24T16:32:17Z","2026-09-24T16:32:17Z",200,""
5,"PROJ_007",407,12235581,"o3","2025-07-31T18:30:00Z","2025-08-31T18:29:59Z","completed",1,729,729,1,"data/raw/air_quality/openaq/historical/PROJ_007/o3/PROJ_007_12235581_o3_2025_08_p1_20260924T220221.json","2026-09-24T16:32:22Z","2026-09-24T16:32:22Z",200,""
5,"PROJ_007",407,12235578,"co","2025-07-31T18:30:00Z","2025-08-31T18:29:59Z","completed",1,729,729,1,"data/raw/air_quality/openaq/historical/PROJ_007/co/PROJ_007_12235578_co_2025_08_p1_20260924T220226.json","2026-09-24T16:32:27Z","2026-09-24T16:32:27Z",200,""
5,"PROJ_007",407,12235580,"no2","2025-07-31T18:30:00Z","2025-08-31T18:29:59Z","completed",1,729,729,1,"data/raw/air_quality/openaq/historical/PROJ_007/no2/PROJ_007_12235580_no2_2025_08_p1_20260924T220232.json","2026-09-24T16:32:32Z","2026-09-24T16:32:32Z",200,""
5,"PROJ_007",407,12235583,"pm2_5","2025-07-31T18:30:00Z","2025-08-31T18:29:59Z","completed",1,726,726,1,"data/raw/air_quality/openaq/historical/PROJ_007/pm2_5/PROJ_007_12235583_pm2_5_2025_08_p1_20260924T220235.json","2026-09-24T16:32:36Z","2026-09-24T16:32:36Z",200,""
5,"PROJ_007",407,12235582,"pm10","2025-07-31T18:30:00Z","2025-08-31T18:29:59Z","completed",1,726,726,1,"data/raw/air_quality/openaq/historical/PROJ_007/pm10/PROJ_007_12235582_pm10_2025_08_p1_20260924T220239.json","2026-09-24T16:32:39Z","2026-09-24T16:32:39Z",200,""
5,"PROJ_019",2586,12235655,"so2","2025-07-31T18:30:00Z","2025-08-31T18:29:59Z","completed",1,723,723,1,"data/raw/air_quality/openaq/historical/PROJ_019/so2/PROJ_019_12235655_so2_2025_08_p1_20260924T220243.json","2026-09-24T16:32:43Z","2026-09-24T16:32:43Z",200,""
5,"PROJ_019",2586,12235648,"co","2025-07-31T18:30:00Z","2025-08-31T18:29:59Z","completed",1,723,723,1,"data/raw/air_quality/openaq/historical/PROJ_019/co/PROJ_019_12235648_co_2025_08_p1_20260924T220246.json","2026-09-24T16:32:47Z","2026-09-24T16:32:47Z",200,""
5,"PROJ_019",2586,12235653,"pm2_5","2025-07-31T18:30:00Z","2025-08-31T18:29:59Z","completed",1,723,723,1,"data/raw/air_quality/openaq/historical/PROJ_019/pm2_5/PROJ_019_12235653_pm2_5_2025_08_p1_20260924T220250.json","2026-09-24T16:32:50Z","2026-09-24T16:32:50Z",200,""
5,"PROJ_019",2586,12235652,"pm10","2025-07-31T18:30:00Z","2025-08-31T18:29:59Z","completed",1,723,723,1,"data/raw/air_quality/openaq/historical/PROJ_019/pm10/PROJ_019_12235652_pm10_2025_08_p1_20260924T220255.json","2026-09-24T16:32:55Z","2026-09-24T16:32:55Z",200,""
5,"PROJ_019",2586,12235650,"no2","2025-07-31T18:30:00Z","2025-08-31T18:29:59Z","completed",1,723,723,1,"data/raw/air_quality/openaq/historical/PROJ_019/no2/PROJ_019_12235650_no2_2025_08_p1_20260924T220259.json","2026-09-24T16:32:59Z","2026-09-24T16:32:59Z",200,""
5,"PROJ_019",2586,12235651,"o3","2025-07-31T18:30:00Z","2025-08-31T18:29:59Z","completed",1,723,723,1,"data/raw/air_quality/openaq/historical/PROJ_019/o3/PROJ_019_12235651_o3_2025_08_p1_20260924T220302.json","2026-09-24T16:33:03Z","2026-09-24T16:33:03Z",200,""
5,"PROJ_036",5599,12235400,"pm2_5","2025-07-31T18:30:00Z","2025-08-31T18:29:59Z","completed",1,609,609,1,"data/raw/air_quality/openaq/historical/PROJ_036/pm2_5/PROJ_036_12235400_pm2_5_2025_08_p1_20260924T220306.json","2026-09-24T16:33:06Z","2026-09-24T16:33:06Z",200,""
5,"PROJ_036",5599,12235399,"pm10","2025-07-31T18:30:00Z","2025-08-31T18:29:59Z","completed",1,651,651,1,"data/raw/air_quality/openaq/historical/PROJ_036/pm10/PROJ_036_12235399_pm10_2025_08_p1_20260924T220310.json","2026-09-24T16:33:10Z","2026-09-24T16:33:10Z",200,""
5,"PROJ_036",5599,12235402,"so2","2025-07-31T18:30:00Z","2025-08-31T18:29:59Z","completed",1,665,665,1,"data/raw/air_quality/openaq/historical/PROJ_036/so2/PROJ_036_12235402_so2_2025_08_p1_20260924T220315.json","2026-09-24T16:33:15Z","2026-09-24T16:33:15Z",200,""
5,"PROJ_036",5599,12235398,"o3","2025-07-31T18:30:00Z","2025-08-31T18:29:59Z","completed",1,665,665,1,"data/raw/air_quality/openaq/historical/PROJ_036/o3/PROJ_036_12235398_o3_2025_08_p1_20260924T220319.json","2026-09-24T16:33:19Z","2026-09-24T16:33:19Z",200,""
5,"PROJ_036",5599,12235395,"co","2025-07-31T18:30:00Z","2025-08-31T18:29:59Z","completed",1,665,665,1,"data/raw/air_quality/openaq/historical/PROJ_036/co/PROJ_036_12235395_co_2025_08_p1_20260924T220323.json","2026-09-24T16:33:24Z","2026-09-24T16:33:24Z",200,""
5,"PROJ_036",5599,12235397,"no2","2025-07-31T18:30:00Z","2025-08-31T18:29:59Z","completed",1,665,665,1,"data/raw/air_quality/openaq/historical/PROJ_036/no2/PROJ_036_12235397_no2_2025_08_p1_20260924T220329.json","2026-09-24T16:33:29Z","2026-09-24T16:33:29Z",200,""
5,"PROJ_042",5621,12235625,"pm10","2025-07-31T18:30:00Z","2025-08-31T18:29:59Z","completed",1,727,727,1,"data/raw/air_quality/openaq/historical/PROJ_042/pm10/PROJ_042_12235625_pm10_2025_08_p1_20260924T220332.json","2026-09-24T16:33:33Z","2026-09-24T16:33:33Z",200,""
5,"PROJ_042",5621,12235623,"no2","2025-07-31T18:30:00Z","2025-08-31T18:29:59Z","completed",1,727,727,1,"data/raw/air_quality/openaq/historical/PROJ_042/no2/PROJ_042_12235623_no2_2025_08_p1_20260924T220337.json","2026-09-24T16:33:37Z","2026-09-24T16:33:37Z",200,""
5,"PROJ_042",5621,12235626,"pm2_5","2025-07-31T18:30:00Z","2025-08-31T18:29:59Z","completed",1,727,727,1,"data/raw/air_quality/openaq/historical/PROJ_042/pm2_5/PROJ_042_12235626_pm2_5_2025_08_p1_20260924T220342.json","2026-09-24T16:33:42Z","2026-09-24T16:33:42Z",200,""
5,"PROJ_042",5621,12235621,"co","2025-07-31T18:30:00Z","2025-08-31T18:29:59Z","completed",1,727,727,1,"data/raw/air_quality/openaq/historical/PROJ_042/co/PROJ_042_12235621_co_2025_08_p1_20260924T220345.json","2026-09-24T16:33:46Z","2026-09-24T16:33:46Z",200,""
5,"PROJ_042",5621,12235628,"so2","2025-07-31T18:30:00Z","2025-08-31T18:29:59Z","completed",1,727,727,1,"data/raw/air_quality/openaq/historical/PROJ_042/so2/PROJ_042_12235628_so2_2025_08_p1_20260924T220350.json","2026-09-24T16:33:51Z","2026-09-24T16:33:51Z",200,""
5,"PROJ_042",5621,12235624,"o3","2025-07-31T18:30:00Z","2025-08-31T18:29:59Z","completed",1,727,727,1,"data/raw/air_quality/openaq/historical/PROJ_042/o3/PROJ_042_12235624_o3_2025_08_p1_20260924T220354.json","2026-09-24T16:33:55Z","2026-09-24T16:33:55Z",200,""
5,"PROJ_044",5623,12242116,"co","2025-07-31T18:30:00Z","2025-08-31T18:29:59Z","completed",1,672,672,1,"data/raw/air_quality/openaq/historical/PROJ_044/co/PROJ_044_12242116_co_2025_08_p1_20260924T220359.json","2026-09-24T16:34:00Z","2026-09-24T16:34:00Z",200,""
5,"PROJ_044",5623,12242118,"no2","2025-07-31T18:30:00Z","2025-08-31T18:29:59Z","completed",1,672,672,1,"data/raw/air_quality/openaq/historical/PROJ_044/no2/PROJ_044_12242118_no2_2025_08_p1_20260924T220404.json","2026-09-24T16:34:05Z","2026-09-24T16:34:05Z",200,""
5,"PROJ_044",5623,12242119,"o3","2025-07-31T18:30:00Z","2025-08-31T18:29:59Z","completed",1,672,672,1,"data/raw/air_quality/openaq/historical/PROJ_044/o3/PROJ_044_12242119_o3_2025_08_p1_20260924T220408.json","2026-09-24T16:34:08Z","2026-09-24T16:34:08Z",200,""
5,"PROJ_044",5623,12242121,"pm2_5","2025-07-31T18:30:00Z","2025-08-31T18:29:59Z","completed",1,669,669,1,"data/raw/air_quality/openaq/historical/PROJ_044/pm2_5/PROJ_044_12242121_pm2_5_2025_08_p1_20260924T220411.json","2026-09-24T16:34:12Z","2026-09-24T16:34:12Z",200,""
5,"PROJ_044",5623,12242120,"pm10","2025-07-31T18:30:00Z","2025-08-31T18:29:59Z","completed",1,554,554,1,"data/raw/air_quality/openaq/historical/PROJ_044/pm10/PROJ_044_12242120_pm10_2025_08_p1_20260924T220415.json","2026-09-24T16:34:15Z","2026-09-24T16:34:15Z",200,""
5,"PROJ_044",5623,12242123,"so2","2025-07-31T18:30:00Z","2025-08-31T18:29:59Z","completed",1,672,672,1,"data/raw/air_quality/openaq/historical/PROJ_044/so2/PROJ_044_12242123_so2_2025_08_p1_20260924T220419.json","2026-09-24T16:34:20Z","2026-09-24T16:34:20Z",200,""
5,"PROJ_048",5628,12235460,"pm2_5","2025-07-31T18:30:00Z","2025-08-31T18:29:59Z","completed",1,729,729,1,"data/raw/air_quality/openaq/historical/PROJ_048/pm2_5/PROJ_048_12235460_pm2_5_2025_08_p1_20260924T220425.json","2026-09-24T16:34:25Z","2026-09-24T16:34:25Z",200,""
5,"PROJ_048",5628,12235458,"o3","2025-07-31T18:30:00Z","2025-08-31T18:29:59Z","completed",1,725,725,1,"data/raw/air_quality/openaq/historical/PROJ_048/o3/PROJ_048_12235458_o3_2025_08_p1_20260924T220429.json","2026-09-24T16:34:29Z","2026-09-24T16:34:29Z",200,""
5,"PROJ_048",5628,12235455,"co","2025-07-31T18:30:00Z","2025-08-31T18:29:59Z","completed",1,726,726,1,"data/raw/air_quality/openaq/historical/PROJ_048/co/PROJ_048_12235455_co_2025_08_p1_20260924T220433.json","2026-09-24T16:34:34Z","2026-09-24T16:34:34Z",200,""
5,"PROJ_048",5628,12235459,"pm10","2025-07-31T18:30:00Z","2025-08-31T18:29:59Z","completed",1,729,729,1,"data/raw/air_quality/openaq/historical/PROJ_048/pm10/PROJ_048_12235459_pm10_2025_08_p1_20260924T220439.json","2026-09-24T16:34:39Z","2026-09-24T16:34:39Z",200,""
5,"PROJ_048",5628,12235462,"so2","2025-07-31T18:30:00Z","2025-08-31T18:29:59Z","completed",1,724,724,1,"data/raw/air_quality/openaq/historical/PROJ_048/so2/PROJ_048_12235462_so2_2025_08_p1_20260924T220442.json","2026-09-24T16:34:42Z","2026-09-24T16:34:42Z",200,""
5,"PROJ_048",5628,12235457,"no2","2025-07-31T18:30:00Z","2025-08-31T18:29:59Z","completed",1,729,729,1,"data/raw/air_quality/openaq/historical/PROJ_048/no2/PROJ_048_12235457_no2_2025_08_p1_20260924T220447.json","2026-09-24T16:34:47Z","2026-09-24T16:34:47Z",200,""
5,"PROJ_050",5631,12235666,"co","2025-07-31T18:30:00Z","2025-08-31T18:29:59Z","completed",1,702,702,1,"data/raw/air_quality/openaq/historical/PROJ_050/co/PROJ_050_12235666_co_2025_08_p1_20260924T220451.json","2026-09-24T16:34:51Z","2026-09-24T16:34:51Z",200,""
5,"PROJ_050",5631,12235668,"no2","2025-07-31T18:30:00Z","2025-08-31T18:29:59Z","completed",1,702,702,1,"data/raw/air_quality/openaq/historical/PROJ_050/no2/PROJ_050_12235668_no2_2025_08_p1_20260924T220455.json","2026-09-24T16:34:56Z","2026-09-24T16:34:56Z",200,""
5,"PROJ_050",5631,12235670,"pm10","2025-07-31T18:30:00Z","2025-08-31T18:29:59Z","completed",1,702,702,1,"data/raw/air_quality/openaq/historical/PROJ_050/pm10/PROJ_050_12235670_pm10_2025_08_p1_20260924T220501.json","2026-09-24T16:35:02Z","2026-09-24T16:35:02Z",200,""
5,"PROJ_050",5631,12235673,"so2","2025-07-31T18:30:00Z","2025-08-31T18:29:59Z","completed",1,701,701,1,"data/raw/air_quality/openaq/historical/PROJ_050/so2/PROJ_050_12235673_so2_2025_08_p1_20260924T220506.json","2026-09-24T16:35:07Z","2026-09-24T16:35:07Z",200,""
5,"PROJ_050",5631,12235671,"pm2_5","2025-07-31T18:30:00Z","2025-08-31T18:29:59Z","completed",1,702,702,1,"data/raw/air_quality/openaq/historical/PROJ_050/pm2_5/PROJ_050_12235671_pm2_5_2025_08_p1_20260924T220511.json","2026-09-24T16:35:12Z","2026-09-24T16:35:12Z",200,""
5,"PROJ_050",5631,12235669,"o3","2025-07-31T18:30:00Z","2025-08-31T18:29:59Z","completed",1,701,701,1,"data/raw/air_quality/openaq/historical/PROJ_050/o3/PROJ_050_12235669_o3_2025_08_p1_20260924T220515.json","2026-09-24T16:35:15Z","2026-09-24T16:35:15Z",200,""
5,"PROJ_051",5633,12234804,"pm10","2025-07-31T18:30:00Z","2025-08-31T18:29:59Z","completed",1,731,731,1,"data/raw/air_quality/openaq/historical/PROJ_051/pm10/PROJ_051_12234804_pm10_2025_08_p1_20260924T220520.json","2026-09-24T16:35:21Z","2026-09-24T16:35:21Z",200,""
5,"PROJ_051",5633,12234807,"so2","2025-07-31T18:30:00Z","2025-08-31T18:29:59Z","completed",1,731,731,1,"data/raw/air_quality/openaq/historical/PROJ_051/so2/PROJ_051_12234807_so2_2025_08_p1_20260924T220524.json","2026-09-24T16:35:25Z","2026-09-24T16:35:25Z",200,""
5,"PROJ_051",5633,12234805,"pm2_5","2025-07-31T18:30:00Z","2025-08-31T18:29:59Z","completed",1,731,731,1,"data/raw/air_quality/openaq/historical/PROJ_051/pm2_5/PROJ_051_12234805_pm2_5_2025_08_p1_20260924T220528.json","2026-09-24T16:35:28Z","2026-09-24T16:35:28Z",200,""
5,"PROJ_051",5633,12234800,"co","2025-07-31T18:30:00Z","2025-08-31T18:29:59Z","completed",1,731,731,1,"data/raw/air_quality/openaq/historical/PROJ_051/co/PROJ_051_12234800_co_2025_08_p1_20260924T220531.json","2026-09-24T16:35:32Z","2026-09-24T16:35:32Z",200,""
5,"PROJ_051",5633,12234803,"o3","2025-07-31T18:30:00Z","2025-08-31T18:29:59Z","completed",1,731,731,1,"data/raw/air_quality/openaq/historical/PROJ_051/o3/PROJ_051_12234803_o3_2025_08_p1_20260924T220535.json","2026-09-24T16:35:35Z","2026-09-24T16:35:35Z",200,""
5,"PROJ_051",5633,12234802,"no2","2025-07-31T18:30:00Z","2025-08-31T18:29:59Z","completed",1,731,731,1,"data/raw/air_quality/openaq/historical/PROJ_051/no2/PROJ_051_12234802_no2_2025_08_p1_20260924T220539.json","2026-09-24T16:35:39Z","2026-09-24T16:35:39Z",200,""
5,"PROJ_063",5659,12235521,"pm10","2025-07-31T18:30:00Z","2025-08-31T18:29:59Z","completed",1,662,662,1,"data/raw/air_quality/openaq/historical/PROJ_063/pm10/PROJ_063_12235521_pm10_2025_08_p1_20260924T220542.json","2026-09-24T16:35:43Z","2026-09-24T16:35:43Z",200,""
5,"PROJ_063",5659,12235520,"o3","2025-07-31T18:30:00Z","2025-08-31T18:29:59Z","completed",1,662,662,1,"data/raw/air_quality/openaq/historical/PROJ_063/o3/PROJ_063_12235520_o3_2025_08_p1_20260924T220546.json","2026-09-24T16:35:47Z","2026-09-24T16:35:47Z",200,""
5,"PROJ_063",5659,12235517,"co","2025-07-31T18:30:00Z","2025-08-31T18:29:59Z","completed",1,662,662,1,"data/raw/air_quality/openaq/historical/PROJ_063/co/PROJ_063_12235517_co_2025_08_p1_20260924T220551.json","2026-09-24T16:35:51Z","2026-09-24T16:35:51Z",200,""
5,"PROJ_063",5659,12235524,"so2","2025-07-31T18:30:00Z","2025-08-31T18:29:59Z","completed",1,662,662,1,"data/raw/air_quality/openaq/historical/PROJ_063/so2/PROJ_063_12235524_so2_2025_08_p1_20260924T220556.json","2026-09-24T16:35:56Z","2026-09-24T16:35:56Z",200,""
5,"PROJ_063",5659,12235519,"no2","2025-07-31T18:30:00Z","2025-08-31T18:29:59Z","completed",1,662,662,1,"data/raw/air_quality/openaq/historical/PROJ_063/no2/PROJ_063_12235519_no2_2025_08_p1_20260924T220600.json","2026-09-24T16:36:01Z","2026-09-24T16:36:01Z",200,""
5,"PROJ_063",5659,12235522,"pm2_5","2025-07-31T18:30:00Z","2025-08-31T18:29:59Z","completed",1,662,662,1,"data/raw/air_quality/openaq/historical/PROJ_063/pm2_5/PROJ_063_12235522_pm2_5_2025_08_p1_20260924T220604.json","2026-09-24T16:36:04Z","2026-09-24T16:36:04Z",200,""
5,"PROJ_092",6945,12289836,"so2","2025-07-31T18:30:00Z","2025-08-31T18:29:59Z","completed",1,697,697,1,"data/raw/air_quality/openaq/historical/PROJ_092/so2/PROJ_092_12289836_so2_2025_08_p1_20260924T220608.json","2026-09-24T16:36:08Z","2026-09-24T16:36:08Z",200,""
5,"PROJ_092",6945,12235834,"pm2_5","2025-07-31T18:30:00Z","2025-08-31T18:29:59Z","completed",1,707,707,1,"data/raw/air_quality/openaq/historical/PROJ_092/pm2_5/PROJ_092_12235834_pm2_5_2025_08_p1_20260924T220613.json","2026-09-24T16:36:13Z","2026-09-24T16:36:13Z",200,""
5,"PROJ_092",6945,12235829,"co","2025-07-31T18:30:00Z","2025-08-31T18:29:59Z","completed",1,697,697,1,"data/raw/air_quality/openaq/historical/PROJ_092/co/PROJ_092_12235829_co_2025_08_p1_20260924T220616.json","2026-09-24T16:36:17Z","2026-09-24T16:36:17Z",200,""
5,"PROJ_092",6945,12235833,"pm10","2025-07-31T18:30:00Z","2025-08-31T18:29:59Z","completed",1,698,698,1,"data/raw/air_quality/openaq/historical/PROJ_092/pm10/PROJ_092_12235833_pm10_2025_08_p1_20260924T220620.json","2026-09-24T16:36:21Z","2026-09-24T16:36:21Z",200,""
5,"PROJ_092",6945,12235831,"no2","2025-07-31T18:30:00Z","2025-08-31T18:29:59Z","completed",1,707,707,1,"data/raw/air_quality/openaq/historical/PROJ_092/no2/PROJ_092_12235831_no2_2025_08_p1_20260924T220625.json","2026-09-24T16:36:26Z","2026-09-24T16:36:26Z",200,""
5,"PROJ_092",6945,12235832,"o3","2025-07-31T18:30:00Z","2025-08-31T18:29:59Z","completed",1,697,697,1,"data/raw/air_quality/openaq/historical/PROJ_092/o3/PROJ_092_12235832_o3_2025_08_p1_20260924T220630.json","2026-09-24T16:36:31Z","2026-09-24T16:36:31Z",200,""
5,"PROJ_101",6973,12235269,"so2","2025-07-31T18:30:00Z","2025-08-31T18:29:59Z","completed",1,509,509,1,"data/raw/air_quality/openaq/historical/PROJ_101/so2/PROJ_101_12235269_so2_2025_08_p1_20260924T220634.json","2026-09-24T16:36:34Z","2026-09-24T16:36:34Z",200,""
5,"PROJ_101",6973,12235264,"no2","2025-07-31T18:30:00Z","2025-08-31T18:29:59Z","completed",1,497,497,1,"data/raw/air_quality/openaq/historical/PROJ_101/no2/PROJ_101_12235264_no2_2025_08_p1_20260924T220638.json","2026-09-24T16:36:38Z","2026-09-24T16:36:38Z",200,""
5,"PROJ_101",6973,12235266,"pm10","2025-07-31T18:30:00Z","2025-08-31T18:29:59Z","completed",1,541,541,1,"data/raw/air_quality/openaq/historical/PROJ_101/pm10/PROJ_101_12235266_pm10_2025_08_p1_20260924T220641.json","2026-09-24T16:36:42Z","2026-09-24T16:36:42Z",200,""
5,"PROJ_101",6973,12235267,"pm2_5","2025-07-31T18:30:00Z","2025-08-31T18:29:59Z","completed",1,531,531,1,"data/raw/air_quality/openaq/historical/PROJ_101/pm2_5/PROJ_101_12235267_pm2_5_2025_08_p1_20260924T220645.json","2026-09-24T16:36:45Z","2026-09-24T16:36:45Z",200,""
5,"PROJ_101",6973,12235265,"o3","2025-07-31T18:30:00Z","2025-08-31T18:29:59Z","completed",1,545,545,1,"data/raw/air_quality/openaq/historical/PROJ_101/o3/PROJ_101_12235265_o3_2025_08_p1_20260924T220648.json","2026-09-24T16:36:49Z","2026-09-24T16:36:49Z",200,""
5,"PROJ_101",6973,12235262,"co","2025-07-31T18:30:00Z","2025-08-31T18:29:59Z","completed",1,474,474,1,"data/raw/air_quality/openaq/historical/PROJ_101/co/PROJ_101_12235262_co_2025_08_p1_20260924T220651.json","2026-09-24T16:36:52Z","2026-09-24T16:36:52Z",200,""
5,"PROJ_133",10599,12236100,"o3","2025-07-31T18:30:00Z","2025-08-31T18:29:59Z","completed",1,711,711,1,"data/raw/air_quality/openaq/historical/PROJ_133/o3/PROJ_133_12236100_o3_2025_08_p1_20260924T220655.json","2026-09-24T16:36:56Z","2026-09-24T16:36:56Z",200,""
5,"PROJ_133",10599,12236101,"pm10","2025-07-31T18:30:00Z","2025-08-31T18:29:59Z","completed",1,711,711,1,"data/raw/air_quality/openaq/historical/PROJ_133/pm10/PROJ_133_12236101_pm10_2025_08_p1_20260924T220659.json","2026-09-24T16:37:00Z","2026-09-24T16:37:00Z",200,""
5,"PROJ_133",10599,12236097,"co","2025-07-31T18:30:00Z","2025-08-31T18:29:59Z","completed",1,711,711,1,"data/raw/air_quality/openaq/historical/PROJ_133/co/PROJ_133_12236097_co_2025_08_p1_20260924T220703.json","2026-09-24T16:37:03Z","2026-09-24T16:37:03Z",200,""
5,"PROJ_133",10599,12236104,"so2","2025-07-31T18:30:00Z","2025-08-31T18:29:59Z","completed",1,711,711,1,"data/raw/air_quality/openaq/historical/PROJ_133/so2/PROJ_133_12236104_so2_2025_08_p1_20260924T220707.json","2026-09-24T16:37:07Z","2026-09-24T16:37:07Z",200,""
5,"PROJ_133",10599,12236102,"pm2_5","2025-07-31T18:30:00Z","2025-08-31T18:29:59Z","completed",1,710,710,1,"data/raw/air_quality/openaq/historical/PROJ_133/pm2_5/PROJ_133_12236102_pm2_5_2025_08_p1_20260924T220710.json","2026-09-24T16:37:11Z","2026-09-24T16:37:11Z",200,""
5,"PROJ_133",10599,12236099,"no2","2025-07-31T18:30:00Z","2025-08-31T18:29:59Z","completed",1,711,711,1,"data/raw/air_quality/openaq/historical/PROJ_133/no2/PROJ_133_12236099_no2_2025_08_p1_20260924T220715.json","2026-09-24T16:37:16Z","2026-09-24T16:37:16Z",200,""
5,"PROJ_142",10903,12235758,"no2","2025-07-31T18:30:00Z","2025-08-31T18:29:59Z","completed",1,433,433,1,"data/raw/air_quality/openaq/historical/PROJ_142/no2/PROJ_142_12235758_no2_2025_08_p1_20260924T220719.json","2026-09-24T16:37:19Z","2026-09-24T16:37:19Z",200,""
5,"PROJ_142",10903,12235763,"so2","2025-07-31T18:30:00Z","2025-08-31T18:29:59Z","completed",1,433,433,1,"data/raw/air_quality/openaq/historical/PROJ_142/so2/PROJ_142_12235763_so2_2025_08_p1_20260924T220722.json","2026-09-24T16:37:23Z","2026-09-24T16:37:23Z",200,""
5,"PROJ_142",10903,12235756,"co","2025-07-31T18:30:00Z","2025-08-31T18:29:59Z","completed",1,433,433,1,"data/raw/air_quality/openaq/historical/PROJ_142/co/PROJ_142_12235756_co_2025_08_p1_20260924T220727.json","2026-09-24T16:37:27Z","2026-09-24T16:37:27Z",200,""
5,"PROJ_142",10903,12235760,"pm10","2025-07-31T18:30:00Z","2025-08-31T18:29:59Z","completed",1,433,433,1,"data/raw/air_quality/openaq/historical/PROJ_142/pm10/PROJ_142_12235760_pm10_2025_08_p1_20260924T220731.json","2026-09-24T16:37:32Z","2026-09-24T16:37:32Z",200,""
5,"PROJ_142",10903,12235759,"o3","2025-07-31T18:30:00Z","2025-08-31T18:29:59Z","completed",1,433,433,1,"data/raw/air_quality/openaq/historical/PROJ_142/o3/PROJ_142_12235759_o3_2025_08_p1_20260924T220736.json","2026-09-24T16:37:36Z","2026-09-24T16:37:36Z",200,""
5,"PROJ_142",10903,12235761,"pm2_5","2025-07-31T18:30:00Z","2025-08-31T18:29:59Z","completed",1,433,433,1,"data/raw/air_quality/openaq/historical/PROJ_142/pm2_5/PROJ_142_12235761_pm2_5_2025_08_p1_20260924T220740.json","2026-09-24T16:37:40Z","2026-09-24T16:37:40Z",200,""
5,"PROJ_144",10913,12236019,"o3","2025-07-31T18:30:00Z","2025-08-31T18:29:59Z","completed",1,709,709,1,"data/raw/air_quality/openaq/historical/PROJ_144/o3/PROJ_144_12236019_o3_2025_08_p1_20260924T220745.json","2026-09-24T16:37:45Z","2026-09-24T16:37:45Z",200,""
5,"PROJ_144",10913,12236023,"so2","2025-07-31T18:30:00Z","2025-08-31T18:29:59Z","completed",1,705,705,1,"data/raw/air_quality/openaq/historical/PROJ_144/so2/PROJ_144_12236023_so2_2025_08_p1_20260924T220749.json","2026-09-24T16:37:49Z","2026-09-24T16:37:49Z",200,""
5,"PROJ_144",10913,12236021,"pm2_5","2025-07-31T18:30:00Z","2025-08-31T18:29:59Z","completed",1,716,716,1,"data/raw/air_quality/openaq/historical/PROJ_144/pm2_5/PROJ_144_12236021_pm2_5_2025_08_p1_20260924T220752.json","2026-09-24T16:37:52Z","2026-09-24T16:37:52Z",200,""
5,"PROJ_144",10913,12236020,"pm10","2025-07-31T18:30:00Z","2025-08-31T18:29:59Z","completed",1,714,714,1,"data/raw/air_quality/openaq/historical/PROJ_144/pm10/PROJ_144_12236020_pm10_2025_08_p1_20260924T220755.json","2026-09-24T16:37:56Z","2026-09-24T16:37:56Z",200,""
5,"PROJ_144",10913,12236016,"co","2025-07-31T18:30:00Z","2025-08-31T18:29:59Z","completed",1,707,707,1,"data/raw/air_quality/openaq/historical/PROJ_144/co/PROJ_144_12236016_co_2025_08_p1_20260924T220801.json","2026-09-24T16:38:01Z","2026-09-24T16:38:01Z",200,""
5,"PROJ_144",10913,12236018,"no2","2025-07-31T18:30:00Z","2025-08-31T18:29:59Z","completed",1,712,712,1,"data/raw/air_quality/openaq/historical/PROJ_144/no2/PROJ_144_12236018_no2_2025_08_p1_20260924T220805.json","2026-09-24T16:38:06Z","2026-09-24T16:38:06Z",200,""
5,"PROJ_158",11613,12236463,"pm2_5","2025-07-31T18:30:00Z","2025-08-31T18:29:59Z","completed",1,223,223,1,"data/raw/air_quality/openaq/historical/PROJ_158/pm2_5/PROJ_158_12236463_pm2_5_2025_08_p1_20260924T220809.json","2026-09-24T16:38:09Z","2026-09-24T16:38:09Z",200,""
5,"PROJ_158",11613,12236458,"co","2025-07-31T18:30:00Z","2025-08-31T18:29:59Z","completed",1,223,223,1,"data/raw/air_quality/openaq/historical/PROJ_158/co/PROJ_158_12236458_co_2025_08_p1_20260924T220812.json","2026-09-24T16:38:12Z","2026-09-24T16:38:12Z",200,""
5,"PROJ_158",11613,12236460,"no2","2025-07-31T18:30:00Z","2025-08-31T18:29:59Z","completed",1,223,223,1,"data/raw/air_quality/openaq/historical/PROJ_158/no2/PROJ_158_12236460_no2_2025_08_p1_20260924T220816.json","2026-09-24T16:38:17Z","2026-09-24T16:38:17Z",200,""
5,"PROJ_158",11613,12236461,"o3","2025-07-31T18:30:00Z","2025-08-31T18:29:59Z","completed",1,223,223,1,"data/raw/air_quality/openaq/historical/PROJ_158/o3/PROJ_158_12236461_o3_2025_08_p1_20260924T220819.json","2026-09-24T16:38:20Z","2026-09-24T16:38:20Z",200,""
5,"PROJ_158",11613,12236465,"so2","2025-07-31T18:30:00Z","2025-08-31T18:29:59Z","completed",1,223,223,1,"data/raw/air_quality/openaq/historical/PROJ_158/so2/PROJ_158_12236465_so2_2025_08_p1_20260924T220823.json","2026-09-24T16:38:24Z","2026-09-24T16:38:24Z",200,""
5,"PROJ_158",11613,12236462,"pm10","2025-07-31T18:30:00Z","2025-08-31T18:29:59Z","completed",1,223,223,1,"data/raw/air_quality/openaq/historical/PROJ_158/pm10/PROJ_158_12236462_pm10_2025_08_p1_20260924T220827.json","2026-09-24T16:38:28Z","2026-09-24T16:38:28Z",200,""
5,"PROJ_179",344103,12237100,"so2","2025-07-31T18:30:00Z","2025-08-31T18:29:59Z","completed",1,662,662,1,"data/raw/air_quality/openaq/historical/PROJ_179/so2/PROJ_179_12237100_so2_2025_08_p1_20260924T220832.json","2026-09-24T16:38:33Z","2026-09-24T16:38:33Z",200,""
5,"PROJ_179",344103,12237093,"co","2025-07-31T18:30:00Z","2025-08-31T18:29:59Z","completed",1,662,662,1,"data/raw/air_quality/openaq/historical/PROJ_179/co/PROJ_179_12237093_co_2025_08_p1_20260924T220836.json","2026-09-24T16:38:36Z","2026-09-24T16:38:36Z",200,""
5,"PROJ_179",344103,12237096,"o3","2025-07-31T18:30:00Z","2025-08-31T18:29:59Z","completed",1,662,662,1,"data/raw/air_quality/openaq/historical/PROJ_179/o3/PROJ_179_12237096_o3_2025_08_p1_20260924T220840.json","2026-09-24T16:38:41Z","2026-09-24T16:38:41Z",200,""
5,"PROJ_179",344103,12237097,"pm10","2025-07-31T18:30:00Z","2025-08-31T18:29:59Z","completed",1,662,662,1,"data/raw/air_quality/openaq/historical/PROJ_179/pm10/PROJ_179_12237097_pm10_2025_08_p1_20260924T220846.json","2026-09-24T16:38:46Z","2026-09-24T16:38:46Z",200,""
5,"PROJ_179",344103,12237098,"pm2_5","2025-07-31T18:30:00Z","2025-08-31T18:29:59Z","completed",1,662,662,1,"data/raw/air_quality/openaq/historical/PROJ_179/pm2_5/PROJ_179_12237098_pm2_5_2025_08_p1_20260924T220851.json","2026-09-24T16:38:51Z","2026-09-24T16:38:51Z",200,""
5,"PROJ_179",344103,12237095,"no2","2025-07-31T18:30:00Z","2025-08-31T18:29:59Z","completed",1,662,662,1,"data/raw/air_quality/openaq/historical/PROJ_179/no2/PROJ_179_12237095_no2_2025_08_p1_20260924T220855.json","2026-09-24T16:38:56Z","2026-09-24T16:38:56Z",200,""
5,"PROJ_180",344104,12237125,"pm2_5","2025-07-31T18:30:00Z","2025-08-31T18:29:59Z","completed",1,562,562,1,"data/raw/air_quality/openaq/historical/PROJ_180/pm2_5/PROJ_180_12237125_pm2_5_2025_08_p1_20260924T220900.json","2026-09-24T16:39:01Z","2026-09-24T16:39:01Z",200,""
5,"PROJ_180",344104,12237122,"no2","2025-07-31T18:30:00Z","2025-08-31T18:29:59Z","completed",1,562,562,1,"data/raw/air_quality/openaq/historical/PROJ_180/no2/PROJ_180_12237122_no2_2025_08_p1_20260924T220906.json","2026-09-24T16:39:06Z","2026-09-24T16:39:06Z",200,""
5,"PROJ_180",344104,12237124,"pm10","2025-07-31T18:30:00Z","2025-08-31T18:29:59Z","completed",1,562,562,1,"data/raw/air_quality/openaq/historical/PROJ_180/pm10/PROJ_180_12237124_pm10_2025_08_p1_20260924T220910.json","2026-09-24T16:39:11Z","2026-09-24T16:39:11Z",200,""
5,"PROJ_180",344104,12237127,"so2","2025-07-31T18:30:00Z","2025-08-31T18:29:59Z","completed",1,562,562,1,"data/raw/air_quality/openaq/historical/PROJ_180/so2/PROJ_180_12237127_so2_2025_08_p1_20260924T220915.json","2026-09-24T16:39:15Z","2026-09-24T16:39:15Z",200,""
5,"PROJ_180",344104,12237123,"o3","2025-07-31T18:30:00Z","2025-08-31T18:29:59Z","completed",1,562,562,1,"data/raw/air_quality/openaq/historical/PROJ_180/o3/PROJ_180_12237123_o3_2025_08_p1_20260924T220920.json","2026-09-24T16:39:20Z","2026-09-24T16:39:20Z",200,""
5,"PROJ_180",344104,12237120,"co","2025-07-31T18:30:00Z","2025-08-31T18:29:59Z","completed",1,562,562,1,"data/raw/air_quality/openaq/historical/PROJ_180/co/PROJ_180_12237120_co_2025_08_p1_20260924T220924.json","2026-09-24T16:39:25Z","2026-09-24T16:39:25Z",200,""
5,"PROJ_181",344140,12237111,"co","2025-07-31T18:30:00Z","2025-08-31T18:29:59Z","completed",1,603,603,1,"data/raw/air_quality/openaq/historical/PROJ_181/co/PROJ_181_12237111_co_2025_08_p1_20260924T220928.json","2026-09-24T16:39:28Z","2026-09-24T16:39:28Z",200,""
5,"PROJ_181",344140,12237114,"o3","2025-07-31T18:30:00Z","2025-08-31T18:29:59Z","completed",1,603,603,1,"data/raw/air_quality/openaq/historical/PROJ_181/o3/PROJ_181_12237114_o3_2025_08_p1_20260924T220931.json","2026-09-24T16:39:32Z","2026-09-24T16:39:32Z",200,""
5,"PROJ_181",344140,12237113,"no2","2025-07-31T18:30:00Z","2025-08-31T18:29:59Z","completed",1,603,603,1,"data/raw/air_quality/openaq/historical/PROJ_181/no2/PROJ_181_12237113_no2_2025_08_p1_20260924T220936.json","2026-09-24T16:39:36Z","2026-09-24T16:39:36Z",200,""
5,"PROJ_181",344140,12237115,"pm10","2025-07-31T18:30:00Z","2025-08-31T18:29:59Z","completed",1,603,603,1,"data/raw/air_quality/openaq/historical/PROJ_181/pm10/PROJ_181_12237115_pm10_2025_08_p1_20260924T220940.json","2026-09-24T16:39:40Z","2026-09-24T16:39:40Z",200,""
5,"PROJ_181",344140,12237118,"so2","2025-07-31T18:30:00Z","2025-08-31T18:29:59Z","completed",1,603,603,1,"data/raw/air_quality/openaq/historical/PROJ_181/so2/PROJ_181_12237118_so2_2025_08_p1_20260924T220943.json","2026-09-24T16:39:43Z","2026-09-24T16:39:43Z",200,""
5,"PROJ_181",344140,12237116,"pm2_5","2025-07-31T18:30:00Z","2025-08-31T18:29:59Z","completed",1,603,603,1,"data/raw/air_quality/openaq/historical/PROJ_181/pm2_5/PROJ_181_12237116_pm2_5_2025_08_p1_20260924T220947.json","2026-09-24T16:39:48Z","2026-09-24T16:39:48Z",200,""
5,"PROJ_186",352465,12237091,"so2","2025-07-31T18:30:00Z","2025-08-31T18:29:59Z","completed",1,597,597,1,"data/raw/air_quality/openaq/historical/PROJ_186/so2/PROJ_186_12237091_so2_2025_08_p1_20260924T220952.json","2026-09-24T16:39:52Z","2026-09-24T16:39:52Z",200,""
5,"PROJ_186",352465,12237088,"pm10","2025-07-31T18:30:00Z","2025-08-31T18:29:59Z","completed",1,598,598,1,"data/raw/air_quality/openaq/historical/PROJ_186/pm10/PROJ_186_12237088_pm10_2025_08_p1_20260924T220957.json","2026-09-24T16:39:57Z","2026-09-24T16:39:57Z",200,""
5,"PROJ_186",352465,12237089,"pm2_5","2025-07-31T18:30:00Z","2025-08-31T18:29:59Z","completed",1,598,598,1,"data/raw/air_quality/openaq/historical/PROJ_186/pm2_5/PROJ_186_12237089_pm2_5_2025_08_p1_20260924T221000.json","2026-09-24T16:40:00Z","2026-09-24T16:40:00Z",200,""
5,"PROJ_186",352465,12237086,"no2","2025-07-31T18:30:00Z","2025-08-31T18:29:59Z","completed",1,597,597,1,"data/raw/air_quality/openaq/historical/PROJ_186/no2/PROJ_186_12237086_no2_2025_08_p1_20260924T221003.json","2026-09-24T16:40:04Z","2026-09-24T16:40:04Z",200,""
5,"PROJ_186",352465,12237087,"o3","2025-07-31T18:30:00Z","2025-08-31T18:29:59Z","completed",1,597,597,1,"data/raw/air_quality/openaq/historical/PROJ_186/o3/PROJ_186_12237087_o3_2025_08_p1_20260924T221007.json","2026-09-24T16:40:07Z","2026-09-24T16:40:07Z",200,""
5,"PROJ_186",352465,12237084,"co","2025-07-31T18:30:00Z","2025-08-31T18:29:59Z","completed",1,597,597,1,"data/raw/air_quality/openaq/historical/PROJ_186/co/PROJ_186_12237084_co_2025_08_p1_20260924T221011.json","2026-09-24T16:40:12Z","2026-09-24T16:40:12Z",200,""
5,"PROJ_094",6950,12235885,"o3","2025-07-31T18:30:00Z","2025-08-31T18:29:59Z","completed",1,714,714,1,"data/raw/air_quality/openaq/historical/PROJ_094/o3/PROJ_094_12235885_o3_2025_08_p1_20260924T221015.json","2026-09-24T16:40:15Z","2026-09-24T16:40:15Z",200,""
5,"PROJ_094",6950,12235889,"so2","2025-07-31T18:30:00Z","2025-08-31T18:29:59Z","completed",1,714,714,1,"data/raw/air_quality/openaq/historical/PROJ_094/so2/PROJ_094_12235889_so2_2025_08_p1_20260924T221018.json","2026-09-24T16:40:19Z","2026-09-24T16:40:19Z",200,""
5,"PROJ_094",6950,12235884,"no2","2025-07-31T18:30:00Z","2025-08-31T18:29:59Z","completed",1,713,713,1,"data/raw/air_quality/openaq/historical/PROJ_094/no2/PROJ_094_12235884_no2_2025_08_p1_20260924T221023.json","2026-09-24T16:40:24Z","2026-09-24T16:40:24Z",200,""
5,"PROJ_094",6950,12235886,"pm10","2025-07-31T18:30:00Z","2025-08-31T18:29:59Z","completed",1,714,714,1,"data/raw/air_quality/openaq/historical/PROJ_094/pm10/PROJ_094_12235886_pm10_2025_08_p1_20260924T221028.json","2026-09-24T16:40:29Z","2026-09-24T16:40:29Z",200,""
5,"PROJ_094",6950,12235882,"co","2025-07-31T18:30:00Z","2025-08-31T18:29:59Z","completed",1,714,714,1,"data/raw/air_quality/openaq/historical/PROJ_094/co/PROJ_094_12235882_co_2025_08_p1_20260924T221033.json","2026-09-24T16:40:33Z","2026-09-24T16:40:33Z",200,""
5,"PROJ_094",6950,12235887,"pm2_5","2025-07-31T18:30:00Z","2025-08-31T18:29:59Z","completed",1,714,714,1,"data/raw/air_quality/openaq/historical/PROJ_094/pm2_5/PROJ_094_12235887_pm2_5_2025_08_p1_20260924T221038.json","2026-09-24T16:40:38Z","2026-09-24T16:40:38Z",200,""
6,"PROJ_002",17,12234785,"o3","2025-08-31T18:30:00Z","2025-09-30T18:29:59Z","completed",1,697,697,1,"data/raw/air_quality/openaq/historical/PROJ_002/o3/PROJ_002_12234785_o3_2025_09_p1_20260924T221042.json","2026-09-24T16:40:42Z","2026-09-24T16:40:42Z",200,""
6,"PROJ_002",17,12234787,"pm2_5","2025-08-31T18:30:00Z","2025-09-30T18:29:59Z","completed",1,693,693,1,"data/raw/air_quality/openaq/historical/PROJ_002/pm2_5/PROJ_002_12234787_pm2_5_2025_09_p1_20260924T221046.json","2026-09-24T16:40:47Z","2026-09-24T16:40:47Z",200,""
6,"PROJ_002",17,12234784,"no2","2025-08-31T18:30:00Z","2025-09-30T18:29:59Z","completed",1,699,699,1,"data/raw/air_quality/openaq/historical/PROJ_002/no2/PROJ_002_12234784_no2_2025_09_p1_20260924T221050.json","2026-09-24T16:40:50Z","2026-09-24T16:40:50Z",200,""
6,"PROJ_002",17,12234786,"pm10","2025-08-31T18:30:00Z","2025-09-30T18:29:59Z","completed",1,689,689,1,"data/raw/air_quality/openaq/historical/PROJ_002/pm10/PROJ_002_12234786_pm10_2025_09_p1_20260924T221054.json","2026-09-24T16:40:55Z","2026-09-24T16:40:55Z",200,""
6,"PROJ_002",17,12234782,"co","2025-08-31T18:30:00Z","2025-09-30T18:29:59Z","completed",1,661,661,1,"data/raw/air_quality/openaq/historical/PROJ_002/co/PROJ_002_12234782_co_2025_09_p1_20260924T221100.json","2026-09-24T16:41:00Z","2026-09-24T16:41:00Z",200,""
6,"PROJ_002",17,12234789,"so2","2025-08-31T18:30:00Z","2025-09-30T18:29:59Z","completed",1,627,627,1,"data/raw/air_quality/openaq/historical/PROJ_002/so2/PROJ_002_12234789_so2_2025_09_p1_20260924T221103.json","2026-09-24T16:41:04Z","2026-09-24T16:41:04Z",200,""
6,"PROJ_007",407,12235585,"so2","2025-08-31T18:30:00Z","2025-09-30T18:29:59Z","completed",1,648,648,1,"data/raw/air_quality/openaq/historical/PROJ_007/so2/PROJ_007_12235585_so2_2025_09_p1_20260924T221107.json","2026-09-24T16:41:07Z","2026-09-24T16:41:07Z",200,""
6,"PROJ_007",407,12235581,"o3","2025-08-31T18:30:00Z","2025-09-30T18:29:59Z","completed",1,648,648,1,"data/raw/air_quality/openaq/historical/PROJ_007/o3/PROJ_007_12235581_o3_2025_09_p1_20260924T221111.json","2026-09-24T16:41:12Z","2026-09-24T16:41:12Z",200,""
6,"PROJ_007",407,12235578,"co","2025-08-31T18:30:00Z","2025-09-30T18:29:59Z","completed",1,648,648,1,"data/raw/air_quality/openaq/historical/PROJ_007/co/PROJ_007_12235578_co_2025_09_p1_20260924T221115.json","2026-09-24T16:41:15Z","2026-09-24T16:41:15Z",200,""
6,"PROJ_007",407,12235580,"no2","2025-08-31T18:30:00Z","2025-09-30T18:29:59Z","completed",1,648,648,1,"data/raw/air_quality/openaq/historical/PROJ_007/no2/PROJ_007_12235580_no2_2025_09_p1_20260924T221119.json","2026-09-24T16:41:20Z","2026-09-24T16:41:20Z",200,""
6,"PROJ_007",407,12235583,"pm2_5","2025-08-31T18:30:00Z","2025-09-30T18:29:59Z","completed",1,591,591,1,"data/raw/air_quality/openaq/historical/PROJ_007/pm2_5/PROJ_007_12235583_pm2_5_2025_09_p1_20260924T221123.json","2026-09-24T16:41:23Z","2026-09-24T16:41:23Z",200,""
6,"PROJ_007",407,12235582,"pm10","2025-08-31T18:30:00Z","2025-09-30T18:29:59Z","completed",1,591,591,1,"data/raw/air_quality/openaq/historical/PROJ_007/pm10/PROJ_007_12235582_pm10_2025_09_p1_20260924T221128.json","2026-09-24T16:41:28Z","2026-09-24T16:41:28Z",200,""
6,"PROJ_019",2586,12235655,"so2","2025-08-31T18:30:00Z","2025-09-30T18:29:59Z","completed",1,628,628,1,"data/raw/air_quality/openaq/historical/PROJ_019/so2/PROJ_019_12235655_so2_2025_09_p1_20260924T221132.json","2026-09-24T16:41:32Z","2026-09-24T16:41:32Z",200,""
6,"PROJ_019",2586,12235648,"co","2025-08-31T18:30:00Z","2025-09-30T18:29:59Z","completed",1,628,628,1,"data/raw/air_quality/openaq/historical/PROJ_019/co/PROJ_019_12235648_co_2025_09_p1_20260924T221135.json","2026-09-24T16:41:36Z","2026-09-24T16:41:36Z",200,""
6,"PROJ_019",2586,12235653,"pm2_5","2025-08-31T18:30:00Z","2025-09-30T18:29:59Z","completed",1,628,628,1,"data/raw/air_quality/openaq/historical/PROJ_019/pm2_5/PROJ_019_12235653_pm2_5_2025_09_p1_20260924T221140.json","2026-09-24T16:41:41Z","2026-09-24T16:41:41Z",200,""
6,"PROJ_019",2586,12235652,"pm10","2025-08-31T18:30:00Z","2025-09-30T18:29:59Z","completed",1,628,628,1,"data/raw/air_quality/openaq/historical/PROJ_019/pm10/PROJ_019_12235652_pm10_2025_09_p1_20260924T221144.json","2026-09-24T16:41:44Z","2026-09-24T16:41:44Z",200,""
6,"PROJ_019",2586,12235650,"no2","2025-08-31T18:30:00Z","2025-09-30T18:29:59Z","completed",1,628,628,1,"data/raw/air_quality/openaq/historical/PROJ_019/no2/PROJ_019_12235650_no2_2025_09_p1_20260924T221148.json","2026-09-24T16:41:48Z","2026-09-24T16:41:48Z",200,""
6,"PROJ_019",2586,12235651,"o3","2025-08-31T18:30:00Z","2025-09-30T18:29:59Z","completed",1,628,628,1,"data/raw/air_quality/openaq/historical/PROJ_019/o3/PROJ_019_12235651_o3_2025_09_p1_20260924T221152.json","2026-09-24T16:41:53Z","2026-09-24T16:41:53Z",200,""
6,"PROJ_036",5599,12235400,"pm2_5","2025-08-31T18:30:00Z","2025-09-30T18:29:59Z","completed",1,691,691,1,"data/raw/air_quality/openaq/historical/PROJ_036/pm2_5/PROJ_036_12235400_pm2_5_2025_09_p1_20260924T221158.json","2026-09-24T16:41:58Z","2026-09-24T16:41:58Z",200,""
6,"PROJ_036",5599,12235399,"pm10","2025-08-31T18:30:00Z","2025-09-30T18:29:59Z","completed",1,659,659,1,"data/raw/air_quality/openaq/historical/PROJ_036/pm10/PROJ_036_12235399_pm10_2025_09_p1_20260924T221202.json","2026-09-24T16:42:03Z","2026-09-24T16:42:03Z",200,""
6,"PROJ_036",5599,12235402,"so2","2025-08-31T18:30:00Z","2025-09-30T18:29:59Z","completed",1,695,695,1,"data/raw/air_quality/openaq/historical/PROJ_036/so2/PROJ_036_12235402_so2_2025_09_p1_20260924T221208.json","2026-09-24T16:42:08Z","2026-09-24T16:42:08Z",200,""
6,"PROJ_036",5599,12235398,"o3","2025-08-31T18:30:00Z","2025-09-30T18:29:59Z","completed",1,696,696,1,"data/raw/air_quality/openaq/historical/PROJ_036/o3/PROJ_036_12235398_o3_2025_09_p1_20260924T221212.json","2026-09-24T16:42:13Z","2026-09-24T16:42:13Z",200,""
6,"PROJ_036",5599,12235395,"co","2025-08-31T18:30:00Z","2025-09-30T18:29:59Z","completed",1,695,695,1,"data/raw/air_quality/openaq/historical/PROJ_036/co/PROJ_036_12235395_co_2025_09_p1_20260924T221217.json","2026-09-24T16:42:18Z","2026-09-24T16:42:18Z",200,""
6,"PROJ_036",5599,12235397,"no2","2025-08-31T18:30:00Z","2025-09-30T18:29:59Z","completed",1,695,695,1,"data/raw/air_quality/openaq/historical/PROJ_036/no2/PROJ_036_12235397_no2_2025_09_p1_20260924T221221.json","2026-09-24T16:42:21Z","2026-09-24T16:42:21Z",200,""
6,"PROJ_042",5621,12235625,"pm10","2025-08-31T18:30:00Z","2025-09-30T18:29:59Z","completed",1,686,686,1,"data/raw/air_quality/openaq/historical/PROJ_042/pm10/PROJ_042_12235625_pm10_2025_09_p1_20260924T221225.json","2026-09-24T16:42:26Z","2026-09-24T16:42:26Z",200,""
6,"PROJ_042",5621,12235623,"no2","2025-08-31T18:30:00Z","2025-09-30T18:29:59Z","completed",1,686,686,1,"data/raw/air_quality/openaq/historical/PROJ_042/no2/PROJ_042_12235623_no2_2025_09_p1_20260924T221230.json","2026-09-24T16:42:31Z","2026-09-24T16:42:31Z",200,""
6,"PROJ_042",5621,12235626,"pm2_5","2025-08-31T18:30:00Z","2025-09-30T18:29:59Z","completed",1,686,686,1,"data/raw/air_quality/openaq/historical/PROJ_042/pm2_5/PROJ_042_12235626_pm2_5_2025_09_p1_20260924T221234.json","2026-09-24T16:42:34Z","2026-09-24T16:42:34Z",200,""
6,"PROJ_042",5621,12235621,"co","2025-08-31T18:30:00Z","2025-09-30T18:29:59Z","completed",1,686,686,1,"data/raw/air_quality/openaq/historical/PROJ_042/co/PROJ_042_12235621_co_2025_09_p1_20260924T221238.json","2026-09-24T16:42:39Z","2026-09-24T16:42:39Z",200,""
6,"PROJ_042",5621,12235628,"so2","2025-08-31T18:30:00Z","2025-09-30T18:29:59Z","completed",1,686,686,1,"data/raw/air_quality/openaq/historical/PROJ_042/so2/PROJ_042_12235628_so2_2025_09_p1_20260924T221243.json","2026-09-24T16:42:43Z","2026-09-24T16:42:43Z",200,""
6,"PROJ_042",5621,12235624,"o3","2025-08-31T18:30:00Z","2025-09-30T18:29:59Z","completed",1,686,686,1,"data/raw/air_quality/openaq/historical/PROJ_042/o3/PROJ_042_12235624_o3_2025_09_p1_20260924T221248.json","2026-09-24T16:42:48Z","2026-09-24T16:42:48Z",200,""
6,"PROJ_044",5623,12242116,"co","2025-08-31T18:30:00Z","2025-09-30T18:29:59Z","completed",1,498,498,1,"data/raw/air_quality/openaq/historical/PROJ_044/co/PROJ_044_12242116_co_2025_09_p1_20260924T221301.json","2026-09-24T16:43:02Z","2026-09-24T16:43:02Z",200,""
6,"PROJ_044",5623,12242118,"no2","2025-08-31T18:30:00Z","2025-09-30T18:29:59Z","completed",1,499,499,1,"data/raw/air_quality/openaq/historical/PROJ_044/no2/PROJ_044_12242118_no2_2025_09_p1_20260924T221306.json","2026-09-24T16:43:06Z","2026-09-24T16:43:06Z",200,""
6,"PROJ_044",5623,12242119,"o3","2025-08-31T18:30:00Z","2025-09-30T18:29:59Z","completed",1,501,501,1,"data/raw/air_quality/openaq/historical/PROJ_044/o3/PROJ_044_12242119_o3_2025_09_p1_20260924T221317.json","2026-09-24T16:43:17Z","2026-09-24T16:43:17Z",200,""
6,"PROJ_044",5623,12242121,"pm2_5","2025-08-31T18:30:00Z","2025-09-30T18:29:59Z","completed",1,481,481,1,"data/raw/air_quality/openaq/historical/PROJ_044/pm2_5/PROJ_044_12242121_pm2_5_2025_09_p1_20260924T221321.json","2026-09-24T16:43:22Z","2026-09-24T16:43:22Z",200,""
6,"PROJ_044",5623,12242120,"pm10","2025-08-31T18:30:00Z","2025-09-30T18:29:59Z","completed",1,345,345,1,"data/raw/air_quality/openaq/historical/PROJ_044/pm10/PROJ_044_12242120_pm10_2025_09_p1_20260924T221326.json","2026-09-24T16:43:26Z","2026-09-24T16:43:26Z",200,""
6,"PROJ_044",5623,12242123,"so2","2025-08-31T18:30:00Z","2025-09-30T18:29:59Z","completed",1,499,499,1,"data/raw/air_quality/openaq/historical/PROJ_044/so2/PROJ_044_12242123_so2_2025_09_p1_20260924T221330.json","2026-09-24T16:43:31Z","2026-09-24T16:43:31Z",200,""
6,"PROJ_048",5628,12235460,"pm2_5","2025-08-31T18:30:00Z","2025-09-30T18:29:59Z","completed",1,664,664,1,"data/raw/air_quality/openaq/historical/PROJ_048/pm2_5/PROJ_048_12235460_pm2_5_2025_09_p1_20260924T221335.json","2026-09-24T16:43:36Z","2026-09-24T16:43:36Z",200,""
6,"PROJ_048",5628,12235458,"o3","2025-08-31T18:30:00Z","2025-09-30T18:29:59Z","completed",1,640,640,1,"data/raw/air_quality/openaq/historical/PROJ_048/o3/PROJ_048_12235458_o3_2025_09_p1_20260924T221340.json","2026-09-24T16:43:41Z","2026-09-24T16:43:41Z",200,""
6,"PROJ_048",5628,12235455,"co","2025-08-31T18:30:00Z","2025-09-30T18:29:59Z","completed",1,645,645,1,"data/raw/air_quality/openaq/historical/PROJ_048/co/PROJ_048_12235455_co_2025_09_p1_20260924T221345.json","2026-09-24T16:43:46Z","2026-09-24T16:43:46Z",200,""
6,"PROJ_048",5628,12235459,"pm10","2025-08-31T18:30:00Z","2025-09-30T18:29:59Z","completed",1,656,656,1,"data/raw/air_quality/openaq/historical/PROJ_048/pm10/PROJ_048_12235459_pm10_2025_09_p1_20260924T221349.json","2026-09-24T16:43:49Z","2026-09-24T16:43:49Z",200,""
6,"PROJ_048",5628,12235462,"so2","2025-08-31T18:30:00Z","2025-09-30T18:29:59Z","completed",1,661,661,1,"data/raw/air_quality/openaq/historical/PROJ_048/so2/PROJ_048_12235462_so2_2025_09_p1_20260924T221352.json","2026-09-24T16:43:53Z","2026-09-24T16:43:53Z",200,""
6,"PROJ_048",5628,12235457,"no2","2025-08-31T18:30:00Z","2025-09-30T18:29:59Z","completed",1,662,662,1,"data/raw/air_quality/openaq/historical/PROJ_048/no2/PROJ_048_12235457_no2_2025_09_p1_20260924T221358.json","2026-09-24T16:43:58Z","2026-09-24T16:43:58Z",200,""
6,"PROJ_050",5631,12235666,"co","2025-08-31T18:30:00Z","2025-09-30T18:29:59Z","completed",1,649,649,1,"data/raw/air_quality/openaq/historical/PROJ_050/co/PROJ_050_12235666_co_2025_09_p1_20260924T221402.json","2026-09-24T16:44:03Z","2026-09-24T16:44:03Z",200,""
6,"PROJ_050",5631,12235668,"no2","2025-08-31T18:30:00Z","2025-09-30T18:29:59Z","completed",1,649,649,1,"data/raw/air_quality/openaq/historical/PROJ_050/no2/PROJ_050_12235668_no2_2025_09_p1_20260924T221406.json","2026-09-24T16:44:07Z","2026-09-24T16:44:07Z",200,""
6,"PROJ_050",5631,12235670,"pm10","2025-08-31T18:30:00Z","2025-09-30T18:29:59Z","completed",1,649,649,1,"data/raw/air_quality/openaq/historical/PROJ_050/pm10/PROJ_050_12235670_pm10_2025_09_p1_20260924T221410.json","2026-09-24T16:44:11Z","2026-09-24T16:44:11Z",200,""
6,"PROJ_050",5631,12235673,"so2","2025-08-31T18:30:00Z","2025-09-30T18:29:59Z","completed",1,649,649,1,"data/raw/air_quality/openaq/historical/PROJ_050/so2/PROJ_050_12235673_so2_2025_09_p1_20260924T221414.json","2026-09-24T16:44:15Z","2026-09-24T16:44:15Z",200,""
6,"PROJ_050",5631,12235671,"pm2_5","2025-08-31T18:30:00Z","2025-09-30T18:29:59Z","completed",1,649,649,1,"data/raw/air_quality/openaq/historical/PROJ_050/pm2_5/PROJ_050_12235671_pm2_5_2025_09_p1_20260924T221418.json","2026-09-24T16:44:18Z","2026-09-24T16:44:18Z",200,""
6,"PROJ_050",5631,12235669,"o3","2025-08-31T18:30:00Z","2025-09-30T18:29:59Z","completed",1,649,649,1,"data/raw/air_quality/openaq/historical/PROJ_050/o3/PROJ_050_12235669_o3_2025_09_p1_20260924T221421.json","2026-09-24T16:44:21Z","2026-09-24T16:44:21Z",200,""
6,"PROJ_051",5633,12234804,"pm10","2025-08-31T18:30:00Z","2025-09-30T18:29:59Z","completed",1,705,705,1,"data/raw/air_quality/openaq/historical/PROJ_051/pm10/PROJ_051_12234804_pm10_2025_09_p1_20260924T221425.json","2026-09-24T16:44:25Z","2026-09-24T16:44:25Z",200,""
6,"PROJ_051",5633,12234807,"so2","2025-08-31T18:30:00Z","2025-09-30T18:29:59Z","completed",1,705,705,1,"data/raw/air_quality/openaq/historical/PROJ_051/so2/PROJ_051_12234807_so2_2025_09_p1_20260924T221429.json","2026-09-24T16:44:30Z","2026-09-24T16:44:30Z",200,""
6,"PROJ_051",5633,12234805,"pm2_5","2025-08-31T18:30:00Z","2025-09-30T18:29:59Z","completed",1,705,705,1,"data/raw/air_quality/openaq/historical/PROJ_051/pm2_5/PROJ_051_12234805_pm2_5_2025_09_p1_20260924T221433.json","2026-09-24T16:44:33Z","2026-09-24T16:44:33Z",200,""
6,"PROJ_051",5633,12234800,"co","2025-08-31T18:30:00Z","2025-09-30T18:29:59Z","completed",1,705,705,1,"data/raw/air_quality/openaq/historical/PROJ_051/co/PROJ_051_12234800_co_2025_09_p1_20260924T221438.json","2026-09-24T16:44:38Z","2026-09-24T16:44:38Z",200,""
6,"PROJ_051",5633,12234803,"o3","2025-08-31T18:30:00Z","2025-09-30T18:29:59Z","completed",1,705,705,1,"data/raw/air_quality/openaq/historical/PROJ_051/o3/PROJ_051_12234803_o3_2025_09_p1_20260924T221442.json","2026-09-24T16:44:43Z","2026-09-24T16:44:43Z",200,""
6,"PROJ_051",5633,12234802,"no2","2025-08-31T18:30:00Z","2025-09-30T18:29:59Z","completed",1,705,705,1,"data/raw/air_quality/openaq/historical/PROJ_051/no2/PROJ_051_12234802_no2_2025_09_p1_20260924T221448.json","2026-09-24T16:44:48Z","2026-09-24T16:44:48Z",200,""
6,"PROJ_063",5659,12235521,"pm10","2025-08-31T18:30:00Z","2025-09-30T18:29:59Z","completed",1,704,704,1,"data/raw/air_quality/openaq/historical/PROJ_063/pm10/PROJ_063_12235521_pm10_2025_09_p1_20260924T221453.json","2026-09-24T16:44:53Z","2026-09-24T16:44:53Z",200,""
6,"PROJ_063",5659,12235520,"o3","2025-08-31T18:30:00Z","2025-09-30T18:29:59Z","completed",1,704,704,1,"data/raw/air_quality/openaq/historical/PROJ_063/o3/PROJ_063_12235520_o3_2025_09_p1_20260924T221456.json","2026-09-24T16:44:57Z","2026-09-24T16:44:57Z",200,""
6,"PROJ_063",5659,12235517,"co","2025-08-31T18:30:00Z","2025-09-30T18:29:59Z","completed",1,704,704,1,"data/raw/air_quality/openaq/historical/PROJ_063/co/PROJ_063_12235517_co_2025_09_p1_20260924T221501.json","2026-09-24T16:45:02Z","2026-09-24T16:45:02Z",200,""
6,"PROJ_063",5659,12235524,"so2","2025-08-31T18:30:00Z","2025-09-30T18:29:59Z","completed",1,704,704,1,"data/raw/air_quality/openaq/historical/PROJ_063/so2/PROJ_063_12235524_so2_2025_09_p1_20260924T221507.json","2026-09-24T16:45:07Z","2026-09-24T16:45:07Z",200,""
6,"PROJ_063",5659,12235519,"no2","2025-08-31T18:30:00Z","2025-09-30T18:29:59Z","completed",1,704,704,1,"data/raw/air_quality/openaq/historical/PROJ_063/no2/PROJ_063_12235519_no2_2025_09_p1_20260924T221511.json","2026-09-24T16:45:11Z","2026-09-24T16:45:11Z",200,""
6,"PROJ_063",5659,12235522,"pm2_5","2025-08-31T18:30:00Z","2025-09-30T18:29:59Z","completed",1,704,704,1,"data/raw/air_quality/openaq/historical/PROJ_063/pm2_5/PROJ_063_12235522_pm2_5_2025_09_p1_20260924T221516.json","2026-09-24T16:45:16Z","2026-09-24T16:45:16Z",200,""
6,"PROJ_092",6945,12289836,"so2","2025-08-31T18:30:00Z","2025-09-30T18:29:59Z","completed",1,607,607,1,"data/raw/air_quality/openaq/historical/PROJ_092/so2/PROJ_092_12289836_so2_2025_09_p1_20260924T221520.json","2026-09-24T16:45:20Z","2026-09-24T16:45:20Z",200,""
6,"PROJ_092",6945,12235834,"pm2_5","2025-08-31T18:30:00Z","2025-09-30T18:29:59Z","completed",1,607,607,1,"data/raw/air_quality/openaq/historical/PROJ_092/pm2_5/PROJ_092_12235834_pm2_5_2025_09_p1_20260924T221523.json","2026-09-24T16:45:24Z","2026-09-24T16:45:24Z",200,""
6,"PROJ_092",6945,12235829,"co","2025-08-31T18:30:00Z","2025-09-30T18:29:59Z","completed",1,607,607,1,"data/raw/air_quality/openaq/historical/PROJ_092/co/PROJ_092_12235829_co_2025_09_p1_20260924T221528.json","2026-09-24T16:45:28Z","2026-09-24T16:45:28Z",200,""
6,"PROJ_092",6945,12235833,"pm10","2025-08-31T18:30:00Z","2025-09-30T18:29:59Z","completed",1,607,607,1,"data/raw/air_quality/openaq/historical/PROJ_092/pm10/PROJ_092_12235833_pm10_2025_09_p1_20260924T221533.json","2026-09-24T16:45:34Z","2026-09-24T16:45:34Z",200,""
6,"PROJ_092",6945,12235831,"no2","2025-08-31T18:30:00Z","2025-09-30T18:29:59Z","completed",1,607,607,1,"data/raw/air_quality/openaq/historical/PROJ_092/no2/PROJ_092_12235831_no2_2025_09_p1_20260924T221536.json","2026-09-24T16:45:37Z","2026-09-24T16:45:37Z",200,""
6,"PROJ_092",6945,12235832,"o3","2025-08-31T18:30:00Z","2025-09-30T18:29:59Z","completed",1,606,606,1,"data/raw/air_quality/openaq/historical/PROJ_092/o3/PROJ_092_12235832_o3_2025_09_p1_20260924T221541.json","2026-09-24T16:45:42Z","2026-09-24T16:45:42Z",200,""
6,"PROJ_101",6973,12235269,"so2","2025-08-31T18:30:00Z","2025-09-30T18:29:59Z","completed",1,522,522,1,"data/raw/air_quality/openaq/historical/PROJ_101/so2/PROJ_101_12235269_so2_2025_09_p1_20260924T221546.json","2026-09-24T16:45:46Z","2026-09-24T16:45:46Z",200,""
6,"PROJ_101",6973,12235264,"no2","2025-08-31T18:30:00Z","2025-09-30T18:29:59Z","completed",1,534,534,1,"data/raw/air_quality/openaq/historical/PROJ_101/no2/PROJ_101_12235264_no2_2025_09_p1_20260924T221550.json","2026-09-24T16:45:51Z","2026-09-24T16:45:51Z",200,""
6,"PROJ_101",6973,12235266,"pm10","2025-08-31T18:30:00Z","2025-09-30T18:29:59Z","completed",1,531,531,1,"data/raw/air_quality/openaq/historical/PROJ_101/pm10/PROJ_101_12235266_pm10_2025_09_p1_20260924T221554.json","2026-09-24T16:45:54Z","2026-09-24T16:45:54Z",200,""
6,"PROJ_101",6973,12235267,"pm2_5","2025-08-31T18:30:00Z","2025-09-30T18:29:59Z","completed",1,538,538,1,"data/raw/air_quality/openaq/historical/PROJ_101/pm2_5/PROJ_101_12235267_pm2_5_2025_09_p1_20260924T221558.json","2026-09-24T16:45:59Z","2026-09-24T16:45:59Z",200,""
6,"PROJ_101",6973,12235265,"o3","2025-08-31T18:30:00Z","2025-09-30T18:29:59Z","completed",1,543,543,1,"data/raw/air_quality/openaq/historical/PROJ_101/o3/PROJ_101_12235265_o3_2025_09_p1_20260924T221603.json","2026-09-24T16:46:03Z","2026-09-24T16:46:03Z",200,""
6,"PROJ_101",6973,12235262,"co","2025-08-31T18:30:00Z","2025-09-30T18:29:59Z","completed",1,528,528,1,"data/raw/air_quality/openaq/historical/PROJ_101/co/PROJ_101_12235262_co_2025_09_p1_20260924T221607.json","2026-09-24T16:46:07Z","2026-09-24T16:46:07Z",200,""
6,"PROJ_133",10599,12236100,"o3","2025-08-31T18:30:00Z","2025-09-30T18:29:59Z","completed",1,626,626,1,"data/raw/air_quality/openaq/historical/PROJ_133/o3/PROJ_133_12236100_o3_2025_09_p1_20260924T221612.json","2026-09-24T16:46:12Z","2026-09-24T16:46:12Z",200,""
6,"PROJ_133",10599,12236101,"pm10","2025-08-31T18:30:00Z","2025-09-30T18:29:59Z","completed",1,626,626,1,"data/raw/air_quality/openaq/historical/PROJ_133/pm10/PROJ_133_12236101_pm10_2025_09_p1_20260924T221615.json","2026-09-24T16:46:16Z","2026-09-24T16:46:16Z",200,""
6,"PROJ_133",10599,12236097,"co","2025-08-31T18:30:00Z","2025-09-30T18:29:59Z","completed",1,626,626,1,"data/raw/air_quality/openaq/historical/PROJ_133/co/PROJ_133_12236097_co_2025_09_p1_20260924T221619.json","2026-09-24T16:46:19Z","2026-09-24T16:46:19Z",200,""
6,"PROJ_133",10599,12236104,"so2","2025-08-31T18:30:00Z","2025-09-30T18:29:59Z","completed",1,626,626,1,"data/raw/air_quality/openaq/historical/PROJ_133/so2/PROJ_133_12236104_so2_2025_09_p1_20260924T221623.json","2026-09-24T16:46:23Z","2026-09-24T16:46:23Z",200,""
6,"PROJ_133",10599,12236102,"pm2_5","2025-08-31T18:30:00Z","2025-09-30T18:29:59Z","completed",1,626,626,1,"data/raw/air_quality/openaq/historical/PROJ_133/pm2_5/PROJ_133_12236102_pm2_5_2025_09_p1_20260924T221627.json","2026-09-24T16:46:27Z","2026-09-24T16:46:27Z",200,""
6,"PROJ_133",10599,12236099,"no2","2025-08-31T18:30:00Z","2025-09-30T18:29:59Z","completed",1,626,626,1,"data/raw/air_quality/openaq/historical/PROJ_133/no2/PROJ_133_12236099_no2_2025_09_p1_20260924T221631.json","2026-09-24T16:46:32Z","2026-09-24T16:46:32Z",200,""
6,"PROJ_142",10903,12235758,"no2","2025-08-31T18:30:00Z","2025-09-30T18:29:59Z","completed",1,702,702,1,"data/raw/air_quality/openaq/historical/PROJ_142/no2/PROJ_142_12235758_no2_2025_09_p1_20260924T221637.json","2026-09-24T16:46:37Z","2026-09-24T16:46:37Z",200,""
6,"PROJ_142",10903,12235763,"so2","2025-08-31T18:30:00Z","2025-09-30T18:29:59Z","completed",1,702,702,1,"data/raw/air_quality/openaq/historical/PROJ_142/so2/PROJ_142_12235763_so2_2025_09_p1_20260924T221641.json","2026-09-24T16:46:41Z","2026-09-24T16:46:41Z",200,""
6,"PROJ_142",10903,12235756,"co","2025-08-31T18:30:00Z","2025-09-30T18:29:59Z","completed",1,702,702,1,"data/raw/air_quality/openaq/historical/PROJ_142/co/PROJ_142_12235756_co_2025_09_p1_20260924T221644.json","2026-09-24T16:46:45Z","2026-09-24T16:46:45Z",200,""
6,"PROJ_142",10903,12235760,"pm10","2025-08-31T18:30:00Z","2025-09-30T18:29:59Z","completed",1,702,702,1,"data/raw/air_quality/openaq/historical/PROJ_142/pm10/PROJ_142_12235760_pm10_2025_09_p1_20260924T221649.json","2026-09-24T16:46:49Z","2026-09-24T16:46:49Z",200,""
6,"PROJ_142",10903,12235759,"o3","2025-08-31T18:30:00Z","2025-09-30T18:29:59Z","completed",1,702,702,1,"data/raw/air_quality/openaq/historical/PROJ_142/o3/PROJ_142_12235759_o3_2025_09_p1_20260924T221653.json","2026-09-24T16:46:53Z","2026-09-24T16:46:53Z",200,""
6,"PROJ_142",10903,12235761,"pm2_5","2025-08-31T18:30:00Z","2025-09-30T18:29:59Z","completed",1,702,702,1,"data/raw/air_quality/openaq/historical/PROJ_142/pm2_5/PROJ_142_12235761_pm2_5_2025_09_p1_20260924T221657.json","2026-09-24T16:46:58Z","2026-09-24T16:46:58Z",200,""
6,"PROJ_144",10913,12236019,"o3","2025-08-31T18:30:00Z","2025-09-30T18:29:59Z","completed",1,705,705,1,"data/raw/air_quality/openaq/historical/PROJ_144/o3/PROJ_144_12236019_o3_2025_09_p1_20260924T221703.json","2026-09-24T16:47:03Z","2026-09-24T16:47:03Z",200,""
6,"PROJ_144",10913,12236023,"so2","2025-08-31T18:30:00Z","2025-09-30T18:29:59Z","completed",1,696,696,1,"data/raw/air_quality/openaq/historical/PROJ_144/so2/PROJ_144_12236023_so2_2025_09_p1_20260924T221707.json","2026-09-24T16:47:08Z","2026-09-24T16:47:08Z",200,""
6,"PROJ_144",10913,12236021,"pm2_5","2025-08-31T18:30:00Z","2025-09-30T18:29:59Z","completed",1,706,706,1,"data/raw/air_quality/openaq/historical/PROJ_144/pm2_5/PROJ_144_12236021_pm2_5_2025_09_p1_20260924T221712.json","2026-09-24T16:47:13Z","2026-09-24T16:47:13Z",200,""
6,"PROJ_144",10913,12236020,"pm10","2025-08-31T18:30:00Z","2025-09-30T18:29:59Z","completed",1,706,706,1,"data/raw/air_quality/openaq/historical/PROJ_144/pm10/PROJ_144_12236020_pm10_2025_09_p1_20260924T221717.json","2026-09-24T16:47:17Z","2026-09-24T16:47:17Z",200,""
6,"PROJ_144",10913,12236016,"co","2025-08-31T18:30:00Z","2025-09-30T18:29:59Z","completed",1,700,700,1,"data/raw/air_quality/openaq/historical/PROJ_144/co/PROJ_144_12236016_co_2025_09_p1_20260924T221722.json","2026-09-24T16:47:22Z","2026-09-24T16:47:22Z",200,""
6,"PROJ_144",10913,12236018,"no2","2025-08-31T18:30:00Z","2025-09-30T18:29:59Z","completed",1,706,706,1,"data/raw/air_quality/openaq/historical/PROJ_144/no2/PROJ_144_12236018_no2_2025_09_p1_20260924T221725.json","2026-09-24T16:47:25Z","2026-09-24T16:47:25Z",200,""
6,"PROJ_158",11613,12236463,"pm2_5","2025-08-31T18:30:00Z","2025-09-30T18:29:59Z","completed",1,364,364,1,"data/raw/air_quality/openaq/historical/PROJ_158/pm2_5/PROJ_158_12236463_pm2_5_2025_09_p1_20260924T221729.json","2026-09-24T16:47:30Z","2026-09-24T16:47:30Z",200,""
6,"PROJ_158",11613,12236458,"co","2025-08-31T18:30:00Z","2025-09-30T18:29:59Z","completed",1,364,364,1,"data/raw/air_quality/openaq/historical/PROJ_158/co/PROJ_158_12236458_co_2025_09_p1_20260924T221733.json","2026-09-24T16:47:33Z","2026-09-24T16:47:33Z",200,""
6,"PROJ_158",11613,12236460,"no2","2025-08-31T18:30:00Z","2025-09-30T18:29:59Z","completed",1,364,364,1,"data/raw/air_quality/openaq/historical/PROJ_158/no2/PROJ_158_12236460_no2_2025_09_p1_20260924T221737.json","2026-09-24T16:47:38Z","2026-09-24T16:47:38Z",200,""
6,"PROJ_158",11613,12236461,"o3","2025-08-31T18:30:00Z","2025-09-30T18:29:59Z","completed",1,364,364,1,"data/raw/air_quality/openaq/historical/PROJ_158/o3/PROJ_158_12236461_o3_2025_09_p1_20260924T221741.json","2026-09-24T16:47:41Z","2026-09-24T16:47:41Z",200,""
6,"PROJ_158",11613,12236465,"so2","2025-08-31T18:30:00Z","2025-09-30T18:29:59Z","empty_valid_response",1,0,0,1,"data/raw/air_quality/openaq/historical/PROJ_158/so2/PROJ_158_12236465_so2_2025_09_p1_20260924T221744.json","2026-09-24T16:47:44Z","2026-09-24T16:47:44Z",200,""
6,"PROJ_158",11613,12236462,"pm10","2025-08-31T18:30:00Z","2025-09-30T18:29:59Z","completed",1,364,364,1,"data/raw/air_quality/openaq/historical/PROJ_158/pm10/PROJ_158_12236462_pm10_2025_09_p1_20260924T221748.json","2026-09-24T16:47:49Z","2026-09-24T16:47:49Z",200,""
6,"PROJ_179",344103,12237100,"so2","2025-08-31T18:30:00Z","2025-09-30T18:29:59Z","completed",1,693,693,1,"data/raw/air_quality/openaq/historical/PROJ_179/so2/PROJ_179_12237100_so2_2025_09_p1_20260924T221753.json","2026-09-24T16:47:53Z","2026-09-24T16:47:53Z",200,""
6,"PROJ_179",344103,12237093,"co","2025-08-31T18:30:00Z","2025-09-30T18:29:59Z","completed",1,693,693,1,"data/raw/air_quality/openaq/historical/PROJ_179/co/PROJ_179_12237093_co_2025_09_p1_20260924T221756.json","2026-09-24T16:47:57Z","2026-09-24T16:47:57Z",200,""
6,"PROJ_179",344103,12237096,"o3","2025-08-31T18:30:00Z","2025-09-30T18:29:59Z","completed",1,693,693,1,"data/raw/air_quality/openaq/historical/PROJ_179/o3/PROJ_179_12237096_o3_2025_09_p1_20260924T221800.json","2026-09-24T16:48:00Z","2026-09-24T16:48:00Z",200,""
6,"PROJ_179",344103,12237097,"pm10","2025-08-31T18:30:00Z","2025-09-30T18:29:59Z","completed",1,693,693,1,"data/raw/air_quality/openaq/historical/PROJ_179/pm10/PROJ_179_12237097_pm10_2025_09_p1_20260924T221805.json","2026-09-24T16:48:05Z","2026-09-24T16:48:05Z",200,""
6,"PROJ_179",344103,12237098,"pm2_5","2025-08-31T18:30:00Z","2025-09-30T18:29:59Z","completed",1,693,693,1,"data/raw/air_quality/openaq/historical/PROJ_179/pm2_5/PROJ_179_12237098_pm2_5_2025_09_p1_20260924T221808.json","2026-09-24T16:48:09Z","2026-09-24T16:48:09Z",200,""
6,"PROJ_179",344103,12237095,"no2","2025-08-31T18:30:00Z","2025-09-30T18:29:59Z","completed",1,693,693,1,"data/raw/air_quality/openaq/historical/PROJ_179/no2/PROJ_179_12237095_no2_2025_09_p1_20260924T221812.json","2026-09-24T16:48:13Z","2026-09-24T16:48:13Z",200,""
6,"PROJ_180",344104,12237125,"pm2_5","2025-08-31T18:30:00Z","2025-09-30T18:29:59Z","completed",1,564,564,1,"data/raw/air_quality/openaq/historical/PROJ_180/pm2_5/PROJ_180_12237125_pm2_5_2025_09_p1_20260924T221818.json","2026-09-24T16:48:18Z","2026-09-24T16:48:18Z",200,""
6,"PROJ_180",344104,12237122,"no2","2025-08-31T18:30:00Z","2025-09-30T18:29:59Z","completed",1,564,564,1,"data/raw/air_quality/openaq/historical/PROJ_180/no2/PROJ_180_12237122_no2_2025_09_p1_20260924T221822.json","2026-09-24T16:48:22Z","2026-09-24T16:48:22Z",200,""
6,"PROJ_180",344104,12237124,"pm10","2025-08-31T18:30:00Z","2025-09-30T18:29:59Z","completed",1,564,564,1,"data/raw/air_quality/openaq/historical/PROJ_180/pm10/PROJ_180_12237124_pm10_2025_09_p1_20260924T221826.json","2026-09-24T16:48:26Z","2026-09-24T16:48:26Z",200,""
6,"PROJ_180",344104,12237127,"so2","2025-08-31T18:30:00Z","2025-09-30T18:29:59Z","completed",1,564,564,1,"data/raw/air_quality/openaq/historical/PROJ_180/so2/PROJ_180_12237127_so2_2025_09_p1_20260924T221829.json","2026-09-24T16:48:29Z","2026-09-24T16:48:29Z",200,""
6,"PROJ_180",344104,12237123,"o3","2025-08-31T18:30:00Z","2025-09-30T18:29:59Z","completed",1,564,564,1,"data/raw/air_quality/openaq/historical/PROJ_180/o3/PROJ_180_12237123_o3_2025_09_p1_20260924T221832.json","2026-09-24T16:48:33Z","2026-09-24T16:48:33Z",200,""
6,"PROJ_180",344104,12237120,"co","2025-08-31T18:30:00Z","2025-09-30T18:29:59Z","completed",1,564,564,1,"data/raw/air_quality/openaq/historical/PROJ_180/co/PROJ_180_12237120_co_2025_09_p1_20260924T221836.json","2026-09-24T16:48:36Z","2026-09-24T16:48:36Z",200,""
6,"PROJ_181",344140,12237111,"co","2025-08-31T18:30:00Z","2025-09-30T18:29:59Z","completed",1,610,610,1,"data/raw/air_quality/openaq/historical/PROJ_181/co/PROJ_181_12237111_co_2025_09_p1_20260924T221841.json","2026-09-24T16:48:42Z","2026-09-24T16:48:42Z",200,""
6,"PROJ_181",344140,12237114,"o3","2025-08-31T18:30:00Z","2025-09-30T18:29:59Z","completed",1,610,610,1,"data/raw/air_quality/openaq/historical/PROJ_181/o3/PROJ_181_12237114_o3_2025_09_p1_20260924T221846.json","2026-09-24T16:48:46Z","2026-09-24T16:48:46Z",200,""
6,"PROJ_181",344140,12237113,"no2","2025-08-31T18:30:00Z","2025-09-30T18:29:59Z","completed",1,610,610,1,"data/raw/air_quality/openaq/historical/PROJ_181/no2/PROJ_181_12237113_no2_2025_09_p1_20260924T221851.json","2026-09-24T16:48:51Z","2026-09-24T16:48:51Z",200,""
6,"PROJ_181",344140,12237115,"pm10","2025-08-31T18:30:00Z","2025-09-30T18:29:59Z","completed",1,610,610,1,"data/raw/air_quality/openaq/historical/PROJ_181/pm10/PROJ_181_12237115_pm10_2025_09_p1_20260924T221856.json","2026-09-24T16:48:56Z","2026-09-24T16:48:56Z",200,""
6,"PROJ_181",344140,12237118,"so2","2025-08-31T18:30:00Z","2025-09-30T18:29:59Z","completed",1,610,610,1,"data/raw/air_quality/openaq/historical/PROJ_181/so2/PROJ_181_12237118_so2_2025_09_p1_20260924T221900.json","2026-09-24T16:49:01Z","2026-09-24T16:49:01Z",200,""
6,"PROJ_181",344140,12237116,"pm2_5","2025-08-31T18:30:00Z","2025-09-30T18:29:59Z","completed",1,610,610,1,"data/raw/air_quality/openaq/historical/PROJ_181/pm2_5/PROJ_181_12237116_pm2_5_2025_09_p1_20260924T221905.json","2026-09-24T16:49:05Z","2026-09-24T16:49:05Z",200,""
6,"PROJ_186",352465,12237091,"so2","2025-08-31T18:30:00Z","2025-09-30T18:29:59Z","completed",1,642,642,1,"data/raw/air_quality/openaq/historical/PROJ_186/so2/PROJ_186_12237091_so2_2025_09_p1_20260924T221908.json","2026-09-24T16:49:09Z","2026-09-24T16:49:09Z",200,""
6,"PROJ_186",352465,12237088,"pm10","2025-08-31T18:30:00Z","2025-09-30T18:29:59Z","completed",1,642,642,1,"data/raw/air_quality/openaq/historical/PROJ_186/pm10/PROJ_186_12237088_pm10_2025_09_p1_20260924T221912.json","2026-09-24T16:49:13Z","2026-09-24T16:49:13Z",200,""
6,"PROJ_186",352465,12237089,"pm2_5","2025-08-31T18:30:00Z","2025-09-30T18:29:59Z","completed",1,642,642,1,"data/raw/air_quality/openaq/historical/PROJ_186/pm2_5/PROJ_186_12237089_pm2_5_2025_09_p1_20260924T221917.json","2026-09-24T16:49:17Z","2026-09-24T16:49:17Z",200,""
6,"PROJ_186",352465,12237086,"no2","2025-08-31T18:30:00Z","2025-09-30T18:29:59Z","completed",1,642,642,1,"data/raw/air_quality/openaq/historical/PROJ_186/no2/PROJ_186_12237086_no2_2025_09_p1_20260924T221921.json","2026-09-24T16:49:22Z","2026-09-24T16:49:22Z",200,""
6,"PROJ_186",352465,12237087,"o3","2025-08-31T18:30:00Z","2025-09-30T18:29:59Z","completed",1,642,642,1,"data/raw/air_quality/openaq/historical/PROJ_186/o3/PROJ_186_12237087_o3_2025_09_p1_20260924T221924.json","2026-09-24T16:49:25Z","2026-09-24T16:49:25Z",200,""
6,"PROJ_186",352465,12237084,"co","2025-08-31T18:30:00Z","2025-09-30T18:29:59Z","completed",1,642,642,1,"data/raw/air_quality/openaq/historical/PROJ_186/co/PROJ_186_12237084_co_2025_09_p1_20260924T221928.json","2026-09-24T16:49:29Z","2026-09-24T16:49:29Z",200,""
6,"PROJ_094",6950,12235885,"o3","2025-08-31T18:30:00Z","2025-09-30T18:29:59Z","completed",1,702,702,1,"data/raw/air_quality/openaq/historical/PROJ_094/o3/PROJ_094_12235885_o3_2025_09_p1_20260924T221933.json","2026-09-24T16:49:34Z","2026-09-24T16:49:34Z",200,""
6,"PROJ_094",6950,12235889,"so2","2025-08-31T18:30:00Z","2025-09-30T18:29:59Z","completed",1,702,702,1,"data/raw/air_quality/openaq/historical/PROJ_094/so2/PROJ_094_12235889_so2_2025_09_p1_20260924T221937.json","2026-09-24T16:49:37Z","2026-09-24T16:49:37Z",200,""
6,"PROJ_094",6950,12235884,"no2","2025-08-31T18:30:00Z","2025-09-30T18:29:59Z","completed",1,702,702,1,"data/raw/air_quality/openaq/historical/PROJ_094/no2/PROJ_094_12235884_no2_2025_09_p1_20260924T221941.json","2026-09-24T16:49:41Z","2026-09-24T16:49:41Z",200,""
6,"PROJ_094",6950,12235886,"pm10","2025-08-31T18:30:00Z","2025-09-30T18:29:59Z","completed",1,702,702,1,"data/raw/air_quality/openaq/historical/PROJ_094/pm10/PROJ_094_12235886_pm10_2025_09_p1_20260924T221945.json","2026-09-24T16:49:45Z","2026-09-24T16:49:45Z",200,""
6,"PROJ_094",6950,12235882,"co","2025-08-31T18:30:00Z","2025-09-30T18:29:59Z","completed",1,702,702,1,"data/raw/air_quality/openaq/historical/PROJ_094/co/PROJ_094_12235882_co_2025_09_p1_20260924T221948.json","2026-09-24T16:49:49Z","2026-09-24T16:49:49Z",200,""
6,"PROJ_094",6950,12235887,"pm2_5","2025-08-31T18:30:00Z","2025-09-30T18:29:59Z","completed",1,702,702,1,"data/raw/air_quality/openaq/historical/PROJ_094/pm2_5/PROJ_094_12235887_pm2_5_2025_09_p1_20260924T221952.json","2026-09-24T16:49:52Z","2026-09-24T16:49:52Z",200,""
7,"PROJ_002",17,12234785,"o3","2025-09-30T18:30:00Z","2025-10-31T18:29:59Z","completed",1,697,697,1,"data/raw/air_quality/openaq/historical/PROJ_002/o3/PROJ_002_12234785_o3_2025_10_p1_20260924T221955.json","2026-09-24T16:49:55Z","2026-09-24T16:49:55Z",200,""
7,"PROJ_002",17,12234787,"pm2_5","2025-09-30T18:30:00Z","2025-10-31T18:29:59Z","completed",1,700,700,1,"data/raw/air_quality/openaq/historical/PROJ_002/pm2_5/PROJ_002_12234787_pm2_5_2025_10_p1_20260924T222001.json","2026-09-24T16:50:01Z","2026-09-24T16:50:01Z",200,""
7,"PROJ_002",17,12234784,"no2","2025-09-30T18:30:00Z","2025-10-31T18:29:59Z","completed",1,674,674,1,"data/raw/air_quality/openaq/historical/PROJ_002/no2/PROJ_002_12234784_no2_2025_10_p1_20260924T222004.json","2026-09-24T16:50:05Z","2026-09-24T16:50:05Z",200,""
7,"PROJ_002",17,12234786,"pm10","2025-09-30T18:30:00Z","2025-10-31T18:29:59Z","completed",1,667,667,1,"data/raw/air_quality/openaq/historical/PROJ_002/pm10/PROJ_002_12234786_pm10_2025_10_p1_20260924T222009.json","2026-09-24T16:50:09Z","2026-09-24T16:50:09Z",200,""
7,"PROJ_002",17,12234782,"co","2025-09-30T18:30:00Z","2025-10-31T18:29:59Z","completed",1,624,624,1,"data/raw/air_quality/openaq/historical/PROJ_002/co/PROJ_002_12234782_co_2025_10_p1_20260924T222014.json","2026-09-24T16:50:14Z","2026-09-24T16:50:14Z",200,""
7,"PROJ_002",17,12234789,"so2","2025-09-30T18:30:00Z","2025-10-31T18:29:59Z","completed",1,678,678,1,"data/raw/air_quality/openaq/historical/PROJ_002/so2/PROJ_002_12234789_so2_2025_10_p1_20260924T222019.json","2026-09-24T16:50:20Z","2026-09-24T16:50:20Z",200,""
7,"PROJ_007",407,12235585,"so2","2025-09-30T18:30:00Z","2025-10-31T18:29:59Z","completed",1,715,715,1,"data/raw/air_quality/openaq/historical/PROJ_007/so2/PROJ_007_12235585_so2_2025_10_p1_20260924T222024.json","2026-09-24T16:50:25Z","2026-09-24T16:50:25Z",200,""
7,"PROJ_007",407,12235581,"o3","2025-09-30T18:30:00Z","2025-10-31T18:29:59Z","completed",1,715,715,1,"data/raw/air_quality/openaq/historical/PROJ_007/o3/PROJ_007_12235581_o3_2025_10_p1_20260924T222030.json","2026-09-24T16:50:30Z","2026-09-24T16:50:30Z",200,""
7,"PROJ_007",407,12235578,"co","2025-09-30T18:30:00Z","2025-10-31T18:29:59Z","completed",1,715,715,1,"data/raw/air_quality/openaq/historical/PROJ_007/co/PROJ_007_12235578_co_2025_10_p1_20260924T222034.json","2026-09-24T16:50:35Z","2026-09-24T16:50:35Z",200,""
7,"PROJ_007",407,12235580,"no2","2025-09-30T18:30:00Z","2025-10-31T18:29:59Z","completed",1,715,715,1,"data/raw/air_quality/openaq/historical/PROJ_007/no2/PROJ_007_12235580_no2_2025_10_p1_20260924T222038.json","2026-09-24T16:50:39Z","2026-09-24T16:50:39Z",200,""
7,"PROJ_007",407,12235583,"pm2_5","2025-09-30T18:30:00Z","2025-10-31T18:29:59Z","completed",1,715,715,1,"data/raw/air_quality/openaq/historical/PROJ_007/pm2_5/PROJ_007_12235583_pm2_5_2025_10_p1_20260924T222043.json","2026-09-24T16:50:44Z","2026-09-24T16:50:44Z",200,""
7,"PROJ_007",407,12235582,"pm10","2025-09-30T18:30:00Z","2025-10-31T18:29:59Z","completed",1,714,714,1,"data/raw/air_quality/openaq/historical/PROJ_007/pm10/PROJ_007_12235582_pm10_2025_10_p1_20260924T222048.json","2026-09-24T16:50:48Z","2026-09-24T16:50:48Z",200,""
7,"PROJ_019",2586,12235655,"so2","2025-09-30T18:30:00Z","2025-10-31T18:29:59Z","completed",1,604,604,1,"data/raw/air_quality/openaq/historical/PROJ_019/so2/PROJ_019_12235655_so2_2025_10_p1_20260924T222053.json","2026-09-24T16:50:53Z","2026-09-24T16:50:53Z",200,""
7,"PROJ_019",2586,12235648,"co","2025-09-30T18:30:00Z","2025-10-31T18:29:59Z","completed",1,604,604,1,"data/raw/air_quality/openaq/historical/PROJ_019/co/PROJ_019_12235648_co_2025_10_p1_20260924T222058.json","2026-09-24T16:50:58Z","2026-09-24T16:50:58Z",200,""
7,"PROJ_019",2586,12235653,"pm2_5","2025-09-30T18:30:00Z","2025-10-31T18:29:59Z","completed",1,604,604,1,"data/raw/air_quality/openaq/historical/PROJ_019/pm2_5/PROJ_019_12235653_pm2_5_2025_10_p1_20260924T222101.json","2026-09-24T16:51:02Z","2026-09-24T16:51:02Z",200,""
7,"PROJ_019",2586,12235652,"pm10","2025-09-30T18:30:00Z","2025-10-31T18:29:59Z","completed",1,604,604,1,"data/raw/air_quality/openaq/historical/PROJ_019/pm10/PROJ_019_12235652_pm10_2025_10_p1_20260924T222105.json","2026-09-24T16:51:05Z","2026-09-24T16:51:05Z",200,""
7,"PROJ_019",2586,12235650,"no2","2025-09-30T18:30:00Z","2025-10-31T18:29:59Z","completed",1,604,604,1,"data/raw/air_quality/openaq/historical/PROJ_019/no2/PROJ_019_12235650_no2_2025_10_p1_20260924T222108.json","2026-09-24T16:51:09Z","2026-09-24T16:51:09Z",200,""
7,"PROJ_019",2586,12235651,"o3","2025-09-30T18:30:00Z","2025-10-31T18:29:59Z","completed",1,604,604,1,"data/raw/air_quality/openaq/historical/PROJ_019/o3/PROJ_019_12235651_o3_2025_10_p1_20260924T222113.json","2026-09-24T16:51:13Z","2026-09-24T16:51:13Z",200,""
7,"PROJ_036",5599,12235400,"pm2_5","2025-09-30T18:30:00Z","2025-10-31T18:29:59Z","completed",1,650,650,1,"data/raw/air_quality/openaq/historical/PROJ_036/pm2_5/PROJ_036_12235400_pm2_5_2025_10_p1_20260924T222118.json","2026-09-24T16:51:18Z","2026-09-24T16:51:18Z",200,""
7,"PROJ_036",5599,12235399,"pm10","2025-09-30T18:30:00Z","2025-10-31T18:29:59Z","completed",1,668,668,1,"data/raw/air_quality/openaq/historical/PROJ_036/pm10/PROJ_036_12235399_pm10_2025_10_p1_20260924T222122.json","2026-09-24T16:51:23Z","2026-09-24T16:51:23Z",200,""
7,"PROJ_036",5599,12235402,"so2","2025-09-30T18:30:00Z","2025-10-31T18:29:59Z","completed",1,709,709,1,"data/raw/air_quality/openaq/historical/PROJ_036/so2/PROJ_036_12235402_so2_2025_10_p1_20260924T222127.json","2026-09-24T16:51:28Z","2026-09-24T16:51:28Z",200,""
7,"PROJ_036",5599,12235398,"o3","2025-09-30T18:30:00Z","2025-10-31T18:29:59Z","completed",1,709,709,1,"data/raw/air_quality/openaq/historical/PROJ_036/o3/PROJ_036_12235398_o3_2025_10_p1_20260924T222132.json","2026-09-24T16:51:33Z","2026-09-24T16:51:33Z",200,""
7,"PROJ_036",5599,12235395,"co","2025-09-30T18:30:00Z","2025-10-31T18:29:59Z","completed",1,709,709,1,"data/raw/air_quality/openaq/historical/PROJ_036/co/PROJ_036_12235395_co_2025_10_p1_20260924T222136.json","2026-09-24T16:51:36Z","2026-09-24T16:51:36Z",200,""
7,"PROJ_036",5599,12235397,"no2","2025-09-30T18:30:00Z","2025-10-31T18:29:59Z","completed",1,709,709,1,"data/raw/air_quality/openaq/historical/PROJ_036/no2/PROJ_036_12235397_no2_2025_10_p1_20260924T222140.json","2026-09-24T16:51:40Z","2026-09-24T16:51:40Z",200,""
7,"PROJ_042",5621,12235625,"pm10","2025-09-30T18:30:00Z","2025-10-31T18:29:59Z","completed",1,699,699,1,"data/raw/air_quality/openaq/historical/PROJ_042/pm10/PROJ_042_12235625_pm10_2025_10_p1_20260924T222145.json","2026-09-24T16:51:45Z","2026-09-24T16:51:45Z",200,""
7,"PROJ_042",5621,12235623,"no2","2025-09-30T18:30:00Z","2025-10-31T18:29:59Z","completed",1,698,698,1,"data/raw/air_quality/openaq/historical/PROJ_042/no2/PROJ_042_12235623_no2_2025_10_p1_20260924T222149.json","2026-09-24T16:51:50Z","2026-09-24T16:51:50Z",200,""
7,"PROJ_042",5621,12235626,"pm2_5","2025-09-30T18:30:00Z","2025-10-31T18:29:59Z","completed",1,699,699,1,"data/raw/air_quality/openaq/historical/PROJ_042/pm2_5/PROJ_042_12235626_pm2_5_2025_10_p1_20260924T222154.json","2026-09-24T16:51:55Z","2026-09-24T16:51:55Z",200,""
7,"PROJ_042",5621,12235621,"co","2025-09-30T18:30:00Z","2025-10-31T18:29:59Z","completed",1,699,699,1,"data/raw/air_quality/openaq/historical/PROJ_042/co/PROJ_042_12235621_co_2025_10_p1_20260924T222158.json","2026-09-24T16:51:58Z","2026-09-24T16:51:58Z",200,""
7,"PROJ_042",5621,12235628,"so2","2025-09-30T18:30:00Z","2025-10-31T18:29:59Z","completed",1,699,699,1,"data/raw/air_quality/openaq/historical/PROJ_042/so2/PROJ_042_12235628_so2_2025_10_p1_20260924T222201.json","2026-09-24T16:52:02Z","2026-09-24T16:52:02Z",200,""
7,"PROJ_042",5621,12235624,"o3","2025-09-30T18:30:00Z","2025-10-31T18:29:59Z","completed",1,699,699,1,"data/raw/air_quality/openaq/historical/PROJ_042/o3/PROJ_042_12235624_o3_2025_10_p1_20260924T222206.json","2026-09-24T16:52:06Z","2026-09-24T16:52:06Z",200,""
7,"PROJ_044",5623,12242116,"co","2025-09-30T18:30:00Z","2025-10-31T18:29:59Z","completed",1,662,662,1,"data/raw/air_quality/openaq/historical/PROJ_044/co/PROJ_044_12242116_co_2025_10_p1_20260924T222210.json","2026-09-24T16:52:10Z","2026-09-24T16:52:10Z",200,""
7,"PROJ_044",5623,12242118,"no2","2025-09-30T18:30:00Z","2025-10-31T18:29:59Z","completed",1,661,661,1,"data/raw/air_quality/openaq/historical/PROJ_044/no2/PROJ_044_12242118_no2_2025_10_p1_20260924T222215.json","2026-09-24T16:52:15Z","2026-09-24T16:52:15Z",200,""
7,"PROJ_044",5623,12242119,"o3","2025-09-30T18:30:00Z","2025-10-31T18:29:59Z","completed",1,662,662,1,"data/raw/air_quality/openaq/historical/PROJ_044/o3/PROJ_044_12242119_o3_2025_10_p1_20260924T222219.json","2026-09-24T16:52:19Z","2026-09-24T16:52:19Z",200,""
7,"PROJ_044",5623,12242121,"pm2_5","2025-09-30T18:30:00Z","2025-10-31T18:29:59Z","completed",1,653,653,1,"data/raw/air_quality/openaq/historical/PROJ_044/pm2_5/PROJ_044_12242121_pm2_5_2025_10_p1_20260924T222223.json","2026-09-24T16:52:24Z","2026-09-24T16:52:24Z",200,""
7,"PROJ_044",5623,12242120,"pm10","2025-09-30T18:30:00Z","2025-10-31T18:29:59Z","completed",1,575,575,1,"data/raw/air_quality/openaq/historical/PROJ_044/pm10/PROJ_044_12242120_pm10_2025_10_p1_20260924T222227.json","2026-09-24T16:52:27Z","2026-09-24T16:52:27Z",200,""
7,"PROJ_044",5623,12242123,"so2","2025-09-30T18:30:00Z","2025-10-31T18:29:59Z","completed",1,661,661,1,"data/raw/air_quality/openaq/historical/PROJ_044/so2/PROJ_044_12242123_so2_2025_10_p1_20260924T222230.json","2026-09-24T16:52:31Z","2026-09-24T16:52:31Z",200,""
7,"PROJ_048",5628,12235460,"pm2_5","2025-09-30T18:30:00Z","2025-10-31T18:29:59Z","completed",1,657,657,1,"data/raw/air_quality/openaq/historical/PROJ_048/pm2_5/PROJ_048_12235460_pm2_5_2025_10_p1_20260924T222234.json","2026-09-24T16:52:35Z","2026-09-24T16:52:35Z",200,""
7,"PROJ_048",5628,12235458,"o3","2025-09-30T18:30:00Z","2025-10-31T18:29:59Z","completed",1,660,660,1,"data/raw/air_quality/openaq/historical/PROJ_048/o3/PROJ_048_12235458_o3_2025_10_p1_20260924T222239.json","2026-09-24T16:52:40Z","2026-09-24T16:52:40Z",200,""
7,"PROJ_048",5628,12235455,"co","2025-09-30T18:30:00Z","2025-10-31T18:29:59Z","completed",1,633,633,1,"data/raw/air_quality/openaq/historical/PROJ_048/co/PROJ_048_12235455_co_2025_10_p1_20260924T222244.json","2026-09-24T16:52:44Z","2026-09-24T16:52:44Z",200,""
7,"PROJ_048",5628,12235459,"pm10","2025-09-30T18:30:00Z","2025-10-31T18:29:59Z","completed",1,660,660,1,"data/raw/air_quality/openaq/historical/PROJ_048/pm10/PROJ_048_12235459_pm10_2025_10_p1_20260924T222248.json","2026-09-24T16:52:48Z","2026-09-24T16:52:48Z",200,""
7,"PROJ_048",5628,12235462,"so2","2025-09-30T18:30:00Z","2025-10-31T18:29:59Z","completed",1,657,657,1,"data/raw/air_quality/openaq/historical/PROJ_048/so2/PROJ_048_12235462_so2_2025_10_p1_20260924T222252.json","2026-09-24T16:52:52Z","2026-09-24T16:52:52Z",200,""
7,"PROJ_048",5628,12235457,"no2","2025-09-30T18:30:00Z","2025-10-31T18:29:59Z","completed",1,654,654,1,"data/raw/air_quality/openaq/historical/PROJ_048/no2/PROJ_048_12235457_no2_2025_10_p1_20260924T222257.json","2026-09-24T16:52:57Z","2026-09-24T16:52:57Z",200,""
7,"PROJ_050",5631,12235666,"co","2025-09-30T18:30:00Z","2025-10-31T18:29:59Z","completed",1,676,676,1,"data/raw/air_quality/openaq/historical/PROJ_050/co/PROJ_050_12235666_co_2025_10_p1_20260924T222300.json","2026-09-24T16:53:01Z","2026-09-24T16:53:01Z",200,""
7,"PROJ_050",5631,12235668,"no2","2025-09-30T18:30:00Z","2025-10-31T18:29:59Z","completed",1,676,676,1,"data/raw/air_quality/openaq/historical/PROJ_050/no2/PROJ_050_12235668_no2_2025_10_p1_20260924T222305.json","2026-09-24T16:53:06Z","2026-09-24T16:53:06Z",200,""
7,"PROJ_050",5631,12235670,"pm10","2025-09-30T18:30:00Z","2025-10-31T18:29:59Z","completed",1,676,676,1,"data/raw/air_quality/openaq/historical/PROJ_050/pm10/PROJ_050_12235670_pm10_2025_10_p1_20260924T222309.json","2026-09-24T16:53:10Z","2026-09-24T16:53:10Z",200,""
7,"PROJ_050",5631,12235673,"so2","2025-09-30T18:30:00Z","2025-10-31T18:29:59Z","completed",1,676,676,1,"data/raw/air_quality/openaq/historical/PROJ_050/so2/PROJ_050_12235673_so2_2025_10_p1_20260924T222313.json","2026-09-24T16:53:13Z","2026-09-24T16:53:13Z",200,""
7,"PROJ_050",5631,12235671,"pm2_5","2025-09-30T18:30:00Z","2025-10-31T18:29:59Z","completed",1,676,676,1,"data/raw/air_quality/openaq/historical/PROJ_050/pm2_5/PROJ_050_12235671_pm2_5_2025_10_p1_20260924T222318.json","2026-09-24T16:53:19Z","2026-09-24T16:53:19Z",200,""
7,"PROJ_050",5631,12235669,"o3","2025-09-30T18:30:00Z","2025-10-31T18:29:59Z","completed",1,676,676,1,"data/raw/air_quality/openaq/historical/PROJ_050/o3/PROJ_050_12235669_o3_2025_10_p1_20260924T222323.json","2026-09-24T16:53:24Z","2026-09-24T16:53:24Z",200,""
7,"PROJ_051",5633,12234804,"pm10","2025-09-30T18:30:00Z","2025-10-31T18:29:59Z","completed",1,708,708,1,"data/raw/air_quality/openaq/historical/PROJ_051/pm10/PROJ_051_12234804_pm10_2025_10_p1_20260924T222327.json","2026-09-24T16:53:27Z","2026-09-24T16:53:27Z",200,""
7,"PROJ_051",5633,12234807,"so2","2025-09-30T18:30:00Z","2025-10-31T18:29:59Z","completed",1,708,708,1,"data/raw/air_quality/openaq/historical/PROJ_051/so2/PROJ_051_12234807_so2_2025_10_p1_20260924T222332.json","2026-09-24T16:53:32Z","2026-09-24T16:53:32Z",200,""
7,"PROJ_051",5633,12234805,"pm2_5","2025-09-30T18:30:00Z","2025-10-31T18:29:59Z","completed",1,708,708,1,"data/raw/air_quality/openaq/historical/PROJ_051/pm2_5/PROJ_051_12234805_pm2_5_2025_10_p1_20260924T222337.json","2026-09-24T16:53:37Z","2026-09-24T16:53:37Z",200,""
7,"PROJ_051",5633,12234800,"co","2025-09-30T18:30:00Z","2025-10-31T18:29:59Z","completed",1,708,708,1,"data/raw/air_quality/openaq/historical/PROJ_051/co/PROJ_051_12234800_co_2025_10_p1_20260924T222342.json","2026-09-24T16:53:43Z","2026-09-24T16:53:43Z",200,""
7,"PROJ_051",5633,12234803,"o3","2025-09-30T18:30:00Z","2025-10-31T18:29:59Z","completed",1,708,708,1,"data/raw/air_quality/openaq/historical/PROJ_051/o3/PROJ_051_12234803_o3_2025_10_p1_20260924T222347.json","2026-09-24T16:53:47Z","2026-09-24T16:53:47Z",200,""
7,"PROJ_051",5633,12234802,"no2","2025-09-30T18:30:00Z","2025-10-31T18:29:59Z","completed",1,708,708,1,"data/raw/air_quality/openaq/historical/PROJ_051/no2/PROJ_051_12234802_no2_2025_10_p1_20260924T222352.json","2026-09-24T16:53:52Z","2026-09-24T16:53:52Z",200,""
7,"PROJ_063",5659,12235521,"pm10","2025-09-30T18:30:00Z","2025-10-31T18:29:59Z","completed",1,716,716,1,"data/raw/air_quality/openaq/historical/PROJ_063/pm10/PROJ_063_12235521_pm10_2025_10_p1_20260924T222355.json","2026-09-24T16:53:56Z","2026-09-24T16:53:56Z",200,""
7,"PROJ_063",5659,12235520,"o3","2025-09-30T18:30:00Z","2025-10-31T18:29:59Z","completed",1,716,716,1,"data/raw/air_quality/openaq/historical/PROJ_063/o3/PROJ_063_12235520_o3_2025_10_p1_20260924T222400.json","2026-09-24T16:54:01Z","2026-09-24T16:54:01Z",200,""
7,"PROJ_063",5659,12235517,"co","2025-09-30T18:30:00Z","2025-10-31T18:29:59Z","completed",1,716,716,1,"data/raw/air_quality/openaq/historical/PROJ_063/co/PROJ_063_12235517_co_2025_10_p1_20260924T222404.json","2026-09-24T16:54:04Z","2026-09-24T16:54:04Z",200,""
7,"PROJ_063",5659,12235524,"so2","2025-09-30T18:30:00Z","2025-10-31T18:29:59Z","completed",1,716,716,1,"data/raw/air_quality/openaq/historical/PROJ_063/so2/PROJ_063_12235524_so2_2025_10_p1_20260924T222409.json","2026-09-24T16:54:09Z","2026-09-24T16:54:09Z",200,""
7,"PROJ_063",5659,12235519,"no2","2025-09-30T18:30:00Z","2025-10-31T18:29:59Z","completed",1,716,716,1,"data/raw/air_quality/openaq/historical/PROJ_063/no2/PROJ_063_12235519_no2_2025_10_p1_20260924T222413.json","2026-09-24T16:54:13Z","2026-09-24T16:54:13Z",200,""
7,"PROJ_063",5659,12235522,"pm2_5","2025-09-30T18:30:00Z","2025-10-31T18:29:59Z","completed",1,716,716,1,"data/raw/air_quality/openaq/historical/PROJ_063/pm2_5/PROJ_063_12235522_pm2_5_2025_10_p1_20260924T222417.json","2026-09-24T16:54:17Z","2026-09-24T16:54:17Z",200,""
7,"PROJ_092",6945,12289836,"so2","2025-09-30T18:30:00Z","2025-10-31T18:29:59Z","completed",1,610,610,1,"data/raw/air_quality/openaq/historical/PROJ_092/so2/PROJ_092_12289836_so2_2025_10_p1_20260924T222420.json","2026-09-24T16:54:21Z","2026-09-24T16:54:21Z",200,""
7,"PROJ_092",6945,12235834,"pm2_5","2025-09-30T18:30:00Z","2025-10-31T18:29:59Z","completed",1,610,610,1,"data/raw/air_quality/openaq/historical/PROJ_092/pm2_5/PROJ_092_12235834_pm2_5_2025_10_p1_20260924T222425.json","2026-09-24T16:54:26Z","2026-09-24T16:54:26Z",200,""
7,"PROJ_092",6945,12235829,"co","2025-09-30T18:30:00Z","2025-10-31T18:29:59Z","completed",1,610,610,1,"data/raw/air_quality/openaq/historical/PROJ_092/co/PROJ_092_12235829_co_2025_10_p1_20260924T222430.json","2026-09-24T16:54:30Z","2026-09-24T16:54:30Z",200,""
7,"PROJ_092",6945,12235833,"pm10","2025-09-30T18:30:00Z","2025-10-31T18:29:59Z","completed",1,610,610,1,"data/raw/air_quality/openaq/historical/PROJ_092/pm10/PROJ_092_12235833_pm10_2025_10_p1_20260924T222435.json","2026-09-24T16:54:35Z","2026-09-24T16:54:35Z",200,""
7,"PROJ_092",6945,12235831,"no2","2025-09-30T18:30:00Z","2025-10-31T18:29:59Z","completed",1,610,610,1,"data/raw/air_quality/openaq/historical/PROJ_092/no2/PROJ_092_12235831_no2_2025_10_p1_20260924T222440.json","2026-09-24T16:54:40Z","2026-09-24T16:54:40Z",200,""
7,"PROJ_092",6945,12235832,"o3","2025-09-30T18:30:00Z","2025-10-31T18:29:59Z","completed",1,610,610,1,"data/raw/air_quality/openaq/historical/PROJ_092/o3/PROJ_092_12235832_o3_2025_10_p1_20260924T222443.json","2026-09-24T16:54:44Z","2026-09-24T16:54:44Z",200,""
7,"PROJ_101",6973,12235269,"so2","2025-09-30T18:30:00Z","2025-10-31T18:29:59Z","completed",1,332,332,1,"data/raw/air_quality/openaq/historical/PROJ_101/so2/PROJ_101_12235269_so2_2025_10_p1_20260924T222447.json","2026-09-24T16:54:47Z","2026-09-24T16:54:47Z",200,""
7,"PROJ_101",6973,12235264,"no2","2025-09-30T18:30:00Z","2025-10-31T18:29:59Z","completed",1,637,637,1,"data/raw/air_quality/openaq/historical/PROJ_101/no2/PROJ_101_12235264_no2_2025_10_p1_20260924T222451.json","2026-09-24T16:54:52Z","2026-09-24T16:54:52Z",200,""
7,"PROJ_101",6973,12235266,"pm10","2025-09-30T18:30:00Z","2025-10-31T18:29:59Z","completed",1,626,626,1,"data/raw/air_quality/openaq/historical/PROJ_101/pm10/PROJ_101_12235266_pm10_2025_10_p1_20260924T222456.json","2026-09-24T16:54:56Z","2026-09-24T16:54:56Z",200,""
7,"PROJ_101",6973,12235267,"pm2_5","2025-09-30T18:30:00Z","2025-10-31T18:29:59Z","completed",1,628,628,1,"data/raw/air_quality/openaq/historical/PROJ_101/pm2_5/PROJ_101_12235267_pm2_5_2025_10_p1_20260924T222500.json","2026-09-24T16:55:01Z","2026-09-24T16:55:01Z",200,""
7,"PROJ_101",6973,12235265,"o3","2025-09-30T18:30:00Z","2025-10-31T18:29:59Z","completed",1,642,642,1,"data/raw/air_quality/openaq/historical/PROJ_101/o3/PROJ_101_12235265_o3_2025_10_p1_20260924T222505.json","2026-09-24T16:55:06Z","2026-09-24T16:55:06Z",200,""
7,"PROJ_101",6973,12235262,"co","2025-09-30T18:30:00Z","2025-10-31T18:29:59Z","completed",1,636,636,1,"data/raw/air_quality/openaq/historical/PROJ_101/co/PROJ_101_12235262_co_2025_10_p1_20260924T222510.json","2026-09-24T16:55:10Z","2026-09-24T16:55:10Z",200,""
7,"PROJ_133",10599,12236100,"o3","2025-09-30T18:30:00Z","2025-10-31T18:29:59Z","completed",1,690,690,1,"data/raw/air_quality/openaq/historical/PROJ_133/o3/PROJ_133_12236100_o3_2025_10_p1_20260924T222515.json","2026-09-24T16:55:15Z","2026-09-24T16:55:15Z",200,""
7,"PROJ_133",10599,12236101,"pm10","2025-09-30T18:30:00Z","2025-10-31T18:29:59Z","completed",1,690,690,1,"data/raw/air_quality/openaq/historical/PROJ_133/pm10/PROJ_133_12236101_pm10_2025_10_p1_20260924T222519.json","2026-09-24T16:55:19Z","2026-09-24T16:55:19Z",200,""
7,"PROJ_133",10599,12236097,"co","2025-09-30T18:30:00Z","2025-10-31T18:29:59Z","completed",1,690,690,1,"data/raw/air_quality/openaq/historical/PROJ_133/co/PROJ_133_12236097_co_2025_10_p1_20260924T222525.json","2026-09-24T16:55:25Z","2026-09-24T16:55:25Z",200,""
7,"PROJ_133",10599,12236104,"so2","2025-09-30T18:30:00Z","2025-10-31T18:29:59Z","completed",1,690,690,1,"data/raw/air_quality/openaq/historical/PROJ_133/so2/PROJ_133_12236104_so2_2025_10_p1_20260924T222529.json","2026-09-24T16:55:29Z","2026-09-24T16:55:29Z",200,""
7,"PROJ_133",10599,12236102,"pm2_5","2025-09-30T18:30:00Z","2025-10-31T18:29:59Z","completed",1,690,690,1,"data/raw/air_quality/openaq/historical/PROJ_133/pm2_5/PROJ_133_12236102_pm2_5_2025_10_p1_20260924T222533.json","2026-09-24T16:55:33Z","2026-09-24T16:55:33Z",200,""
7,"PROJ_133",10599,12236099,"no2","2025-09-30T18:30:00Z","2025-10-31T18:29:59Z","completed",1,690,690,1,"data/raw/air_quality/openaq/historical/PROJ_133/no2/PROJ_133_12236099_no2_2025_10_p1_20260924T222538.json","2026-09-24T16:55:39Z","2026-09-24T16:55:39Z",200,""
7,"PROJ_142",10903,12235758,"no2","2025-09-30T18:30:00Z","2025-10-31T18:29:59Z","completed",1,599,599,1,"data/raw/air_quality/openaq/historical/PROJ_142/no2/PROJ_142_12235758_no2_2025_10_p1_20260924T222543.json","2026-09-24T16:55:43Z","2026-09-24T16:55:43Z",200,""
7,"PROJ_142",10903,12235763,"so2","2025-09-30T18:30:00Z","2025-10-31T18:29:59Z","completed",1,599,599,1,"data/raw/air_quality/openaq/historical/PROJ_142/so2/PROJ_142_12235763_so2_2025_10_p1_20260924T222547.json","2026-09-24T16:55:47Z","2026-09-24T16:55:47Z",200,""
7,"PROJ_142",10903,12235756,"co","2025-09-30T18:30:00Z","2025-10-31T18:29:59Z","completed",1,599,599,1,"data/raw/air_quality/openaq/historical/PROJ_142/co/PROJ_142_12235756_co_2025_10_p1_20260924T222550.json","2026-09-24T16:55:51Z","2026-09-24T16:55:51Z",200,""
7,"PROJ_142",10903,12235760,"pm10","2025-09-30T18:30:00Z","2025-10-31T18:29:59Z","completed",1,599,599,1,"data/raw/air_quality/openaq/historical/PROJ_142/pm10/PROJ_142_12235760_pm10_2025_10_p1_20260924T222554.json","2026-09-24T16:55:54Z","2026-09-24T16:55:54Z",200,""
7,"PROJ_142",10903,12235759,"o3","2025-09-30T18:30:00Z","2025-10-31T18:29:59Z","completed",1,599,599,1,"data/raw/air_quality/openaq/historical/PROJ_142/o3/PROJ_142_12235759_o3_2025_10_p1_20260924T222559.json","2026-09-24T16:55:59Z","2026-09-24T16:55:59Z",200,""
7,"PROJ_142",10903,12235761,"pm2_5","2025-09-30T18:30:00Z","2025-10-31T18:29:59Z","completed",1,599,599,1,"data/raw/air_quality/openaq/historical/PROJ_142/pm2_5/PROJ_142_12235761_pm2_5_2025_10_p1_20260924T222603.json","2026-09-24T16:56:03Z","2026-09-24T16:56:03Z",200,""
7,"PROJ_144",10913,12236019,"o3","2025-09-30T18:30:00Z","2025-10-31T18:29:59Z","completed",1,701,701,1,"data/raw/air_quality/openaq/historical/PROJ_144/o3/PROJ_144_12236019_o3_2025_10_p1_20260924T222606.json","2026-09-24T16:56:07Z","2026-09-24T16:56:07Z",200,""
7,"PROJ_144",10913,12236023,"so2","2025-09-30T18:30:00Z","2025-10-31T18:29:59Z","completed",1,698,698,1,"data/raw/air_quality/openaq/historical/PROJ_144/so2/PROJ_144_12236023_so2_2025_10_p1_20260924T222611.json","2026-09-24T16:56:12Z","2026-09-24T16:56:12Z",200,""
7,"PROJ_144",10913,12236021,"pm2_5","2025-09-30T18:30:00Z","2025-10-31T18:29:59Z","completed",1,699,699,1,"data/raw/air_quality/openaq/historical/PROJ_144/pm2_5/PROJ_144_12236021_pm2_5_2025_10_p1_20260924T222615.json","2026-09-24T16:56:16Z","2026-09-24T16:56:16Z",200,""
7,"PROJ_144",10913,12236020,"pm10","2025-09-30T18:30:00Z","2025-10-31T18:29:59Z","completed",1,703,703,1,"data/raw/air_quality/openaq/historical/PROJ_144/pm10/PROJ_144_12236020_pm10_2025_10_p1_20260924T222620.json","2026-09-24T16:56:21Z","2026-09-24T16:56:21Z",200,""
7,"PROJ_144",10913,12236016,"co","2025-09-30T18:30:00Z","2025-10-31T18:29:59Z","completed",1,699,699,1,"data/raw/air_quality/openaq/historical/PROJ_144/co/PROJ_144_12236016_co_2025_10_p1_20260924T222625.json","2026-09-24T16:56:25Z","2026-09-24T16:56:25Z",200,""
7,"PROJ_144",10913,12236018,"no2","2025-09-30T18:30:00Z","2025-10-31T18:29:59Z","completed",1,702,702,1,"data/raw/air_quality/openaq/historical/PROJ_144/no2/PROJ_144_12236018_no2_2025_10_p1_20260924T222628.json","2026-09-24T16:56:29Z","2026-09-24T16:56:29Z",200,""
7,"PROJ_158",11613,12236463,"pm2_5","2025-09-30T18:30:00Z","2025-10-31T18:29:59Z","completed",1,635,635,1,"data/raw/air_quality/openaq/historical/PROJ_158/pm2_5/PROJ_158_12236463_pm2_5_2025_10_p1_20260924T222632.json","2026-09-24T16:56:32Z","2026-09-24T16:56:32Z",200,""
7,"PROJ_158",11613,12236458,"co","2025-09-30T18:30:00Z","2025-10-31T18:29:59Z","completed",1,635,635,1,"data/raw/air_quality/openaq/historical/PROJ_158/co/PROJ_158_12236458_co_2025_10_p1_20260924T222635.json","2026-09-24T16:56:36Z","2026-09-24T16:56:36Z",200,""
7,"PROJ_158",11613,12236460,"no2","2025-09-30T18:30:00Z","2025-10-31T18:29:59Z","completed",1,634,634,1,"data/raw/air_quality/openaq/historical/PROJ_158/no2/PROJ_158_12236460_no2_2025_10_p1_20260924T222639.json","2026-09-24T16:56:39Z","2026-09-24T16:56:39Z",200,""
7,"PROJ_158",11613,12236461,"o3","2025-09-30T18:30:00Z","2025-10-31T18:29:59Z","completed",1,634,634,1,"data/raw/air_quality/openaq/historical/PROJ_158/o3/PROJ_158_12236461_o3_2025_10_p1_20260924T222642.json","2026-09-24T16:56:43Z","2026-09-24T16:56:43Z",200,""
7,"PROJ_158",11613,12236465,"so2","2025-09-30T18:30:00Z","2025-10-31T18:29:59Z","completed",1,481,481,1,"data/raw/air_quality/openaq/historical/PROJ_158/so2/PROJ_158_12236465_so2_2025_10_p1_20260924T222646.json","2026-09-24T16:56:46Z","2026-09-24T16:56:46Z",200,""
7,"PROJ_158",11613,12236462,"pm10","2025-09-30T18:30:00Z","2025-10-31T18:29:59Z","completed",1,634,634,1,"data/raw/air_quality/openaq/historical/PROJ_158/pm10/PROJ_158_12236462_pm10_2025_10_p1_20260924T222649.json","2026-09-24T16:56:50Z","2026-09-24T16:56:50Z",200,""
7,"PROJ_179",344103,12237100,"so2","2025-09-30T18:30:00Z","2025-10-31T18:29:59Z","completed",1,713,713,1,"data/raw/air_quality/openaq/historical/PROJ_179/so2/PROJ_179_12237100_so2_2025_10_p1_20260924T222654.json","2026-09-24T16:56:55Z","2026-09-24T16:56:55Z",200,""
7,"PROJ_179",344103,12237093,"co","2025-09-30T18:30:00Z","2025-10-31T18:29:59Z","completed",1,713,713,1,"data/raw/air_quality/openaq/historical/PROJ_179/co/PROJ_179_12237093_co_2025_10_p1_20260924T222659.json","2026-09-24T16:57:00Z","2026-09-24T16:57:00Z",200,""
7,"PROJ_179",344103,12237096,"o3","2025-09-30T18:30:00Z","2025-10-31T18:29:59Z","completed",1,713,713,1,"data/raw/air_quality/openaq/historical/PROJ_179/o3/PROJ_179_12237096_o3_2025_10_p1_20260924T222703.json","2026-09-24T16:57:03Z","2026-09-24T16:57:03Z",200,""
7,"PROJ_179",344103,12237097,"pm10","2025-09-30T18:30:00Z","2025-10-31T18:29:59Z","completed",1,714,714,1,"data/raw/air_quality/openaq/historical/PROJ_179/pm10/PROJ_179_12237097_pm10_2025_10_p1_20260924T222707.json","2026-09-24T16:57:08Z","2026-09-24T16:57:08Z",200,""
7,"PROJ_179",344103,12237098,"pm2_5","2025-09-30T18:30:00Z","2025-10-31T18:29:59Z","completed",1,714,714,1,"data/raw/air_quality/openaq/historical/PROJ_179/pm2_5/PROJ_179_12237098_pm2_5_2025_10_p1_20260924T222712.json","2026-09-24T16:57:12Z","2026-09-24T16:57:12Z",200,""
7,"PROJ_179",344103,12237095,"no2","2025-09-30T18:30:00Z","2025-10-31T18:29:59Z","completed",1,713,713,1,"data/raw/air_quality/openaq/historical/PROJ_179/no2/PROJ_179_12237095_no2_2025_10_p1_20260924T222715.json","2026-09-24T16:57:16Z","2026-09-24T16:57:16Z",200,""
7,"PROJ_180",344104,12237125,"pm2_5","2025-09-30T18:30:00Z","2025-10-31T18:29:59Z","completed",1,625,625,1,"data/raw/air_quality/openaq/historical/PROJ_180/pm2_5/PROJ_180_12237125_pm2_5_2025_10_p1_20260924T222720.json","2026-09-24T16:57:21Z","2026-09-24T16:57:21Z",200,""
7,"PROJ_180",344104,12237122,"no2","2025-09-30T18:30:00Z","2025-10-31T18:29:59Z","completed",1,625,625,1,"data/raw/air_quality/openaq/historical/PROJ_180/no2/PROJ_180_12237122_no2_2025_10_p1_20260924T222724.json","2026-09-24T16:57:24Z","2026-09-24T16:57:24Z",200,""
7,"PROJ_180",344104,12237124,"pm10","2025-09-30T18:30:00Z","2025-10-31T18:29:59Z","completed",1,625,625,1,"data/raw/air_quality/openaq/historical/PROJ_180/pm10/PROJ_180_12237124_pm10_2025_10_p1_20260924T222727.json","2026-09-24T16:57:28Z","2026-09-24T16:57:28Z",200,""
7,"PROJ_180",344104,12237127,"so2","2025-09-30T18:30:00Z","2025-10-31T18:29:59Z","completed",1,625,625,1,"data/raw/air_quality/openaq/historical/PROJ_180/so2/PROJ_180_12237127_so2_2025_10_p1_20260924T222731.json","2026-09-24T16:57:31Z","2026-09-24T16:57:31Z",200,""
7,"PROJ_180",344104,12237123,"o3","2025-09-30T18:30:00Z","2025-10-31T18:29:59Z","completed",1,625,625,1,"data/raw/air_quality/openaq/historical/PROJ_180/o3/PROJ_180_12237123_o3_2025_10_p1_20260924T222736.json","2026-09-24T16:57:37Z","2026-09-24T16:57:37Z",200,""
7,"PROJ_180",344104,12237120,"co","2025-09-30T18:30:00Z","2025-10-31T18:29:59Z","completed",1,625,625,1,"data/raw/air_quality/openaq/historical/PROJ_180/co/PROJ_180_12237120_co_2025_10_p1_20260924T222740.json","2026-09-24T16:57:40Z","2026-09-24T16:57:40Z",200,""
7,"PROJ_181",344140,12237111,"co","2025-09-30T18:30:00Z","2025-10-31T18:29:59Z","completed",1,579,579,1,"data/raw/air_quality/openaq/historical/PROJ_181/co/PROJ_181_12237111_co_2025_10_p1_20260924T222743.json","2026-09-24T16:57:43Z","2026-09-24T16:57:43Z",200,""
7,"PROJ_181",344140,12237114,"o3","2025-09-30T18:30:00Z","2025-10-31T18:29:59Z","completed",1,579,579,1,"data/raw/air_quality/openaq/historical/PROJ_181/o3/PROJ_181_12237114_o3_2025_10_p1_20260924T222747.json","2026-09-24T16:57:48Z","2026-09-24T16:57:48Z",200,""
7,"PROJ_181",344140,12237113,"no2","2025-09-30T18:30:00Z","2025-10-31T18:29:59Z","completed",1,579,579,1,"data/raw/air_quality/openaq/historical/PROJ_181/no2/PROJ_181_12237113_no2_2025_10_p1_20260924T222751.json","2026-09-24T16:57:52Z","2026-09-24T16:57:52Z",200,""
7,"PROJ_181",344140,12237115,"pm10","2025-09-30T18:30:00Z","2025-10-31T18:29:59Z","completed",1,579,579,1,"data/raw/air_quality/openaq/historical/PROJ_181/pm10/PROJ_181_12237115_pm10_2025_10_p1_20260924T222756.json","2026-09-24T16:57:57Z","2026-09-24T16:57:57Z",200,""
7,"PROJ_181",344140,12237118,"so2","2025-09-30T18:30:00Z","2025-10-31T18:29:59Z","completed",1,579,579,1,"data/raw/air_quality/openaq/historical/PROJ_181/so2/PROJ_181_12237118_so2_2025_10_p1_20260924T222759.json","2026-09-24T16:58:00Z","2026-09-24T16:58:00Z",200,""
7,"PROJ_181",344140,12237116,"pm2_5","2025-09-30T18:30:00Z","2025-10-31T18:29:59Z","completed",1,579,579,1,"data/raw/air_quality/openaq/historical/PROJ_181/pm2_5/PROJ_181_12237116_pm2_5_2025_10_p1_20260924T222803.json","2026-09-24T16:58:03Z","2026-09-24T16:58:03Z",200,""
7,"PROJ_186",352465,12237091,"so2","2025-09-30T18:30:00Z","2025-10-31T18:29:59Z","completed",1,711,711,1,"data/raw/air_quality/openaq/historical/PROJ_186/so2/PROJ_186_12237091_so2_2025_10_p1_20260924T222808.json","2026-09-24T16:58:09Z","2026-09-24T16:58:09Z",200,""
7,"PROJ_186",352465,12237088,"pm10","2025-09-30T18:30:00Z","2025-10-31T18:29:59Z","completed",1,711,711,1,"data/raw/air_quality/openaq/historical/PROJ_186/pm10/PROJ_186_12237088_pm10_2025_10_p1_20260924T222813.json","2026-09-24T16:58:13Z","2026-09-24T16:58:13Z",200,""
7,"PROJ_186",352465,12237089,"pm2_5","2025-09-30T18:30:00Z","2025-10-31T18:29:59Z","completed",1,711,711,1,"data/raw/air_quality/openaq/historical/PROJ_186/pm2_5/PROJ_186_12237089_pm2_5_2025_10_p1_20260924T222817.json","2026-09-24T16:58:17Z","2026-09-24T16:58:17Z",200,""
7,"PROJ_186",352465,12237086,"no2","2025-09-30T18:30:00Z","2025-10-31T18:29:59Z","completed",1,711,711,1,"data/raw/air_quality/openaq/historical/PROJ_186/no2/PROJ_186_12237086_no2_2025_10_p1_20260924T222821.json","2026-09-24T16:58:21Z","2026-09-24T16:58:21Z",200,""
7,"PROJ_186",352465,12237087,"o3","2025-09-30T18:30:00Z","2025-10-31T18:29:59Z","completed",1,711,711,1,"data/raw/air_quality/openaq/historical/PROJ_186/o3/PROJ_186_12237087_o3_2025_10_p1_20260924T222826.json","2026-09-24T16:58:26Z","2026-09-24T16:58:26Z",200,""
7,"PROJ_186",352465,12237084,"co","2025-09-30T18:30:00Z","2025-10-31T18:29:59Z","completed",1,711,711,1,"data/raw/air_quality/openaq/historical/PROJ_186/co/PROJ_186_12237084_co_2025_10_p1_20260924T222830.json","2026-09-24T16:58:30Z","2026-09-24T16:58:30Z",200,""
7,"PROJ_094",6950,12235885,"o3","2025-09-30T18:30:00Z","2025-10-31T18:29:59Z","completed",1,709,709,1,"data/raw/air_quality/openaq/historical/PROJ_094/o3/PROJ_094_12235885_o3_2025_10_p1_20260924T222833.json","2026-09-24T16:58:34Z","2026-09-24T16:58:34Z",200,""
7,"PROJ_094",6950,12235889,"so2","2025-09-30T18:30:00Z","2025-10-31T18:29:59Z","completed",1,709,709,1,"data/raw/air_quality/openaq/historical/PROJ_094/so2/PROJ_094_12235889_so2_2025_10_p1_20260924T222837.json","2026-09-24T16:58:37Z","2026-09-24T16:58:37Z",200,""
7,"PROJ_094",6950,12235884,"no2","2025-09-30T18:30:00Z","2025-10-31T18:29:59Z","completed",1,709,709,1,"data/raw/air_quality/openaq/historical/PROJ_094/no2/PROJ_094_12235884_no2_2025_10_p1_20260924T222842.json","2026-09-24T16:58:42Z","2026-09-24T16:58:42Z",200,""
7,"PROJ_094",6950,12235886,"pm10","2025-09-30T18:30:00Z","2025-10-31T18:29:59Z","completed",1,709,709,1,"data/raw/air_quality/openaq/historical/PROJ_094/pm10/PROJ_094_12235886_pm10_2025_10_p1_20260924T222846.json","2026-09-24T16:58:47Z","2026-09-24T16:58:47Z",200,""
7,"PROJ_094",6950,12235882,"co","2025-09-30T18:30:00Z","2025-10-31T18:29:59Z","completed",1,709,709,1,"data/raw/air_quality/openaq/historical/PROJ_094/co/PROJ_094_12235882_co_2025_10_p1_20260924T222850.json","2026-09-24T16:58:50Z","2026-09-24T16:58:50Z",200,""
7,"PROJ_094",6950,12235887,"pm2_5","2025-09-30T18:30:00Z","2025-10-31T18:29:59Z","completed",1,709,709,1,"data/raw/air_quality/openaq/historical/PROJ_094/pm2_5/PROJ_094_12235887_pm2_5_2025_10_p1_20260924T222854.json","2026-09-24T16:58:55Z","2026-09-24T16:58:55Z",200,""
8,"PROJ_002",17,12234785,"o3","2025-10-31T18:30:00Z","2025-11-30T18:29:59Z","completed",1,681,681,1,"data/raw/air_quality/openaq/historical/PROJ_002/o3/PROJ_002_12234785_o3_2025_11_p1_20260924T222858.json","2026-09-24T16:58:58Z","2026-09-24T16:58:58Z",200,""
8,"PROJ_002",17,12234787,"pm2_5","2025-10-31T18:30:00Z","2025-11-30T18:29:59Z","completed",1,683,683,1,"data/raw/air_quality/openaq/historical/PROJ_002/pm2_5/PROJ_002_12234787_pm2_5_2025_11_p1_20260924T222903.json","2026-09-24T16:59:03Z","2026-09-24T16:59:03Z",200,""
8,"PROJ_002",17,12234784,"no2","2025-10-31T18:30:00Z","2025-11-30T18:29:59Z","completed",1,685,685,1,"data/raw/air_quality/openaq/historical/PROJ_002/no2/PROJ_002_12234784_no2_2025_11_p1_20260924T222907.json","2026-09-24T16:59:08Z","2026-09-24T16:59:08Z",200,""
8,"PROJ_002",17,12234786,"pm10","2025-10-31T18:30:00Z","2025-11-30T18:29:59Z","completed",1,671,671,1,"data/raw/air_quality/openaq/historical/PROJ_002/pm10/PROJ_002_12234786_pm10_2025_11_p1_20260924T222911.json","2026-09-24T16:59:11Z","2026-09-24T16:59:11Z",200,""
8,"PROJ_002",17,12234782,"co","2025-10-31T18:30:00Z","2025-11-30T18:29:59Z","completed",1,662,662,1,"data/raw/air_quality/openaq/historical/PROJ_002/co/PROJ_002_12234782_co_2025_11_p1_20260924T222914.json","2026-09-24T16:59:14Z","2026-09-24T16:59:14Z",200,""
8,"PROJ_002",17,12234789,"so2","2025-10-31T18:30:00Z","2025-11-30T18:29:59Z","completed",1,650,650,1,"data/raw/air_quality/openaq/historical/PROJ_002/so2/PROJ_002_12234789_so2_2025_11_p1_20260924T222917.json","2026-09-24T16:59:18Z","2026-09-24T16:59:18Z",200,""
8,"PROJ_007",407,12235585,"so2","2025-10-31T18:30:00Z","2025-11-30T18:29:59Z","completed",1,682,682,1,"data/raw/air_quality/openaq/historical/PROJ_007/so2/PROJ_007_12235585_so2_2025_11_p1_20260924T222921.json","2026-09-24T16:59:22Z","2026-09-24T16:59:22Z",200,""
8,"PROJ_007",407,12235581,"o3","2025-10-31T18:30:00Z","2025-11-30T18:29:59Z","completed",1,683,683,1,"data/raw/air_quality/openaq/historical/PROJ_007/o3/PROJ_007_12235581_o3_2025_11_p1_20260924T222927.json","2026-09-24T16:59:27Z","2026-09-24T16:59:27Z",200,""
8,"PROJ_007",407,12235578,"co","2025-10-31T18:30:00Z","2025-11-30T18:29:59Z","completed",1,682,682,1,"data/raw/air_quality/openaq/historical/PROJ_007/co/PROJ_007_12235578_co_2025_11_p1_20260924T222932.json","2026-09-24T16:59:33Z","2026-09-24T16:59:33Z",200,""
8,"PROJ_007",407,12235580,"no2","2025-10-31T18:30:00Z","2025-11-30T18:29:59Z","completed",1,683,683,1,"data/raw/air_quality/openaq/historical/PROJ_007/no2/PROJ_007_12235580_no2_2025_11_p1_20260924T222936.json","2026-09-24T16:59:36Z","2026-09-24T16:59:36Z",200,""
8,"PROJ_007",407,12235583,"pm2_5","2025-10-31T18:30:00Z","2025-11-30T18:29:59Z","completed",1,682,682,1,"data/raw/air_quality/openaq/historical/PROJ_007/pm2_5/PROJ_007_12235583_pm2_5_2025_11_p1_20260924T222941.json","2026-09-24T16:59:41Z","2026-09-24T16:59:41Z",200,""
8,"PROJ_007",407,12235582,"pm10","2025-10-31T18:30:00Z","2025-11-30T18:29:59Z","completed",1,649,649,1,"data/raw/air_quality/openaq/historical/PROJ_007/pm10/PROJ_007_12235582_pm10_2025_11_p1_20260924T222944.json","2026-09-24T16:59:45Z","2026-09-24T16:59:45Z",200,""
8,"PROJ_019",2586,12235655,"so2","2025-10-31T18:30:00Z","2025-11-30T18:29:59Z","completed",1,682,682,1,"data/raw/air_quality/openaq/historical/PROJ_019/so2/PROJ_019_12235655_so2_2025_11_p1_20260924T222949.json","2026-09-24T16:59:50Z","2026-09-24T16:59:50Z",200,""
8,"PROJ_019",2586,12235648,"co","2025-10-31T18:30:00Z","2025-11-30T18:29:59Z","completed",1,682,682,1,"data/raw/air_quality/openaq/historical/PROJ_019/co/PROJ_019_12235648_co_2025_11_p1_20260924T222954.json","2026-09-24T16:59:54Z","2026-09-24T16:59:54Z",200,""
8,"PROJ_019",2586,12235653,"pm2_5","2025-10-31T18:30:00Z","2025-11-30T18:29:59Z","completed",1,682,682,1,"data/raw/air_quality/openaq/historical/PROJ_019/pm2_5/PROJ_019_12235653_pm2_5_2025_11_p1_20260924T223001.json","2026-09-24T17:00:02Z","2026-09-24T17:00:02Z",200,""
8,"PROJ_019",2586,12235652,"pm10","2025-10-31T18:30:00Z","2025-11-30T18:29:59Z","completed",1,682,682,1,"data/raw/air_quality/openaq/historical/PROJ_019/pm10/PROJ_019_12235652_pm10_2025_11_p1_20260924T223005.json","2026-09-24T17:00:05Z","2026-09-24T17:00:05Z",200,""
8,"PROJ_019",2586,12235650,"no2","2025-10-31T18:30:00Z","2025-11-30T18:29:59Z","completed",1,682,682,1,"data/raw/air_quality/openaq/historical/PROJ_019/no2/PROJ_019_12235650_no2_2025_11_p1_20260924T223010.json","2026-09-24T17:00:10Z","2026-09-24T17:00:10Z",200,""
8,"PROJ_019",2586,12235651,"o3","2025-10-31T18:30:00Z","2025-11-30T18:29:59Z","completed",1,682,682,1,"data/raw/air_quality/openaq/historical/PROJ_019/o3/PROJ_019_12235651_o3_2025_11_p1_20260924T223014.json","2026-09-24T17:00:14Z","2026-09-24T17:00:14Z",200,""
8,"PROJ_036",5599,12235400,"pm2_5","2025-10-31T18:30:00Z","2025-11-30T18:29:59Z","completed",1,586,586,1,"data/raw/air_quality/openaq/historical/PROJ_036/pm2_5/PROJ_036_12235400_pm2_5_2025_11_p1_20260924T223019.json","2026-09-24T17:00:20Z","2026-09-24T17:00:20Z",200,""
8,"PROJ_036",5599,12235399,"pm10","2025-10-31T18:30:00Z","2025-11-30T18:29:59Z","completed",1,599,599,1,"data/raw/air_quality/openaq/historical/PROJ_036/pm10/PROJ_036_12235399_pm10_2025_11_p1_20260924T223023.json","2026-09-24T17:00:24Z","2026-09-24T17:00:24Z",200,""
8,"PROJ_036",5599,12235402,"so2","2025-10-31T18:30:00Z","2025-11-30T18:29:59Z","completed",1,663,663,1,"data/raw/air_quality/openaq/historical/PROJ_036/so2/PROJ_036_12235402_so2_2025_11_p1_20260924T223027.json","2026-09-24T17:00:28Z","2026-09-24T17:00:28Z",200,""
8,"PROJ_036",5599,12235398,"o3","2025-10-31T18:30:00Z","2025-11-30T18:29:59Z","completed",1,641,641,1,"data/raw/air_quality/openaq/historical/PROJ_036/o3/PROJ_036_12235398_o3_2025_11_p1_20260924T223031.json","2026-09-24T17:00:32Z","2026-09-24T17:00:32Z",200,""
8,"PROJ_036",5599,12235395,"co","2025-10-31T18:30:00Z","2025-11-30T18:29:59Z","completed",1,663,663,1,"data/raw/air_quality/openaq/historical/PROJ_036/co/PROJ_036_12235395_co_2025_11_p1_20260924T223035.json","2026-09-24T17:00:36Z","2026-09-24T17:00:36Z",200,""
8,"PROJ_036",5599,12235397,"no2","2025-10-31T18:30:00Z","2025-11-30T18:29:59Z","completed",1,663,663,1,"data/raw/air_quality/openaq/historical/PROJ_036/no2/PROJ_036_12235397_no2_2025_11_p1_20260924T223040.json","2026-09-24T17:00:41Z","2026-09-24T17:00:41Z",200,""
8,"PROJ_042",5621,12235625,"pm10","2025-10-31T18:30:00Z","2025-11-30T18:29:59Z","completed",1,666,666,1,"data/raw/air_quality/openaq/historical/PROJ_042/pm10/PROJ_042_12235625_pm10_2025_11_p1_20260924T223046.json","2026-09-24T17:00:46Z","2026-09-24T17:00:46Z",200,""
8,"PROJ_042",5621,12235623,"no2","2025-10-31T18:30:00Z","2025-11-30T18:29:59Z","completed",1,667,667,1,"data/raw/air_quality/openaq/historical/PROJ_042/no2/PROJ_042_12235623_no2_2025_11_p1_20260924T223049.json","2026-09-24T17:00:49Z","2026-09-24T17:00:49Z",200,""
8,"PROJ_042",5621,12235626,"pm2_5","2025-10-31T18:30:00Z","2025-11-30T18:29:59Z","completed",1,666,666,1,"data/raw/air_quality/openaq/historical/PROJ_042/pm2_5/PROJ_042_12235626_pm2_5_2025_11_p1_20260924T223054.json","2026-09-24T17:00:54Z","2026-09-24T17:00:54Z",200,""
8,"PROJ_042",5621,12235621,"co","2025-10-31T18:30:00Z","2025-11-30T18:29:59Z","completed",1,666,666,1,"data/raw/air_quality/openaq/historical/PROJ_042/co/PROJ_042_12235621_co_2025_11_p1_20260924T223059.json","2026-09-24T17:01:00Z","2026-09-24T17:01:00Z",200,""
8,"PROJ_042",5621,12235628,"so2","2025-10-31T18:30:00Z","2025-11-30T18:29:59Z","completed",1,666,666,1,"data/raw/air_quality/openaq/historical/PROJ_042/so2/PROJ_042_12235628_so2_2025_11_p1_20260924T223104.json","2026-09-24T17:01:05Z","2026-09-24T17:01:05Z",200,""
8,"PROJ_042",5621,12235624,"o3","2025-10-31T18:30:00Z","2025-11-30T18:29:59Z","completed",1,666,666,1,"data/raw/air_quality/openaq/historical/PROJ_042/o3/PROJ_042_12235624_o3_2025_11_p1_20260924T223110.json","2026-09-24T17:01:11Z","2026-09-24T17:01:11Z",200,""
8,"PROJ_044",5623,12242116,"co","2025-10-31T18:30:00Z","2025-11-30T18:29:59Z","completed",1,491,491,1,"data/raw/air_quality/openaq/historical/PROJ_044/co/PROJ_044_12242116_co_2025_11_p1_20260924T223117.json","2026-09-24T17:01:17Z","2026-09-24T17:01:17Z",200,""
8,"PROJ_044",5623,12242118,"no2","2025-10-31T18:30:00Z","2025-11-30T18:29:59Z","completed",1,491,491,1,"data/raw/air_quality/openaq/historical/PROJ_044/no2/PROJ_044_12242118_no2_2025_11_p1_20260924T223122.json","2026-09-24T17:01:22Z","2026-09-24T17:01:22Z",200,""
8,"PROJ_044",5623,12242119,"o3","2025-10-31T18:30:00Z","2025-11-30T18:29:59Z","completed",1,491,491,1,"data/raw/air_quality/openaq/historical/PROJ_044/o3/PROJ_044_12242119_o3_2025_11_p1_20260924T223126.json","2026-09-24T17:01:27Z","2026-09-24T17:01:27Z",200,""
8,"PROJ_044",5623,12242121,"pm2_5","2025-10-31T18:30:00Z","2025-11-30T18:29:59Z","completed",1,485,485,1,"data/raw/air_quality/openaq/historical/PROJ_044/pm2_5/PROJ_044_12242121_pm2_5_2025_11_p1_20260924T223130.json","2026-09-24T17:01:30Z","2026-09-24T17:01:30Z",200,""
8,"PROJ_044",5623,12242120,"pm10","2025-10-31T18:30:00Z","2025-11-30T18:29:59Z","completed",1,463,463,1,"data/raw/air_quality/openaq/historical/PROJ_044/pm10/PROJ_044_12242120_pm10_2025_11_p1_20260924T223133.json","2026-09-24T17:01:34Z","2026-09-24T17:01:34Z",200,""
8,"PROJ_044",5623,12242123,"so2","2025-10-31T18:30:00Z","2025-11-30T18:29:59Z","completed",1,491,491,1,"data/raw/air_quality/openaq/historical/PROJ_044/so2/PROJ_044_12242123_so2_2025_11_p1_20260924T223137.json","2026-09-24T17:01:37Z","2026-09-24T17:01:37Z",200,""
8,"PROJ_048",5628,12235460,"pm2_5","2025-10-31T18:30:00Z","2025-11-30T18:29:59Z","completed",1,604,604,1,"data/raw/air_quality/openaq/historical/PROJ_048/pm2_5/PROJ_048_12235460_pm2_5_2025_11_p1_20260924T223142.json","2026-09-24T17:01:42Z","2026-09-24T17:01:42Z",200,""
8,"PROJ_048",5628,12235458,"o3","2025-10-31T18:30:00Z","2025-11-30T18:29:59Z","completed",1,607,607,1,"data/raw/air_quality/openaq/historical/PROJ_048/o3/PROJ_048_12235458_o3_2025_11_p1_20260924T223146.json","2026-09-24T17:01:47Z","2026-09-24T17:01:47Z",200,""
8,"PROJ_048",5628,12235455,"co","2025-10-31T18:30:00Z","2025-11-30T18:29:59Z","completed",1,522,522,1,"data/raw/air_quality/openaq/historical/PROJ_048/co/PROJ_048_12235455_co_2025_11_p1_20260924T223150.json","2026-09-24T17:01:51Z","2026-09-24T17:01:51Z",200,""
8,"PROJ_048",5628,12235459,"pm10","2025-10-31T18:30:00Z","2025-11-30T18:29:59Z","completed",1,597,597,1,"data/raw/air_quality/openaq/historical/PROJ_048/pm10/PROJ_048_12235459_pm10_2025_11_p1_20260924T223154.json","2026-09-24T17:01:55Z","2026-09-24T17:01:55Z",200,""
8,"PROJ_048",5628,12235462,"so2","2025-10-31T18:30:00Z","2025-11-30T18:29:59Z","completed",1,606,606,1,"data/raw/air_quality/openaq/historical/PROJ_048/so2/PROJ_048_12235462_so2_2025_11_p1_20260924T223200.json","2026-09-24T17:02:00Z","2026-09-24T17:02:00Z",200,""
8,"PROJ_048",5628,12235457,"no2","2025-10-31T18:30:00Z","2025-11-30T18:29:59Z","completed",1,601,601,1,"data/raw/air_quality/openaq/historical/PROJ_048/no2/PROJ_048_12235457_no2_2025_11_p1_20260924T223203.json","2026-09-24T17:02:04Z","2026-09-24T17:02:04Z",200,""
8,"PROJ_050",5631,12235666,"co","2025-10-31T18:30:00Z","2025-11-30T18:29:59Z","completed",1,661,661,1,"data/raw/air_quality/openaq/historical/PROJ_050/co/PROJ_050_12235666_co_2025_11_p1_20260924T223207.json","2026-09-24T17:02:07Z","2026-09-24T17:02:07Z",200,""
8,"PROJ_050",5631,12235668,"no2","2025-10-31T18:30:00Z","2025-11-30T18:29:59Z","completed",1,661,661,1,"data/raw/air_quality/openaq/historical/PROJ_050/no2/PROJ_050_12235668_no2_2025_11_p1_20260924T223210.json","2026-09-24T17:02:10Z","2026-09-24T17:02:10Z",200,""
8,"PROJ_050",5631,12235670,"pm10","2025-10-31T18:30:00Z","2025-11-30T18:29:59Z","completed",1,661,661,1,"data/raw/air_quality/openaq/historical/PROJ_050/pm10/PROJ_050_12235670_pm10_2025_11_p1_20260924T223215.json","2026-09-24T17:02:15Z","2026-09-24T17:02:15Z",200,""
8,"PROJ_050",5631,12235673,"so2","2025-10-31T18:30:00Z","2025-11-30T18:29:59Z","completed",1,661,661,1,"data/raw/air_quality/openaq/historical/PROJ_050/so2/PROJ_050_12235673_so2_2025_11_p1_20260924T223218.json","2026-09-24T17:02:19Z","2026-09-24T17:02:19Z",200,""
8,"PROJ_050",5631,12235671,"pm2_5","2025-10-31T18:30:00Z","2025-11-30T18:29:59Z","completed",1,661,661,1,"data/raw/air_quality/openaq/historical/PROJ_050/pm2_5/PROJ_050_12235671_pm2_5_2025_11_p1_20260924T223223.json","2026-09-24T17:02:23Z","2026-09-24T17:02:23Z",200,""
8,"PROJ_050",5631,12235669,"o3","2025-10-31T18:30:00Z","2025-11-30T18:29:59Z","completed",1,661,661,1,"data/raw/air_quality/openaq/historical/PROJ_050/o3/PROJ_050_12235669_o3_2025_11_p1_20260924T223228.json","2026-09-24T17:02:28Z","2026-09-24T17:02:28Z",200,""
8,"PROJ_051",5633,12234804,"pm10","2025-10-31T18:30:00Z","2025-11-30T18:29:59Z","completed",1,661,661,1,"data/raw/air_quality/openaq/historical/PROJ_051/pm10/PROJ_051_12234804_pm10_2025_11_p1_20260924T223233.json","2026-09-24T17:02:34Z","2026-09-24T17:02:34Z",200,""
8,"PROJ_051",5633,12234807,"so2","2025-10-31T18:30:00Z","2025-11-30T18:29:59Z","completed",1,661,661,1,"data/raw/air_quality/openaq/historical/PROJ_051/so2/PROJ_051_12234807_so2_2025_11_p1_20260924T223237.json","2026-09-24T17:02:37Z","2026-09-24T17:02:37Z",200,""
8,"PROJ_051",5633,12234805,"pm2_5","2025-10-31T18:30:00Z","2025-11-30T18:29:59Z","completed",1,661,661,1,"data/raw/air_quality/openaq/historical/PROJ_051/pm2_5/PROJ_051_12234805_pm2_5_2025_11_p1_20260924T223242.json","2026-09-24T17:02:42Z","2026-09-24T17:02:42Z",200,""
8,"PROJ_051",5633,12234800,"co","2025-10-31T18:30:00Z","2025-11-30T18:29:59Z","completed",1,661,661,1,"data/raw/air_quality/openaq/historical/PROJ_051/co/PROJ_051_12234800_co_2025_11_p1_20260924T223245.json","2026-09-24T17:02:45Z","2026-09-24T17:02:45Z",200,""
8,"PROJ_051",5633,12234803,"o3","2025-10-31T18:30:00Z","2025-11-30T18:29:59Z","completed",1,661,661,1,"data/raw/air_quality/openaq/historical/PROJ_051/o3/PROJ_051_12234803_o3_2025_11_p1_20260924T223250.json","2026-09-24T17:02:50Z","2026-09-24T17:02:50Z",200,""
8,"PROJ_051",5633,12234802,"no2","2025-10-31T18:30:00Z","2025-11-30T18:29:59Z","completed",1,662,662,1,"data/raw/air_quality/openaq/historical/PROJ_051/no2/PROJ_051_12234802_no2_2025_11_p1_20260924T223255.json","2026-09-24T17:02:55Z","2026-09-24T17:02:55Z",200,""
8,"PROJ_063",5659,12235521,"pm10","2025-10-31T18:30:00Z","2025-11-30T18:29:59Z","completed",1,657,657,1,"data/raw/air_quality/openaq/historical/PROJ_063/pm10/PROJ_063_12235521_pm10_2025_11_p1_20260924T223259.json","2026-09-24T17:03:00Z","2026-09-24T17:03:00Z",200,""
8,"PROJ_063",5659,12235520,"o3","2025-10-31T18:30:00Z","2025-11-30T18:29:59Z","completed",1,657,657,1,"data/raw/air_quality/openaq/historical/PROJ_063/o3/PROJ_063_12235520_o3_2025_11_p1_20260924T223303.json","2026-09-24T17:03:03Z","2026-09-24T17:03:03Z",200,""
8,"PROJ_063",5659,12235517,"co","2025-10-31T18:30:00Z","2025-11-30T18:29:59Z","completed",1,657,657,1,"data/raw/air_quality/openaq/historical/PROJ_063/co/PROJ_063_12235517_co_2025_11_p1_20260924T223308.json","2026-09-24T17:03:08Z","2026-09-24T17:03:08Z",200,""
8,"PROJ_063",5659,12235524,"so2","2025-10-31T18:30:00Z","2025-11-30T18:29:59Z","completed",1,657,657,1,"data/raw/air_quality/openaq/historical/PROJ_063/so2/PROJ_063_12235524_so2_2025_11_p1_20260924T223312.json","2026-09-24T17:03:13Z","2026-09-24T17:03:13Z",200,""
8,"PROJ_063",5659,12235519,"no2","2025-10-31T18:30:00Z","2025-11-30T18:29:59Z","completed",1,657,657,1,"data/raw/air_quality/openaq/historical/PROJ_063/no2/PROJ_063_12235519_no2_2025_11_p1_20260924T223316.json","2026-09-24T17:03:16Z","2026-09-24T17:03:16Z",200,""
8,"PROJ_063",5659,12235522,"pm2_5","2025-10-31T18:30:00Z","2025-11-30T18:29:59Z","completed",1,657,657,1,"data/raw/air_quality/openaq/historical/PROJ_063/pm2_5/PROJ_063_12235522_pm2_5_2025_11_p1_20260924T223320.json","2026-09-24T17:03:20Z","2026-09-24T17:03:20Z",200,""
8,"PROJ_092",6945,12289836,"so2","2025-10-31T18:30:00Z","2025-11-30T18:29:59Z","completed",1,653,653,1,"data/raw/air_quality/openaq/historical/PROJ_092/so2/PROJ_092_12289836_so2_2025_11_p1_20260924T223324.json","2026-09-24T17:03:24Z","2026-09-24T17:03:24Z",200,""
8,"PROJ_092",6945,12235834,"pm2_5","2025-10-31T18:30:00Z","2025-11-30T18:29:59Z","completed",1,657,657,1,"data/raw/air_quality/openaq/historical/PROJ_092/pm2_5/PROJ_092_12235834_pm2_5_2025_11_p1_20260924T223328.json","2026-09-24T17:03:29Z","2026-09-24T17:03:29Z",200,""
8,"PROJ_092",6945,12235829,"co","2025-10-31T18:30:00Z","2025-11-30T18:29:59Z","completed",1,653,653,1,"data/raw/air_quality/openaq/historical/PROJ_092/co/PROJ_092_12235829_co_2025_11_p1_20260924T223333.json","2026-09-24T17:03:33Z","2026-09-24T17:03:33Z",200,""
8,"PROJ_092",6945,12235833,"pm10","2025-10-31T18:30:00Z","2025-11-30T18:29:59Z","completed",1,654,654,1,"data/raw/air_quality/openaq/historical/PROJ_092/pm10/PROJ_092_12235833_pm10_2025_11_p1_20260924T223336.json","2026-09-24T17:03:37Z","2026-09-24T17:03:37Z",200,""
8,"PROJ_092",6945,12235831,"no2","2025-10-31T18:30:00Z","2025-11-30T18:29:59Z","completed",1,656,656,1,"data/raw/air_quality/openaq/historical/PROJ_092/no2/PROJ_092_12235831_no2_2025_11_p1_20260924T223340.json","2026-09-24T17:03:40Z","2026-09-24T17:03:40Z",200,""
8,"PROJ_092",6945,12235832,"o3","2025-10-31T18:30:00Z","2025-11-30T18:29:59Z","completed",1,653,653,1,"data/raw/air_quality/openaq/historical/PROJ_092/o3/PROJ_092_12235832_o3_2025_11_p1_20260924T223343.json","2026-09-24T17:03:43Z","2026-09-24T17:03:43Z",200,""
8,"PROJ_101",6973,12235269,"so2","2025-10-31T18:30:00Z","2025-11-30T18:29:59Z","completed",1,509,509,1,"data/raw/air_quality/openaq/historical/PROJ_101/so2/PROJ_101_12235269_so2_2025_11_p1_20260924T223348.json","2026-09-24T17:03:48Z","2026-09-24T17:03:48Z",200,""
8,"PROJ_101",6973,12235264,"no2","2025-10-31T18:30:00Z","2025-11-30T18:29:59Z","completed",1,587,587,1,"data/raw/air_quality/openaq/historical/PROJ_101/no2/PROJ_101_12235264_no2_2025_11_p1_20260924T223352.json","2026-09-24T17:03:53Z","2026-09-24T17:03:53Z",200,""
8,"PROJ_101",6973,12235266,"pm10","2025-10-31T18:30:00Z","2025-11-30T18:29:59Z","completed",1,587,587,1,"data/raw/air_quality/openaq/historical/PROJ_101/pm10/PROJ_101_12235266_pm10_2025_11_p1_20260924T223355.json","2026-09-24T17:03:56Z","2026-09-24T17:03:56Z",200,""
8,"PROJ_101",6973,12235267,"pm2_5","2025-10-31T18:30:00Z","2025-11-30T18:29:59Z","completed",1,598,598,1,"data/raw/air_quality/openaq/historical/PROJ_101/pm2_5/PROJ_101_12235267_pm2_5_2025_11_p1_20260924T223400.json","2026-09-24T17:04:00Z","2026-09-24T17:04:00Z",200,""
8,"PROJ_101",6973,12235265,"o3","2025-10-31T18:30:00Z","2025-11-30T18:29:59Z","completed",1,579,579,1,"data/raw/air_quality/openaq/historical/PROJ_101/o3/PROJ_101_12235265_o3_2025_11_p1_20260924T223405.json","2026-09-24T17:04:05Z","2026-09-24T17:04:05Z",200,""
8,"PROJ_101",6973,12235262,"co","2025-10-31T18:30:00Z","2025-11-30T18:29:59Z","completed",1,582,582,1,"data/raw/air_quality/openaq/historical/PROJ_101/co/PROJ_101_12235262_co_2025_11_p1_20260924T223410.json","2026-09-24T17:04:10Z","2026-09-24T17:04:10Z",200,""
8,"PROJ_133",10599,12236100,"o3","2025-10-31T18:30:00Z","2025-11-30T18:29:59Z","completed",1,677,677,1,"data/raw/air_quality/openaq/historical/PROJ_133/o3/PROJ_133_12236100_o3_2025_11_p1_20260924T223415.json","2026-09-24T17:04:15Z","2026-09-24T17:04:15Z",200,""
8,"PROJ_133",10599,12236101,"pm10","2025-10-31T18:30:00Z","2025-11-30T18:29:59Z","completed",1,677,677,1,"data/raw/air_quality/openaq/historical/PROJ_133/pm10/PROJ_133_12236101_pm10_2025_11_p1_20260924T223419.json","2026-09-24T17:04:19Z","2026-09-24T17:04:19Z",200,""
8,"PROJ_133",10599,12236097,"co","2025-10-31T18:30:00Z","2025-11-30T18:29:59Z","completed",1,677,677,1,"data/raw/air_quality/openaq/historical/PROJ_133/co/PROJ_133_12236097_co_2025_11_p1_20260924T223424.json","2026-09-24T17:04:24Z","2026-09-24T17:04:24Z",200,""
8,"PROJ_133",10599,12236104,"so2","2025-10-31T18:30:00Z","2025-11-30T18:29:59Z","completed",1,677,677,1,"data/raw/air_quality/openaq/historical/PROJ_133/so2/PROJ_133_12236104_so2_2025_11_p1_20260924T223428.json","2026-09-24T17:04:28Z","2026-09-24T17:04:28Z",200,""
8,"PROJ_133",10599,12236102,"pm2_5","2025-10-31T18:30:00Z","2025-11-30T18:29:59Z","completed",1,677,677,1,"data/raw/air_quality/openaq/historical/PROJ_133/pm2_5/PROJ_133_12236102_pm2_5_2025_11_p1_20260924T223431.json","2026-09-24T17:04:32Z","2026-09-24T17:04:32Z",200,""
8,"PROJ_133",10599,12236099,"no2","2025-10-31T18:30:00Z","2025-11-30T18:29:59Z","completed",1,677,677,1,"data/raw/air_quality/openaq/historical/PROJ_133/no2/PROJ_133_12236099_no2_2025_11_p1_20260924T223436.json","2026-09-24T17:04:37Z","2026-09-24T17:04:37Z",200,""
8,"PROJ_142",10903,12235758,"no2","2025-10-31T18:30:00Z","2025-11-30T18:29:59Z","completed",1,671,671,1,"data/raw/air_quality/openaq/historical/PROJ_142/no2/PROJ_142_12235758_no2_2025_11_p1_20260924T223440.json","2026-09-24T17:04:41Z","2026-09-24T17:04:41Z",200,""
8,"PROJ_142",10903,12235763,"so2","2025-10-31T18:30:00Z","2025-11-30T18:29:59Z","completed",1,671,671,1,"data/raw/air_quality/openaq/historical/PROJ_142/so2/PROJ_142_12235763_so2_2025_11_p1_20260924T223444.json","2026-09-24T17:04:44Z","2026-09-24T17:04:44Z",200,""
8,"PROJ_142",10903,12235756,"co","2025-10-31T18:30:00Z","2025-11-30T18:29:59Z","completed",1,671,671,1,"data/raw/air_quality/openaq/historical/PROJ_142/co/PROJ_142_12235756_co_2025_11_p1_20260924T223448.json","2026-09-24T17:04:49Z","2026-09-24T17:04:49Z",200,""
8,"PROJ_142",10903,12235760,"pm10","2025-10-31T18:30:00Z","2025-11-30T18:29:59Z","completed",1,671,671,1,"data/raw/air_quality/openaq/historical/PROJ_142/pm10/PROJ_142_12235760_pm10_2025_11_p1_20260924T223452.json","2026-09-24T17:04:53Z","2026-09-24T17:04:53Z",200,""
8,"PROJ_142",10903,12235759,"o3","2025-10-31T18:30:00Z","2025-11-30T18:29:59Z","completed",1,671,671,1,"data/raw/air_quality/openaq/historical/PROJ_142/o3/PROJ_142_12235759_o3_2025_11_p1_20260924T223456.json","2026-09-24T17:04:56Z","2026-09-24T17:04:56Z",200,""
8,"PROJ_142",10903,12235761,"pm2_5","2025-10-31T18:30:00Z","2025-11-30T18:29:59Z","completed",1,671,671,1,"data/raw/air_quality/openaq/historical/PROJ_142/pm2_5/PROJ_142_12235761_pm2_5_2025_11_p1_20260924T223501.json","2026-09-24T17:05:01Z","2026-09-24T17:05:01Z",200,""
8,"PROJ_144",10913,12236019,"o3","2025-10-31T18:30:00Z","2025-11-30T18:29:59Z","completed",1,664,664,1,"data/raw/air_quality/openaq/historical/PROJ_144/o3/PROJ_144_12236019_o3_2025_11_p1_20260924T223506.json","2026-09-24T17:05:06Z","2026-09-24T17:05:06Z",200,""
8,"PROJ_144",10913,12236023,"so2","2025-10-31T18:30:00Z","2025-11-30T18:29:59Z","completed",1,661,661,1,"data/raw/air_quality/openaq/historical/PROJ_144/so2/PROJ_144_12236023_so2_2025_11_p1_20260924T223511.json","2026-09-24T17:05:11Z","2026-09-24T17:05:11Z",200,""
8,"PROJ_144",10913,12236021,"pm2_5","2025-10-31T18:30:00Z","2025-11-30T18:29:59Z","completed",1,575,575,1,"data/raw/air_quality/openaq/historical/PROJ_144/pm2_5/PROJ_144_12236021_pm2_5_2025_11_p1_20260924T223514.json","2026-09-24T17:05:14Z","2026-09-24T17:05:14Z",200,""
8,"PROJ_144",10913,12236020,"pm10","2025-10-31T18:30:00Z","2025-11-30T18:29:59Z","completed",1,575,575,1,"data/raw/air_quality/openaq/historical/PROJ_144/pm10/PROJ_144_12236020_pm10_2025_11_p1_20260924T223518.json","2026-09-24T17:05:18Z","2026-09-24T17:05:18Z",200,""
8,"PROJ_144",10913,12236016,"co","2025-10-31T18:30:00Z","2025-11-30T18:29:59Z","completed",1,663,663,1,"data/raw/air_quality/openaq/historical/PROJ_144/co/PROJ_144_12236016_co_2025_11_p1_20260924T223523.json","2026-09-24T17:05:23Z","2026-09-24T17:05:23Z",200,""
8,"PROJ_144",10913,12236018,"no2","2025-10-31T18:30:00Z","2025-11-30T18:29:59Z","completed",1,664,664,1,"data/raw/air_quality/openaq/historical/PROJ_144/no2/PROJ_144_12236018_no2_2025_11_p1_20260924T223527.json","2026-09-24T17:05:27Z","2026-09-24T17:05:27Z",200,""
8,"PROJ_158",11613,12236463,"pm2_5","2025-10-31T18:30:00Z","2025-11-30T18:29:59Z","completed",1,685,685,1,"data/raw/air_quality/openaq/historical/PROJ_158/pm2_5/PROJ_158_12236463_pm2_5_2025_11_p1_20260924T223532.json","2026-09-24T17:05:32Z","2026-09-24T17:05:32Z",200,""
8,"PROJ_158",11613,12236458,"co","2025-10-31T18:30:00Z","2025-11-30T18:29:59Z","completed",1,684,684,1,"data/raw/air_quality/openaq/historical/PROJ_158/co/PROJ_158_12236458_co_2025_11_p1_20260924T223535.json","2026-09-24T17:05:36Z","2026-09-24T17:05:36Z",200,""
8,"PROJ_158",11613,12236460,"no2","2025-10-31T18:30:00Z","2025-11-30T18:29:59Z","completed",1,685,685,1,"data/raw/air_quality/openaq/historical/PROJ_158/no2/PROJ_158_12236460_no2_2025_11_p1_20260924T223539.json","2026-09-24T17:05:40Z","2026-09-24T17:05:40Z",200,""
8,"PROJ_158",11613,12236461,"o3","2025-10-31T18:30:00Z","2025-11-30T18:29:59Z","completed",1,686,686,1,"data/raw/air_quality/openaq/historical/PROJ_158/o3/PROJ_158_12236461_o3_2025_11_p1_20260924T223544.json","2026-09-24T17:05:44Z","2026-09-24T17:05:44Z",200,""
8,"PROJ_158",11613,12236465,"so2","2025-10-31T18:30:00Z","2025-11-30T18:29:59Z","completed",1,685,685,1,"data/raw/air_quality/openaq/historical/PROJ_158/so2/PROJ_158_12236465_so2_2025_11_p1_20260924T223548.json","2026-09-24T17:05:48Z","2026-09-24T17:05:48Z",200,""
8,"PROJ_158",11613,12236462,"pm10","2025-10-31T18:30:00Z","2025-11-30T18:29:59Z","completed",1,685,685,1,"data/raw/air_quality/openaq/historical/PROJ_158/pm10/PROJ_158_12236462_pm10_2025_11_p1_20260924T223555.json","2026-09-24T17:05:56Z","2026-09-24T17:05:56Z",200,""
8,"PROJ_179",344103,12237100,"so2","2025-10-31T18:30:00Z","2025-11-30T18:29:59Z","completed",1,625,625,1,"data/raw/air_quality/openaq/historical/PROJ_179/so2/PROJ_179_12237100_so2_2025_11_p1_20260924T223559.json","2026-09-24T17:05:59Z","2026-09-24T17:05:59Z",200,""
8,"PROJ_179",344103,12237093,"co","2025-10-31T18:30:00Z","2025-11-30T18:29:59Z","completed",1,625,625,1,"data/raw/air_quality/openaq/historical/PROJ_179/co/PROJ_179_12237093_co_2025_11_p1_20260924T223606.json","2026-09-24T17:06:06Z","2026-09-24T17:06:06Z",200,""
8,"PROJ_179",344103,12237096,"o3","2025-10-31T18:30:00Z","2025-11-30T18:29:59Z","completed",1,625,625,1,"data/raw/air_quality/openaq/historical/PROJ_179/o3/PROJ_179_12237096_o3_2025_11_p1_20260924T223611.json","2026-09-24T17:06:11Z","2026-09-24T17:06:11Z",200,""
8,"PROJ_179",344103,12237097,"pm10","2025-10-31T18:30:00Z","2025-11-30T18:29:59Z","completed",1,625,625,1,"data/raw/air_quality/openaq/historical/PROJ_179/pm10/PROJ_179_12237097_pm10_2025_11_p1_20260924T223616.json","2026-09-24T17:06:16Z","2026-09-24T17:06:16Z",200,""
8,"PROJ_179",344103,12237098,"pm2_5","2025-10-31T18:30:00Z","2025-11-30T18:29:59Z","completed",1,625,625,1,"data/raw/air_quality/openaq/historical/PROJ_179/pm2_5/PROJ_179_12237098_pm2_5_2025_11_p1_20260924T223620.json","2026-09-24T17:06:21Z","2026-09-24T17:06:21Z",200,""
8,"PROJ_179",344103,12237095,"no2","2025-10-31T18:30:00Z","2025-11-30T18:29:59Z","completed",1,625,625,1,"data/raw/air_quality/openaq/historical/PROJ_179/no2/PROJ_179_12237095_no2_2025_11_p1_20260924T223624.json","2026-09-24T17:06:24Z","2026-09-24T17:06:24Z",200,""
8,"PROJ_180",344104,12237125,"pm2_5","2025-10-31T18:30:00Z","2025-11-30T18:29:59Z","completed",1,672,672,1,"data/raw/air_quality/openaq/historical/PROJ_180/pm2_5/PROJ_180_12237125_pm2_5_2025_11_p1_20260924T223628.json","2026-09-24T17:06:28Z","2026-09-24T17:06:28Z",200,""
8,"PROJ_180",344104,12237122,"no2","2025-10-31T18:30:00Z","2025-11-30T18:29:59Z","completed",1,672,672,1,"data/raw/air_quality/openaq/historical/PROJ_180/no2/PROJ_180_12237122_no2_2025_11_p1_20260924T223631.json","2026-09-24T17:06:32Z","2026-09-24T17:06:32Z",200,""
8,"PROJ_180",344104,12237124,"pm10","2025-10-31T18:30:00Z","2025-11-30T18:29:59Z","completed",1,672,672,1,"data/raw/air_quality/openaq/historical/PROJ_180/pm10/PROJ_180_12237124_pm10_2025_11_p1_20260924T223636.json","2026-09-24T17:06:36Z","2026-09-24T17:06:36Z",200,""
8,"PROJ_180",344104,12237127,"so2","2025-10-31T18:30:00Z","2025-11-30T18:29:59Z","completed",1,672,672,1,"data/raw/air_quality/openaq/historical/PROJ_180/so2/PROJ_180_12237127_so2_2025_11_p1_20260924T223641.json","2026-09-24T17:06:41Z","2026-09-24T17:06:41Z",200,""
8,"PROJ_180",344104,12237123,"o3","2025-10-31T18:30:00Z","2025-11-30T18:29:59Z","completed",1,672,672,1,"data/raw/air_quality/openaq/historical/PROJ_180/o3/PROJ_180_12237123_o3_2025_11_p1_20260924T223644.json","2026-09-24T17:06:44Z","2026-09-24T17:06:44Z",200,""
8,"PROJ_180",344104,12237120,"co","2025-10-31T18:30:00Z","2025-11-30T18:29:59Z","completed",1,672,672,1,"data/raw/air_quality/openaq/historical/PROJ_180/co/PROJ_180_12237120_co_2025_11_p1_20260924T223649.json","2026-09-24T17:06:49Z","2026-09-24T17:06:49Z",200,""
8,"PROJ_181",344140,12237111,"co","2025-10-31T18:30:00Z","2025-11-30T18:29:59Z","completed",1,659,659,1,"data/raw/air_quality/openaq/historical/PROJ_181/co/PROJ_181_12237111_co_2025_11_p1_20260924T223653.json","2026-09-24T17:06:54Z","2026-09-24T17:06:54Z",200,""
8,"PROJ_181",344140,12237114,"o3","2025-10-31T18:30:00Z","2025-11-30T18:29:59Z","completed",1,659,659,1,"data/raw/air_quality/openaq/historical/PROJ_181/o3/PROJ_181_12237114_o3_2025_11_p1_20260924T223657.json","2026-09-24T17:06:57Z","2026-09-24T17:06:57Z",200,""
8,"PROJ_181",344140,12237113,"no2","2025-10-31T18:30:00Z","2025-11-30T18:29:59Z","completed",1,659,659,1,"data/raw/air_quality/openaq/historical/PROJ_181/no2/PROJ_181_12237113_no2_2025_11_p1_20260924T223701.json","2026-09-24T17:07:02Z","2026-09-24T17:07:02Z",200,""
8,"PROJ_181",344140,12237115,"pm10","2025-10-31T18:30:00Z","2025-11-30T18:29:59Z","completed",1,660,660,1,"data/raw/air_quality/openaq/historical/PROJ_181/pm10/PROJ_181_12237115_pm10_2025_11_p1_20260924T223707.json","2026-09-24T17:07:07Z","2026-09-24T17:07:07Z",200,""
8,"PROJ_181",344140,12237118,"so2","2025-10-31T18:30:00Z","2025-11-30T18:29:59Z","completed",1,659,659,1,"data/raw/air_quality/openaq/historical/PROJ_181/so2/PROJ_181_12237118_so2_2025_11_p1_20260924T223711.json","2026-09-24T17:07:11Z","2026-09-24T17:07:11Z",200,""
8,"PROJ_181",344140,12237116,"pm2_5","2025-10-31T18:30:00Z","2025-11-30T18:29:59Z","completed",1,660,660,1,"data/raw/air_quality/openaq/historical/PROJ_181/pm2_5/PROJ_181_12237116_pm2_5_2025_11_p1_20260924T223714.json","2026-09-24T17:07:14Z","2026-09-24T17:07:14Z",200,""
8,"PROJ_186",352465,12237091,"so2","2025-10-31T18:30:00Z","2025-11-30T18:29:59Z","completed",1,675,675,1,"data/raw/air_quality/openaq/historical/PROJ_186/so2/PROJ_186_12237091_so2_2025_11_p1_20260924T223717.json","2026-09-24T17:07:18Z","2026-09-24T17:07:18Z",200,""
8,"PROJ_186",352465,12237088,"pm10","2025-10-31T18:30:00Z","2025-11-30T18:29:59Z","completed",1,675,675,1,"data/raw/air_quality/openaq/historical/PROJ_186/pm10/PROJ_186_12237088_pm10_2025_11_p1_20260924T223722.json","2026-09-24T17:07:22Z","2026-09-24T17:07:22Z",200,""
8,"PROJ_186",352465,12237089,"pm2_5","2025-10-31T18:30:00Z","2025-11-30T18:29:59Z","completed",1,675,675,1,"data/raw/air_quality/openaq/historical/PROJ_186/pm2_5/PROJ_186_12237089_pm2_5_2025_11_p1_20260924T223727.json","2026-09-24T17:07:27Z","2026-09-24T17:07:27Z",200,""
8,"PROJ_186",352465,12237086,"no2","2025-10-31T18:30:00Z","2025-11-30T18:29:59Z","completed",1,675,675,1,"data/raw/air_quality/openaq/historical/PROJ_186/no2/PROJ_186_12237086_no2_2025_11_p1_20260924T223731.json","2026-09-24T17:07:31Z","2026-09-24T17:07:31Z",200,""
8,"PROJ_186",352465,12237087,"o3","2025-10-31T18:30:00Z","2025-11-30T18:29:59Z","completed",1,675,675,1,"data/raw/air_quality/openaq/historical/PROJ_186/o3/PROJ_186_12237087_o3_2025_11_p1_20260924T223734.json","2026-09-24T17:07:35Z","2026-09-24T17:07:35Z",200,""
8,"PROJ_186",352465,12237084,"co","2025-10-31T18:30:00Z","2025-11-30T18:29:59Z","completed",1,675,675,1,"data/raw/air_quality/openaq/historical/PROJ_186/co/PROJ_186_12237084_co_2025_11_p1_20260924T223739.json","2026-09-24T17:07:40Z","2026-09-24T17:07:40Z",200,""
8,"PROJ_094",6950,12235885,"o3","2025-10-31T18:30:00Z","2025-11-30T18:29:59Z","completed",1,684,684,1,"data/raw/air_quality/openaq/historical/PROJ_094/o3/PROJ_094_12235885_o3_2025_11_p1_20260924T223743.json","2026-09-24T17:07:43Z","2026-09-24T17:07:43Z",200,""
8,"PROJ_094",6950,12235889,"so2","2025-10-31T18:30:00Z","2025-11-30T18:29:59Z","completed",1,684,684,1,"data/raw/air_quality/openaq/historical/PROJ_094/so2/PROJ_094_12235889_so2_2025_11_p1_20260924T223747.json","2026-09-24T17:07:48Z","2026-09-24T17:07:48Z",200,""
8,"PROJ_094",6950,12235884,"no2","2025-10-31T18:30:00Z","2025-11-30T18:29:59Z","completed",1,684,684,1,"data/raw/air_quality/openaq/historical/PROJ_094/no2/PROJ_094_12235884_no2_2025_11_p1_20260924T223752.json","2026-09-24T17:07:52Z","2026-09-24T17:07:52Z",200,""
8,"PROJ_094",6950,12235886,"pm10","2025-10-31T18:30:00Z","2025-11-30T18:29:59Z","completed",1,684,684,1,"data/raw/air_quality/openaq/historical/PROJ_094/pm10/PROJ_094_12235886_pm10_2025_11_p1_20260924T223756.json","2026-09-24T17:07:56Z","2026-09-24T17:07:56Z",200,""
8,"PROJ_094",6950,12235882,"co","2025-10-31T18:30:00Z","2025-11-30T18:29:59Z","completed",1,684,684,1,"data/raw/air_quality/openaq/historical/PROJ_094/co/PROJ_094_12235882_co_2025_11_p1_20260924T223759.json","2026-09-24T17:08:00Z","2026-09-24T17:08:00Z",200,""
8,"PROJ_094",6950,12235887,"pm2_5","2025-10-31T18:30:00Z","2025-11-30T18:29:59Z","completed",1,683,683,1,"data/raw/air_quality/openaq/historical/PROJ_094/pm2_5/PROJ_094_12235887_pm2_5_2025_11_p1_20260924T223804.json","2026-09-24T17:08:05Z","2026-09-24T17:08:05Z",200,""
9,"PROJ_002",17,12234785,"o3","2025-11-30T18:30:00Z","2025-12-31T18:29:59Z","completed",1,697,697,1,"data/raw/air_quality/openaq/historical/PROJ_002/o3/PROJ_002_12234785_o3_2025_12_p1_20260924T223809.json","2026-09-24T17:08:10Z","2026-09-24T17:08:10Z",200,""
9,"PROJ_002",17,12234787,"pm2_5","2025-11-30T18:30:00Z","2025-12-31T18:29:59Z","completed",1,705,705,1,"data/raw/air_quality/openaq/historical/PROJ_002/pm2_5/PROJ_002_12234787_pm2_5_2025_12_p1_20260924T223813.json","2026-09-24T17:08:13Z","2026-09-24T17:08:13Z",200,""
9,"PROJ_002",17,12234784,"no2","2025-11-30T18:30:00Z","2025-12-31T18:29:59Z","completed",1,705,705,1,"data/raw/air_quality/openaq/historical/PROJ_002/no2/PROJ_002_12234784_no2_2025_12_p1_20260924T223817.json","2026-09-24T17:08:18Z","2026-09-24T17:08:18Z",200,""
9,"PROJ_002",17,12234786,"pm10","2025-11-30T18:30:00Z","2025-12-31T18:29:59Z","completed",1,703,703,1,"data/raw/air_quality/openaq/historical/PROJ_002/pm10/PROJ_002_12234786_pm10_2025_12_p1_20260924T223822.json","2026-09-24T17:08:22Z","2026-09-24T17:08:22Z",200,""
9,"PROJ_002",17,12234782,"co","2025-11-30T18:30:00Z","2025-12-31T18:29:59Z","completed",1,703,703,1,"data/raw/air_quality/openaq/historical/PROJ_002/co/PROJ_002_12234782_co_2025_12_p1_20260924T223826.json","2026-09-24T17:08:27Z","2026-09-24T17:08:27Z",200,""
9,"PROJ_002",17,12234789,"so2","2025-11-30T18:30:00Z","2025-12-31T18:29:59Z","completed",1,696,696,1,"data/raw/air_quality/openaq/historical/PROJ_002/so2/PROJ_002_12234789_so2_2025_12_p1_20260924T223830.json","2026-09-24T17:08:31Z","2026-09-24T17:08:31Z",200,""
9,"PROJ_007",407,12235585,"so2","2025-11-30T18:30:00Z","2025-12-31T18:29:59Z","completed",1,697,697,1,"data/raw/air_quality/openaq/historical/PROJ_007/so2/PROJ_007_12235585_so2_2025_12_p1_20260924T223836.json","2026-09-24T17:08:37Z","2026-09-24T17:08:37Z",200,""
9,"PROJ_007",407,12235581,"o3","2025-11-30T18:30:00Z","2025-12-31T18:29:59Z","completed",1,697,697,1,"data/raw/air_quality/openaq/historical/PROJ_007/o3/PROJ_007_12235581_o3_2025_12_p1_20260924T223841.json","2026-09-24T17:08:42Z","2026-09-24T17:08:42Z",200,""
9,"PROJ_007",407,12235578,"co","2025-11-30T18:30:00Z","2025-12-31T18:29:59Z","completed",1,697,697,1,"data/raw/air_quality/openaq/historical/PROJ_007/co/PROJ_007_12235578_co_2025_12_p1_20260924T223846.json","2026-09-24T17:08:47Z","2026-09-24T17:08:47Z",200,""
9,"PROJ_007",407,12235580,"no2","2025-11-30T18:30:00Z","2025-12-31T18:29:59Z","completed",1,697,697,1,"data/raw/air_quality/openaq/historical/PROJ_007/no2/PROJ_007_12235580_no2_2025_12_p1_20260924T223850.json","2026-09-24T17:08:50Z","2026-09-24T17:08:50Z",200,""
9,"PROJ_007",407,12235583,"pm2_5","2025-11-30T18:30:00Z","2025-12-31T18:29:59Z","completed",1,695,695,1,"data/raw/air_quality/openaq/historical/PROJ_007/pm2_5/PROJ_007_12235583_pm2_5_2025_12_p1_20260924T223855.json","2026-09-24T17:08:56Z","2026-09-24T17:08:56Z",200,""
9,"PROJ_007",407,12235582,"pm10","2025-11-30T18:30:00Z","2025-12-31T18:29:59Z","completed",1,695,695,1,"data/raw/air_quality/openaq/historical/PROJ_007/pm10/PROJ_007_12235582_pm10_2025_12_p1_20260924T223900.json","2026-09-24T17:09:00Z","2026-09-24T17:09:00Z",200,""
9,"PROJ_019",2586,12235655,"so2","2025-11-30T18:30:00Z","2025-12-31T18:29:59Z","completed",1,640,640,1,"data/raw/air_quality/openaq/historical/PROJ_019/so2/PROJ_019_12235655_so2_2025_12_p1_20260924T223904.json","2026-09-24T17:09:05Z","2026-09-24T17:09:05Z",200,""
9,"PROJ_019",2586,12235648,"co","2025-11-30T18:30:00Z","2025-12-31T18:29:59Z","completed",1,640,640,1,"data/raw/air_quality/openaq/historical/PROJ_019/co/PROJ_019_12235648_co_2025_12_p1_20260924T223908.json","2026-09-24T17:09:08Z","2026-09-24T17:09:08Z",200,""
9,"PROJ_019",2586,12235653,"pm2_5","2025-11-30T18:30:00Z","2025-12-31T18:29:59Z","completed",1,640,640,1,"data/raw/air_quality/openaq/historical/PROJ_019/pm2_5/PROJ_019_12235653_pm2_5_2025_12_p1_20260924T223912.json","2026-09-24T17:09:13Z","2026-09-24T17:09:13Z",200,""
9,"PROJ_019",2586,12235652,"pm10","2025-11-30T18:30:00Z","2025-12-31T18:29:59Z","completed",1,640,640,1,"data/raw/air_quality/openaq/historical/PROJ_019/pm10/PROJ_019_12235652_pm10_2025_12_p1_20260924T223917.json","2026-09-24T17:09:17Z","2026-09-24T17:09:17Z",200,""
9,"PROJ_019",2586,12235650,"no2","2025-11-30T18:30:00Z","2025-12-31T18:29:59Z","completed",1,640,640,1,"data/raw/air_quality/openaq/historical/PROJ_019/no2/PROJ_019_12235650_no2_2025_12_p1_20260924T223921.json","2026-09-24T17:09:21Z","2026-09-24T17:09:21Z",200,""
9,"PROJ_019",2586,12235651,"o3","2025-11-30T18:30:00Z","2025-12-31T18:29:59Z","completed",1,640,640,1,"data/raw/air_quality/openaq/historical/PROJ_019/o3/PROJ_019_12235651_o3_2025_12_p1_20260924T223926.json","2026-09-24T17:09:26Z","2026-09-24T17:09:26Z",200,""
9,"PROJ_036",5599,12235400,"pm2_5","2025-11-30T18:30:00Z","2025-12-31T18:29:59Z","completed",1,432,432,1,"data/raw/air_quality/openaq/historical/PROJ_036/pm2_5/PROJ_036_12235400_pm2_5_2025_12_p1_20260924T223930.json","2026-09-24T17:09:31Z","2026-09-24T17:09:31Z",200,""
9,"PROJ_036",5599,12235399,"pm10","2025-11-30T18:30:00Z","2025-12-31T18:29:59Z","completed",1,521,521,1,"data/raw/air_quality/openaq/historical/PROJ_036/pm10/PROJ_036_12235399_pm10_2025_12_p1_20260924T223935.json","2026-09-24T17:09:36Z","2026-09-24T17:09:36Z",200,""
9,"PROJ_036",5599,12235402,"so2","2025-11-30T18:30:00Z","2025-12-31T18:29:59Z","completed",1,666,666,1,"data/raw/air_quality/openaq/historical/PROJ_036/so2/PROJ_036_12235402_so2_2025_12_p1_20260924T223939.json","2026-09-24T17:09:39Z","2026-09-24T17:09:39Z",200,""
9,"PROJ_036",5599,12235398,"o3","2025-11-30T18:30:00Z","2025-12-31T18:29:59Z","completed",1,666,666,1,"data/raw/air_quality/openaq/historical/PROJ_036/o3/PROJ_036_12235398_o3_2025_12_p1_20260924T223943.json","2026-09-24T17:09:44Z","2026-09-24T17:09:44Z",200,""
9,"PROJ_036",5599,12235395,"co","2025-11-30T18:30:00Z","2025-12-31T18:29:59Z","completed",1,666,666,1,"data/raw/air_quality/openaq/historical/PROJ_036/co/PROJ_036_12235395_co_2025_12_p1_20260924T223947.json","2026-09-24T17:09:47Z","2026-09-24T17:09:47Z",200,""
9,"PROJ_036",5599,12235397,"no2","2025-11-30T18:30:00Z","2025-12-31T18:29:59Z","completed",1,666,666,1,"data/raw/air_quality/openaq/historical/PROJ_036/no2/PROJ_036_12235397_no2_2025_12_p1_20260924T223952.json","2026-09-24T17:09:52Z","2026-09-24T17:09:52Z",200,""
9,"PROJ_042",5621,12235625,"pm10","2025-11-30T18:30:00Z","2025-12-31T18:29:59Z","completed",1,710,710,1,"data/raw/air_quality/openaq/historical/PROJ_042/pm10/PROJ_042_12235625_pm10_2025_12_p1_20260924T223956.json","2026-09-24T17:09:56Z","2026-09-24T17:09:56Z",200,""
9,"PROJ_042",5621,12235623,"no2","2025-11-30T18:30:00Z","2025-12-31T18:29:59Z","completed",1,710,710,1,"data/raw/air_quality/openaq/historical/PROJ_042/no2/PROJ_042_12235623_no2_2025_12_p1_20260924T224001.json","2026-09-24T17:10:01Z","2026-09-24T17:10:01Z",200,""
9,"PROJ_042",5621,12235626,"pm2_5","2025-11-30T18:30:00Z","2025-12-31T18:29:59Z","completed",1,710,710,1,"data/raw/air_quality/openaq/historical/PROJ_042/pm2_5/PROJ_042_12235626_pm2_5_2025_12_p1_20260924T224005.json","2026-09-24T17:10:06Z","2026-09-24T17:10:06Z",200,""
9,"PROJ_042",5621,12235621,"co","2025-11-30T18:30:00Z","2025-12-31T18:29:59Z","completed",1,710,710,1,"data/raw/air_quality/openaq/historical/PROJ_042/co/PROJ_042_12235621_co_2025_12_p1_20260924T224009.json","2026-09-24T17:10:09Z","2026-09-24T17:10:09Z",200,""
9,"PROJ_042",5621,12235628,"so2","2025-11-30T18:30:00Z","2025-12-31T18:29:59Z","completed",1,710,710,1,"data/raw/air_quality/openaq/historical/PROJ_042/so2/PROJ_042_12235628_so2_2025_12_p1_20260924T224014.json","2026-09-24T17:10:14Z","2026-09-24T17:10:14Z",200,""
9,"PROJ_042",5621,12235624,"o3","2025-11-30T18:30:00Z","2025-12-31T18:29:59Z","completed",1,710,710,1,"data/raw/air_quality/openaq/historical/PROJ_042/o3/PROJ_042_12235624_o3_2025_12_p1_20260924T224019.json","2026-09-24T17:10:19Z","2026-09-24T17:10:19Z",200,""
9,"PROJ_044",5623,12242116,"co","2025-11-30T18:30:00Z","2025-12-31T18:29:59Z","completed",1,719,719,1,"data/raw/air_quality/openaq/historical/PROJ_044/co/PROJ_044_12242116_co_2025_12_p1_20260924T224023.json","2026-09-24T17:10:23Z","2026-09-24T17:10:23Z",200,""
9,"PROJ_044",5623,12242118,"no2","2025-11-30T18:30:00Z","2025-12-31T18:29:59Z","completed",1,719,719,1,"data/raw/air_quality/openaq/historical/PROJ_044/no2/PROJ_044_12242118_no2_2025_12_p1_20260924T224027.json","2026-09-24T17:10:28Z","2026-09-24T17:10:28Z",200,""
9,"PROJ_044",5623,12242119,"o3","2025-11-30T18:30:00Z","2025-12-31T18:29:59Z","completed",1,719,719,1,"data/raw/air_quality/openaq/historical/PROJ_044/o3/PROJ_044_12242119_o3_2025_12_p1_20260924T224031.json","2026-09-24T17:10:31Z","2026-09-24T17:10:31Z",200,""
9,"PROJ_044",5623,12242121,"pm2_5","2025-11-30T18:30:00Z","2025-12-31T18:29:59Z","completed",1,670,670,1,"data/raw/air_quality/openaq/historical/PROJ_044/pm2_5/PROJ_044_12242121_pm2_5_2025_12_p1_20260924T224035.json","2026-09-24T17:10:35Z","2026-09-24T17:10:35Z",200,""
9,"PROJ_044",5623,12242120,"pm10","2025-11-30T18:30:00Z","2025-12-31T18:29:59Z","completed",1,630,630,1,"data/raw/air_quality/openaq/historical/PROJ_044/pm10/PROJ_044_12242120_pm10_2025_12_p1_20260924T224038.json","2026-09-24T17:10:39Z","2026-09-24T17:10:39Z",200,""
9,"PROJ_044",5623,12242123,"so2","2025-11-30T18:30:00Z","2025-12-31T18:29:59Z","completed",1,719,719,1,"data/raw/air_quality/openaq/historical/PROJ_044/so2/PROJ_044_12242123_so2_2025_12_p1_20260924T224042.json","2026-09-24T17:10:42Z","2026-09-24T17:10:42Z",200,""
9,"PROJ_048",5628,12235460,"pm2_5","2025-11-30T18:30:00Z","2025-12-31T18:29:59Z","completed",1,713,713,1,"data/raw/air_quality/openaq/historical/PROJ_048/pm2_5/PROJ_048_12235460_pm2_5_2025_12_p1_20260924T224047.json","2026-09-24T17:10:47Z","2026-09-24T17:10:47Z",200,""
9,"PROJ_048",5628,12235458,"o3","2025-11-30T18:30:00Z","2025-12-31T18:29:59Z","completed",1,711,711,1,"data/raw/air_quality/openaq/historical/PROJ_048/o3/PROJ_048_12235458_o3_2025_12_p1_20260924T224051.json","2026-09-24T17:10:52Z","2026-09-24T17:10:52Z",200,""
9,"PROJ_048",5628,12235455,"co","2025-11-30T18:30:00Z","2025-12-31T18:29:59Z","completed",1,692,692,1,"data/raw/air_quality/openaq/historical/PROJ_048/co/PROJ_048_12235455_co_2025_12_p1_20260924T224055.json","2026-09-24T17:10:55Z","2026-09-24T17:10:55Z",200,""
9,"PROJ_048",5628,12235459,"pm10","2025-11-30T18:30:00Z","2025-12-31T18:29:59Z","completed",1,703,703,1,"data/raw/air_quality/openaq/historical/PROJ_048/pm10/PROJ_048_12235459_pm10_2025_12_p1_20260924T224058.json","2026-09-24T17:10:59Z","2026-09-24T17:10:59Z",200,""
9,"PROJ_048",5628,12235462,"so2","2025-11-30T18:30:00Z","2025-12-31T18:29:59Z","completed",1,711,711,1,"data/raw/air_quality/openaq/historical/PROJ_048/so2/PROJ_048_12235462_so2_2025_12_p1_20260924T224104.json","2026-09-24T17:11:05Z","2026-09-24T17:11:05Z",200,""
9,"PROJ_048",5628,12235457,"no2","2025-11-30T18:30:00Z","2025-12-31T18:29:59Z","completed",1,709,709,1,"data/raw/air_quality/openaq/historical/PROJ_048/no2/PROJ_048_12235457_no2_2025_12_p1_20260924T224108.json","2026-09-24T17:11:08Z","2026-09-24T17:11:08Z",200,""
9,"PROJ_050",5631,12235666,"co","2025-11-30T18:30:00Z","2025-12-31T18:29:59Z","completed",1,721,721,1,"data/raw/air_quality/openaq/historical/PROJ_050/co/PROJ_050_12235666_co_2025_12_p1_20260924T224114.json","2026-09-24T17:11:14Z","2026-09-24T17:11:14Z",200,""
9,"PROJ_050",5631,12235668,"no2","2025-11-30T18:30:00Z","2025-12-31T18:29:59Z","completed",1,721,721,1,"data/raw/air_quality/openaq/historical/PROJ_050/no2/PROJ_050_12235668_no2_2025_12_p1_20260924T224118.json","2026-09-24T17:11:18Z","2026-09-24T17:11:18Z",200,""
9,"PROJ_050",5631,12235670,"pm10","2025-11-30T18:30:00Z","2025-12-31T18:29:59Z","completed",1,721,721,1,"data/raw/air_quality/openaq/historical/PROJ_050/pm10/PROJ_050_12235670_pm10_2025_12_p1_20260924T224121.json","2026-09-24T17:11:22Z","2026-09-24T17:11:22Z",200,""
9,"PROJ_050",5631,12235673,"so2","2025-11-30T18:30:00Z","2025-12-31T18:29:59Z","completed",1,721,721,1,"data/raw/air_quality/openaq/historical/PROJ_050/so2/PROJ_050_12235673_so2_2025_12_p1_20260924T224125.json","2026-09-24T17:11:25Z","2026-09-24T17:11:25Z",200,""
9,"PROJ_050",5631,12235671,"pm2_5","2025-11-30T18:30:00Z","2025-12-31T18:29:59Z","completed",1,721,721,1,"data/raw/air_quality/openaq/historical/PROJ_050/pm2_5/PROJ_050_12235671_pm2_5_2025_12_p1_20260924T224130.json","2026-09-24T17:11:30Z","2026-09-24T17:11:30Z",200,""
9,"PROJ_050",5631,12235669,"o3","2025-11-30T18:30:00Z","2025-12-31T18:29:59Z","completed",1,721,721,1,"data/raw/air_quality/openaq/historical/PROJ_050/o3/PROJ_050_12235669_o3_2025_12_p1_20260924T224135.json","2026-09-24T17:11:36Z","2026-09-24T17:11:36Z",200,""
9,"PROJ_051",5633,12234804,"pm10","2025-11-30T18:30:00Z","2025-12-31T18:29:59Z","completed",1,730,730,1,"data/raw/air_quality/openaq/historical/PROJ_051/pm10/PROJ_051_12234804_pm10_2025_12_p1_20260924T224141.json","2026-09-24T17:11:41Z","2026-09-24T17:11:41Z",200,""
9,"PROJ_051",5633,12234807,"so2","2025-11-30T18:30:00Z","2025-12-31T18:29:59Z","completed",1,731,731,1,"data/raw/air_quality/openaq/historical/PROJ_051/so2/PROJ_051_12234807_so2_2025_12_p1_20260924T224145.json","2026-09-24T17:11:45Z","2026-09-24T17:11:45Z",200,""
9,"PROJ_051",5633,12234805,"pm2_5","2025-11-30T18:30:00Z","2025-12-31T18:29:59Z","completed",1,730,730,1,"data/raw/air_quality/openaq/historical/PROJ_051/pm2_5/PROJ_051_12234805_pm2_5_2025_12_p1_20260924T224148.json","2026-09-24T17:11:49Z","2026-09-24T17:11:49Z",200,""
9,"PROJ_051",5633,12234800,"co","2025-11-30T18:30:00Z","2025-12-31T18:29:59Z","completed",1,730,730,1,"data/raw/air_quality/openaq/historical/PROJ_051/co/PROJ_051_12234800_co_2025_12_p1_20260924T224153.json","2026-09-24T17:11:54Z","2026-09-24T17:11:54Z",200,""
9,"PROJ_051",5633,12234803,"o3","2025-11-30T18:30:00Z","2025-12-31T18:29:59Z","completed",1,730,730,1,"data/raw/air_quality/openaq/historical/PROJ_051/o3/PROJ_051_12234803_o3_2025_12_p1_20260924T224158.json","2026-09-24T17:11:59Z","2026-09-24T17:11:59Z",200,""
9,"PROJ_051",5633,12234802,"no2","2025-11-30T18:30:00Z","2025-12-31T18:29:59Z","completed",1,731,731,1,"data/raw/air_quality/openaq/historical/PROJ_051/no2/PROJ_051_12234802_no2_2025_12_p1_20260924T224203.json","2026-09-24T17:12:03Z","2026-09-24T17:12:03Z",200,""
9,"PROJ_063",5659,12235521,"pm10","2025-11-30T18:30:00Z","2025-12-31T18:29:59Z","completed",1,724,724,1,"data/raw/air_quality/openaq/historical/PROJ_063/pm10/PROJ_063_12235521_pm10_2025_12_p1_20260924T224208.json","2026-09-24T17:12:09Z","2026-09-24T17:12:09Z",200,""
9,"PROJ_063",5659,12235520,"o3","2025-11-30T18:30:00Z","2025-12-31T18:29:59Z","completed",1,724,724,1,"data/raw/air_quality/openaq/historical/PROJ_063/o3/PROJ_063_12235520_o3_2025_12_p1_20260924T224213.json","2026-09-24T17:12:13Z","2026-09-24T17:12:13Z",200,""
9,"PROJ_063",5659,12235517,"co","2025-11-30T18:30:00Z","2025-12-31T18:29:59Z","completed",1,724,724,1,"data/raw/air_quality/openaq/historical/PROJ_063/co/PROJ_063_12235517_co_2025_12_p1_20260924T224217.json","2026-09-24T17:12:18Z","2026-09-24T17:12:18Z",200,""
9,"PROJ_063",5659,12235524,"so2","2025-11-30T18:30:00Z","2025-12-31T18:29:59Z","completed",1,724,724,1,"data/raw/air_quality/openaq/historical/PROJ_063/so2/PROJ_063_12235524_so2_2025_12_p1_20260924T224221.json","2026-09-24T17:12:21Z","2026-09-24T17:12:21Z",200,""
9,"PROJ_063",5659,12235519,"no2","2025-11-30T18:30:00Z","2025-12-31T18:29:59Z","completed",1,724,724,1,"data/raw/air_quality/openaq/historical/PROJ_063/no2/PROJ_063_12235519_no2_2025_12_p1_20260924T224226.json","2026-09-24T17:12:26Z","2026-09-24T17:12:26Z",200,""
9,"PROJ_063",5659,12235522,"pm2_5","2025-11-30T18:30:00Z","2025-12-31T18:29:59Z","completed",1,724,724,1,"data/raw/air_quality/openaq/historical/PROJ_063/pm2_5/PROJ_063_12235522_pm2_5_2025_12_p1_20260924T224232.json","2026-09-24T17:12:32Z","2026-09-24T17:12:32Z",200,""
9,"PROJ_092",6945,12289836,"so2","2025-11-30T18:30:00Z","2025-12-31T18:29:59Z","completed",1,519,519,1,"data/raw/air_quality/openaq/historical/PROJ_092/so2/PROJ_092_12289836_so2_2025_12_p1_20260924T224236.json","2026-09-24T17:12:37Z","2026-09-24T17:12:37Z",200,""
9,"PROJ_092",6945,12235834,"pm2_5","2025-11-30T18:30:00Z","2025-12-31T18:29:59Z","completed",1,523,523,1,"data/raw/air_quality/openaq/historical/PROJ_092/pm2_5/PROJ_092_12235834_pm2_5_2025_12_p1_20260924T224241.json","2026-09-24T17:12:41Z","2026-09-24T17:12:41Z",200,""
9,"PROJ_092",6945,12235829,"co","2025-11-30T18:30:00Z","2025-12-31T18:29:59Z","completed",1,514,514,1,"data/raw/air_quality/openaq/historical/PROJ_092/co/PROJ_092_12235829_co_2025_12_p1_20260924T224244.json","2026-09-24T17:12:45Z","2026-09-24T17:12:45Z",200,""
9,"PROJ_092",6945,12235833,"pm10","2025-11-30T18:30:00Z","2025-12-31T18:29:59Z","completed",1,522,522,1,"data/raw/air_quality/openaq/historical/PROJ_092/pm10/PROJ_092_12235833_pm10_2025_12_p1_20260924T224249.json","2026-09-24T17:12:50Z","2026-09-24T17:12:50Z",200,""
9,"PROJ_092",6945,12235831,"no2","2025-11-30T18:30:00Z","2025-12-31T18:29:59Z","completed",1,523,523,1,"data/raw/air_quality/openaq/historical/PROJ_092/no2/PROJ_092_12235831_no2_2025_12_p1_20260924T224254.json","2026-09-24T17:12:54Z","2026-09-24T17:12:54Z",200,""
9,"PROJ_092",6945,12235832,"o3","2025-11-30T18:30:00Z","2025-12-31T18:29:59Z","completed",1,514,514,1,"data/raw/air_quality/openaq/historical/PROJ_092/o3/PROJ_092_12235832_o3_2025_12_p1_20260924T224257.json","2026-09-24T17:12:57Z","2026-09-24T17:12:57Z",200,""
9,"PROJ_101",6973,12235269,"so2","2025-11-30T18:30:00Z","2025-12-31T18:29:59Z","completed",1,711,711,1,"data/raw/air_quality/openaq/historical/PROJ_101/so2/PROJ_101_12235269_so2_2025_12_p1_20260924T224302.json","2026-09-24T17:13:02Z","2026-09-24T17:13:02Z",200,""
9,"PROJ_101",6973,12235264,"no2","2025-11-30T18:30:00Z","2025-12-31T18:29:59Z","completed",1,710,710,1,"data/raw/air_quality/openaq/historical/PROJ_101/no2/PROJ_101_12235264_no2_2025_12_p1_20260924T224306.json","2026-09-24T17:13:07Z","2026-09-24T17:13:07Z",200,""
9,"PROJ_101",6973,12235266,"pm10","2025-11-30T18:30:00Z","2025-12-31T18:29:59Z","completed",1,722,722,1,"data/raw/air_quality/openaq/historical/PROJ_101/pm10/PROJ_101_12235266_pm10_2025_12_p1_20260924T224310.json","2026-09-24T17:13:10Z","2026-09-24T17:13:10Z",200,""
9,"PROJ_101",6973,12235267,"pm2_5","2025-11-30T18:30:00Z","2025-12-31T18:29:59Z","completed",1,706,706,1,"data/raw/air_quality/openaq/historical/PROJ_101/pm2_5/PROJ_101_12235267_pm2_5_2025_12_p1_20260924T224315.json","2026-09-24T17:13:16Z","2026-09-24T17:13:16Z",200,""
9,"PROJ_101",6973,12235265,"o3","2025-11-30T18:30:00Z","2025-12-31T18:29:59Z","completed",1,727,727,1,"data/raw/air_quality/openaq/historical/PROJ_101/o3/PROJ_101_12235265_o3_2025_12_p1_20260924T224319.json","2026-09-24T17:13:19Z","2026-09-24T17:13:19Z",200,""
9,"PROJ_101",6973,12235262,"co","2025-11-30T18:30:00Z","2025-12-31T18:29:59Z","completed",1,723,723,1,"data/raw/air_quality/openaq/historical/PROJ_101/co/PROJ_101_12235262_co_2025_12_p1_20260924T224324.json","2026-09-24T17:13:25Z","2026-09-24T17:13:25Z",200,""
9,"PROJ_133",10599,12236100,"o3","2025-11-30T18:30:00Z","2025-12-31T18:29:59Z","completed",1,723,723,1,"data/raw/air_quality/openaq/historical/PROJ_133/o3/PROJ_133_12236100_o3_2025_12_p1_20260924T224330.json","2026-09-24T17:13:30Z","2026-09-24T17:13:30Z",200,""
9,"PROJ_133",10599,12236101,"pm10","2025-11-30T18:30:00Z","2025-12-31T18:29:59Z","completed",1,723,723,1,"data/raw/air_quality/openaq/historical/PROJ_133/pm10/PROJ_133_12236101_pm10_2025_12_p1_20260924T224335.json","2026-09-24T17:13:36Z","2026-09-24T17:13:36Z",200,""
9,"PROJ_133",10599,12236097,"co","2025-11-30T18:30:00Z","2025-12-31T18:29:59Z","completed",1,723,723,1,"data/raw/air_quality/openaq/historical/PROJ_133/co/PROJ_133_12236097_co_2025_12_p1_20260924T224340.json","2026-09-24T17:13:41Z","2026-09-24T17:13:41Z",200,""
9,"PROJ_133",10599,12236104,"so2","2025-11-30T18:30:00Z","2025-12-31T18:29:59Z","completed",1,723,723,1,"data/raw/air_quality/openaq/historical/PROJ_133/so2/PROJ_133_12236104_so2_2025_12_p1_20260924T224345.json","2026-09-24T17:13:46Z","2026-09-24T17:13:46Z",200,""
9,"PROJ_133",10599,12236102,"pm2_5","2025-11-30T18:30:00Z","2025-12-31T18:29:59Z","completed",1,723,723,1,"data/raw/air_quality/openaq/historical/PROJ_133/pm2_5/PROJ_133_12236102_pm2_5_2025_12_p1_20260924T224350.json","2026-09-24T17:13:51Z","2026-09-24T17:13:51Z",200,""
9,"PROJ_133",10599,12236099,"no2","2025-11-30T18:30:00Z","2025-12-31T18:29:59Z","completed",1,723,723,1,"data/raw/air_quality/openaq/historical/PROJ_133/no2/PROJ_133_12236099_no2_2025_12_p1_20260924T224356.json","2026-09-24T17:13:56Z","2026-09-24T17:13:56Z",200,""
9,"PROJ_142",10903,12235758,"no2","2025-11-30T18:30:00Z","2025-12-31T18:29:59Z","completed",1,619,619,1,"data/raw/air_quality/openaq/historical/PROJ_142/no2/PROJ_142_12235758_no2_2025_12_p1_20260924T224400.json","2026-09-24T17:14:01Z","2026-09-24T17:14:01Z",200,""
9,"PROJ_142",10903,12235763,"so2","2025-11-30T18:30:00Z","2025-12-31T18:29:59Z","completed",1,619,619,1,"data/raw/air_quality/openaq/historical/PROJ_142/so2/PROJ_142_12235763_so2_2025_12_p1_20260924T224405.json","2026-09-24T17:14:06Z","2026-09-24T17:14:06Z",200,""
9,"PROJ_142",10903,12235756,"co","2025-11-30T18:30:00Z","2025-12-31T18:29:59Z","completed",1,619,619,1,"data/raw/air_quality/openaq/historical/PROJ_142/co/PROJ_142_12235756_co_2025_12_p1_20260924T224410.json","2026-09-24T17:14:10Z","2026-09-24T17:14:10Z",200,""
9,"PROJ_142",10903,12235760,"pm10","2025-11-30T18:30:00Z","2025-12-31T18:29:59Z","completed",1,619,619,1,"data/raw/air_quality/openaq/historical/PROJ_142/pm10/PROJ_142_12235760_pm10_2025_12_p1_20260924T224414.json","2026-09-24T17:14:15Z","2026-09-24T17:14:15Z",200,""
9,"PROJ_142",10903,12235759,"o3","2025-11-30T18:30:00Z","2025-12-31T18:29:59Z","completed",1,619,619,1,"data/raw/air_quality/openaq/historical/PROJ_142/o3/PROJ_142_12235759_o3_2025_12_p1_20260924T224419.json","2026-09-24T17:14:20Z","2026-09-24T17:14:20Z",200,""
9,"PROJ_142",10903,12235761,"pm2_5","2025-11-30T18:30:00Z","2025-12-31T18:29:59Z","completed",1,619,619,1,"data/raw/air_quality/openaq/historical/PROJ_142/pm2_5/PROJ_142_12235761_pm2_5_2025_12_p1_20260924T224423.json","2026-09-24T17:14:23Z","2026-09-24T17:14:23Z",200,""
9,"PROJ_144",10913,12236019,"o3","2025-11-30T18:30:00Z","2025-12-31T18:29:59Z","completed",1,726,726,1,"data/raw/air_quality/openaq/historical/PROJ_144/o3/PROJ_144_12236019_o3_2025_12_p1_20260924T224427.json","2026-09-24T17:14:27Z","2026-09-24T17:14:27Z",200,""
9,"PROJ_144",10913,12236023,"so2","2025-11-30T18:30:00Z","2025-12-31T18:29:59Z","completed",1,722,722,1,"data/raw/air_quality/openaq/historical/PROJ_144/so2/PROJ_144_12236023_so2_2025_12_p1_20260924T224430.json","2026-09-24T17:14:30Z","2026-09-24T17:14:30Z",200,""
9,"PROJ_144",10913,12236021,"pm2_5","2025-11-30T18:30:00Z","2025-12-31T18:29:59Z","completed",1,728,728,1,"data/raw/air_quality/openaq/historical/PROJ_144/pm2_5/PROJ_144_12236021_pm2_5_2025_12_p1_20260924T224434.json","2026-09-24T17:14:34Z","2026-09-24T17:14:34Z",200,""
9,"PROJ_144",10913,12236020,"pm10","2025-11-30T18:30:00Z","2025-12-31T18:29:59Z","completed",1,715,715,1,"data/raw/air_quality/openaq/historical/PROJ_144/pm10/PROJ_144_12236020_pm10_2025_12_p1_20260924T224437.json","2026-09-24T17:14:38Z","2026-09-24T17:14:38Z",200,""
9,"PROJ_144",10913,12236016,"co","2025-11-30T18:30:00Z","2025-12-31T18:29:59Z","completed",1,725,725,1,"data/raw/air_quality/openaq/historical/PROJ_144/co/PROJ_144_12236016_co_2025_12_p1_20260924T224442.json","2026-09-24T17:14:42Z","2026-09-24T17:14:42Z",200,""
9,"PROJ_144",10913,12236018,"no2","2025-11-30T18:30:00Z","2025-12-31T18:29:59Z","completed",1,723,723,1,"data/raw/air_quality/openaq/historical/PROJ_144/no2/PROJ_144_12236018_no2_2025_12_p1_20260924T224447.json","2026-09-24T17:14:47Z","2026-09-24T17:14:47Z",200,""
9,"PROJ_158",11613,12236463,"pm2_5","2025-11-30T18:30:00Z","2025-12-31T18:29:59Z","completed",1,726,726,1,"data/raw/air_quality/openaq/historical/PROJ_158/pm2_5/PROJ_158_12236463_pm2_5_2025_12_p1_20260924T224450.json","2026-09-24T17:14:51Z","2026-09-24T17:14:51Z",200,""
9,"PROJ_158",11613,12236458,"co","2025-11-30T18:30:00Z","2025-12-31T18:29:59Z","completed",1,725,725,1,"data/raw/air_quality/openaq/historical/PROJ_158/co/PROJ_158_12236458_co_2025_12_p1_20260924T224455.json","2026-09-24T17:14:56Z","2026-09-24T17:14:56Z",200,""
9,"PROJ_158",11613,12236460,"no2","2025-11-30T18:30:00Z","2025-12-31T18:29:59Z","completed",1,726,726,1,"data/raw/air_quality/openaq/historical/PROJ_158/no2/PROJ_158_12236460_no2_2025_12_p1_20260924T224500.json","2026-09-24T17:15:01Z","2026-09-24T17:15:01Z",200,""
9,"PROJ_158",11613,12236461,"o3","2025-11-30T18:30:00Z","2025-12-31T18:29:59Z","completed",1,726,726,1,"data/raw/air_quality/openaq/historical/PROJ_158/o3/PROJ_158_12236461_o3_2025_12_p1_20260924T224504.json","2026-09-24T17:15:05Z","2026-09-24T17:15:05Z",200,""
9,"PROJ_158",11613,12236465,"so2","2025-11-30T18:30:00Z","2025-12-31T18:29:59Z","completed",1,726,726,1,"data/raw/air_quality/openaq/historical/PROJ_158/so2/PROJ_158_12236465_so2_2025_12_p1_20260924T224508.json","2026-09-24T17:15:08Z","2026-09-24T17:15:08Z",200,""
9,"PROJ_158",11613,12236462,"pm10","2025-11-30T18:30:00Z","2025-12-31T18:29:59Z","completed",1,726,726,1,"data/raw/air_quality/openaq/historical/PROJ_158/pm10/PROJ_158_12236462_pm10_2025_12_p1_20260924T224512.json","2026-09-24T17:15:13Z","2026-09-24T17:15:13Z",200,""
9,"PROJ_179",344103,12237100,"so2","2025-11-30T18:30:00Z","2025-12-31T18:29:59Z","completed",1,696,696,1,"data/raw/air_quality/openaq/historical/PROJ_179/so2/PROJ_179_12237100_so2_2025_12_p1_20260924T224516.json","2026-09-24T17:15:17Z","2026-09-24T17:15:17Z",200,""
9,"PROJ_179",344103,12237093,"co","2025-11-30T18:30:00Z","2025-12-31T18:29:59Z","completed",1,696,696,1,"data/raw/air_quality/openaq/historical/PROJ_179/co/PROJ_179_12237093_co_2025_12_p1_20260924T224521.json","2026-09-24T17:15:21Z","2026-09-24T17:15:21Z",200,""
9,"PROJ_179",344103,12237096,"o3","2025-11-30T18:30:00Z","2025-12-31T18:29:59Z","completed",1,696,696,1,"data/raw/air_quality/openaq/historical/PROJ_179/o3/PROJ_179_12237096_o3_2025_12_p1_20260924T224526.json","2026-09-24T17:15:26Z","2026-09-24T17:15:26Z",200,""
9,"PROJ_179",344103,12237097,"pm10","2025-11-30T18:30:00Z","2025-12-31T18:29:59Z","completed",1,696,696,1,"data/raw/air_quality/openaq/historical/PROJ_179/pm10/PROJ_179_12237097_pm10_2025_12_p1_20260924T224531.json","2026-09-24T17:15:31Z","2026-09-24T17:15:31Z",200,""
9,"PROJ_179",344103,12237098,"pm2_5","2025-11-30T18:30:00Z","2025-12-31T18:29:59Z","completed",1,696,696,1,"data/raw/air_quality/openaq/historical/PROJ_179/pm2_5/PROJ_179_12237098_pm2_5_2025_12_p1_20260924T224535.json","2026-09-24T17:15:35Z","2026-09-24T17:15:35Z",200,""
9,"PROJ_179",344103,12237095,"no2","2025-11-30T18:30:00Z","2025-12-31T18:29:59Z","completed",1,696,696,1,"data/raw/air_quality/openaq/historical/PROJ_179/no2/PROJ_179_12237095_no2_2025_12_p1_20260924T224540.json","2026-09-24T17:15:40Z","2026-09-24T17:15:40Z",200,""
9,"PROJ_180",344104,12237125,"pm2_5","2025-11-30T18:30:00Z","2025-12-31T18:29:59Z","completed",1,680,680,1,"data/raw/air_quality/openaq/historical/PROJ_180/pm2_5/PROJ_180_12237125_pm2_5_2025_12_p1_20260924T224545.json","2026-09-24T17:15:45Z","2026-09-24T17:15:45Z",200,""
9,"PROJ_180",344104,12237122,"no2","2025-11-30T18:30:00Z","2025-12-31T18:29:59Z","completed",1,680,680,1,"data/raw/air_quality/openaq/historical/PROJ_180/no2/PROJ_180_12237122_no2_2025_12_p1_20260924T224550.json","2026-09-24T17:15:51Z","2026-09-24T17:15:51Z",200,""
9,"PROJ_180",344104,12237124,"pm10","2025-11-30T18:30:00Z","2025-12-31T18:29:59Z","completed",1,681,681,1,"data/raw/air_quality/openaq/historical/PROJ_180/pm10/PROJ_180_12237124_pm10_2025_12_p1_20260924T224554.json","2026-09-24T17:15:54Z","2026-09-24T17:15:54Z",200,""
9,"PROJ_180",344104,12237127,"so2","2025-11-30T18:30:00Z","2025-12-31T18:29:59Z","completed",1,680,680,1,"data/raw/air_quality/openaq/historical/PROJ_180/so2/PROJ_180_12237127_so2_2025_12_p1_20260924T224558.json","2026-09-24T17:15:58Z","2026-09-24T17:15:58Z",200,""
9,"PROJ_180",344104,12237123,"o3","2025-11-30T18:30:00Z","2025-12-31T18:29:59Z","completed",1,680,680,1,"data/raw/air_quality/openaq/historical/PROJ_180/o3/PROJ_180_12237123_o3_2025_12_p1_20260924T224601.json","2026-09-24T17:16:02Z","2026-09-24T17:16:02Z",200,""
9,"PROJ_180",344104,12237120,"co","2025-11-30T18:30:00Z","2025-12-31T18:29:59Z","completed",1,680,680,1,"data/raw/air_quality/openaq/historical/PROJ_180/co/PROJ_180_12237120_co_2025_12_p1_20260924T224605.json","2026-09-24T17:16:06Z","2026-09-24T17:16:06Z",200,""
9,"PROJ_181",344140,12237111,"co","2025-11-30T18:30:00Z","2025-12-31T18:29:59Z","completed",1,729,729,1,"data/raw/air_quality/openaq/historical/PROJ_181/co/PROJ_181_12237111_co_2025_12_p1_20260924T224609.json","2026-09-24T17:16:09Z","2026-09-24T17:16:09Z",200,""
9,"PROJ_181",344140,12237114,"o3","2025-11-30T18:30:00Z","2025-12-31T18:29:59Z","completed",1,729,729,1,"data/raw/air_quality/openaq/historical/PROJ_181/o3/PROJ_181_12237114_o3_2025_12_p1_20260924T224614.json","2026-09-24T17:16:14Z","2026-09-24T17:16:14Z",200,""
9,"PROJ_181",344140,12237113,"no2","2025-11-30T18:30:00Z","2025-12-31T18:29:59Z","completed",1,729,729,1,"data/raw/air_quality/openaq/historical/PROJ_181/no2/PROJ_181_12237113_no2_2025_12_p1_20260924T224618.json","2026-09-24T17:16:19Z","2026-09-24T17:16:19Z",200,""
9,"PROJ_181",344140,12237115,"pm10","2025-11-30T18:30:00Z","2025-12-31T18:29:59Z","completed",1,729,729,1,"data/raw/air_quality/openaq/historical/PROJ_181/pm10/PROJ_181_12237115_pm10_2025_12_p1_20260924T224622.json","2026-09-24T17:16:23Z","2026-09-24T17:16:23Z",200,""
9,"PROJ_181",344140,12237118,"so2","2025-11-30T18:30:00Z","2025-12-31T18:29:59Z","completed",1,729,729,1,"data/raw/air_quality/openaq/historical/PROJ_181/so2/PROJ_181_12237118_so2_2025_12_p1_20260924T224627.json","2026-09-24T17:16:27Z","2026-09-24T17:16:27Z",200,""
9,"PROJ_181",344140,12237116,"pm2_5","2025-11-30T18:30:00Z","2025-12-31T18:29:59Z","completed",1,729,729,1,"data/raw/air_quality/openaq/historical/PROJ_181/pm2_5/PROJ_181_12237116_pm2_5_2025_12_p1_20260924T224632.json","2026-09-24T17:16:32Z","2026-09-24T17:16:32Z",200,""
9,"PROJ_186",352465,12237091,"so2","2025-11-30T18:30:00Z","2025-12-31T18:29:59Z","completed",1,722,722,1,"data/raw/air_quality/openaq/historical/PROJ_186/so2/PROJ_186_12237091_so2_2025_12_p1_20260924T224636.json","2026-09-24T17:16:36Z","2026-09-24T17:16:36Z",200,""
9,"PROJ_186",352465,12237088,"pm10","2025-11-30T18:30:00Z","2025-12-31T18:29:59Z","completed",1,723,723,1,"data/raw/air_quality/openaq/historical/PROJ_186/pm10/PROJ_186_12237088_pm10_2025_12_p1_20260924T224641.json","2026-09-24T17:16:41Z","2026-09-24T17:16:41Z",200,""
9,"PROJ_186",352465,12237089,"pm2_5","2025-11-30T18:30:00Z","2025-12-31T18:29:59Z","completed",1,723,723,1,"data/raw/air_quality/openaq/historical/PROJ_186/pm2_5/PROJ_186_12237089_pm2_5_2025_12_p1_20260924T224644.json","2026-09-24T17:16:45Z","2026-09-24T17:16:45Z",200,""
9,"PROJ_186",352465,12237086,"no2","2025-11-30T18:30:00Z","2025-12-31T18:29:59Z","completed",1,722,722,1,"data/raw/air_quality/openaq/historical/PROJ_186/no2/PROJ_186_12237086_no2_2025_12_p1_20260924T224648.json","2026-09-24T17:16:49Z","2026-09-24T17:16:49Z",200,""
9,"PROJ_186",352465,12237087,"o3","2025-11-30T18:30:00Z","2025-12-31T18:29:59Z","completed",1,722,722,1,"data/raw/air_quality/openaq/historical/PROJ_186/o3/PROJ_186_12237087_o3_2025_12_p1_20260924T224653.json","2026-09-24T17:16:54Z","2026-09-24T17:16:54Z",200,""
9,"PROJ_186",352465,12237084,"co","2025-11-30T18:30:00Z","2025-12-31T18:29:59Z","completed",1,722,722,1,"data/raw/air_quality/openaq/historical/PROJ_186/co/PROJ_186_12237084_co_2025_12_p1_20260924T224658.json","2026-09-24T17:16:58Z","2026-09-24T17:16:58Z",200,""
9,"PROJ_094",6950,12235885,"o3","2025-11-30T18:30:00Z","2025-12-31T18:29:59Z","completed",1,728,728,1,"data/raw/air_quality/openaq/historical/PROJ_094/o3/PROJ_094_12235885_o3_2025_12_p1_20260924T224703.json","2026-09-24T17:17:04Z","2026-09-24T17:17:04Z",200,""
9,"PROJ_094",6950,12235889,"so2","2025-11-30T18:30:00Z","2025-12-31T18:29:59Z","completed",1,729,729,1,"data/raw/air_quality/openaq/historical/PROJ_094/so2/PROJ_094_12235889_so2_2025_12_p1_20260924T224707.json","2026-09-24T17:17:07Z","2026-09-24T17:17:07Z",200,""
9,"PROJ_094",6950,12235884,"no2","2025-11-30T18:30:00Z","2025-12-31T18:29:59Z","completed",1,728,728,1,"data/raw/air_quality/openaq/historical/PROJ_094/no2/PROJ_094_12235884_no2_2025_12_p1_20260924T224712.json","2026-09-24T17:17:13Z","2026-09-24T17:17:13Z",200,""
9,"PROJ_094",6950,12235886,"pm10","2025-11-30T18:30:00Z","2025-12-31T18:29:59Z","completed",1,728,728,1,"data/raw/air_quality/openaq/historical/PROJ_094/pm10/PROJ_094_12235886_pm10_2025_12_p1_20260924T224717.json","2026-09-24T17:17:17Z","2026-09-24T17:17:17Z",200,""
9,"PROJ_094",6950,12235882,"co","2025-11-30T18:30:00Z","2025-12-31T18:29:59Z","completed",1,728,728,1,"data/raw/air_quality/openaq/historical/PROJ_094/co/PROJ_094_12235882_co_2025_12_p1_20260924T224721.json","2026-09-24T17:17:22Z","2026-09-24T17:17:22Z",200,""
9,"PROJ_094",6950,12235887,"pm2_5","2025-11-30T18:30:00Z","2025-12-31T18:29:59Z","completed",1,728,728,1,"data/raw/air_quality/openaq/historical/PROJ_094/pm2_5/PROJ_094_12235887_pm2_5_2025_12_p1_20260924T224725.json","2026-09-24T17:17:26Z","2026-09-24T17:17:26Z",200,""
10,"PROJ_002",17,12234785,"o3","2025-12-31T18:30:00Z","2026-01-31T18:29:59Z","completed",1,449,449,1,"data/raw/air_quality/openaq/historical/PROJ_002/o3/PROJ_002_12234785_o3_2026_01_p1_20260924T224728.json","2026-09-24T17:17:29Z","2026-09-24T17:17:29Z",200,""
10,"PROJ_002",17,12234787,"pm2_5","2025-12-31T18:30:00Z","2026-01-31T18:29:59Z","completed",1,494,494,1,"data/raw/air_quality/openaq/historical/PROJ_002/pm2_5/PROJ_002_12234787_pm2_5_2026_01_p1_20260924T224732.json","2026-09-24T17:17:32Z","2026-09-24T17:17:32Z",200,""
10,"PROJ_002",17,12234784,"no2","2025-12-31T18:30:00Z","2026-01-31T18:29:59Z","completed",1,493,493,1,"data/raw/air_quality/openaq/historical/PROJ_002/no2/PROJ_002_12234784_no2_2026_01_p1_20260924T224735.json","2026-09-24T17:17:36Z","2026-09-24T17:17:36Z",200,""
10,"PROJ_002",17,12234786,"pm10","2025-12-31T18:30:00Z","2026-01-31T18:29:59Z","completed",1,494,494,1,"data/raw/air_quality/openaq/historical/PROJ_002/pm10/PROJ_002_12234786_pm10_2026_01_p1_20260924T224739.json","2026-09-24T17:17:39Z","2026-09-24T17:17:39Z",200,""
10,"PROJ_002",17,12234782,"co","2025-12-31T18:30:00Z","2026-01-31T18:29:59Z","completed",1,493,493,1,"data/raw/air_quality/openaq/historical/PROJ_002/co/PROJ_002_12234782_co_2026_01_p1_20260924T224742.json","2026-09-24T17:17:43Z","2026-09-24T17:17:43Z",200,""
10,"PROJ_002",17,12234789,"so2","2025-12-31T18:30:00Z","2026-01-31T18:29:59Z","completed",1,487,487,1,"data/raw/air_quality/openaq/historical/PROJ_002/so2/PROJ_002_12234789_so2_2026_01_p1_20260924T224747.json","2026-09-24T17:17:48Z","2026-09-24T17:17:48Z",200,""
10,"PROJ_007",407,12235585,"so2","2025-12-31T18:30:00Z","2026-01-31T18:29:59Z","completed",1,481,481,1,"data/raw/air_quality/openaq/historical/PROJ_007/so2/PROJ_007_12235585_so2_2026_01_p1_20260924T224752.json","2026-09-24T17:17:52Z","2026-09-24T17:17:52Z",200,""
10,"PROJ_007",407,12235581,"o3","2025-12-31T18:30:00Z","2026-01-31T18:29:59Z","completed",1,481,481,1,"data/raw/air_quality/openaq/historical/PROJ_007/o3/PROJ_007_12235581_o3_2026_01_p1_20260924T224755.json","2026-09-24T17:17:55Z","2026-09-24T17:17:55Z",200,""
10,"PROJ_007",407,12235578,"co","2025-12-31T18:30:00Z","2026-01-31T18:29:59Z","completed",1,481,481,1,"data/raw/air_quality/openaq/historical/PROJ_007/co/PROJ_007_12235578_co_2026_01_p1_20260924T224800.json","2026-09-24T17:18:01Z","2026-09-24T17:18:01Z",200,""
10,"PROJ_007",407,12235580,"no2","2025-12-31T18:30:00Z","2026-01-31T18:29:59Z","completed",1,481,481,1,"data/raw/air_quality/openaq/historical/PROJ_007/no2/PROJ_007_12235580_no2_2026_01_p1_20260924T224803.json","2026-09-24T17:18:04Z","2026-09-24T17:18:04Z",200,""
10,"PROJ_007",407,12235583,"pm2_5","2025-12-31T18:30:00Z","2026-01-31T18:29:59Z","completed",1,480,480,1,"data/raw/air_quality/openaq/historical/PROJ_007/pm2_5/PROJ_007_12235583_pm2_5_2026_01_p1_20260924T224808.json","2026-09-24T17:18:08Z","2026-09-24T17:18:08Z",200,""
10,"PROJ_007",407,12235582,"pm10","2025-12-31T18:30:00Z","2026-01-31T18:29:59Z","completed",1,480,480,1,"data/raw/air_quality/openaq/historical/PROJ_007/pm10/PROJ_007_12235582_pm10_2026_01_p1_20260924T224811.json","2026-09-24T17:18:12Z","2026-09-24T17:18:12Z",200,""
10,"PROJ_019",2586,12235655,"so2","2025-12-31T18:30:00Z","2026-01-31T18:29:59Z","completed",1,453,453,1,"data/raw/air_quality/openaq/historical/PROJ_019/so2/PROJ_019_12235655_so2_2026_01_p1_20260924T224815.json","2026-09-24T17:18:15Z","2026-09-24T17:18:15Z",200,""
10,"PROJ_019",2586,12235648,"co","2025-12-31T18:30:00Z","2026-01-31T18:29:59Z","completed",1,453,453,1,"data/raw/air_quality/openaq/historical/PROJ_019/co/PROJ_019_12235648_co_2026_01_p1_20260924T224819.json","2026-09-24T17:18:20Z","2026-09-24T17:18:20Z",200,""
10,"PROJ_019",2586,12235653,"pm2_5","2025-12-31T18:30:00Z","2026-01-31T18:29:59Z","completed",1,453,453,1,"data/raw/air_quality/openaq/historical/PROJ_019/pm2_5/PROJ_019_12235653_pm2_5_2026_01_p1_20260924T224823.json","2026-09-24T17:18:24Z","2026-09-24T17:18:24Z",200,""
10,"PROJ_019",2586,12235652,"pm10","2025-12-31T18:30:00Z","2026-01-31T18:29:59Z","completed",1,453,453,1,"data/raw/air_quality/openaq/historical/PROJ_019/pm10/PROJ_019_12235652_pm10_2026_01_p1_20260924T224827.json","2026-09-24T17:18:27Z","2026-09-24T17:18:27Z",200,""
10,"PROJ_019",2586,12235650,"no2","2025-12-31T18:30:00Z","2026-01-31T18:29:59Z","completed",1,453,453,1,"data/raw/air_quality/openaq/historical/PROJ_019/no2/PROJ_019_12235650_no2_2026_01_p1_20260924T224831.json","2026-09-24T17:18:31Z","2026-09-24T17:18:31Z",200,""
10,"PROJ_019",2586,12235651,"o3","2025-12-31T18:30:00Z","2026-01-31T18:29:59Z","completed",1,453,453,1,"data/raw/air_quality/openaq/historical/PROJ_019/o3/PROJ_019_12235651_o3_2026_01_p1_20260924T224834.json","2026-09-24T17:18:35Z","2026-09-24T17:18:35Z",200,""
10,"PROJ_036",5599,12235400,"pm2_5","2025-12-31T18:30:00Z","2026-01-31T18:29:59Z","completed",1,331,331,1,"data/raw/air_quality/openaq/historical/PROJ_036/pm2_5/PROJ_036_12235400_pm2_5_2026_01_p1_20260924T224839.json","2026-09-24T17:18:39Z","2026-09-24T17:18:39Z",200,""
10,"PROJ_036",5599,12235399,"pm10","2025-12-31T18:30:00Z","2026-01-31T18:29:59Z","completed",1,412,412,1,"data/raw/air_quality/openaq/historical/PROJ_036/pm10/PROJ_036_12235399_pm10_2026_01_p1_20260924T224843.json","2026-09-24T17:18:43Z","2026-09-24T17:18:43Z",200,""
10,"PROJ_036",5599,12235402,"so2","2025-12-31T18:30:00Z","2026-01-31T18:29:59Z","completed",1,446,446,1,"data/raw/air_quality/openaq/historical/PROJ_036/so2/PROJ_036_12235402_so2_2026_01_p1_20260924T224846.json","2026-09-24T17:18:46Z","2026-09-24T17:18:46Z",200,""
10,"PROJ_036",5599,12235398,"o3","2025-12-31T18:30:00Z","2026-01-31T18:29:59Z","completed",1,446,446,1,"data/raw/air_quality/openaq/historical/PROJ_036/o3/PROJ_036_12235398_o3_2026_01_p1_20260924T224850.json","2026-09-24T17:18:51Z","2026-09-24T17:18:51Z",200,""
10,"PROJ_036",5599,12235395,"co","2025-12-31T18:30:00Z","2026-01-31T18:29:59Z","completed",1,446,446,1,"data/raw/air_quality/openaq/historical/PROJ_036/co/PROJ_036_12235395_co_2026_01_p1_20260924T224855.json","2026-09-24T17:18:55Z","2026-09-24T17:18:55Z",200,""
10,"PROJ_036",5599,12235397,"no2","2025-12-31T18:30:00Z","2026-01-31T18:29:59Z","completed",1,446,446,1,"data/raw/air_quality/openaq/historical/PROJ_036/no2/PROJ_036_12235397_no2_2026_01_p1_20260924T224859.json","2026-09-24T17:19:00Z","2026-09-24T17:19:00Z",200,""
10,"PROJ_042",5621,12235625,"pm10","2025-12-31T18:30:00Z","2026-01-31T18:29:59Z","completed",1,492,492,1,"data/raw/air_quality/openaq/historical/PROJ_042/pm10/PROJ_042_12235625_pm10_2026_01_p1_20260924T224905.json","2026-09-24T17:19:05Z","2026-09-24T17:19:05Z",200,""
10,"PROJ_042",5621,12235623,"no2","2025-12-31T18:30:00Z","2026-01-31T18:29:59Z","completed",1,492,492,1,"data/raw/air_quality/openaq/historical/PROJ_042/no2/PROJ_042_12235623_no2_2026_01_p1_20260924T224908.json","2026-09-24T17:19:08Z","2026-09-24T17:19:08Z",200,""
10,"PROJ_042",5621,12235626,"pm2_5","2025-12-31T18:30:00Z","2026-01-31T18:29:59Z","completed",1,492,492,1,"data/raw/air_quality/openaq/historical/PROJ_042/pm2_5/PROJ_042_12235626_pm2_5_2026_01_p1_20260924T224912.json","2026-09-24T17:19:13Z","2026-09-24T17:19:13Z",200,""
10,"PROJ_042",5621,12235621,"co","2025-12-31T18:30:00Z","2026-01-31T18:29:59Z","completed",1,492,492,1,"data/raw/air_quality/openaq/historical/PROJ_042/co/PROJ_042_12235621_co_2026_01_p1_20260924T224917.json","2026-09-24T17:19:18Z","2026-09-24T17:19:18Z",200,""
10,"PROJ_042",5621,12235628,"so2","2025-12-31T18:30:00Z","2026-01-31T18:29:59Z","completed",1,492,492,1,"data/raw/air_quality/openaq/historical/PROJ_042/so2/PROJ_042_12235628_so2_2026_01_p1_20260924T224921.json","2026-09-24T17:19:21Z","2026-09-24T17:19:21Z",200,""
10,"PROJ_042",5621,12235624,"o3","2025-12-31T18:30:00Z","2026-01-31T18:29:59Z","completed",1,492,492,1,"data/raw/air_quality/openaq/historical/PROJ_042/o3/PROJ_042_12235624_o3_2026_01_p1_20260924T224925.json","2026-09-24T17:19:26Z","2026-09-24T17:19:26Z",200,""
10,"PROJ_044",5623,12242116,"co","2025-12-31T18:30:00Z","2026-01-31T18:29:59Z","completed",1,496,496,1,"data/raw/air_quality/openaq/historical/PROJ_044/co/PROJ_044_12242116_co_2026_01_p1_20260924T224929.json","2026-09-24T17:19:29Z","2026-09-24T17:19:29Z",200,""
10,"PROJ_044",5623,12242118,"no2","2025-12-31T18:30:00Z","2026-01-31T18:29:59Z","completed",1,496,496,1,"data/raw/air_quality/openaq/historical/PROJ_044/no2/PROJ_044_12242118_no2_2026_01_p1_20260924T224934.json","2026-09-24T17:19:35Z","2026-09-24T17:19:35Z",200,""
10,"PROJ_044",5623,12242119,"o3","2025-12-31T18:30:00Z","2026-01-31T18:29:59Z","completed",1,496,496,1,"data/raw/air_quality/openaq/historical/PROJ_044/o3/PROJ_044_12242119_o3_2026_01_p1_20260924T224938.json","2026-09-24T17:19:38Z","2026-09-24T17:19:38Z",200,""
10,"PROJ_044",5623,12242121,"pm2_5","2025-12-31T18:30:00Z","2026-01-31T18:29:59Z","completed",1,468,468,1,"data/raw/air_quality/openaq/historical/PROJ_044/pm2_5/PROJ_044_12242121_pm2_5_2026_01_p1_20260924T224941.json","2026-09-24T17:19:42Z","2026-09-24T17:19:42Z",200,""
10,"PROJ_044",5623,12242120,"pm10","2025-12-31T18:30:00Z","2026-01-31T18:29:59Z","completed",1,417,417,1,"data/raw/air_quality/openaq/historical/PROJ_044/pm10/PROJ_044_12242120_pm10_2026_01_p1_20260924T224945.json","2026-09-24T17:19:45Z","2026-09-24T17:19:45Z",200,""
10,"PROJ_044",5623,12242123,"so2","2025-12-31T18:30:00Z","2026-01-31T18:29:59Z","completed",1,496,496,1,"data/raw/air_quality/openaq/historical/PROJ_044/so2/PROJ_044_12242123_so2_2026_01_p1_20260924T224948.json","2026-09-24T17:19:49Z","2026-09-24T17:19:49Z",200,""
10,"PROJ_048",5628,12235460,"pm2_5","2025-12-31T18:30:00Z","2026-01-31T18:29:59Z","completed",1,469,469,1,"data/raw/air_quality/openaq/historical/PROJ_048/pm2_5/PROJ_048_12235460_pm2_5_2026_01_p1_20260924T224953.json","2026-09-24T17:19:53Z","2026-09-24T17:19:53Z",200,""
10,"PROJ_048",5628,12235458,"o3","2025-12-31T18:30:00Z","2026-01-31T18:29:59Z","completed",1,494,494,1,"data/raw/air_quality/openaq/historical/PROJ_048/o3/PROJ_048_12235458_o3_2026_01_p1_20260924T224956.json","2026-09-24T17:19:56Z","2026-09-24T17:19:56Z",200,""
10,"PROJ_048",5628,12235455,"co","2025-12-31T18:30:00Z","2026-01-31T18:29:59Z","completed",1,495,495,1,"data/raw/air_quality/openaq/historical/PROJ_048/co/PROJ_048_12235455_co_2026_01_p1_20260924T225002.json","2026-09-24T17:20:02Z","2026-09-24T17:20:02Z",200,""
10,"PROJ_048",5628,12235459,"pm10","2025-12-31T18:30:00Z","2026-01-31T18:29:59Z","completed",1,482,482,1,"data/raw/air_quality/openaq/historical/PROJ_048/pm10/PROJ_048_12235459_pm10_2026_01_p1_20260924T225006.json","2026-09-24T17:20:07Z","2026-09-24T17:20:07Z",200,""
10,"PROJ_048",5628,12235462,"so2","2025-12-31T18:30:00Z","2026-01-31T18:29:59Z","completed",1,448,448,1,"data/raw/air_quality/openaq/historical/PROJ_048/so2/PROJ_048_12235462_so2_2026_01_p1_20260924T225011.json","2026-09-24T17:20:11Z","2026-09-24T17:20:11Z",200,""
10,"PROJ_048",5628,12235457,"no2","2025-12-31T18:30:00Z","2026-01-31T18:29:59Z","completed",1,493,493,1,"data/raw/air_quality/openaq/historical/PROJ_048/no2/PROJ_048_12235457_no2_2026_01_p1_20260924T225015.json","2026-09-24T17:20:15Z","2026-09-24T17:20:15Z",200,""
10,"PROJ_050",5631,12235666,"co","2025-12-31T18:30:00Z","2026-01-31T18:29:59Z","completed",1,495,495,1,"data/raw/air_quality/openaq/historical/PROJ_050/co/PROJ_050_12235666_co_2026_01_p1_20260924T225018.json","2026-09-24T17:20:18Z","2026-09-24T17:20:18Z",200,""
10,"PROJ_050",5631,12235668,"no2","2025-12-31T18:30:00Z","2026-01-31T18:29:59Z","completed",1,495,495,1,"data/raw/air_quality/openaq/historical/PROJ_050/no2/PROJ_050_12235668_no2_2026_01_p1_20260924T225023.json","2026-09-24T17:20:23Z","2026-09-24T17:20:23Z",200,""
10,"PROJ_050",5631,12235670,"pm10","2025-12-31T18:30:00Z","2026-01-31T18:29:59Z","completed",1,495,495,1,"data/raw/air_quality/openaq/historical/PROJ_050/pm10/PROJ_050_12235670_pm10_2026_01_p1_20260924T225027.json","2026-09-24T17:20:28Z","2026-09-24T17:20:28Z",200,""
10,"PROJ_050",5631,12235673,"so2","2025-12-31T18:30:00Z","2026-01-31T18:29:59Z","completed",1,495,495,1,"data/raw/air_quality/openaq/historical/PROJ_050/so2/PROJ_050_12235673_so2_2026_01_p1_20260924T225032.json","2026-09-24T17:20:33Z","2026-09-24T17:20:33Z",200,""
10,"PROJ_050",5631,12235671,"pm2_5","2025-12-31T18:30:00Z","2026-01-31T18:29:59Z","completed",1,495,495,1,"data/raw/air_quality/openaq/historical/PROJ_050/pm2_5/PROJ_050_12235671_pm2_5_2026_01_p1_20260924T225036.json","2026-09-24T17:20:36Z","2026-09-24T17:20:36Z",200,""
10,"PROJ_050",5631,12235669,"o3","2025-12-31T18:30:00Z","2026-01-31T18:29:59Z","completed",1,495,495,1,"data/raw/air_quality/openaq/historical/PROJ_050/o3/PROJ_050_12235669_o3_2026_01_p1_20260924T225040.json","2026-09-24T17:20:41Z","2026-09-24T17:20:41Z",200,""
10,"PROJ_051",5633,12234804,"pm10","2025-12-31T18:30:00Z","2026-01-31T18:29:59Z","completed",1,497,497,1,"data/raw/air_quality/openaq/historical/PROJ_051/pm10/PROJ_051_12234804_pm10_2026_01_p1_20260924T225044.json","2026-09-24T17:20:44Z","2026-09-24T17:20:44Z",200,""
10,"PROJ_051",5633,12234807,"so2","2025-12-31T18:30:00Z","2026-01-31T18:29:59Z","completed",1,497,497,1,"data/raw/air_quality/openaq/historical/PROJ_051/so2/PROJ_051_12234807_so2_2026_01_p1_20260924T225048.json","2026-09-24T17:20:48Z","2026-09-24T17:20:48Z",200,""
10,"PROJ_051",5633,12234805,"pm2_5","2025-12-31T18:30:00Z","2026-01-31T18:29:59Z","completed",1,497,497,1,"data/raw/air_quality/openaq/historical/PROJ_051/pm2_5/PROJ_051_12234805_pm2_5_2026_01_p1_20260924T225051.json","2026-09-24T17:20:52Z","2026-09-24T17:20:52Z",200,""
10,"PROJ_051",5633,12234800,"co","2025-12-31T18:30:00Z","2026-01-31T18:29:59Z","completed",1,497,497,1,"data/raw/air_quality/openaq/historical/PROJ_051/co/PROJ_051_12234800_co_2026_01_p1_20260924T225055.json","2026-09-24T17:20:55Z","2026-09-24T17:20:55Z",200,""
10,"PROJ_051",5633,12234803,"o3","2025-12-31T18:30:00Z","2026-01-31T18:29:59Z","completed",1,497,497,1,"data/raw/air_quality/openaq/historical/PROJ_051/o3/PROJ_051_12234803_o3_2026_01_p1_20260924T225059.json","2026-09-24T17:21:00Z","2026-09-24T17:21:00Z",200,""
10,"PROJ_051",5633,12234802,"no2","2025-12-31T18:30:00Z","2026-01-31T18:29:59Z","completed",1,497,497,1,"data/raw/air_quality/openaq/historical/PROJ_051/no2/PROJ_051_12234802_no2_2026_01_p1_20260924T225104.json","2026-09-24T17:21:05Z","2026-09-24T17:21:05Z",200,""
10,"PROJ_063",5659,12235521,"pm10","2025-12-31T18:30:00Z","2026-01-31T18:29:59Z","completed",1,494,494,1,"data/raw/air_quality/openaq/historical/PROJ_063/pm10/PROJ_063_12235521_pm10_2026_01_p1_20260924T225109.json","2026-09-24T17:21:09Z","2026-09-24T17:21:09Z",200,""
10,"PROJ_063",5659,12235520,"o3","2025-12-31T18:30:00Z","2026-01-31T18:29:59Z","completed",1,494,494,1,"data/raw/air_quality/openaq/historical/PROJ_063/o3/PROJ_063_12235520_o3_2026_01_p1_20260924T225113.json","2026-09-24T17:21:13Z","2026-09-24T17:21:13Z",200,""
10,"PROJ_063",5659,12235517,"co","2025-12-31T18:30:00Z","2026-01-31T18:29:59Z","completed",1,494,494,1,"data/raw/air_quality/openaq/historical/PROJ_063/co/PROJ_063_12235517_co_2026_01_p1_20260924T225118.json","2026-09-24T17:21:18Z","2026-09-24T17:21:18Z",200,""
10,"PROJ_063",5659,12235524,"so2","2025-12-31T18:30:00Z","2026-01-31T18:29:59Z","completed",1,494,494,1,"data/raw/air_quality/openaq/historical/PROJ_063/so2/PROJ_063_12235524_so2_2026_01_p1_20260924T225122.json","2026-09-24T17:21:23Z","2026-09-24T17:21:23Z",200,""
10,"PROJ_063",5659,12235519,"no2","2025-12-31T18:30:00Z","2026-01-31T18:29:59Z","completed",1,494,494,1,"data/raw/air_quality/openaq/historical/PROJ_063/no2/PROJ_063_12235519_no2_2026_01_p1_20260924T225126.json","2026-09-24T17:21:27Z","2026-09-24T17:21:27Z",200,""
10,"PROJ_063",5659,12235522,"pm2_5","2025-12-31T18:30:00Z","2026-01-31T18:29:59Z","completed",1,494,494,1,"data/raw/air_quality/openaq/historical/PROJ_063/pm2_5/PROJ_063_12235522_pm2_5_2026_01_p1_20260924T225130.json","2026-09-24T17:21:31Z","2026-09-24T17:21:31Z",200,""
10,"PROJ_092",6945,12289836,"so2","2025-12-31T18:30:00Z","2026-01-31T18:29:59Z","completed",1,481,481,1,"data/raw/air_quality/openaq/historical/PROJ_092/so2/PROJ_092_12289836_so2_2026_01_p1_20260924T225134.json","2026-09-24T17:21:34Z","2026-09-24T17:21:34Z",200,""
10,"PROJ_092",6945,12235834,"pm2_5","2025-12-31T18:30:00Z","2026-01-31T18:29:59Z","completed",1,481,481,1,"data/raw/air_quality/openaq/historical/PROJ_092/pm2_5/PROJ_092_12235834_pm2_5_2026_01_p1_20260924T225139.json","2026-09-24T17:21:39Z","2026-09-24T17:21:39Z",200,""
10,"PROJ_092",6945,12235829,"co","2025-12-31T18:30:00Z","2026-01-31T18:29:59Z","completed",1,480,480,1,"data/raw/air_quality/openaq/historical/PROJ_092/co/PROJ_092_12235829_co_2026_01_p1_20260924T225143.json","2026-09-24T17:21:43Z","2026-09-24T17:21:43Z",200,""
10,"PROJ_092",6945,12235833,"pm10","2025-12-31T18:30:00Z","2026-01-31T18:29:59Z","completed",1,481,481,1,"data/raw/air_quality/openaq/historical/PROJ_092/pm10/PROJ_092_12235833_pm10_2026_01_p1_20260924T225147.json","2026-09-24T17:21:48Z","2026-09-24T17:21:48Z",200,""
10,"PROJ_092",6945,12235831,"no2","2025-12-31T18:30:00Z","2026-01-31T18:29:59Z","completed",1,481,481,1,"data/raw/air_quality/openaq/historical/PROJ_092/no2/PROJ_092_12235831_no2_2026_01_p1_20260924T225152.json","2026-09-24T17:21:52Z","2026-09-24T17:21:52Z",200,""
10,"PROJ_092",6945,12235832,"o3","2025-12-31T18:30:00Z","2026-01-31T18:29:59Z","completed",1,480,480,1,"data/raw/air_quality/openaq/historical/PROJ_092/o3/PROJ_092_12235832_o3_2026_01_p1_20260924T225157.json","2026-09-24T17:21:57Z","2026-09-24T17:21:57Z",200,""
10,"PROJ_101",6973,12235269,"so2","2025-12-31T18:30:00Z","2026-01-31T18:29:59Z","completed",1,484,484,1,"data/raw/air_quality/openaq/historical/PROJ_101/so2/PROJ_101_12235269_so2_2026_01_p1_20260924T225201.json","2026-09-24T17:22:02Z","2026-09-24T17:22:02Z",200,""
10,"PROJ_101",6973,12235264,"no2","2025-12-31T18:30:00Z","2026-01-31T18:29:59Z","completed",1,492,492,1,"data/raw/air_quality/openaq/historical/PROJ_101/no2/PROJ_101_12235264_no2_2026_01_p1_20260924T225206.json","2026-09-24T17:22:06Z","2026-09-24T17:22:06Z",200,""
10,"PROJ_101",6973,12235266,"pm10","2025-12-31T18:30:00Z","2026-01-31T18:29:59Z","completed",1,483,483,1,"data/raw/air_quality/openaq/historical/PROJ_101/pm10/PROJ_101_12235266_pm10_2026_01_p1_20260924T225209.json","2026-09-24T17:22:10Z","2026-09-24T17:22:10Z",200,""
10,"PROJ_101",6973,12235267,"pm2_5","2025-12-31T18:30:00Z","2026-01-31T18:29:59Z","completed",1,489,489,1,"data/raw/air_quality/openaq/historical/PROJ_101/pm2_5/PROJ_101_12235267_pm2_5_2026_01_p1_20260924T225214.json","2026-09-24T17:22:15Z","2026-09-24T17:22:15Z",200,""
10,"PROJ_101",6973,12235265,"o3","2025-12-31T18:30:00Z","2026-01-31T18:29:59Z","completed",1,486,486,1,"data/raw/air_quality/openaq/historical/PROJ_101/o3/PROJ_101_12235265_o3_2026_01_p1_20260924T225218.json","2026-09-24T17:22:18Z","2026-09-24T17:22:18Z",200,""
10,"PROJ_101",6973,12235262,"co","2025-12-31T18:30:00Z","2026-01-31T18:29:59Z","completed",1,487,487,1,"data/raw/air_quality/openaq/historical/PROJ_101/co/PROJ_101_12235262_co_2026_01_p1_20260924T225222.json","2026-09-24T17:22:23Z","2026-09-24T17:22:23Z",200,""
10,"PROJ_133",10599,12236100,"o3","2025-12-31T18:30:00Z","2026-01-31T18:29:59Z","completed",1,496,496,1,"data/raw/air_quality/openaq/historical/PROJ_133/o3/PROJ_133_12236100_o3_2026_01_p1_20260924T225227.json","2026-09-24T17:22:28Z","2026-09-24T17:22:28Z",200,""
10,"PROJ_133",10599,12236101,"pm10","2025-12-31T18:30:00Z","2026-01-31T18:29:59Z","completed",1,496,496,1,"data/raw/air_quality/openaq/historical/PROJ_133/pm10/PROJ_133_12236101_pm10_2026_01_p1_20260924T225232.json","2026-09-24T17:22:33Z","2026-09-24T17:22:33Z",200,""
10,"PROJ_133",10599,12236097,"co","2025-12-31T18:30:00Z","2026-01-31T18:29:59Z","completed",1,496,496,1,"data/raw/air_quality/openaq/historical/PROJ_133/co/PROJ_133_12236097_co_2026_01_p1_20260924T225237.json","2026-09-24T17:22:38Z","2026-09-24T17:22:38Z",200,""
10,"PROJ_133",10599,12236104,"so2","2025-12-31T18:30:00Z","2026-01-31T18:29:59Z","completed",1,496,496,1,"data/raw/air_quality/openaq/historical/PROJ_133/so2/PROJ_133_12236104_so2_2026_01_p1_20260924T225242.json","2026-09-24T17:22:42Z","2026-09-24T17:22:42Z",200,""
10,"PROJ_133",10599,12236102,"pm2_5","2025-12-31T18:30:00Z","2026-01-31T18:29:59Z","completed",1,496,496,1,"data/raw/air_quality/openaq/historical/PROJ_133/pm2_5/PROJ_133_12236102_pm2_5_2026_01_p1_20260924T225247.json","2026-09-24T17:22:47Z","2026-09-24T17:22:47Z",200,""
10,"PROJ_133",10599,12236099,"no2","2025-12-31T18:30:00Z","2026-01-31T18:29:59Z","completed",1,496,496,1,"data/raw/air_quality/openaq/historical/PROJ_133/no2/PROJ_133_12236099_no2_2026_01_p1_20260924T225250.json","2026-09-24T17:22:51Z","2026-09-24T17:22:51Z",200,""
10,"PROJ_142",10903,12235758,"no2","2025-12-31T18:30:00Z","2026-01-31T18:29:59Z","completed",1,472,472,1,"data/raw/air_quality/openaq/historical/PROJ_142/no2/PROJ_142_12235758_no2_2026_01_p1_20260924T225255.json","2026-09-24T17:22:56Z","2026-09-24T17:22:56Z",200,""
10,"PROJ_142",10903,12235763,"so2","2025-12-31T18:30:00Z","2026-01-31T18:29:59Z","completed",1,472,472,1,"data/raw/air_quality/openaq/historical/PROJ_142/so2/PROJ_142_12235763_so2_2026_01_p1_20260924T225259.json","2026-09-24T17:23:00Z","2026-09-24T17:23:00Z",200,""
10,"PROJ_142",10903,12235756,"co","2025-12-31T18:30:00Z","2026-01-31T18:29:59Z","completed",1,472,472,1,"data/raw/air_quality/openaq/historical/PROJ_142/co/PROJ_142_12235756_co_2026_01_p1_20260924T225304.json","2026-09-24T17:23:04Z","2026-09-24T17:23:04Z",200,""
10,"PROJ_142",10903,12235760,"pm10","2025-12-31T18:30:00Z","2026-01-31T18:29:59Z","completed",1,472,472,1,"data/raw/air_quality/openaq/historical/PROJ_142/pm10/PROJ_142_12235760_pm10_2026_01_p1_20260924T225307.json","2026-09-24T17:23:08Z","2026-09-24T17:23:08Z",200,""
10,"PROJ_142",10903,12235759,"o3","2025-12-31T18:30:00Z","2026-01-31T18:29:59Z","completed",1,472,472,1,"data/raw/air_quality/openaq/historical/PROJ_142/o3/PROJ_142_12235759_o3_2026_01_p1_20260924T225312.json","2026-09-24T17:23:13Z","2026-09-24T17:23:13Z",200,""
10,"PROJ_142",10903,12235761,"pm2_5","2025-12-31T18:30:00Z","2026-01-31T18:29:59Z","completed",1,472,472,1,"data/raw/air_quality/openaq/historical/PROJ_142/pm2_5/PROJ_142_12235761_pm2_5_2026_01_p1_20260924T225317.json","2026-09-24T17:23:18Z","2026-09-24T17:23:18Z",200,""
10,"PROJ_144",10913,12236019,"o3","2025-12-31T18:30:00Z","2026-01-31T18:29:59Z","completed",1,496,496,1,"data/raw/air_quality/openaq/historical/PROJ_144/o3/PROJ_144_12236019_o3_2026_01_p1_20260924T225321.json","2026-09-24T17:23:21Z","2026-09-24T17:23:21Z",200,""
10,"PROJ_144",10913,12236023,"so2","2025-12-31T18:30:00Z","2026-01-31T18:29:59Z","completed",1,496,496,1,"data/raw/air_quality/openaq/historical/PROJ_144/so2/PROJ_144_12236023_so2_2026_01_p1_20260924T225325.json","2026-09-24T17:23:26Z","2026-09-24T17:23:26Z",200,""
10,"PROJ_144",10913,12236021,"pm2_5","2025-12-31T18:30:00Z","2026-01-31T18:29:59Z","completed",1,496,496,1,"data/raw/air_quality/openaq/historical/PROJ_144/pm2_5/PROJ_144_12236021_pm2_5_2026_01_p1_20260924T225330.json","2026-09-24T17:23:31Z","2026-09-24T17:23:31Z",200,""
10,"PROJ_144",10913,12236020,"pm10","2025-12-31T18:30:00Z","2026-01-31T18:29:59Z","completed",1,496,496,1,"data/raw/air_quality/openaq/historical/PROJ_144/pm10/PROJ_144_12236020_pm10_2026_01_p1_20260924T225335.json","2026-09-24T17:23:36Z","2026-09-24T17:23:36Z",200,""
10,"PROJ_144",10913,12236016,"co","2025-12-31T18:30:00Z","2026-01-31T18:29:59Z","completed",1,495,495,1,"data/raw/air_quality/openaq/historical/PROJ_144/co/PROJ_144_12236016_co_2026_01_p1_20260924T225339.json","2026-09-24T17:23:39Z","2026-09-24T17:23:39Z",200,""
10,"PROJ_144",10913,12236018,"no2","2025-12-31T18:30:00Z","2026-01-31T18:29:59Z","completed",1,495,495,1,"data/raw/air_quality/openaq/historical/PROJ_144/no2/PROJ_144_12236018_no2_2026_01_p1_20260924T225343.json","2026-09-24T17:23:43Z","2026-09-24T17:23:43Z",200,""
10,"PROJ_158",11613,12236463,"pm2_5","2025-12-31T18:30:00Z","2026-01-31T18:29:59Z","completed",1,496,496,1,"data/raw/air_quality/openaq/historical/PROJ_158/pm2_5/PROJ_158_12236463_pm2_5_2026_01_p1_20260924T225348.json","2026-09-24T17:23:48Z","2026-09-24T17:23:48Z",200,""
10,"PROJ_158",11613,12236458,"co","2025-12-31T18:30:00Z","2026-01-31T18:29:59Z","completed",1,496,496,1,"data/raw/air_quality/openaq/historical/PROJ_158/co/PROJ_158_12236458_co_2026_01_p1_20260924T225351.json","2026-09-24T17:23:52Z","2026-09-24T17:23:52Z",200,""
10,"PROJ_158",11613,12236460,"no2","2025-12-31T18:30:00Z","2026-01-31T18:29:59Z","completed",1,496,496,1,"data/raw/air_quality/openaq/historical/PROJ_158/no2/PROJ_158_12236460_no2_2026_01_p1_20260924T225355.json","2026-09-24T17:23:55Z","2026-09-24T17:23:55Z",200,""
10,"PROJ_158",11613,12236461,"o3","2025-12-31T18:30:00Z","2026-01-31T18:29:59Z","completed",1,496,496,1,"data/raw/air_quality/openaq/historical/PROJ_158/o3/PROJ_158_12236461_o3_2026_01_p1_20260924T225358.json","2026-09-24T17:23:59Z","2026-09-24T17:23:59Z",200,""
10,"PROJ_158",11613,12236465,"so2","2025-12-31T18:30:00Z","2026-01-31T18:29:59Z","completed",1,496,496,1,"data/raw/air_quality/openaq/historical/PROJ_158/so2/PROJ_158_12236465_so2_2026_01_p1_20260924T225402.json","2026-09-24T17:24:02Z","2026-09-24T17:24:02Z",200,""
10,"PROJ_158",11613,12236462,"pm10","2025-12-31T18:30:00Z","2026-01-31T18:29:59Z","completed",1,496,496,1,"data/raw/air_quality/openaq/historical/PROJ_158/pm10/PROJ_158_12236462_pm10_2026_01_p1_20260924T225407.json","2026-09-24T17:24:07Z","2026-09-24T17:24:07Z",200,""
10,"PROJ_179",344103,12237100,"so2","2025-12-31T18:30:00Z","2026-01-31T18:29:59Z","completed",1,460,460,1,"data/raw/air_quality/openaq/historical/PROJ_179/so2/PROJ_179_12237100_so2_2026_01_p1_20260924T225411.json","2026-09-24T17:24:11Z","2026-09-24T17:24:11Z",200,""
10,"PROJ_179",344103,12237093,"co","2025-12-31T18:30:00Z","2026-01-31T18:29:59Z","completed",1,460,460,1,"data/raw/air_quality/openaq/historical/PROJ_179/co/PROJ_179_12237093_co_2026_01_p1_20260924T225416.json","2026-09-24T17:24:16Z","2026-09-24T17:24:16Z",200,""
10,"PROJ_179",344103,12237096,"o3","2025-12-31T18:30:00Z","2026-01-31T18:29:59Z","completed",1,460,460,1,"data/raw/air_quality/openaq/historical/PROJ_179/o3/PROJ_179_12237096_o3_2026_01_p1_20260924T225420.json","2026-09-24T17:24:21Z","2026-09-24T17:24:21Z",200,""
10,"PROJ_179",344103,12237097,"pm10","2025-12-31T18:30:00Z","2026-01-31T18:29:59Z","completed",1,460,460,1,"data/raw/air_quality/openaq/historical/PROJ_179/pm10/PROJ_179_12237097_pm10_2026_01_p1_20260924T225425.json","2026-09-24T17:24:26Z","2026-09-24T17:24:26Z",200,""
10,"PROJ_179",344103,12237098,"pm2_5","2025-12-31T18:30:00Z","2026-01-31T18:29:59Z","completed",1,460,460,1,"data/raw/air_quality/openaq/historical/PROJ_179/pm2_5/PROJ_179_12237098_pm2_5_2026_01_p1_20260924T225430.json","2026-09-24T17:24:30Z","2026-09-24T17:24:30Z",200,""
10,"PROJ_179",344103,12237095,"no2","2025-12-31T18:30:00Z","2026-01-31T18:29:59Z","completed",1,460,460,1,"data/raw/air_quality/openaq/historical/PROJ_179/no2/PROJ_179_12237095_no2_2026_01_p1_20260924T225434.json","2026-09-24T17:24:35Z","2026-09-24T17:24:35Z",200,""
10,"PROJ_180",344104,12237125,"pm2_5","2025-12-31T18:30:00Z","2026-01-31T18:29:59Z","completed",1,488,488,1,"data/raw/air_quality/openaq/historical/PROJ_180/pm2_5/PROJ_180_12237125_pm2_5_2026_01_p1_20260924T225438.json","2026-09-24T17:24:39Z","2026-09-24T17:24:39Z",200,""
10,"PROJ_180",344104,12237122,"no2","2025-12-31T18:30:00Z","2026-01-31T18:29:59Z","completed",1,488,488,1,"data/raw/air_quality/openaq/historical/PROJ_180/no2/PROJ_180_12237122_no2_2026_01_p1_20260924T225442.json","2026-09-24T17:24:43Z","2026-09-24T17:24:43Z",200,""
10,"PROJ_180",344104,12237124,"pm10","2025-12-31T18:30:00Z","2026-01-31T18:29:59Z","completed",1,488,488,1,"data/raw/air_quality/openaq/historical/PROJ_180/pm10/PROJ_180_12237124_pm10_2026_01_p1_20260924T225446.json","2026-09-24T17:24:47Z","2026-09-24T17:24:47Z",200,""
10,"PROJ_180",344104,12237127,"so2","2025-12-31T18:30:00Z","2026-01-31T18:29:59Z","completed",1,488,488,1,"data/raw/air_quality/openaq/historical/PROJ_180/so2/PROJ_180_12237127_so2_2026_01_p1_20260924T225451.json","2026-09-24T17:24:51Z","2026-09-24T17:24:51Z",200,""
10,"PROJ_180",344104,12237123,"o3","2025-12-31T18:30:00Z","2026-01-31T18:29:59Z","completed",1,488,488,1,"data/raw/air_quality/openaq/historical/PROJ_180/o3/PROJ_180_12237123_o3_2026_01_p1_20260924T225454.json","2026-09-24T17:24:54Z","2026-09-24T17:24:54Z",200,""
10,"PROJ_180",344104,12237120,"co","2025-12-31T18:30:00Z","2026-01-31T18:29:59Z","completed",1,488,488,1,"data/raw/air_quality/openaq/historical/PROJ_180/co/PROJ_180_12237120_co_2026_01_p1_20260924T225500.json","2026-09-24T17:25:01Z","2026-09-24T17:25:01Z",200,""
10,"PROJ_181",344140,12237111,"co","2025-12-31T18:30:00Z","2026-01-31T18:29:59Z","completed",1,495,495,1,"data/raw/air_quality/openaq/historical/PROJ_181/co/PROJ_181_12237111_co_2026_01_p1_20260924T225504.json","2026-09-24T17:25:04Z","2026-09-24T17:25:04Z",200,""
10,"PROJ_181",344140,12237114,"o3","2025-12-31T18:30:00Z","2026-01-31T18:29:59Z","completed",1,495,495,1,"data/raw/air_quality/openaq/historical/PROJ_181/o3/PROJ_181_12237114_o3_2026_01_p1_20260924T225507.json","2026-09-24T17:25:07Z","2026-09-24T17:25:07Z",200,""
10,"PROJ_181",344140,12237113,"no2","2025-12-31T18:30:00Z","2026-01-31T18:29:59Z","completed",1,495,495,1,"data/raw/air_quality/openaq/historical/PROJ_181/no2/PROJ_181_12237113_no2_2026_01_p1_20260924T225511.json","2026-09-24T17:25:12Z","2026-09-24T17:25:12Z",200,""
10,"PROJ_181",344140,12237115,"pm10","2025-12-31T18:30:00Z","2026-01-31T18:29:59Z","completed",1,495,495,1,"data/raw/air_quality/openaq/historical/PROJ_181/pm10/PROJ_181_12237115_pm10_2026_01_p1_20260924T225515.json","2026-09-24T17:25:16Z","2026-09-24T17:25:16Z",200,""
10,"PROJ_181",344140,12237118,"so2","2025-12-31T18:30:00Z","2026-01-31T18:29:59Z","completed",1,495,495,1,"data/raw/air_quality/openaq/historical/PROJ_181/so2/PROJ_181_12237118_so2_2026_01_p1_20260924T225520.json","2026-09-24T17:25:20Z","2026-09-24T17:25:20Z",200,""
10,"PROJ_181",344140,12237116,"pm2_5","2025-12-31T18:30:00Z","2026-01-31T18:29:59Z","completed",1,495,495,1,"data/raw/air_quality/openaq/historical/PROJ_181/pm2_5/PROJ_181_12237116_pm2_5_2026_01_p1_20260924T225523.json","2026-09-24T17:25:23Z","2026-09-24T17:25:23Z",200,""
10,"PROJ_186",352465,12237091,"so2","2025-12-31T18:30:00Z","2026-01-31T18:29:59Z","completed",1,496,496,1,"data/raw/air_quality/openaq/historical/PROJ_186/so2/PROJ_186_12237091_so2_2026_01_p1_20260924T225526.json","2026-09-24T17:25:27Z","2026-09-24T17:25:27Z",200,""
10,"PROJ_186",352465,12237088,"pm10","2025-12-31T18:30:00Z","2026-01-31T18:29:59Z","completed",1,496,496,1,"data/raw/air_quality/openaq/historical/PROJ_186/pm10/PROJ_186_12237088_pm10_2026_01_p1_20260924T225532.json","2026-09-24T17:25:32Z","2026-09-24T17:25:32Z",200,""
10,"PROJ_186",352465,12237089,"pm2_5","2025-12-31T18:30:00Z","2026-01-31T18:29:59Z","completed",1,496,496,1,"data/raw/air_quality/openaq/historical/PROJ_186/pm2_5/PROJ_186_12237089_pm2_5_2026_01_p1_20260924T225536.json","2026-09-24T17:25:36Z","2026-09-24T17:25:36Z",200,""
10,"PROJ_186",352465,12237086,"no2","2025-12-31T18:30:00Z","2026-01-31T18:29:59Z","completed",1,496,496,1,"data/raw/air_quality/openaq/historical/PROJ_186/no2/PROJ_186_12237086_no2_2026_01_p1_20260924T225539.json","2026-09-24T17:25:40Z","2026-09-24T17:25:40Z",200,""
10,"PROJ_186",352465,12237087,"o3","2025-12-31T18:30:00Z","2026-01-31T18:29:59Z","completed",1,496,496,1,"data/raw/air_quality/openaq/historical/PROJ_186/o3/PROJ_186_12237087_o3_2026_01_p1_20260924T225544.json","2026-09-24T17:25:44Z","2026-09-24T17:25:44Z",200,""
10,"PROJ_186",352465,12237084,"co","2025-12-31T18:30:00Z","2026-01-31T18:29:59Z","completed",1,496,496,1,"data/raw/air_quality/openaq/historical/PROJ_186/co/PROJ_186_12237084_co_2026_01_p1_20260924T225547.json","2026-09-24T17:25:47Z","2026-09-24T17:25:47Z",200,""
10,"PROJ_094",6950,12235885,"o3","2025-12-31T18:30:00Z","2026-01-31T18:29:59Z","completed",1,494,494,1,"data/raw/air_quality/openaq/historical/PROJ_094/o3/PROJ_094_12235885_o3_2026_01_p1_20260924T225551.json","2026-09-24T17:25:52Z","2026-09-24T17:25:52Z",200,""
10,"PROJ_094",6950,12235889,"so2","2025-12-31T18:30:00Z","2026-01-31T18:29:59Z","completed",1,494,494,1,"data/raw/air_quality/openaq/historical/PROJ_094/so2/PROJ_094_12235889_so2_2026_01_p1_20260924T225556.json","2026-09-24T17:25:56Z","2026-09-24T17:25:56Z",200,""
10,"PROJ_094",6950,12235884,"no2","2025-12-31T18:30:00Z","2026-01-31T18:29:59Z","completed",1,494,494,1,"data/raw/air_quality/openaq/historical/PROJ_094/no2/PROJ_094_12235884_no2_2026_01_p1_20260924T225559.json","2026-09-24T17:26:00Z","2026-09-24T17:26:00Z",200,""
10,"PROJ_094",6950,12235886,"pm10","2025-12-31T18:30:00Z","2026-01-31T18:29:59Z","completed",1,494,494,1,"data/raw/air_quality/openaq/historical/PROJ_094/pm10/PROJ_094_12235886_pm10_2026_01_p1_20260924T225604.json","2026-09-24T17:26:04Z","2026-09-24T17:26:04Z",200,""
10,"PROJ_094",6950,12235882,"co","2025-12-31T18:30:00Z","2026-01-31T18:29:59Z","completed",1,494,494,1,"data/raw/air_quality/openaq/historical/PROJ_094/co/PROJ_094_12235882_co_2026_01_p1_20260924T225608.json","2026-09-24T17:26:09Z","2026-09-24T17:26:09Z",200,""
10,"PROJ_094",6950,12235887,"pm2_5","2025-12-31T18:30:00Z","2026-01-31T18:29:59Z","completed",1,494,494,1,"data/raw/air_quality/openaq/historical/PROJ_094/pm2_5/PROJ_094_12235887_pm2_5_2026_01_p1_20260924T225611.json","2026-09-24T17:26:12Z","2026-09-24T17:26:12Z",200,""
11,"PROJ_002",17,12234785,"o3","2026-01-31T18:30:00Z","2026-02-28T18:29:59Z","completed",1,568,568,1,"data/raw/air_quality/openaq/historical/PROJ_002/o3/PROJ_002_12234785_o3_2026_02_p1_20260924T225615.json","2026-09-24T17:26:15Z","2026-09-24T17:26:15Z",200,""
11,"PROJ_002",17,12234787,"pm2_5","2026-01-31T18:30:00Z","2026-02-28T18:29:59Z","completed",1,572,572,1,"data/raw/air_quality/openaq/historical/PROJ_002/pm2_5/PROJ_002_12234787_pm2_5_2026_02_p1_20260924T225618.json","2026-09-24T17:26:19Z","2026-09-24T17:26:19Z",200,""
11,"PROJ_002",17,12234784,"no2","2026-01-31T18:30:00Z","2026-02-28T18:29:59Z","completed",1,572,572,1,"data/raw/air_quality/openaq/historical/PROJ_002/no2/PROJ_002_12234784_no2_2026_02_p1_20260924T225622.json","2026-09-24T17:26:22Z","2026-09-24T17:26:22Z",200,""
11,"PROJ_002",17,12234786,"pm10","2026-01-31T18:30:00Z","2026-02-28T18:29:59Z","completed",1,569,569,1,"data/raw/air_quality/openaq/historical/PROJ_002/pm10/PROJ_002_12234786_pm10_2026_02_p1_20260924T225625.json","2026-09-24T17:26:26Z","2026-09-24T17:26:26Z",200,""
11,"PROJ_002",17,12234782,"co","2026-01-31T18:30:00Z","2026-02-28T18:29:59Z","completed",1,571,571,1,"data/raw/air_quality/openaq/historical/PROJ_002/co/PROJ_002_12234782_co_2026_02_p1_20260924T225630.json","2026-09-24T17:26:30Z","2026-09-24T17:26:30Z",200,""
11,"PROJ_002",17,12234789,"so2","2026-01-31T18:30:00Z","2026-02-28T18:29:59Z","completed",1,571,571,1,"data/raw/air_quality/openaq/historical/PROJ_002/so2/PROJ_002_12234789_so2_2026_02_p1_20260924T225635.json","2026-09-24T17:26:36Z","2026-09-24T17:26:36Z",200,""
11,"PROJ_007",407,12235585,"so2","2026-01-31T18:30:00Z","2026-02-28T18:29:59Z","completed",1,574,574,1,"data/raw/air_quality/openaq/historical/PROJ_007/so2/PROJ_007_12235585_so2_2026_02_p1_20260924T225640.json","2026-09-24T17:26:40Z","2026-09-24T17:26:40Z",200,""
11,"PROJ_007",407,12235581,"o3","2026-01-31T18:30:00Z","2026-02-28T18:29:59Z","completed",1,574,574,1,"data/raw/air_quality/openaq/historical/PROJ_007/o3/PROJ_007_12235581_o3_2026_02_p1_20260924T225645.json","2026-09-24T17:26:45Z","2026-09-24T17:26:45Z",200,""
11,"PROJ_007",407,12235578,"co","2026-01-31T18:30:00Z","2026-02-28T18:29:59Z","completed",1,574,574,1,"data/raw/air_quality/openaq/historical/PROJ_007/co/PROJ_007_12235578_co_2026_02_p1_20260924T225649.json","2026-09-24T17:26:49Z","2026-09-24T17:26:49Z",200,""
11,"PROJ_007",407,12235580,"no2","2026-01-31T18:30:00Z","2026-02-28T18:29:59Z","completed",1,574,574,1,"data/raw/air_quality/openaq/historical/PROJ_007/no2/PROJ_007_12235580_no2_2026_02_p1_20260924T225653.json","2026-09-24T17:26:54Z","2026-09-24T17:26:54Z",200,""
11,"PROJ_007",407,12235583,"pm2_5","2026-01-31T18:30:00Z","2026-02-28T18:29:59Z","completed",1,568,568,1,"data/raw/air_quality/openaq/historical/PROJ_007/pm2_5/PROJ_007_12235583_pm2_5_2026_02_p1_20260924T225659.json","2026-09-24T17:26:59Z","2026-09-24T17:26:59Z",200,""
11,"PROJ_007",407,12235582,"pm10","2026-01-31T18:30:00Z","2026-02-28T18:29:59Z","completed",1,568,568,1,"data/raw/air_quality/openaq/historical/PROJ_007/pm10/PROJ_007_12235582_pm10_2026_02_p1_20260924T225702.json","2026-09-24T17:27:03Z","2026-09-24T17:27:03Z",200,""
11,"PROJ_019",2586,12235655,"so2","2026-01-31T18:30:00Z","2026-02-28T18:29:59Z","completed",1,571,571,1,"data/raw/air_quality/openaq/historical/PROJ_019/so2/PROJ_019_12235655_so2_2026_02_p1_20260924T225706.json","2026-09-24T17:27:07Z","2026-09-24T17:27:07Z",200,""
11,"PROJ_019",2586,12235648,"co","2026-01-31T18:30:00Z","2026-02-28T18:29:59Z","completed",1,571,571,1,"data/raw/air_quality/openaq/historical/PROJ_019/co/PROJ_019_12235648_co_2026_02_p1_20260924T225710.json","2026-09-24T17:27:10Z","2026-09-24T17:27:10Z",200,""
11,"PROJ_019",2586,12235653,"pm2_5","2026-01-31T18:30:00Z","2026-02-28T18:29:59Z","completed",1,571,571,1,"data/raw/air_quality/openaq/historical/PROJ_019/pm2_5/PROJ_019_12235653_pm2_5_2026_02_p1_20260924T225714.json","2026-09-24T17:27:14Z","2026-09-24T17:27:14Z",200,""
11,"PROJ_019",2586,12235652,"pm10","2026-01-31T18:30:00Z","2026-02-28T18:29:59Z","completed",1,571,571,1,"data/raw/air_quality/openaq/historical/PROJ_019/pm10/PROJ_019_12235652_pm10_2026_02_p1_20260924T225717.json","2026-09-24T17:27:18Z","2026-09-24T17:27:18Z",200,""
11,"PROJ_019",2586,12235650,"no2","2026-01-31T18:30:00Z","2026-02-28T18:29:59Z","completed",1,571,571,1,"data/raw/air_quality/openaq/historical/PROJ_019/no2/PROJ_019_12235650_no2_2026_02_p1_20260924T225722.json","2026-09-24T17:27:23Z","2026-09-24T17:27:23Z",200,""
11,"PROJ_019",2586,12235651,"o3","2026-01-31T18:30:00Z","2026-02-28T18:29:59Z","completed",1,571,571,1,"data/raw/air_quality/openaq/historical/PROJ_019/o3/PROJ_019_12235651_o3_2026_02_p1_20260924T225726.json","2026-09-24T17:27:26Z","2026-09-24T17:27:26Z",200,""
11,"PROJ_036",5599,12235400,"pm2_5","2026-01-31T18:30:00Z","2026-02-28T18:29:59Z","completed",1,442,442,1,"data/raw/air_quality/openaq/historical/PROJ_036/pm2_5/PROJ_036_12235400_pm2_5_2026_02_p1_20260924T225730.json","2026-09-24T17:27:31Z","2026-09-24T17:27:31Z",200,""
11,"PROJ_036",5599,12235399,"pm10","2026-01-31T18:30:00Z","2026-02-28T18:29:59Z","completed",1,466,466,1,"data/raw/air_quality/openaq/historical/PROJ_036/pm10/PROJ_036_12235399_pm10_2026_02_p1_20260924T225734.json","2026-09-24T17:27:34Z","2026-09-24T17:27:34Z",200,""
11,"PROJ_036",5599,12235402,"so2","2026-01-31T18:30:00Z","2026-02-28T18:29:59Z","completed",1,552,552,1,"data/raw/air_quality/openaq/historical/PROJ_036/so2/PROJ_036_12235402_so2_2026_02_p1_20260924T225737.json","2026-09-24T17:27:38Z","2026-09-24T17:27:38Z",200,""
11,"PROJ_036",5599,12235398,"o3","2026-01-31T18:30:00Z","2026-02-28T18:29:59Z","completed",1,554,554,1,"data/raw/air_quality/openaq/historical/PROJ_036/o3/PROJ_036_12235398_o3_2026_02_p1_20260924T225741.json","2026-09-24T17:27:41Z","2026-09-24T17:27:41Z",200,""
11,"PROJ_036",5599,12235395,"co","2026-01-31T18:30:00Z","2026-02-28T18:29:59Z","completed",1,552,552,1,"data/raw/air_quality/openaq/historical/PROJ_036/co/PROJ_036_12235395_co_2026_02_p1_20260924T225745.json","2026-09-24T17:27:46Z","2026-09-24T17:27:46Z",200,""
11,"PROJ_036",5599,12235397,"no2","2026-01-31T18:30:00Z","2026-02-28T18:29:59Z","completed",1,552,552,1,"data/raw/air_quality/openaq/historical/PROJ_036/no2/PROJ_036_12235397_no2_2026_02_p1_20260924T225749.json","2026-09-24T17:27:49Z","2026-09-24T17:27:49Z",200,""
11,"PROJ_042",5621,12235625,"pm10","2026-01-31T18:30:00Z","2026-02-28T18:29:59Z","completed",1,565,565,1,"data/raw/air_quality/openaq/historical/PROJ_042/pm10/PROJ_042_12235625_pm10_2026_02_p1_20260924T225752.json","2026-09-24T17:27:53Z","2026-09-24T17:27:53Z",200,""
11,"PROJ_042",5621,12235623,"no2","2026-01-31T18:30:00Z","2026-02-28T18:29:59Z","completed",1,565,565,1,"data/raw/air_quality/openaq/historical/PROJ_042/no2/PROJ_042_12235623_no2_2026_02_p1_20260924T225756.json","2026-09-24T17:27:56Z","2026-09-24T17:27:56Z",200,""
11,"PROJ_042",5621,12235626,"pm2_5","2026-01-31T18:30:00Z","2026-02-28T18:29:59Z","completed",1,565,565,1,"data/raw/air_quality/openaq/historical/PROJ_042/pm2_5/PROJ_042_12235626_pm2_5_2026_02_p1_20260924T225759.json","2026-09-24T17:28:00Z","2026-09-24T17:28:00Z",200,""
11,"PROJ_042",5621,12235621,"co","2026-01-31T18:30:00Z","2026-02-28T18:29:59Z","completed",1,565,565,1,"data/raw/air_quality/openaq/historical/PROJ_042/co/PROJ_042_12235621_co_2026_02_p1_20260924T225803.json","2026-09-24T17:28:03Z","2026-09-24T17:28:03Z",200,""
11,"PROJ_042",5621,12235628,"so2","2026-01-31T18:30:00Z","2026-02-28T18:29:59Z","completed",1,565,565,1,"data/raw/air_quality/openaq/historical/PROJ_042/so2/PROJ_042_12235628_so2_2026_02_p1_20260924T225807.json","2026-09-24T17:28:08Z","2026-09-24T17:28:08Z",200,""
11,"PROJ_042",5621,12235624,"o3","2026-01-31T18:30:00Z","2026-02-28T18:29:59Z","completed",1,565,565,1,"data/raw/air_quality/openaq/historical/PROJ_042/o3/PROJ_042_12235624_o3_2026_02_p1_20260924T225812.json","2026-09-24T17:28:13Z","2026-09-24T17:28:13Z",200,""
11,"PROJ_044",5623,12242116,"co","2026-01-31T18:30:00Z","2026-02-28T18:29:59Z","completed",1,540,540,1,"data/raw/air_quality/openaq/historical/PROJ_044/co/PROJ_044_12242116_co_2026_02_p1_20260924T225816.json","2026-09-24T17:28:16Z","2026-09-24T17:28:16Z",200,""
11,"PROJ_044",5623,12242118,"no2","2026-01-31T18:30:00Z","2026-02-28T18:29:59Z","completed",1,540,540,1,"data/raw/air_quality/openaq/historical/PROJ_044/no2/PROJ_044_12242118_no2_2026_02_p1_20260924T225820.json","2026-09-24T17:28:21Z","2026-09-24T17:28:21Z",200,""
11,"PROJ_044",5623,12242119,"o3","2026-01-31T18:30:00Z","2026-02-28T18:29:59Z","completed",1,540,540,1,"data/raw/air_quality/openaq/historical/PROJ_044/o3/PROJ_044_12242119_o3_2026_02_p1_20260924T225824.json","2026-09-24T17:28:24Z","2026-09-24T17:28:24Z",200,""
11,"PROJ_044",5623,12242121,"pm2_5","2026-01-31T18:30:00Z","2026-02-28T18:29:59Z","completed",1,537,537,1,"data/raw/air_quality/openaq/historical/PROJ_044/pm2_5/PROJ_044_12242121_pm2_5_2026_02_p1_20260924T225828.json","2026-09-24T17:28:29Z","2026-09-24T17:28:29Z",200,""
11,"PROJ_044",5623,12242120,"pm10","2026-01-31T18:30:00Z","2026-02-28T18:29:59Z","completed",1,538,538,1,"data/raw/air_quality/openaq/historical/PROJ_044/pm10/PROJ_044_12242120_pm10_2026_02_p1_20260924T225834.json","2026-09-24T17:28:34Z","2026-09-24T17:28:34Z",200,""
11,"PROJ_044",5623,12242123,"so2","2026-01-31T18:30:00Z","2026-02-28T18:29:59Z","completed",1,540,540,1,"data/raw/air_quality/openaq/historical/PROJ_044/so2/PROJ_044_12242123_so2_2026_02_p1_20260924T225837.json","2026-09-24T17:28:38Z","2026-09-24T17:28:38Z",200,""
11,"PROJ_048",5628,12235460,"pm2_5","2026-01-31T18:30:00Z","2026-02-28T18:29:59Z","completed",1,536,536,1,"data/raw/air_quality/openaq/historical/PROJ_048/pm2_5/PROJ_048_12235460_pm2_5_2026_02_p1_20260924T225842.json","2026-09-24T17:28:43Z","2026-09-24T17:28:43Z",200,""
11,"PROJ_048",5628,12235458,"o3","2026-01-31T18:30:00Z","2026-02-28T18:29:59Z","completed",1,537,537,1,"data/raw/air_quality/openaq/historical/PROJ_048/o3/PROJ_048_12235458_o3_2026_02_p1_20260924T225846.json","2026-09-24T17:28:46Z","2026-09-24T17:28:46Z",200,""
11,"PROJ_048",5628,12235455,"co","2026-01-31T18:30:00Z","2026-02-28T18:29:59Z","completed",1,528,528,1,"data/raw/air_quality/openaq/historical/PROJ_048/co/PROJ_048_12235455_co_2026_02_p1_20260924T225851.json","2026-09-24T17:28:51Z","2026-09-24T17:28:51Z",200,""
11,"PROJ_048",5628,12235459,"pm10","2026-01-31T18:30:00Z","2026-02-28T18:29:59Z","completed",1,535,535,1,"data/raw/air_quality/openaq/historical/PROJ_048/pm10/PROJ_048_12235459_pm10_2026_02_p1_20260924T225856.json","2026-09-24T17:28:56Z","2026-09-24T17:28:56Z",200,""
11,"PROJ_048",5628,12235462,"so2","2026-01-31T18:30:00Z","2026-02-28T18:29:59Z","completed",1,510,510,1,"data/raw/air_quality/openaq/historical/PROJ_048/so2/PROJ_048_12235462_so2_2026_02_p1_20260924T225900.json","2026-09-24T17:29:01Z","2026-09-24T17:29:01Z",200,""
11,"PROJ_048",5628,12235457,"no2","2026-01-31T18:30:00Z","2026-02-28T18:29:59Z","completed",1,535,535,1,"data/raw/air_quality/openaq/historical/PROJ_048/no2/PROJ_048_12235457_no2_2026_02_p1_20260924T225904.json","2026-09-24T17:29:04Z","2026-09-24T17:29:04Z",200,""
11,"PROJ_050",5631,12235666,"co","2026-01-31T18:30:00Z","2026-02-28T18:29:59Z","completed",1,542,542,1,"data/raw/air_quality/openaq/historical/PROJ_050/co/PROJ_050_12235666_co_2026_02_p1_20260924T225909.json","2026-09-24T17:29:10Z","2026-09-24T17:29:10Z",200,""
11,"PROJ_050",5631,12235668,"no2","2026-01-31T18:30:00Z","2026-02-28T18:29:59Z","completed",1,542,542,1,"data/raw/air_quality/openaq/historical/PROJ_050/no2/PROJ_050_12235668_no2_2026_02_p1_20260924T225913.json","2026-09-24T17:29:14Z","2026-09-24T17:29:14Z",200,""
11,"PROJ_050",5631,12235670,"pm10","2026-01-31T18:30:00Z","2026-02-28T18:29:59Z","completed",1,542,542,1,"data/raw/air_quality/openaq/historical/PROJ_050/pm10/PROJ_050_12235670_pm10_2026_02_p1_20260924T225917.json","2026-09-24T17:29:17Z","2026-09-24T17:29:17Z",200,""
11,"PROJ_050",5631,12235673,"so2","2026-01-31T18:30:00Z","2026-02-28T18:29:59Z","completed",1,542,542,1,"data/raw/air_quality/openaq/historical/PROJ_050/so2/PROJ_050_12235673_so2_2026_02_p1_20260924T225921.json","2026-09-24T17:29:22Z","2026-09-24T17:29:22Z",200,""
11,"PROJ_050",5631,12235671,"pm2_5","2026-01-31T18:30:00Z","2026-02-28T18:29:59Z","completed",1,542,542,1,"data/raw/air_quality/openaq/historical/PROJ_050/pm2_5/PROJ_050_12235671_pm2_5_2026_02_p1_20260924T225925.json","2026-09-24T17:29:26Z","2026-09-24T17:29:26Z",200,""
11,"PROJ_050",5631,12235669,"o3","2026-01-31T18:30:00Z","2026-02-28T18:29:59Z","completed",1,542,542,1,"data/raw/air_quality/openaq/historical/PROJ_050/o3/PROJ_050_12235669_o3_2026_02_p1_20260924T225929.json","2026-09-24T17:29:29Z","2026-09-24T17:29:29Z",200,""
11,"PROJ_051",5633,12234804,"pm10","2026-01-31T18:30:00Z","2026-02-28T18:29:59Z","completed",1,571,571,1,"data/raw/air_quality/openaq/historical/PROJ_051/pm10/PROJ_051_12234804_pm10_2026_02_p1_20260924T225934.json","2026-09-24T17:29:35Z","2026-09-24T17:29:35Z",200,""
11,"PROJ_051",5633,12234807,"so2","2026-01-31T18:30:00Z","2026-02-28T18:29:59Z","completed",1,571,571,1,"data/raw/air_quality/openaq/historical/PROJ_051/so2/PROJ_051_12234807_so2_2026_02_p1_20260924T225939.json","2026-09-24T17:29:40Z","2026-09-24T17:29:40Z",200,""
11,"PROJ_051",5633,12234805,"pm2_5","2026-01-31T18:30:00Z","2026-02-28T18:29:59Z","completed",1,571,571,1,"data/raw/air_quality/openaq/historical/PROJ_051/pm2_5/PROJ_051_12234805_pm2_5_2026_02_p1_20260924T225943.json","2026-09-24T17:29:43Z","2026-09-24T17:29:43Z",200,""
11,"PROJ_051",5633,12234800,"co","2026-01-31T18:30:00Z","2026-02-28T18:29:59Z","completed",1,571,571,1,"data/raw/air_quality/openaq/historical/PROJ_051/co/PROJ_051_12234800_co_2026_02_p1_20260924T225946.json","2026-09-24T17:29:47Z","2026-09-24T17:29:47Z",200,""
11,"PROJ_051",5633,12234803,"o3","2026-01-31T18:30:00Z","2026-02-28T18:29:59Z","completed",1,571,571,1,"data/raw/air_quality/openaq/historical/PROJ_051/o3/PROJ_051_12234803_o3_2026_02_p1_20260924T225951.json","2026-09-24T17:29:51Z","2026-09-24T17:29:51Z",200,""
11,"PROJ_051",5633,12234802,"no2","2026-01-31T18:30:00Z","2026-02-28T18:29:59Z","completed",1,571,571,1,"data/raw/air_quality/openaq/historical/PROJ_051/no2/PROJ_051_12234802_no2_2026_02_p1_20260924T225956.json","2026-09-24T17:29:56Z","2026-09-24T17:29:56Z",200,""
11,"PROJ_063",5659,12235521,"pm10","2026-01-31T18:30:00Z","2026-02-28T18:29:59Z","completed",1,571,571,1,"data/raw/air_quality/openaq/historical/PROJ_063/pm10/PROJ_063_12235521_pm10_2026_02_p1_20260924T230000.json","2026-09-24T17:30:01Z","2026-09-24T17:30:01Z",200,""
11,"PROJ_063",5659,12235520,"o3","2026-01-31T18:30:00Z","2026-02-28T18:29:59Z","completed",1,571,571,1,"data/raw/air_quality/openaq/historical/PROJ_063/o3/PROJ_063_12235520_o3_2026_02_p1_20260924T230005.json","2026-09-24T17:30:06Z","2026-09-24T17:30:06Z",200,""
11,"PROJ_063",5659,12235517,"co","2026-01-31T18:30:00Z","2026-02-28T18:29:59Z","completed",1,571,571,1,"data/raw/air_quality/openaq/historical/PROJ_063/co/PROJ_063_12235517_co_2026_02_p1_20260924T230009.json","2026-09-24T17:30:09Z","2026-09-24T17:30:09Z",200,""
11,"PROJ_063",5659,12235524,"so2","2026-01-31T18:30:00Z","2026-02-28T18:29:59Z","completed",1,571,571,1,"data/raw/air_quality/openaq/historical/PROJ_063/so2/PROJ_063_12235524_so2_2026_02_p1_20260924T230014.json","2026-09-24T17:30:14Z","2026-09-24T17:30:14Z",200,""
11,"PROJ_063",5659,12235519,"no2","2026-01-31T18:30:00Z","2026-02-28T18:29:59Z","completed",1,571,571,1,"data/raw/air_quality/openaq/historical/PROJ_063/no2/PROJ_063_12235519_no2_2026_02_p1_20260924T230018.json","2026-09-24T17:30:19Z","2026-09-24T17:30:19Z",200,""
11,"PROJ_063",5659,12235522,"pm2_5","2026-01-31T18:30:00Z","2026-02-28T18:29:59Z","completed",1,571,571,1,"data/raw/air_quality/openaq/historical/PROJ_063/pm2_5/PROJ_063_12235522_pm2_5_2026_02_p1_20260924T230023.json","2026-09-24T17:30:23Z","2026-09-24T17:30:23Z",200,""
11,"PROJ_092",6945,12289836,"so2","2026-01-31T18:30:00Z","2026-02-28T18:29:59Z","completed",1,416,416,1,"data/raw/air_quality/openaq/historical/PROJ_092/so2/PROJ_092_12289836_so2_2026_02_p1_20260924T230026.json","2026-09-24T17:30:27Z","2026-09-24T17:30:27Z",200,""
11,"PROJ_092",6945,12235834,"pm2_5","2026-01-31T18:30:00Z","2026-02-28T18:29:59Z","completed",1,428,428,1,"data/raw/air_quality/openaq/historical/PROJ_092/pm2_5/PROJ_092_12235834_pm2_5_2026_02_p1_20260924T230031.json","2026-09-24T17:30:31Z","2026-09-24T17:30:31Z",200,""
11,"PROJ_092",6945,12235829,"co","2026-01-31T18:30:00Z","2026-02-28T18:29:59Z","completed",1,413,413,1,"data/raw/air_quality/openaq/historical/PROJ_092/co/PROJ_092_12235829_co_2026_02_p1_20260924T230034.json","2026-09-24T17:30:35Z","2026-09-24T17:30:35Z",200,""
11,"PROJ_092",6945,12235833,"pm10","2026-01-31T18:30:00Z","2026-02-28T18:29:59Z","completed",1,424,424,1,"data/raw/air_quality/openaq/historical/PROJ_092/pm10/PROJ_092_12235833_pm10_2026_02_p1_20260924T230039.json","2026-09-24T17:30:39Z","2026-09-24T17:30:39Z",200,""
11,"PROJ_092",6945,12235831,"no2","2026-01-31T18:30:00Z","2026-02-28T18:29:59Z","completed",1,428,428,1,"data/raw/air_quality/openaq/historical/PROJ_092/no2/PROJ_092_12235831_no2_2026_02_p1_20260924T230043.json","2026-09-24T17:30:43Z","2026-09-24T17:30:43Z",200,""
11,"PROJ_092",6945,12235832,"o3","2026-01-31T18:30:00Z","2026-02-28T18:29:59Z","completed",1,413,413,1,"data/raw/air_quality/openaq/historical/PROJ_092/o3/PROJ_092_12235832_o3_2026_02_p1_20260924T230048.json","2026-09-24T17:30:48Z","2026-09-24T17:30:48Z",200,""
11,"PROJ_101",6973,12235269,"so2","2026-01-31T18:30:00Z","2026-02-28T18:29:59Z","completed",1,561,561,1,"data/raw/air_quality/openaq/historical/PROJ_101/so2/PROJ_101_12235269_so2_2026_02_p1_20260924T230051.json","2026-09-24T17:30:52Z","2026-09-24T17:30:52Z",200,""
11,"PROJ_101",6973,12235264,"no2","2026-01-31T18:30:00Z","2026-02-28T18:29:59Z","completed",1,571,571,1,"data/raw/air_quality/openaq/historical/PROJ_101/no2/PROJ_101_12235264_no2_2026_02_p1_20260924T230056.json","2026-09-24T17:30:57Z","2026-09-24T17:30:57Z",200,""
11,"PROJ_101",6973,12235266,"pm10","2026-01-31T18:30:00Z","2026-02-28T18:29:59Z","completed",1,572,572,1,"data/raw/air_quality/openaq/historical/PROJ_101/pm10/PROJ_101_12235266_pm10_2026_02_p1_20260924T230101.json","2026-09-24T17:31:01Z","2026-09-24T17:31:01Z",200,""
11,"PROJ_101",6973,12235267,"pm2_5","2026-01-31T18:30:00Z","2026-02-28T18:29:59Z","completed",1,559,559,1,"data/raw/air_quality/openaq/historical/PROJ_101/pm2_5/PROJ_101_12235267_pm2_5_2026_02_p1_20260924T230105.json","2026-09-24T17:31:05Z","2026-09-24T17:31:05Z",200,""
11,"PROJ_101",6973,12235265,"o3","2026-01-31T18:30:00Z","2026-02-28T18:29:59Z","completed",1,571,571,1,"data/raw/air_quality/openaq/historical/PROJ_101/o3/PROJ_101_12235265_o3_2026_02_p1_20260924T230108.json","2026-09-24T17:31:09Z","2026-09-24T17:31:09Z",200,""
11,"PROJ_101",6973,12235262,"co","2026-01-31T18:30:00Z","2026-02-28T18:29:59Z","completed",1,570,570,1,"data/raw/air_quality/openaq/historical/PROJ_101/co/PROJ_101_12235262_co_2026_02_p1_20260924T230113.json","2026-09-24T17:31:14Z","2026-09-24T17:31:14Z",200,""
11,"PROJ_133",10599,12236100,"o3","2026-01-31T18:30:00Z","2026-02-28T18:29:59Z","completed",1,562,562,1,"data/raw/air_quality/openaq/historical/PROJ_133/o3/PROJ_133_12236100_o3_2026_02_p1_20260924T230118.json","2026-09-24T17:31:19Z","2026-09-24T17:31:19Z",200,""
11,"PROJ_133",10599,12236101,"pm10","2026-01-31T18:30:00Z","2026-02-28T18:29:59Z","completed",1,562,562,1,"data/raw/air_quality/openaq/historical/PROJ_133/pm10/PROJ_133_12236101_pm10_2026_02_p1_20260924T230123.json","2026-09-24T17:31:23Z","2026-09-24T17:31:23Z",200,""
11,"PROJ_133",10599,12236097,"co","2026-01-31T18:30:00Z","2026-02-28T18:29:59Z","completed",1,562,562,1,"data/raw/air_quality/openaq/historical/PROJ_133/co/PROJ_133_12236097_co_2026_02_p1_20260924T230127.json","2026-09-24T17:31:28Z","2026-09-24T17:31:28Z",200,""
11,"PROJ_133",10599,12236104,"so2","2026-01-31T18:30:00Z","2026-02-28T18:29:59Z","completed",1,562,562,1,"data/raw/air_quality/openaq/historical/PROJ_133/so2/PROJ_133_12236104_so2_2026_02_p1_20260924T230133.json","2026-09-24T17:31:33Z","2026-09-24T17:31:33Z",200,""
11,"PROJ_133",10599,12236102,"pm2_5","2026-01-31T18:30:00Z","2026-02-28T18:29:59Z","completed",1,562,562,1,"data/raw/air_quality/openaq/historical/PROJ_133/pm2_5/PROJ_133_12236102_pm2_5_2026_02_p1_20260924T230138.json","2026-09-24T17:31:38Z","2026-09-24T17:31:38Z",200,""
11,"PROJ_133",10599,12236099,"no2","2026-01-31T18:30:00Z","2026-02-28T18:29:59Z","completed",1,562,562,1,"data/raw/air_quality/openaq/historical/PROJ_133/no2/PROJ_133_12236099_no2_2026_02_p1_20260924T230141.json","2026-09-24T17:31:42Z","2026-09-24T17:31:42Z",200,""
11,"PROJ_142",10903,12235758,"no2","2026-01-31T18:30:00Z","2026-02-28T18:29:59Z","completed",1,471,471,1,"data/raw/air_quality/openaq/historical/PROJ_142/no2/PROJ_142_12235758_no2_2026_02_p1_20260924T230146.json","2026-09-24T17:31:46Z","2026-09-24T17:31:46Z",200,""
11,"PROJ_142",10903,12235763,"so2","2026-01-31T18:30:00Z","2026-02-28T18:29:59Z","completed",1,471,471,1,"data/raw/air_quality/openaq/historical/PROJ_142/so2/PROJ_142_12235763_so2_2026_02_p1_20260924T230150.json","2026-09-24T17:31:50Z","2026-09-24T17:31:50Z",200,""
11,"PROJ_142",10903,12235756,"co","2026-01-31T18:30:00Z","2026-02-28T18:29:59Z","completed",1,471,471,1,"data/raw/air_quality/openaq/historical/PROJ_142/co/PROJ_142_12235756_co_2026_02_p1_20260924T230155.json","2026-09-24T17:31:55Z","2026-09-24T17:31:55Z",200,""
11,"PROJ_142",10903,12235760,"pm10","2026-01-31T18:30:00Z","2026-02-28T18:29:59Z","completed",1,471,471,1,"data/raw/air_quality/openaq/historical/PROJ_142/pm10/PROJ_142_12235760_pm10_2026_02_p1_20260924T230159.json","2026-09-24T17:31:59Z","2026-09-24T17:31:59Z",200,""
11,"PROJ_142",10903,12235759,"o3","2026-01-31T18:30:00Z","2026-02-28T18:29:59Z","completed",1,471,471,1,"data/raw/air_quality/openaq/historical/PROJ_142/o3/PROJ_142_12235759_o3_2026_02_p1_20260924T230203.json","2026-09-24T17:32:04Z","2026-09-24T17:32:04Z",200,""
11,"PROJ_142",10903,12235761,"pm2_5","2026-01-31T18:30:00Z","2026-02-28T18:29:59Z","completed",1,471,471,1,"data/raw/air_quality/openaq/historical/PROJ_142/pm2_5/PROJ_142_12235761_pm2_5_2026_02_p1_20260924T230207.json","2026-09-24T17:32:07Z","2026-09-24T17:32:07Z",200,""
11,"PROJ_144",10913,12236019,"o3","2026-01-31T18:30:00Z","2026-02-28T18:29:59Z","completed",1,573,573,1,"data/raw/air_quality/openaq/historical/PROJ_144/o3/PROJ_144_12236019_o3_2026_02_p1_20260924T230211.json","2026-09-24T17:32:12Z","2026-09-24T17:32:12Z",200,""
11,"PROJ_144",10913,12236023,"so2","2026-01-31T18:30:00Z","2026-02-28T18:29:59Z","completed",1,572,572,1,"data/raw/air_quality/openaq/historical/PROJ_144/so2/PROJ_144_12236023_so2_2026_02_p1_20260924T230215.json","2026-09-24T17:32:16Z","2026-09-24T17:32:16Z",200,""
11,"PROJ_144",10913,12236021,"pm2_5","2026-01-31T18:30:00Z","2026-02-28T18:29:59Z","completed",1,573,573,1,"data/raw/air_quality/openaq/historical/PROJ_144/pm2_5/PROJ_144_12236021_pm2_5_2026_02_p1_20260924T230219.json","2026-09-24T17:32:19Z","2026-09-24T17:32:19Z",200,""
11,"PROJ_144",10913,12236020,"pm10","2026-01-31T18:30:00Z","2026-02-28T18:29:59Z","completed",1,573,573,1,"data/raw/air_quality/openaq/historical/PROJ_144/pm10/PROJ_144_12236020_pm10_2026_02_p1_20260924T230222.json","2026-09-24T17:32:23Z","2026-09-24T17:32:23Z",200,""
11,"PROJ_144",10913,12236016,"co","2026-01-31T18:30:00Z","2026-02-28T18:29:59Z","completed",1,570,570,1,"data/raw/air_quality/openaq/historical/PROJ_144/co/PROJ_144_12236016_co_2026_02_p1_20260924T230226.json","2026-09-24T17:32:26Z","2026-09-24T17:32:26Z",200,""
11,"PROJ_144",10913,12236018,"no2","2026-01-31T18:30:00Z","2026-02-28T18:29:59Z","completed",1,573,573,1,"data/raw/air_quality/openaq/historical/PROJ_144/no2/PROJ_144_12236018_no2_2026_02_p1_20260924T230230.json","2026-09-24T17:32:31Z","2026-09-24T17:32:31Z",200,""
11,"PROJ_158",11613,12236463,"pm2_5","2026-01-31T18:30:00Z","2026-02-28T18:29:59Z","completed",1,572,572,1,"data/raw/air_quality/openaq/historical/PROJ_158/pm2_5/PROJ_158_12236463_pm2_5_2026_02_p1_20260924T230235.json","2026-09-24T17:32:35Z","2026-09-24T17:32:35Z",200,""
11,"PROJ_158",11613,12236458,"co","2026-01-31T18:30:00Z","2026-02-28T18:29:59Z","completed",1,571,571,1,"data/raw/air_quality/openaq/historical/PROJ_158/co/PROJ_158_12236458_co_2026_02_p1_20260924T230238.json","2026-09-24T17:32:39Z","2026-09-24T17:32:39Z",200,""
11,"PROJ_158",11613,12236460,"no2","2026-01-31T18:30:00Z","2026-02-28T18:29:59Z","completed",1,571,571,1,"data/raw/air_quality/openaq/historical/PROJ_158/no2/PROJ_158_12236460_no2_2026_02_p1_20260924T230242.json","2026-09-24T17:32:42Z","2026-09-24T17:32:42Z",200,""
11,"PROJ_158",11613,12236461,"o3","2026-01-31T18:30:00Z","2026-02-28T18:29:59Z","completed",1,572,572,1,"data/raw/air_quality/openaq/historical/PROJ_158/o3/PROJ_158_12236461_o3_2026_02_p1_20260924T230246.json","2026-09-24T17:32:47Z","2026-09-24T17:32:47Z",200,""
11,"PROJ_158",11613,12236465,"so2","2026-01-31T18:30:00Z","2026-02-28T18:29:59Z","completed",1,571,571,1,"data/raw/air_quality/openaq/historical/PROJ_158/so2/PROJ_158_12236465_so2_2026_02_p1_20260924T230250.json","2026-09-24T17:32:51Z","2026-09-24T17:32:51Z",200,""
11,"PROJ_158",11613,12236462,"pm10","2026-01-31T18:30:00Z","2026-02-28T18:29:59Z","completed",1,571,571,1,"data/raw/air_quality/openaq/historical/PROJ_158/pm10/PROJ_158_12236462_pm10_2026_02_p1_20260924T230253.json","2026-09-24T17:32:54Z","2026-09-24T17:32:54Z",200,""
11,"PROJ_179",344103,12237100,"so2","2026-01-31T18:30:00Z","2026-02-28T18:29:59Z","completed",1,522,522,1,"data/raw/air_quality/openaq/historical/PROJ_179/so2/PROJ_179_12237100_so2_2026_02_p1_20260924T230258.json","2026-09-24T17:32:58Z","2026-09-24T17:32:58Z",200,""
11,"PROJ_179",344103,12237093,"co","2026-01-31T18:30:00Z","2026-02-28T18:29:59Z","completed",1,522,522,1,"data/raw/air_quality/openaq/historical/PROJ_179/co/PROJ_179_12237093_co_2026_02_p1_20260924T230303.json","2026-09-24T17:33:03Z","2026-09-24T17:33:03Z",200,""
11,"PROJ_179",344103,12237096,"o3","2026-01-31T18:30:00Z","2026-02-28T18:29:59Z","completed",1,522,522,1,"data/raw/air_quality/openaq/historical/PROJ_179/o3/PROJ_179_12237096_o3_2026_02_p1_20260924T230307.json","2026-09-24T17:33:08Z","2026-09-24T17:33:08Z",200,""
11,"PROJ_179",344103,12237097,"pm10","2026-01-31T18:30:00Z","2026-02-28T18:29:59Z","completed",1,522,522,1,"data/raw/air_quality/openaq/historical/PROJ_179/pm10/PROJ_179_12237097_pm10_2026_02_p1_20260924T230312.json","2026-09-24T17:33:12Z","2026-09-24T17:33:12Z",200,""
11,"PROJ_179",344103,12237098,"pm2_5","2026-01-31T18:30:00Z","2026-02-28T18:29:59Z","completed",1,522,522,1,"data/raw/air_quality/openaq/historical/PROJ_179/pm2_5/PROJ_179_12237098_pm2_5_2026_02_p1_20260924T230316.json","2026-09-24T17:33:16Z","2026-09-24T17:33:16Z",200,""
11,"PROJ_179",344103,12237095,"no2","2026-01-31T18:30:00Z","2026-02-28T18:29:59Z","completed",1,522,522,1,"data/raw/air_quality/openaq/historical/PROJ_179/no2/PROJ_179_12237095_no2_2026_02_p1_20260924T230320.json","2026-09-24T17:33:21Z","2026-09-24T17:33:21Z",200,""
11,"PROJ_180",344104,12237125,"pm2_5","2026-01-31T18:30:00Z","2026-02-28T18:29:59Z","completed",1,545,545,1,"data/raw/air_quality/openaq/historical/PROJ_180/pm2_5/PROJ_180_12237125_pm2_5_2026_02_p1_20260924T230325.json","2026-09-24T17:33:26Z","2026-09-24T17:33:26Z",200,""
11,"PROJ_180",344104,12237122,"no2","2026-01-31T18:30:00Z","2026-02-28T18:29:59Z","completed",1,545,545,1,"data/raw/air_quality/openaq/historical/PROJ_180/no2/PROJ_180_12237122_no2_2026_02_p1_20260924T230330.json","2026-09-24T17:33:30Z","2026-09-24T17:33:30Z",200,""
11,"PROJ_180",344104,12237124,"pm10","2026-01-31T18:30:00Z","2026-02-28T18:29:59Z","completed",1,546,546,1,"data/raw/air_quality/openaq/historical/PROJ_180/pm10/PROJ_180_12237124_pm10_2026_02_p1_20260924T230335.json","2026-09-24T17:33:35Z","2026-09-24T17:33:35Z",200,""
11,"PROJ_180",344104,12237127,"so2","2026-01-31T18:30:00Z","2026-02-28T18:29:59Z","completed",1,545,545,1,"data/raw/air_quality/openaq/historical/PROJ_180/so2/PROJ_180_12237127_so2_2026_02_p1_20260924T230338.json","2026-09-24T17:33:39Z","2026-09-24T17:33:39Z",200,""
11,"PROJ_180",344104,12237123,"o3","2026-01-31T18:30:00Z","2026-02-28T18:29:59Z","completed",1,545,545,1,"data/raw/air_quality/openaq/historical/PROJ_180/o3/PROJ_180_12237123_o3_2026_02_p1_20260924T230342.json","2026-09-24T17:33:42Z","2026-09-24T17:33:42Z",200,""
11,"PROJ_180",344104,12237120,"co","2026-01-31T18:30:00Z","2026-02-28T18:29:59Z","completed",1,545,545,1,"data/raw/air_quality/openaq/historical/PROJ_180/co/PROJ_180_12237120_co_2026_02_p1_20260924T230345.json","2026-09-24T17:33:45Z","2026-09-24T17:33:45Z",200,""
11,"PROJ_181",344140,12237111,"co","2026-01-31T18:30:00Z","2026-02-28T18:29:59Z","completed",1,575,575,1,"data/raw/air_quality/openaq/historical/PROJ_181/co/PROJ_181_12237111_co_2026_02_p1_20260924T230348.json","2026-09-24T17:33:49Z","2026-09-24T17:33:49Z",200,""
11,"PROJ_181",344140,12237114,"o3","2026-01-31T18:30:00Z","2026-02-28T18:29:59Z","completed",1,575,575,1,"data/raw/air_quality/openaq/historical/PROJ_181/o3/PROJ_181_12237114_o3_2026_02_p1_20260924T230353.json","2026-09-24T17:33:54Z","2026-09-24T17:33:54Z",200,""
11,"PROJ_181",344140,12237113,"no2","2026-01-31T18:30:00Z","2026-02-28T18:29:59Z","completed",1,575,575,1,"data/raw/air_quality/openaq/historical/PROJ_181/no2/PROJ_181_12237113_no2_2026_02_p1_20260924T230357.json","2026-09-24T17:33:57Z","2026-09-24T17:33:57Z",200,""
11,"PROJ_181",344140,12237115,"pm10","2026-01-31T18:30:00Z","2026-02-28T18:29:59Z","completed",1,575,575,1,"data/raw/air_quality/openaq/historical/PROJ_181/pm10/PROJ_181_12237115_pm10_2026_02_p1_20260924T230400.json","2026-09-24T17:34:00Z","2026-09-24T17:34:00Z",200,""
11,"PROJ_181",344140,12237118,"so2","2026-01-31T18:30:00Z","2026-02-28T18:29:59Z","completed",1,575,575,1,"data/raw/air_quality/openaq/historical/PROJ_181/so2/PROJ_181_12237118_so2_2026_02_p1_20260924T230405.json","2026-09-24T17:34:05Z","2026-09-24T17:34:05Z",200,""
11,"PROJ_181",344140,12237116,"pm2_5","2026-01-31T18:30:00Z","2026-02-28T18:29:59Z","completed",1,575,575,1,"data/raw/air_quality/openaq/historical/PROJ_181/pm2_5/PROJ_181_12237116_pm2_5_2026_02_p1_20260924T230408.json","2026-09-24T17:34:08Z","2026-09-24T17:34:08Z",200,""
11,"PROJ_186",352465,12237091,"so2","2026-01-31T18:30:00Z","2026-02-28T18:29:59Z","completed",1,534,534,1,"data/raw/air_quality/openaq/historical/PROJ_186/so2/PROJ_186_12237091_so2_2026_02_p1_20260924T230411.json","2026-09-24T17:34:12Z","2026-09-24T17:34:12Z",200,""
11,"PROJ_186",352465,12237088,"pm10","2026-01-31T18:30:00Z","2026-02-28T18:29:59Z","completed",1,535,535,1,"data/raw/air_quality/openaq/historical/PROJ_186/pm10/PROJ_186_12237088_pm10_2026_02_p1_20260924T230415.json","2026-09-24T17:34:15Z","2026-09-24T17:34:15Z",200,""
11,"PROJ_186",352465,12237089,"pm2_5","2026-01-31T18:30:00Z","2026-02-28T18:29:59Z","completed",1,535,535,1,"data/raw/air_quality/openaq/historical/PROJ_186/pm2_5/PROJ_186_12237089_pm2_5_2026_02_p1_20260924T230419.json","2026-09-24T17:34:19Z","2026-09-24T17:34:19Z",200,""
11,"PROJ_186",352465,12237086,"no2","2026-01-31T18:30:00Z","2026-02-28T18:29:59Z","completed",1,534,534,1,"data/raw/air_quality/openaq/historical/PROJ_186/no2/PROJ_186_12237086_no2_2026_02_p1_20260924T230422.json","2026-09-24T17:34:22Z","2026-09-24T17:34:22Z",200,""
11,"PROJ_186",352465,12237087,"o3","2026-01-31T18:30:00Z","2026-02-28T18:29:59Z","completed",1,534,534,1,"data/raw/air_quality/openaq/historical/PROJ_186/o3/PROJ_186_12237087_o3_2026_02_p1_20260924T230426.json","2026-09-24T17:34:27Z","2026-09-24T17:34:27Z",200,""
11,"PROJ_186",352465,12237084,"co","2026-01-31T18:30:00Z","2026-02-28T18:29:59Z","completed",1,534,534,1,"data/raw/air_quality/openaq/historical/PROJ_186/co/PROJ_186_12237084_co_2026_02_p1_20260924T230431.json","2026-09-24T17:34:31Z","2026-09-24T17:34:31Z",200,""
11,"PROJ_094",6950,12235885,"o3","2026-01-31T18:30:00Z","2026-02-28T18:29:59Z","completed",1,571,571,1,"data/raw/air_quality/openaq/historical/PROJ_094/o3/PROJ_094_12235885_o3_2026_02_p1_20260924T230434.json","2026-09-24T17:34:35Z","2026-09-24T17:34:35Z",200,""
11,"PROJ_094",6950,12235889,"so2","2026-01-31T18:30:00Z","2026-02-28T18:29:59Z","completed",1,571,571,1,"data/raw/air_quality/openaq/historical/PROJ_094/so2/PROJ_094_12235889_so2_2026_02_p1_20260924T230438.json","2026-09-24T17:34:39Z","2026-09-24T17:34:39Z",200,""
11,"PROJ_094",6950,12235884,"no2","2026-01-31T18:30:00Z","2026-02-28T18:29:59Z","completed",1,571,571,1,"data/raw/air_quality/openaq/historical/PROJ_094/no2/PROJ_094_12235884_no2_2026_02_p1_20260924T230442.json","2026-09-24T17:34:42Z","2026-09-24T17:34:42Z",200,""
11,"PROJ_094",6950,12235886,"pm10","2026-01-31T18:30:00Z","2026-02-28T18:29:59Z","completed",1,571,571,1,"data/raw/air_quality/openaq/historical/PROJ_094/pm10/PROJ_094_12235886_pm10_2026_02_p1_20260924T230446.json","2026-09-24T17:34:47Z","2026-09-24T17:34:47Z",200,""
11,"PROJ_094",6950,12235882,"co","2026-01-31T18:30:00Z","2026-02-28T18:29:59Z","completed",1,571,571,1,"data/raw/air_quality/openaq/historical/PROJ_094/co/PROJ_094_12235882_co_2026_02_p1_20260924T230451.json","2026-09-24T17:34:51Z","2026-09-24T17:34:51Z",200,""
11,"PROJ_094",6950,12235887,"pm2_5","2026-01-31T18:30:00Z","2026-02-28T18:29:59Z","completed",1,571,571,1,"data/raw/air_quality/openaq/historical/PROJ_094/pm2_5/PROJ_094_12235887_pm2_5_2026_02_p1_20260924T230454.json","2026-09-24T17:34:55Z","2026-09-24T17:34:55Z",200,""
12,"PROJ_002",17,12234785,"o3","2026-02-28T18:30:00Z","2026-03-31T18:29:59Z","completed",1,691,691,1,"data/raw/air_quality/openaq/historical/PROJ_002/o3/PROJ_002_12234785_o3_2026_03_p1_20260924T230500.json","2026-09-24T17:35:01Z","2026-09-24T17:35:01Z",200,""
12,"PROJ_002",17,12234787,"pm2_5","2026-02-28T18:30:00Z","2026-03-31T18:29:59Z","completed",1,692,692,1,"data/raw/air_quality/openaq/historical/PROJ_002/pm2_5/PROJ_002_12234787_pm2_5_2026_03_p1_20260924T230504.json","2026-09-24T17:35:04Z","2026-09-24T17:35:04Z",200,""
12,"PROJ_002",17,12234784,"no2","2026-02-28T18:30:00Z","2026-03-31T18:29:59Z","completed",1,687,687,1,"data/raw/air_quality/openaq/historical/PROJ_002/no2/PROJ_002_12234784_no2_2026_03_p1_20260924T230509.json","2026-09-24T17:35:09Z","2026-09-24T17:35:09Z",200,""
12,"PROJ_002",17,12234786,"pm10","2026-02-28T18:30:00Z","2026-03-31T18:29:59Z","completed",1,692,692,1,"data/raw/air_quality/openaq/historical/PROJ_002/pm10/PROJ_002_12234786_pm10_2026_03_p1_20260924T230512.json","2026-09-24T17:35:13Z","2026-09-24T17:35:13Z",200,""
12,"PROJ_002",17,12234782,"co","2026-02-28T18:30:00Z","2026-03-31T18:29:59Z","completed",1,692,692,1,"data/raw/air_quality/openaq/historical/PROJ_002/co/PROJ_002_12234782_co_2026_03_p1_20260924T230517.json","2026-09-24T17:35:17Z","2026-09-24T17:35:17Z",200,""
12,"PROJ_002",17,12234789,"so2","2026-02-28T18:30:00Z","2026-03-31T18:29:59Z","completed",1,630,630,1,"data/raw/air_quality/openaq/historical/PROJ_002/so2/PROJ_002_12234789_so2_2026_03_p1_20260924T230522.json","2026-09-24T17:35:22Z","2026-09-24T17:35:22Z",200,""
12,"PROJ_007",407,12235585,"so2","2026-02-28T18:30:00Z","2026-03-31T18:29:59Z","completed",1,695,695,1,"data/raw/air_quality/openaq/historical/PROJ_007/so2/PROJ_007_12235585_so2_2026_03_p1_20260924T230526.json","2026-09-24T17:35:26Z","2026-09-24T17:35:26Z",200,""
12,"PROJ_007",407,12235581,"o3","2026-02-28T18:30:00Z","2026-03-31T18:29:59Z","completed",1,695,695,1,"data/raw/air_quality/openaq/historical/PROJ_007/o3/PROJ_007_12235581_o3_2026_03_p1_20260924T230529.json","2026-09-24T17:35:29Z","2026-09-24T17:35:29Z",200,""
12,"PROJ_007",407,12235578,"co","2026-02-28T18:30:00Z","2026-03-31T18:29:59Z","completed",1,695,695,1,"data/raw/air_quality/openaq/historical/PROJ_007/co/PROJ_007_12235578_co_2026_03_p1_20260924T230533.json","2026-09-24T17:35:33Z","2026-09-24T17:35:33Z",200,""
12,"PROJ_007",407,12235580,"no2","2026-02-28T18:30:00Z","2026-03-31T18:29:59Z","completed",1,695,695,1,"data/raw/air_quality/openaq/historical/PROJ_007/no2/PROJ_007_12235580_no2_2026_03_p1_20260924T230538.json","2026-09-24T17:35:38Z","2026-09-24T17:35:38Z",200,""
12,"PROJ_007",407,12235583,"pm2_5","2026-02-28T18:30:00Z","2026-03-31T18:29:59Z","completed",1,688,688,1,"data/raw/air_quality/openaq/historical/PROJ_007/pm2_5/PROJ_007_12235583_pm2_5_2026_03_p1_20260924T230541.json","2026-09-24T17:35:42Z","2026-09-24T17:35:42Z",200,""
12,"PROJ_007",407,12235582,"pm10","2026-02-28T18:30:00Z","2026-03-31T18:29:59Z","completed",1,688,688,1,"data/raw/air_quality/openaq/historical/PROJ_007/pm10/PROJ_007_12235582_pm10_2026_03_p1_20260924T230547.json","2026-09-24T17:35:47Z","2026-09-24T17:35:47Z",200,""
12,"PROJ_019",2586,12235655,"so2","2026-02-28T18:30:00Z","2026-03-31T18:29:59Z","completed",1,711,711,1,"data/raw/air_quality/openaq/historical/PROJ_019/so2/PROJ_019_12235655_so2_2026_03_p1_20260924T230552.json","2026-09-24T17:35:52Z","2026-09-24T17:35:52Z",200,""
12,"PROJ_019",2586,12235648,"co","2026-02-28T18:30:00Z","2026-03-31T18:29:59Z","completed",1,711,711,1,"data/raw/air_quality/openaq/historical/PROJ_019/co/PROJ_019_12235648_co_2026_03_p1_20260924T230556.json","2026-09-24T17:35:56Z","2026-09-24T17:35:56Z",200,""
12,"PROJ_019",2586,12235653,"pm2_5","2026-02-28T18:30:00Z","2026-03-31T18:29:59Z","completed",1,711,711,1,"data/raw/air_quality/openaq/historical/PROJ_019/pm2_5/PROJ_019_12235653_pm2_5_2026_03_p1_20260924T230559.json","2026-09-24T17:36:00Z","2026-09-24T17:36:00Z",200,""
12,"PROJ_019",2586,12235652,"pm10","2026-02-28T18:30:00Z","2026-03-31T18:29:59Z","completed",1,711,711,1,"data/raw/air_quality/openaq/historical/PROJ_019/pm10/PROJ_019_12235652_pm10_2026_03_p1_20260924T230604.json","2026-09-24T17:36:05Z","2026-09-24T17:36:05Z",200,""
12,"PROJ_019",2586,12235650,"no2","2026-02-28T18:30:00Z","2026-03-31T18:29:59Z","completed",1,711,711,1,"data/raw/air_quality/openaq/historical/PROJ_019/no2/PROJ_019_12235650_no2_2026_03_p1_20260924T230609.json","2026-09-24T17:36:09Z","2026-09-24T17:36:09Z",200,""
12,"PROJ_019",2586,12235651,"o3","2026-02-28T18:30:00Z","2026-03-31T18:29:59Z","completed",1,711,711,1,"data/raw/air_quality/openaq/historical/PROJ_019/o3/PROJ_019_12235651_o3_2026_03_p1_20260924T230614.json","2026-09-24T17:36:14Z","2026-09-24T17:36:14Z",200,""
12,"PROJ_036",5599,12235400,"pm2_5","2026-02-28T18:30:00Z","2026-03-31T18:29:59Z","completed",1,34,34,1,"data/raw/air_quality/openaq/historical/PROJ_036/pm2_5/PROJ_036_12235400_pm2_5_2026_03_p1_20260924T230617.json","2026-09-24T17:36:17Z","2026-09-24T17:36:17Z",200,""
12,"PROJ_036",5599,12235399,"pm10","2026-02-28T18:30:00Z","2026-03-31T18:29:59Z","completed",1,34,34,1,"data/raw/air_quality/openaq/historical/PROJ_036/pm10/PROJ_036_12235399_pm10_2026_03_p1_20260924T230620.json","2026-09-24T17:36:20Z","2026-09-24T17:36:20Z",200,""
12,"PROJ_036",5599,12235402,"so2","2026-02-28T18:30:00Z","2026-03-31T18:29:59Z","completed",1,35,35,1,"data/raw/air_quality/openaq/historical/PROJ_036/so2/PROJ_036_12235402_so2_2026_03_p1_20260924T230623.json","2026-09-24T17:36:23Z","2026-09-24T17:36:23Z",200,""
12,"PROJ_036",5599,12235398,"o3","2026-02-28T18:30:00Z","2026-03-31T18:29:59Z","completed",1,35,35,1,"data/raw/air_quality/openaq/historical/PROJ_036/o3/PROJ_036_12235398_o3_2026_03_p1_20260924T230626.json","2026-09-24T17:36:26Z","2026-09-24T17:36:26Z",200,""
12,"PROJ_036",5599,12235395,"co","2026-02-28T18:30:00Z","2026-03-31T18:29:59Z","completed",1,35,35,1,"data/raw/air_quality/openaq/historical/PROJ_036/co/PROJ_036_12235395_co_2026_03_p1_20260924T230629.json","2026-09-24T17:36:29Z","2026-09-24T17:36:29Z",200,""
12,"PROJ_036",5599,12235397,"no2","2026-02-28T18:30:00Z","2026-03-31T18:29:59Z","completed",1,35,35,1,"data/raw/air_quality/openaq/historical/PROJ_036/no2/PROJ_036_12235397_no2_2026_03_p1_20260924T230632.json","2026-09-24T17:36:33Z","2026-09-24T17:36:33Z",200,""
12,"PROJ_042",5621,12235625,"pm10","2026-02-28T18:30:00Z","2026-03-31T18:29:59Z","completed",1,682,682,1,"data/raw/air_quality/openaq/historical/PROJ_042/pm10/PROJ_042_12235625_pm10_2026_03_p1_20260924T230637.json","2026-09-24T17:36:38Z","2026-09-24T17:36:38Z",200,""
12,"PROJ_042",5621,12235623,"no2","2026-02-28T18:30:00Z","2026-03-31T18:29:59Z","completed",1,682,682,1,"data/raw/air_quality/openaq/historical/PROJ_042/no2/PROJ_042_12235623_no2_2026_03_p1_20260924T230643.json","2026-09-24T17:36:43Z","2026-09-24T17:36:43Z",200,""
12,"PROJ_042",5621,12235626,"pm2_5","2026-02-28T18:30:00Z","2026-03-31T18:29:59Z","completed",1,682,682,1,"data/raw/air_quality/openaq/historical/PROJ_042/pm2_5/PROJ_042_12235626_pm2_5_2026_03_p1_20260924T230648.json","2026-09-24T17:36:48Z","2026-09-24T17:36:48Z",200,""
12,"PROJ_042",5621,12235621,"co","2026-02-28T18:30:00Z","2026-03-31T18:29:59Z","completed",1,682,682,1,"data/raw/air_quality/openaq/historical/PROJ_042/co/PROJ_042_12235621_co_2026_03_p1_20260924T230651.json","2026-09-24T17:36:52Z","2026-09-24T17:36:52Z",200,""
12,"PROJ_042",5621,12235628,"so2","2026-02-28T18:30:00Z","2026-03-31T18:29:59Z","completed",1,682,682,1,"data/raw/air_quality/openaq/historical/PROJ_042/so2/PROJ_042_12235628_so2_2026_03_p1_20260924T230655.json","2026-09-24T17:36:55Z","2026-09-24T17:36:55Z",200,""
12,"PROJ_042",5621,12235624,"o3","2026-02-28T18:30:00Z","2026-03-31T18:29:59Z","completed",1,682,682,1,"data/raw/air_quality/openaq/historical/PROJ_042/o3/PROJ_042_12235624_o3_2026_03_p1_20260924T230658.json","2026-09-24T17:36:59Z","2026-09-24T17:36:59Z",200,""
12,"PROJ_044",5623,12242116,"co","2026-02-28T18:30:00Z","2026-03-31T18:29:59Z","completed",1,638,638,1,"data/raw/air_quality/openaq/historical/PROJ_044/co/PROJ_044_12242116_co_2026_03_p1_20260924T230703.json","2026-09-24T17:37:04Z","2026-09-24T17:37:04Z",200,""
12,"PROJ_044",5623,12242118,"no2","2026-02-28T18:30:00Z","2026-03-31T18:29:59Z","completed",1,628,628,1,"data/raw/air_quality/openaq/historical/PROJ_044/no2/PROJ_044_12242118_no2_2026_03_p1_20260924T230708.json","2026-09-24T17:37:09Z","2026-09-24T17:37:09Z",200,""
12,"PROJ_044",5623,12242119,"o3","2026-02-28T18:30:00Z","2026-03-31T18:29:59Z","completed",1,638,638,1,"data/raw/air_quality/openaq/historical/PROJ_044/o3/PROJ_044_12242119_o3_2026_03_p1_20260924T230712.json","2026-09-24T17:37:12Z","2026-09-24T17:37:12Z",200,""
12,"PROJ_044",5623,12242121,"pm2_5","2026-02-28T18:30:00Z","2026-03-31T18:29:59Z","completed",1,626,626,1,"data/raw/air_quality/openaq/historical/PROJ_044/pm2_5/PROJ_044_12242121_pm2_5_2026_03_p1_20260924T230716.json","2026-09-24T17:37:17Z","2026-09-24T17:37:17Z",200,""
12,"PROJ_044",5623,12242120,"pm10","2026-02-28T18:30:00Z","2026-03-31T18:29:59Z","completed",1,626,626,1,"data/raw/air_quality/openaq/historical/PROJ_044/pm10/PROJ_044_12242120_pm10_2026_03_p1_20260924T230721.json","2026-09-24T17:37:21Z","2026-09-24T17:37:21Z",200,""
12,"PROJ_044",5623,12242123,"so2","2026-02-28T18:30:00Z","2026-03-31T18:29:59Z","completed",1,628,628,1,"data/raw/air_quality/openaq/historical/PROJ_044/so2/PROJ_044_12242123_so2_2026_03_p1_20260924T230725.json","2026-09-24T17:37:26Z","2026-09-24T17:37:26Z",200,""
12,"PROJ_048",5628,12235460,"pm2_5","2026-02-28T18:30:00Z","2026-03-31T18:29:59Z","completed",1,690,690,1,"data/raw/air_quality/openaq/historical/PROJ_048/pm2_5/PROJ_048_12235460_pm2_5_2026_03_p1_20260924T230729.json","2026-09-24T17:37:30Z","2026-09-24T17:37:30Z",200,""
12,"PROJ_048",5628,12235458,"o3","2026-02-28T18:30:00Z","2026-03-31T18:29:59Z","completed",1,705,705,1,"data/raw/air_quality/openaq/historical/PROJ_048/o3/PROJ_048_12235458_o3_2026_03_p1_20260924T230733.json","2026-09-24T17:37:34Z","2026-09-24T17:37:34Z",200,""
12,"PROJ_048",5628,12235455,"co","2026-02-28T18:30:00Z","2026-03-31T18:29:59Z","completed",1,670,670,1,"data/raw/air_quality/openaq/historical/PROJ_048/co/PROJ_048_12235455_co_2026_03_p1_20260924T230737.json","2026-09-24T17:37:37Z","2026-09-24T17:37:37Z",200,""
12,"PROJ_048",5628,12235459,"pm10","2026-02-28T18:30:00Z","2026-03-31T18:29:59Z","completed",1,704,704,1,"data/raw/air_quality/openaq/historical/PROJ_048/pm10/PROJ_048_12235459_pm10_2026_03_p1_20260924T230742.json","2026-09-24T17:37:42Z","2026-09-24T17:37:42Z",200,""
12,"PROJ_048",5628,12235462,"so2","2026-02-28T18:30:00Z","2026-03-31T18:29:59Z","completed",1,672,672,1,"data/raw/air_quality/openaq/historical/PROJ_048/so2/PROJ_048_12235462_so2_2026_03_p1_20260924T230746.json","2026-09-24T17:37:46Z","2026-09-24T17:37:46Z",200,""
12,"PROJ_048",5628,12235457,"no2","2026-02-28T18:30:00Z","2026-03-31T18:29:59Z","completed",1,704,704,1,"data/raw/air_quality/openaq/historical/PROJ_048/no2/PROJ_048_12235457_no2_2026_03_p1_20260924T230750.json","2026-09-24T17:37:51Z","2026-09-24T17:37:51Z",200,""
12,"PROJ_050",5631,12235666,"co","2026-02-28T18:30:00Z","2026-03-31T18:29:59Z","completed",1,711,711,1,"data/raw/air_quality/openaq/historical/PROJ_050/co/PROJ_050_12235666_co_2026_03_p1_20260924T230755.json","2026-09-24T17:37:56Z","2026-09-24T17:37:56Z",200,""
12,"PROJ_050",5631,12235668,"no2","2026-02-28T18:30:00Z","2026-03-31T18:29:59Z","completed",1,711,711,1,"data/raw/air_quality/openaq/historical/PROJ_050/no2/PROJ_050_12235668_no2_2026_03_p1_20260924T230759.json","2026-09-24T17:37:59Z","2026-09-24T17:37:59Z",200,""
12,"PROJ_050",5631,12235670,"pm10","2026-02-28T18:30:00Z","2026-03-31T18:29:59Z","completed",1,711,711,1,"data/raw/air_quality/openaq/historical/PROJ_050/pm10/PROJ_050_12235670_pm10_2026_03_p1_20260924T230803.json","2026-09-24T17:38:04Z","2026-09-24T17:38:04Z",200,""
12,"PROJ_050",5631,12235673,"so2","2026-02-28T18:30:00Z","2026-03-31T18:29:59Z","completed",1,711,711,1,"data/raw/air_quality/openaq/historical/PROJ_050/so2/PROJ_050_12235673_so2_2026_03_p1_20260924T230809.json","2026-09-24T17:38:09Z","2026-09-24T17:38:09Z",200,""
12,"PROJ_050",5631,12235671,"pm2_5","2026-02-28T18:30:00Z","2026-03-31T18:29:59Z","completed",1,711,711,1,"data/raw/air_quality/openaq/historical/PROJ_050/pm2_5/PROJ_050_12235671_pm2_5_2026_03_p1_20260924T230814.json","2026-09-24T17:38:14Z","2026-09-24T17:38:14Z",200,""
12,"PROJ_050",5631,12235669,"o3","2026-02-28T18:30:00Z","2026-03-31T18:29:59Z","completed",1,711,711,1,"data/raw/air_quality/openaq/historical/PROJ_050/o3/PROJ_050_12235669_o3_2026_03_p1_20260924T230819.json","2026-09-24T17:38:19Z","2026-09-24T17:38:19Z",200,""
12,"PROJ_051",5633,12234804,"pm10","2026-02-28T18:30:00Z","2026-03-31T18:29:59Z","completed",1,710,710,1,"data/raw/air_quality/openaq/historical/PROJ_051/pm10/PROJ_051_12234804_pm10_2026_03_p1_20260924T230824.json","2026-09-24T17:38:24Z","2026-09-24T17:38:24Z",200,""
12,"PROJ_051",5633,12234807,"so2","2026-02-28T18:30:00Z","2026-03-31T18:29:59Z","completed",1,709,709,1,"data/raw/air_quality/openaq/historical/PROJ_051/so2/PROJ_051_12234807_so2_2026_03_p1_20260924T230828.json","2026-09-24T17:38:28Z","2026-09-24T17:38:28Z",200,""
12,"PROJ_051",5633,12234805,"pm2_5","2026-02-28T18:30:00Z","2026-03-31T18:29:59Z","completed",1,711,711,1,"data/raw/air_quality/openaq/historical/PROJ_051/pm2_5/PROJ_051_12234805_pm2_5_2026_03_p1_20260924T230833.json","2026-09-24T17:38:33Z","2026-09-24T17:38:33Z",200,""
12,"PROJ_051",5633,12234800,"co","2026-02-28T18:30:00Z","2026-03-31T18:29:59Z","completed",1,709,709,1,"data/raw/air_quality/openaq/historical/PROJ_051/co/PROJ_051_12234800_co_2026_03_p1_20260924T230838.json","2026-09-24T17:38:38Z","2026-09-24T17:38:38Z",200,""
12,"PROJ_051",5633,12234803,"o3","2026-02-28T18:30:00Z","2026-03-31T18:29:59Z","completed",1,709,709,1,"data/raw/air_quality/openaq/historical/PROJ_051/o3/PROJ_051_12234803_o3_2026_03_p1_20260924T230841.json","2026-09-24T17:38:41Z","2026-09-24T17:38:41Z",200,""
12,"PROJ_051",5633,12234802,"no2","2026-02-28T18:30:00Z","2026-03-31T18:29:59Z","completed",1,709,709,1,"data/raw/air_quality/openaq/historical/PROJ_051/no2/PROJ_051_12234802_no2_2026_03_p1_20260924T230846.json","2026-09-24T17:38:47Z","2026-09-24T17:38:47Z",200,""
12,"PROJ_063",5659,12235521,"pm10","2026-02-28T18:30:00Z","2026-03-31T18:29:59Z","completed",1,697,697,1,"data/raw/air_quality/openaq/historical/PROJ_063/pm10/PROJ_063_12235521_pm10_2026_03_p1_20260924T230850.json","2026-09-24T17:38:50Z","2026-09-24T17:38:50Z",200,""
12,"PROJ_063",5659,12235520,"o3","2026-02-28T18:30:00Z","2026-03-31T18:29:59Z","completed",1,697,697,1,"data/raw/air_quality/openaq/historical/PROJ_063/o3/PROJ_063_12235520_o3_2026_03_p1_20260924T230855.json","2026-09-24T17:38:55Z","2026-09-24T17:38:55Z",200,""
12,"PROJ_063",5659,12235517,"co","2026-02-28T18:30:00Z","2026-03-31T18:29:59Z","completed",1,697,697,1,"data/raw/air_quality/openaq/historical/PROJ_063/co/PROJ_063_12235517_co_2026_03_p1_20260924T230858.json","2026-09-24T17:38:59Z","2026-09-24T17:38:59Z",200,""
12,"PROJ_063",5659,12235524,"so2","2026-02-28T18:30:00Z","2026-03-31T18:29:59Z","completed",1,697,697,1,"data/raw/air_quality/openaq/historical/PROJ_063/so2/PROJ_063_12235524_so2_2026_03_p1_20260924T230903.json","2026-09-24T17:39:04Z","2026-09-24T17:39:04Z",200,""
12,"PROJ_063",5659,12235519,"no2","2026-02-28T18:30:00Z","2026-03-31T18:29:59Z","completed",1,697,697,1,"data/raw/air_quality/openaq/historical/PROJ_063/no2/PROJ_063_12235519_no2_2026_03_p1_20260924T230908.json","2026-09-24T17:39:08Z","2026-09-24T17:39:08Z",200,""
12,"PROJ_063",5659,12235522,"pm2_5","2026-02-28T18:30:00Z","2026-03-31T18:29:59Z","completed",1,697,697,1,"data/raw/air_quality/openaq/historical/PROJ_063/pm2_5/PROJ_063_12235522_pm2_5_2026_03_p1_20260924T230913.json","2026-09-24T17:39:14Z","2026-09-24T17:39:14Z",200,""
12,"PROJ_092",6945,12289836,"so2","2026-02-28T18:30:00Z","2026-03-31T18:29:59Z","completed",1,487,487,1,"data/raw/air_quality/openaq/historical/PROJ_092/so2/PROJ_092_12289836_so2_2026_03_p1_20260924T230918.json","2026-09-24T17:39:18Z","2026-09-24T17:39:18Z",200,""
12,"PROJ_092",6945,12235834,"pm2_5","2026-02-28T18:30:00Z","2026-03-31T18:29:59Z","completed",1,489,489,1,"data/raw/air_quality/openaq/historical/PROJ_092/pm2_5/PROJ_092_12235834_pm2_5_2026_03_p1_20260924T230921.json","2026-09-24T17:39:21Z","2026-09-24T17:39:21Z",200,""
12,"PROJ_092",6945,12235829,"co","2026-02-28T18:30:00Z","2026-03-31T18:29:59Z","completed",1,483,483,1,"data/raw/air_quality/openaq/historical/PROJ_092/co/PROJ_092_12235829_co_2026_03_p1_20260924T230926.json","2026-09-24T17:39:27Z","2026-09-24T17:39:27Z",200,""
12,"PROJ_092",6945,12235833,"pm10","2026-02-28T18:30:00Z","2026-03-31T18:29:59Z","completed",1,488,488,1,"data/raw/air_quality/openaq/historical/PROJ_092/pm10/PROJ_092_12235833_pm10_2026_03_p1_20260924T230929.json","2026-09-24T17:39:30Z","2026-09-24T17:39:30Z",200,""
12,"PROJ_092",6945,12235831,"no2","2026-02-28T18:30:00Z","2026-03-31T18:29:59Z","completed",1,489,489,1,"data/raw/air_quality/openaq/historical/PROJ_092/no2/PROJ_092_12235831_no2_2026_03_p1_20260924T230934.json","2026-09-24T17:39:34Z","2026-09-24T17:39:34Z",200,""
12,"PROJ_092",6945,12235832,"o3","2026-02-28T18:30:00Z","2026-03-31T18:29:59Z","completed",1,483,483,1,"data/raw/air_quality/openaq/historical/PROJ_092/o3/PROJ_092_12235832_o3_2026_03_p1_20260924T230939.json","2026-09-24T17:39:39Z","2026-09-24T17:39:39Z",200,""
12,"PROJ_101",6973,12235269,"so2","2026-02-28T18:30:00Z","2026-03-31T18:29:59Z","completed",1,683,683,1,"data/raw/air_quality/openaq/historical/PROJ_101/so2/PROJ_101_12235269_so2_2026_03_p1_20260924T230942.json","2026-09-24T17:39:43Z","2026-09-24T17:39:43Z",200,""
12,"PROJ_101",6973,12235264,"no2","2026-02-28T18:30:00Z","2026-03-31T18:29:59Z","completed",1,677,677,1,"data/raw/air_quality/openaq/historical/PROJ_101/no2/PROJ_101_12235264_no2_2026_03_p1_20260924T230947.json","2026-09-24T17:39:48Z","2026-09-24T17:39:48Z",200,""
12,"PROJ_101",6973,12235266,"pm10","2026-02-28T18:30:00Z","2026-03-31T18:29:59Z","completed",1,695,695,1,"data/raw/air_quality/openaq/historical/PROJ_101/pm10/PROJ_101_12235266_pm10_2026_03_p1_20260924T230952.json","2026-09-24T17:39:52Z","2026-09-24T17:39:52Z",200,""
12,"PROJ_101",6973,12235267,"pm2_5","2026-02-28T18:30:00Z","2026-03-31T18:29:59Z","completed",1,697,697,1,"data/raw/air_quality/openaq/historical/PROJ_101/pm2_5/PROJ_101_12235267_pm2_5_2026_03_p1_20260924T230956.json","2026-09-24T17:39:57Z","2026-09-24T17:39:57Z",200,""
12,"PROJ_101",6973,12235265,"o3","2026-02-28T18:30:00Z","2026-03-31T18:29:59Z","completed",1,690,690,1,"data/raw/air_quality/openaq/historical/PROJ_101/o3/PROJ_101_12235265_o3_2026_03_p1_20260924T231002.json","2026-09-24T17:40:02Z","2026-09-24T17:40:02Z",200,""
12,"PROJ_101",6973,12235262,"co","2026-02-28T18:30:00Z","2026-03-31T18:29:59Z","completed",1,696,696,1,"data/raw/air_quality/openaq/historical/PROJ_101/co/PROJ_101_12235262_co_2026_03_p1_20260924T231006.json","2026-09-24T17:40:07Z","2026-09-24T17:40:07Z",200,""
12,"PROJ_133",10599,12236100,"o3","2026-02-28T18:30:00Z","2026-03-31T18:29:59Z","completed",1,706,706,1,"data/raw/air_quality/openaq/historical/PROJ_133/o3/PROJ_133_12236100_o3_2026_03_p1_20260924T231010.json","2026-09-24T17:40:11Z","2026-09-24T17:40:11Z",200,""
12,"PROJ_133",10599,12236101,"pm10","2026-02-28T18:30:00Z","2026-03-31T18:29:59Z","completed",1,706,706,1,"data/raw/air_quality/openaq/historical/PROJ_133/pm10/PROJ_133_12236101_pm10_2026_03_p1_20260924T231016.json","2026-09-24T17:40:16Z","2026-09-24T17:40:16Z",200,""
12,"PROJ_133",10599,12236097,"co","2026-02-28T18:30:00Z","2026-03-31T18:29:59Z","completed",1,706,706,1,"data/raw/air_quality/openaq/historical/PROJ_133/co/PROJ_133_12236097_co_2026_03_p1_20260924T231021.json","2026-09-24T17:40:21Z","2026-09-24T17:40:21Z",200,""
12,"PROJ_133",10599,12236104,"so2","2026-02-28T18:30:00Z","2026-03-31T18:29:59Z","completed",1,706,706,1,"data/raw/air_quality/openaq/historical/PROJ_133/so2/PROJ_133_12236104_so2_2026_03_p1_20260924T231025.json","2026-09-24T17:40:25Z","2026-09-24T17:40:25Z",200,""
12,"PROJ_133",10599,12236102,"pm2_5","2026-02-28T18:30:00Z","2026-03-31T18:29:59Z","completed",1,706,706,1,"data/raw/air_quality/openaq/historical/PROJ_133/pm2_5/PROJ_133_12236102_pm2_5_2026_03_p1_20260924T231028.json","2026-09-24T17:40:29Z","2026-09-24T17:40:29Z",200,""
12,"PROJ_133",10599,12236099,"no2","2026-02-28T18:30:00Z","2026-03-31T18:29:59Z","completed",1,706,706,1,"data/raw/air_quality/openaq/historical/PROJ_133/no2/PROJ_133_12236099_no2_2026_03_p1_20260924T231032.json","2026-09-24T17:40:32Z","2026-09-24T17:40:32Z",200,""
12,"PROJ_142",10903,12235758,"no2","2026-02-28T18:30:00Z","2026-03-31T18:29:59Z","completed",1,647,647,1,"data/raw/air_quality/openaq/historical/PROJ_142/no2/PROJ_142_12235758_no2_2026_03_p1_20260924T231036.json","2026-09-24T17:40:36Z","2026-09-24T17:40:36Z",200,""
12,"PROJ_142",10903,12235763,"so2","2026-02-28T18:30:00Z","2026-03-31T18:29:59Z","completed",1,647,647,1,"data/raw/air_quality/openaq/historical/PROJ_142/so2/PROJ_142_12235763_so2_2026_03_p1_20260924T231040.json","2026-09-24T17:40:40Z","2026-09-24T17:40:40Z",200,""
12,"PROJ_142",10903,12235756,"co","2026-02-28T18:30:00Z","2026-03-31T18:29:59Z","completed",1,647,647,1,"data/raw/air_quality/openaq/historical/PROJ_142/co/PROJ_142_12235756_co_2026_03_p1_20260924T231045.json","2026-09-24T17:40:45Z","2026-09-24T17:40:45Z",200,""
12,"PROJ_142",10903,12235760,"pm10","2026-02-28T18:30:00Z","2026-03-31T18:29:59Z","completed",1,647,647,1,"data/raw/air_quality/openaq/historical/PROJ_142/pm10/PROJ_142_12235760_pm10_2026_03_p1_20260924T231050.json","2026-09-24T17:40:50Z","2026-09-24T17:40:50Z",200,""
12,"PROJ_142",10903,12235759,"o3","2026-02-28T18:30:00Z","2026-03-31T18:29:59Z","completed",1,647,647,1,"data/raw/air_quality/openaq/historical/PROJ_142/o3/PROJ_142_12235759_o3_2026_03_p1_20260924T231053.json","2026-09-24T17:40:54Z","2026-09-24T17:40:54Z",200,""
12,"PROJ_142",10903,12235761,"pm2_5","2026-02-28T18:30:00Z","2026-03-31T18:29:59Z","completed",1,647,647,1,"data/raw/air_quality/openaq/historical/PROJ_142/pm2_5/PROJ_142_12235761_pm2_5_2026_03_p1_20260924T231057.json","2026-09-24T17:40:57Z","2026-09-24T17:40:57Z",200,""
12,"PROJ_144",10913,12236019,"o3","2026-02-28T18:30:00Z","2026-03-31T18:29:59Z","completed",1,683,683,1,"data/raw/air_quality/openaq/historical/PROJ_144/o3/PROJ_144_12236019_o3_2026_03_p1_20260924T231101.json","2026-09-24T17:41:02Z","2026-09-24T17:41:02Z",200,""
12,"PROJ_144",10913,12236023,"so2","2026-02-28T18:30:00Z","2026-03-31T18:29:59Z","completed",1,681,681,1,"data/raw/air_quality/openaq/historical/PROJ_144/so2/PROJ_144_12236023_so2_2026_03_p1_20260924T231105.json","2026-09-24T17:41:05Z","2026-09-24T17:41:05Z",200,""
12,"PROJ_144",10913,12236021,"pm2_5","2026-02-28T18:30:00Z","2026-03-31T18:29:59Z","completed",1,683,683,1,"data/raw/air_quality/openaq/historical/PROJ_144/pm2_5/PROJ_144_12236021_pm2_5_2026_03_p1_20260924T231109.json","2026-09-24T17:41:10Z","2026-09-24T17:41:10Z",200,""
12,"PROJ_144",10913,12236020,"pm10","2026-02-28T18:30:00Z","2026-03-31T18:29:59Z","completed",1,683,683,1,"data/raw/air_quality/openaq/historical/PROJ_144/pm10/PROJ_144_12236020_pm10_2026_03_p1_20260924T231114.json","2026-09-24T17:41:15Z","2026-09-24T17:41:15Z",200,""
12,"PROJ_144",10913,12236016,"co","2026-02-28T18:30:00Z","2026-03-31T18:29:59Z","completed",1,683,683,1,"data/raw/air_quality/openaq/historical/PROJ_144/co/PROJ_144_12236016_co_2026_03_p1_20260924T231118.json","2026-09-24T17:41:18Z","2026-09-24T17:41:18Z",200,""
12,"PROJ_144",10913,12236018,"no2","2026-02-28T18:30:00Z","2026-03-31T18:29:59Z","completed",2,683,683,1,"data/raw/air_quality/openaq/historical/PROJ_144/no2/PROJ_144_12236018_no2_2026_03_p1_20260925T095240.json","2026-09-24T17:41:36Z","2026-09-25T04:22:40Z",200,""
12,"PROJ_158",11613,12236463,"pm2_5","2026-02-28T18:30:00Z","2026-03-31T18:29:59Z","completed",1,705,705,1,"data/raw/air_quality/openaq/historical/PROJ_158/pm2_5/PROJ_158_12236463_pm2_5_2026_03_p1_20260924T231143.json","2026-09-24T17:41:44Z","2026-09-24T17:41:44Z",200,""
12,"PROJ_158",11613,12236458,"co","2026-02-28T18:30:00Z","2026-03-31T18:29:59Z","completed",1,705,705,1,"data/raw/air_quality/openaq/historical/PROJ_158/co/PROJ_158_12236458_co_2026_03_p1_20260924T231147.json","2026-09-24T17:41:47Z","2026-09-24T17:41:47Z",200,""
12,"PROJ_158",11613,12236460,"no2","2026-02-28T18:30:00Z","2026-03-31T18:29:59Z","completed",1,705,705,1,"data/raw/air_quality/openaq/historical/PROJ_158/no2/PROJ_158_12236460_no2_2026_03_p1_20260924T231152.json","2026-09-24T17:41:52Z","2026-09-24T17:41:52Z",200,""
12,"PROJ_158",11613,12236461,"o3","2026-02-28T18:30:00Z","2026-03-31T18:29:59Z","completed",1,705,705,1,"data/raw/air_quality/openaq/historical/PROJ_158/o3/PROJ_158_12236461_o3_2026_03_p1_20260924T231157.json","2026-09-24T17:41:57Z","2026-09-24T17:41:57Z",200,""
12,"PROJ_158",11613,12236465,"so2","2026-02-28T18:30:00Z","2026-03-31T18:29:59Z","completed",1,706,706,1,"data/raw/air_quality/openaq/historical/PROJ_158/so2/PROJ_158_12236465_so2_2026_03_p1_20260924T231202.json","2026-09-24T17:42:03Z","2026-09-24T17:42:03Z",200,""
12,"PROJ_158",11613,12236462,"pm10","2026-02-28T18:30:00Z","2026-03-31T18:29:59Z","completed",1,705,705,1,"data/raw/air_quality/openaq/historical/PROJ_158/pm10/PROJ_158_12236462_pm10_2026_03_p1_20260924T231206.json","2026-09-24T17:42:07Z","2026-09-24T17:42:07Z",200,""
12,"PROJ_179",344103,12237100,"so2","2026-02-28T18:30:00Z","2026-03-31T18:29:59Z","completed",1,627,627,1,"data/raw/air_quality/openaq/historical/PROJ_179/so2/PROJ_179_12237100_so2_2026_03_p1_20260924T231211.json","2026-09-24T17:42:12Z","2026-09-24T17:42:12Z",200,""
12,"PROJ_179",344103,12237093,"co","2026-02-28T18:30:00Z","2026-03-31T18:29:59Z","completed",1,627,627,1,"data/raw/air_quality/openaq/historical/PROJ_179/co/PROJ_179_12237093_co_2026_03_p1_20260924T231216.json","2026-09-24T17:42:16Z","2026-09-24T17:42:16Z",200,""
12,"PROJ_179",344103,12237096,"o3","2026-02-28T18:30:00Z","2026-03-31T18:29:59Z","completed",1,627,627,1,"data/raw/air_quality/openaq/historical/PROJ_179/o3/PROJ_179_12237096_o3_2026_03_p1_20260924T231219.json","2026-09-24T17:42:20Z","2026-09-24T17:42:20Z",200,""
12,"PROJ_179",344103,12237097,"pm10","2026-02-28T18:30:00Z","2026-03-31T18:29:59Z","completed",1,627,627,1,"data/raw/air_quality/openaq/historical/PROJ_179/pm10/PROJ_179_12237097_pm10_2026_03_p1_20260924T231223.json","2026-09-24T17:42:23Z","2026-09-24T17:42:23Z",200,""
12,"PROJ_179",344103,12237098,"pm2_5","2026-02-28T18:30:00Z","2026-03-31T18:29:59Z","completed",1,627,627,1,"data/raw/air_quality/openaq/historical/PROJ_179/pm2_5/PROJ_179_12237098_pm2_5_2026_03_p1_20260924T231226.json","2026-09-24T17:42:27Z","2026-09-24T17:42:27Z",200,""
12,"PROJ_179",344103,12237095,"no2","2026-02-28T18:30:00Z","2026-03-31T18:29:59Z","completed",1,627,627,1,"data/raw/air_quality/openaq/historical/PROJ_179/no2/PROJ_179_12237095_no2_2026_03_p1_20260924T231230.json","2026-09-24T17:42:30Z","2026-09-24T17:42:30Z",200,""
12,"PROJ_180",344104,12237125,"pm2_5","2026-02-28T18:30:00Z","2026-03-31T18:29:59Z","completed",1,685,685,1,"data/raw/air_quality/openaq/historical/PROJ_180/pm2_5/PROJ_180_12237125_pm2_5_2026_03_p1_20260924T231235.json","2026-09-24T17:42:35Z","2026-09-24T17:42:35Z",200,""
12,"PROJ_180",344104,12237122,"no2","2026-02-28T18:30:00Z","2026-03-31T18:29:59Z","completed",1,685,685,1,"data/raw/air_quality/openaq/historical/PROJ_180/no2/PROJ_180_12237122_no2_2026_03_p1_20260924T231240.json","2026-09-24T17:42:40Z","2026-09-24T17:42:40Z",200,""
12,"PROJ_180",344104,12237124,"pm10","2026-02-28T18:30:00Z","2026-03-31T18:29:59Z","completed",1,685,685,1,"data/raw/air_quality/openaq/historical/PROJ_180/pm10/PROJ_180_12237124_pm10_2026_03_p1_20260924T231243.json","2026-09-24T17:42:44Z","2026-09-24T17:42:44Z",200,""
12,"PROJ_180",344104,12237127,"so2","2026-02-28T18:30:00Z","2026-03-31T18:29:59Z","completed",1,685,685,1,"data/raw/air_quality/openaq/historical/PROJ_180/so2/PROJ_180_12237127_so2_2026_03_p1_20260924T231247.json","2026-09-24T17:42:47Z","2026-09-24T17:42:47Z",200,""
12,"PROJ_180",344104,12237123,"o3","2026-02-28T18:30:00Z","2026-03-31T18:29:59Z","completed",1,685,685,1,"data/raw/air_quality/openaq/historical/PROJ_180/o3/PROJ_180_12237123_o3_2026_03_p1_20260924T231251.json","2026-09-24T17:42:51Z","2026-09-24T17:42:51Z",200,""
12,"PROJ_180",344104,12237120,"co","2026-02-28T18:30:00Z","2026-03-31T18:29:59Z","completed",1,685,685,1,"data/raw/air_quality/openaq/historical/PROJ_180/co/PROJ_180_12237120_co_2026_03_p1_20260924T231254.json","2026-09-24T17:42:55Z","2026-09-24T17:42:55Z",200,""
12,"PROJ_181",344140,12237111,"co","2026-02-28T18:30:00Z","2026-03-31T18:29:59Z","completed",1,694,694,1,"data/raw/air_quality/openaq/historical/PROJ_181/co/PROJ_181_12237111_co_2026_03_p1_20260924T231300.json","2026-09-24T17:43:01Z","2026-09-24T17:43:01Z",200,""
12,"PROJ_181",344140,12237114,"o3","2026-02-28T18:30:00Z","2026-03-31T18:29:59Z","completed",1,694,694,1,"data/raw/air_quality/openaq/historical/PROJ_181/o3/PROJ_181_12237114_o3_2026_03_p1_20260924T231305.json","2026-09-24T17:43:05Z","2026-09-24T17:43:05Z",200,""
12,"PROJ_181",344140,12237113,"no2","2026-02-28T18:30:00Z","2026-03-31T18:29:59Z","completed",1,694,694,1,"data/raw/air_quality/openaq/historical/PROJ_181/no2/PROJ_181_12237113_no2_2026_03_p1_20260924T231310.json","2026-09-24T17:43:11Z","2026-09-24T17:43:11Z",200,""
12,"PROJ_181",344140,12237115,"pm10","2026-02-28T18:30:00Z","2026-03-31T18:29:59Z","completed",1,694,694,1,"data/raw/air_quality/openaq/historical/PROJ_181/pm10/PROJ_181_12237115_pm10_2026_03_p1_20260924T231314.json","2026-09-24T17:43:14Z","2026-09-24T17:43:14Z",200,""
12,"PROJ_181",344140,12237118,"so2","2026-02-28T18:30:00Z","2026-03-31T18:29:59Z","completed",1,694,694,1,"data/raw/air_quality/openaq/historical/PROJ_181/so2/PROJ_181_12237118_so2_2026_03_p1_20260924T231318.json","2026-09-24T17:43:18Z","2026-09-24T17:43:18Z",200,""
12,"PROJ_181",344140,12237116,"pm2_5","2026-02-28T18:30:00Z","2026-03-31T18:29:59Z","completed",1,694,694,1,"data/raw/air_quality/openaq/historical/PROJ_181/pm2_5/PROJ_181_12237116_pm2_5_2026_03_p1_20260924T231321.json","2026-09-24T17:43:22Z","2026-09-24T17:43:22Z",200,""
12,"PROJ_186",352465,12237091,"so2","2026-02-28T18:30:00Z","2026-03-31T18:29:59Z","completed",1,690,690,1,"data/raw/air_quality/openaq/historical/PROJ_186/so2/PROJ_186_12237091_so2_2026_03_p1_20260924T231327.json","2026-09-24T17:43:27Z","2026-09-24T17:43:27Z",200,""
12,"PROJ_186",352465,12237088,"pm10","2026-02-28T18:30:00Z","2026-03-31T18:29:59Z","completed",1,690,690,1,"data/raw/air_quality/openaq/historical/PROJ_186/pm10/PROJ_186_12237088_pm10_2026_03_p1_20260924T231331.json","2026-09-24T17:43:31Z","2026-09-24T17:43:31Z",200,""
12,"PROJ_186",352465,12237089,"pm2_5","2026-02-28T18:30:00Z","2026-03-31T18:29:59Z","completed",1,690,690,1,"data/raw/air_quality/openaq/historical/PROJ_186/pm2_5/PROJ_186_12237089_pm2_5_2026_03_p1_20260924T231336.json","2026-09-24T17:43:36Z","2026-09-24T17:43:36Z",200,""
12,"PROJ_186",352465,12237086,"no2","2026-02-28T18:30:00Z","2026-03-31T18:29:59Z","completed",1,690,690,1,"data/raw/air_quality/openaq/historical/PROJ_186/no2/PROJ_186_12237086_no2_2026_03_p1_20260924T231341.json","2026-09-24T17:43:41Z","2026-09-24T17:43:41Z",200,""
12,"PROJ_186",352465,12237087,"o3","2026-02-28T18:30:00Z","2026-03-31T18:29:59Z","completed",1,690,690,1,"data/raw/air_quality/openaq/historical/PROJ_186/o3/PROJ_186_12237087_o3_2026_03_p1_20260924T231344.json","2026-09-24T17:43:45Z","2026-09-24T17:43:45Z",200,""
12,"PROJ_186",352465,12237084,"co","2026-02-28T18:30:00Z","2026-03-31T18:29:59Z","completed",1,690,690,1,"data/raw/air_quality/openaq/historical/PROJ_186/co/PROJ_186_12237084_co_2026_03_p1_20260924T231348.json","2026-09-24T17:43:48Z","2026-09-24T17:43:48Z",200,""
12,"PROJ_094",6950,12235885,"o3","2026-02-28T18:30:00Z","2026-03-31T18:29:59Z","completed",1,714,714,1,"data/raw/air_quality/openaq/historical/PROJ_094/o3/PROJ_094_12235885_o3_2026_03_p1_20260924T231353.json","2026-09-24T17:43:54Z","2026-09-24T17:43:54Z",200,""
12,"PROJ_094",6950,12235889,"so2","2026-02-28T18:30:00Z","2026-03-31T18:29:59Z","completed",1,714,714,1,"data/raw/air_quality/openaq/historical/PROJ_094/so2/PROJ_094_12235889_so2_2026_03_p1_20260924T231359.json","2026-09-24T17:43:59Z","2026-09-24T17:43:59Z",200,""
12,"PROJ_094",6950,12235884,"no2","2026-02-28T18:30:00Z","2026-03-31T18:29:59Z","completed",1,714,714,1,"data/raw/air_quality/openaq/historical/PROJ_094/no2/PROJ_094_12235884_no2_2026_03_p1_20260924T231403.json","2026-09-24T17:44:04Z","2026-09-24T17:44:04Z",200,""
12,"PROJ_094",6950,12235886,"pm10","2026-02-28T18:30:00Z","2026-03-31T18:29:59Z","completed",1,714,714,1,"data/raw/air_quality/openaq/historical/PROJ_094/pm10/PROJ_094_12235886_pm10_2026_03_p1_20260924T231408.json","2026-09-24T17:44:08Z","2026-09-24T17:44:08Z",200,""
12,"PROJ_094",6950,12235882,"co","2026-02-28T18:30:00Z","2026-03-31T18:29:59Z","completed",1,714,714,1,"data/raw/air_quality/openaq/historical/PROJ_094/co/PROJ_094_12235882_co_2026_03_p1_20260924T231411.json","2026-09-24T17:44:12Z","2026-09-24T17:44:12Z",200,""
12,"PROJ_094",6950,12235887,"pm2_5","2026-02-28T18:30:00Z","2026-03-31T18:29:59Z","completed",1,714,714,1,"data/raw/air_quality/openaq/historical/PROJ_094/pm2_5/PROJ_094_12235887_pm2_5_2026_03_p1_20260924T231415.json","2026-09-24T17:44:16Z","2026-09-24T17:44:16Z",200,""
13,"PROJ_002",17,12234785,"o3","2026-03-31T18:30:00Z","2026-04-30T18:29:59Z","completed",1,678,678,1,"data/raw/air_quality/openaq/historical/PROJ_002/o3/PROJ_002_12234785_o3_2026_04_p1_20260924T231419.json","2026-09-24T17:44:19Z","2026-09-24T17:44:19Z",200,""
13,"PROJ_002",17,12234787,"pm2_5","2026-03-31T18:30:00Z","2026-04-30T18:29:59Z","completed",1,680,680,1,"data/raw/air_quality/openaq/historical/PROJ_002/pm2_5/PROJ_002_12234787_pm2_5_2026_04_p1_20260924T231423.json","2026-09-24T17:44:24Z","2026-09-24T17:44:24Z",200,""
13,"PROJ_002",17,12234784,"no2","2026-03-31T18:30:00Z","2026-04-30T18:29:59Z","completed",1,662,662,1,"data/raw/air_quality/openaq/historical/PROJ_002/no2/PROJ_002_12234784_no2_2026_04_p1_20260924T231428.json","2026-09-24T17:44:28Z","2026-09-24T17:44:28Z",200,""
13,"PROJ_002",17,12234786,"pm10","2026-03-31T18:30:00Z","2026-04-30T18:29:59Z","completed",1,673,673,1,"data/raw/air_quality/openaq/historical/PROJ_002/pm10/PROJ_002_12234786_pm10_2026_04_p1_20260924T231433.json","2026-09-24T17:44:34Z","2026-09-24T17:44:34Z",200,""
13,"PROJ_002",17,12234782,"co","2026-03-31T18:30:00Z","2026-04-30T18:29:59Z","completed",1,658,658,1,"data/raw/air_quality/openaq/historical/PROJ_002/co/PROJ_002_12234782_co_2026_04_p1_20260924T231438.json","2026-09-24T17:44:38Z","2026-09-24T17:44:38Z",200,""
13,"PROJ_002",17,12234789,"so2","2026-03-31T18:30:00Z","2026-04-30T18:29:59Z","completed",1,600,600,1,"data/raw/air_quality/openaq/historical/PROJ_002/so2/PROJ_002_12234789_so2_2026_04_p1_20260924T231443.json","2026-09-24T17:44:44Z","2026-09-24T17:44:44Z",200,""
13,"PROJ_007",407,12235585,"so2","2026-03-31T18:30:00Z","2026-04-30T18:29:59Z","completed",1,626,626,1,"data/raw/air_quality/openaq/historical/PROJ_007/so2/PROJ_007_12235585_so2_2026_04_p1_20260924T231448.json","2026-09-24T17:44:49Z","2026-09-24T17:44:49Z",200,""
13,"PROJ_007",407,12235581,"o3","2026-03-31T18:30:00Z","2026-04-30T18:29:59Z","completed",1,626,626,1,"data/raw/air_quality/openaq/historical/PROJ_007/o3/PROJ_007_12235581_o3_2026_04_p1_20260924T231453.json","2026-09-24T17:44:53Z","2026-09-24T17:44:53Z",200,""
13,"PROJ_007",407,12235578,"co","2026-03-31T18:30:00Z","2026-04-30T18:29:59Z","completed",1,626,626,1,"data/raw/air_quality/openaq/historical/PROJ_007/co/PROJ_007_12235578_co_2026_04_p1_20260924T231458.json","2026-09-24T17:44:58Z","2026-09-24T17:44:58Z",200,""
13,"PROJ_007",407,12235580,"no2","2026-03-31T18:30:00Z","2026-04-30T18:29:59Z","completed",1,626,626,1,"data/raw/air_quality/openaq/historical/PROJ_007/no2/PROJ_007_12235580_no2_2026_04_p1_20260924T231502.json","2026-09-24T17:45:02Z","2026-09-24T17:45:02Z",200,""
13,"PROJ_007",407,12235583,"pm2_5","2026-03-31T18:30:00Z","2026-04-30T18:29:59Z","completed",1,573,573,1,"data/raw/air_quality/openaq/historical/PROJ_007/pm2_5/PROJ_007_12235583_pm2_5_2026_04_p1_20260924T231506.json","2026-09-24T17:45:06Z","2026-09-24T17:45:06Z",200,""
13,"PROJ_007",407,12235582,"pm10","2026-03-31T18:30:00Z","2026-04-30T18:29:59Z","completed",1,573,573,1,"data/raw/air_quality/openaq/historical/PROJ_007/pm10/PROJ_007_12235582_pm10_2026_04_p1_20260924T231510.json","2026-09-24T17:45:11Z","2026-09-24T17:45:11Z",200,""
13,"PROJ_019",2586,12235655,"so2","2026-03-31T18:30:00Z","2026-04-30T18:29:59Z","completed",1,679,679,1,"data/raw/air_quality/openaq/historical/PROJ_019/so2/PROJ_019_12235655_so2_2026_04_p1_20260924T231514.json","2026-09-24T17:45:15Z","2026-09-24T17:45:15Z",200,""
13,"PROJ_019",2586,12235648,"co","2026-03-31T18:30:00Z","2026-04-30T18:29:59Z","completed",1,679,679,1,"data/raw/air_quality/openaq/historical/PROJ_019/co/PROJ_019_12235648_co_2026_04_p1_20260924T231518.json","2026-09-24T17:45:18Z","2026-09-24T17:45:18Z",200,""
13,"PROJ_019",2586,12235653,"pm2_5","2026-03-31T18:30:00Z","2026-04-30T18:29:59Z","completed",1,679,679,1,"data/raw/air_quality/openaq/historical/PROJ_019/pm2_5/PROJ_019_12235653_pm2_5_2026_04_p1_20260924T231521.json","2026-09-24T17:45:22Z","2026-09-24T17:45:22Z",200,""
13,"PROJ_019",2586,12235652,"pm10","2026-03-31T18:30:00Z","2026-04-30T18:29:59Z","completed",1,679,679,1,"data/raw/air_quality/openaq/historical/PROJ_019/pm10/PROJ_019_12235652_pm10_2026_04_p1_20260924T231525.json","2026-09-24T17:45:25Z","2026-09-24T17:45:25Z",200,""
13,"PROJ_019",2586,12235650,"no2","2026-03-31T18:30:00Z","2026-04-30T18:29:59Z","completed",1,679,679,1,"data/raw/air_quality/openaq/historical/PROJ_019/no2/PROJ_019_12235650_no2_2026_04_p1_20260924T231528.json","2026-09-24T17:45:29Z","2026-09-24T17:45:29Z",200,""
13,"PROJ_019",2586,12235651,"o3","2026-03-31T18:30:00Z","2026-04-30T18:29:59Z","completed",1,679,679,1,"data/raw/air_quality/openaq/historical/PROJ_019/o3/PROJ_019_12235651_o3_2026_04_p1_20260924T231534.json","2026-09-24T17:45:34Z","2026-09-24T17:45:34Z",200,""
13,"PROJ_036",5599,12235400,"pm2_5","2026-03-31T18:30:00Z","2026-04-30T18:29:59Z","empty_valid_response",1,0,0,1,"data/raw/air_quality/openaq/historical/PROJ_036/pm2_5/PROJ_036_12235400_pm2_5_2026_04_p1_20260924T231537.json","2026-09-24T17:45:37Z","2026-09-24T17:45:37Z",200,""
13,"PROJ_036",5599,12235399,"pm10","2026-03-31T18:30:00Z","2026-04-30T18:29:59Z","empty_valid_response",1,0,0,1,"data/raw/air_quality/openaq/historical/PROJ_036/pm10/PROJ_036_12235399_pm10_2026_04_p1_20260924T231540.json","2026-09-24T17:45:40Z","2026-09-24T17:45:40Z",200,""
13,"PROJ_036",5599,12235402,"so2","2026-03-31T18:30:00Z","2026-04-30T18:29:59Z","empty_valid_response",1,0,0,1,"data/raw/air_quality/openaq/historical/PROJ_036/so2/PROJ_036_12235402_so2_2026_04_p1_20260924T231543.json","2026-09-24T17:45:43Z","2026-09-24T17:45:43Z",200,""
13,"PROJ_036",5599,12235398,"o3","2026-03-31T18:30:00Z","2026-04-30T18:29:59Z","empty_valid_response",1,0,0,1,"data/raw/air_quality/openaq/historical/PROJ_036/o3/PROJ_036_12235398_o3_2026_04_p1_20260924T231546.json","2026-09-24T17:45:46Z","2026-09-24T17:45:46Z",200,""
13,"PROJ_036",5599,12235395,"co","2026-03-31T18:30:00Z","2026-04-30T18:29:59Z","empty_valid_response",1,0,0,1,"data/raw/air_quality/openaq/historical/PROJ_036/co/PROJ_036_12235395_co_2026_04_p1_20260924T231548.json","2026-09-24T17:45:49Z","2026-09-24T17:45:49Z",200,""
13,"PROJ_036",5599,12235397,"no2","2026-03-31T18:30:00Z","2026-04-30T18:29:59Z","empty_valid_response",1,0,0,1,"data/raw/air_quality/openaq/historical/PROJ_036/no2/PROJ_036_12235397_no2_2026_04_p1_20260924T231552.json","2026-09-24T17:45:52Z","2026-09-24T17:45:52Z",200,""
13,"PROJ_042",5621,12235625,"pm10","2026-03-31T18:30:00Z","2026-04-30T18:29:59Z","completed",1,662,662,1,"data/raw/air_quality/openaq/historical/PROJ_042/pm10/PROJ_042_12235625_pm10_2026_04_p1_20260924T231556.json","2026-09-24T17:45:56Z","2026-09-24T17:45:56Z",200,""
13,"PROJ_042",5621,12235623,"no2","2026-03-31T18:30:00Z","2026-04-30T18:29:59Z","completed",1,663,663,1,"data/raw/air_quality/openaq/historical/PROJ_042/no2/PROJ_042_12235623_no2_2026_04_p1_20260924T231601.json","2026-09-24T17:46:01Z","2026-09-24T17:46:01Z",200,""
13,"PROJ_042",5621,12235626,"pm2_5","2026-03-31T18:30:00Z","2026-04-30T18:29:59Z","completed",1,662,662,1,"data/raw/air_quality/openaq/historical/PROJ_042/pm2_5/PROJ_042_12235626_pm2_5_2026_04_p1_20260924T231606.json","2026-09-24T17:46:06Z","2026-09-24T17:46:06Z",200,""
13,"PROJ_042",5621,12235621,"co","2026-03-31T18:30:00Z","2026-04-30T18:29:59Z","completed",1,662,662,1,"data/raw/air_quality/openaq/historical/PROJ_042/co/PROJ_042_12235621_co_2026_04_p1_20260924T231610.json","2026-09-24T17:46:11Z","2026-09-24T17:46:11Z",200,""
13,"PROJ_042",5621,12235628,"so2","2026-03-31T18:30:00Z","2026-04-30T18:29:59Z","completed",1,663,663,1,"data/raw/air_quality/openaq/historical/PROJ_042/so2/PROJ_042_12235628_so2_2026_04_p1_20260924T231614.json","2026-09-24T17:46:14Z","2026-09-24T17:46:14Z",200,""
13,"PROJ_042",5621,12235624,"o3","2026-03-31T18:30:00Z","2026-04-30T18:29:59Z","completed",1,662,662,1,"data/raw/air_quality/openaq/historical/PROJ_042/o3/PROJ_042_12235624_o3_2026_04_p1_20260924T231617.json","2026-09-24T17:46:18Z","2026-09-24T17:46:18Z",200,""
13,"PROJ_044",5623,12242116,"co","2026-03-31T18:30:00Z","2026-04-30T18:29:59Z","completed",1,613,613,1,"data/raw/air_quality/openaq/historical/PROJ_044/co/PROJ_044_12242116_co_2026_04_p1_20260924T231622.json","2026-09-24T17:46:23Z","2026-09-24T17:46:23Z",200,""
13,"PROJ_044",5623,12242118,"no2","2026-03-31T18:30:00Z","2026-04-30T18:29:59Z","completed",1,613,613,1,"data/raw/air_quality/openaq/historical/PROJ_044/no2/PROJ_044_12242118_no2_2026_04_p1_20260924T231627.json","2026-09-24T17:46:28Z","2026-09-24T17:46:28Z",200,""
13,"PROJ_044",5623,12242119,"o3","2026-03-31T18:30:00Z","2026-04-30T18:29:59Z","completed",1,613,613,1,"data/raw/air_quality/openaq/historical/PROJ_044/o3/PROJ_044_12242119_o3_2026_04_p1_20260924T231633.json","2026-09-24T17:46:33Z","2026-09-24T17:46:33Z",200,""
13,"PROJ_044",5623,12242121,"pm2_5","2026-03-31T18:30:00Z","2026-04-30T18:29:59Z","completed",1,597,597,1,"data/raw/air_quality/openaq/historical/PROJ_044/pm2_5/PROJ_044_12242121_pm2_5_2026_04_p1_20260924T231636.json","2026-09-24T17:46:37Z","2026-09-24T17:46:37Z",200,""
13,"PROJ_044",5623,12242120,"pm10","2026-03-31T18:30:00Z","2026-04-30T18:29:59Z","completed",1,597,597,1,"data/raw/air_quality/openaq/historical/PROJ_044/pm10/PROJ_044_12242120_pm10_2026_04_p1_20260924T231640.json","2026-09-24T17:46:40Z","2026-09-24T17:46:40Z",200,""
13,"PROJ_044",5623,12242123,"so2","2026-03-31T18:30:00Z","2026-04-30T18:29:59Z","completed",1,613,613,1,"data/raw/air_quality/openaq/historical/PROJ_044/so2/PROJ_044_12242123_so2_2026_04_p1_20260924T231645.json","2026-09-24T17:46:45Z","2026-09-24T17:46:45Z",200,""
13,"PROJ_048",5628,12235460,"pm2_5","2026-03-31T18:30:00Z","2026-04-30T18:29:59Z","completed",1,669,669,1,"data/raw/air_quality/openaq/historical/PROJ_048/pm2_5/PROJ_048_12235460_pm2_5_2026_04_p1_20260924T231649.json","2026-09-24T17:46:49Z","2026-09-24T17:46:49Z",200,""
13,"PROJ_048",5628,12235458,"o3","2026-03-31T18:30:00Z","2026-04-30T18:29:59Z","completed",1,672,672,1,"data/raw/air_quality/openaq/historical/PROJ_048/o3/PROJ_048_12235458_o3_2026_04_p1_20260924T231654.json","2026-09-24T17:46:55Z","2026-09-24T17:46:55Z",200,""
13,"PROJ_048",5628,12235455,"co","2026-03-31T18:30:00Z","2026-04-30T18:29:59Z","completed",1,618,618,1,"data/raw/air_quality/openaq/historical/PROJ_048/co/PROJ_048_12235455_co_2026_04_p1_20260924T231658.json","2026-09-24T17:46:58Z","2026-09-24T17:46:58Z",200,""
13,"PROJ_048",5628,12235459,"pm10","2026-03-31T18:30:00Z","2026-04-30T18:29:59Z","completed",1,672,672,1,"data/raw/air_quality/openaq/historical/PROJ_048/pm10/PROJ_048_12235459_pm10_2026_04_p1_20260924T231702.json","2026-09-24T17:47:02Z","2026-09-24T17:47:02Z",200,""
13,"PROJ_048",5628,12235462,"so2","2026-03-31T18:30:00Z","2026-04-30T18:29:59Z","completed",1,656,656,1,"data/raw/air_quality/openaq/historical/PROJ_048/so2/PROJ_048_12235462_so2_2026_04_p1_20260924T231706.json","2026-09-24T17:47:07Z","2026-09-24T17:47:07Z",200,""
13,"PROJ_048",5628,12235457,"no2","2026-03-31T18:30:00Z","2026-04-30T18:29:59Z","completed",1,672,672,1,"data/raw/air_quality/openaq/historical/PROJ_048/no2/PROJ_048_12235457_no2_2026_04_p1_20260924T231710.json","2026-09-24T17:47:11Z","2026-09-24T17:47:11Z",200,""
13,"PROJ_050",5631,12235666,"co","2026-03-31T18:30:00Z","2026-04-30T18:29:59Z","completed",1,683,683,1,"data/raw/air_quality/openaq/historical/PROJ_050/co/PROJ_050_12235666_co_2026_04_p1_20260924T231715.json","2026-09-24T17:47:16Z","2026-09-24T17:47:16Z",200,""
13,"PROJ_050",5631,12235668,"no2","2026-03-31T18:30:00Z","2026-04-30T18:29:59Z","completed",1,683,683,1,"data/raw/air_quality/openaq/historical/PROJ_050/no2/PROJ_050_12235668_no2_2026_04_p1_20260924T231719.json","2026-09-24T17:47:19Z","2026-09-24T17:47:19Z",200,""
13,"PROJ_050",5631,12235670,"pm10","2026-03-31T18:30:00Z","2026-04-30T18:29:59Z","completed",1,683,683,1,"data/raw/air_quality/openaq/historical/PROJ_050/pm10/PROJ_050_12235670_pm10_2026_04_p1_20260924T231723.json","2026-09-24T17:47:23Z","2026-09-24T17:47:23Z",200,""
13,"PROJ_050",5631,12235673,"so2","2026-03-31T18:30:00Z","2026-04-30T18:29:59Z","completed",1,683,683,1,"data/raw/air_quality/openaq/historical/PROJ_050/so2/PROJ_050_12235673_so2_2026_04_p1_20260924T231726.json","2026-09-24T17:47:27Z","2026-09-24T17:47:27Z",200,""
13,"PROJ_050",5631,12235671,"pm2_5","2026-03-31T18:30:00Z","2026-04-30T18:29:59Z","completed",1,683,683,1,"data/raw/air_quality/openaq/historical/PROJ_050/pm2_5/PROJ_050_12235671_pm2_5_2026_04_p1_20260924T231732.json","2026-09-24T17:47:32Z","2026-09-24T17:47:32Z",200,""
13,"PROJ_050",5631,12235669,"o3","2026-03-31T18:30:00Z","2026-04-30T18:29:59Z","completed",1,683,683,1,"data/raw/air_quality/openaq/historical/PROJ_050/o3/PROJ_050_12235669_o3_2026_04_p1_20260924T231737.json","2026-09-24T17:47:37Z","2026-09-24T17:47:37Z",200,""
13,"PROJ_051",5633,12234804,"pm10","2026-03-31T18:30:00Z","2026-04-30T18:29:59Z","completed",1,620,620,1,"data/raw/air_quality/openaq/historical/PROJ_051/pm10/PROJ_051_12234804_pm10_2026_04_p1_20260924T231741.json","2026-09-24T17:47:41Z","2026-09-24T17:47:41Z",200,""
13,"PROJ_051",5633,12234807,"so2","2026-03-31T18:30:00Z","2026-04-30T18:29:59Z","completed",1,620,620,1,"data/raw/air_quality/openaq/historical/PROJ_051/so2/PROJ_051_12234807_so2_2026_04_p1_20260924T231745.json","2026-09-24T17:47:46Z","2026-09-24T17:47:46Z",200,""
13,"PROJ_051",5633,12234805,"pm2_5","2026-03-31T18:30:00Z","2026-04-30T18:29:59Z","completed",1,620,620,1,"data/raw/air_quality/openaq/historical/PROJ_051/pm2_5/PROJ_051_12234805_pm2_5_2026_04_p1_20260924T231750.json","2026-09-24T17:47:50Z","2026-09-24T17:47:50Z",200,""
13,"PROJ_051",5633,12234800,"co","2026-03-31T18:30:00Z","2026-04-30T18:29:59Z","completed",1,620,620,1,"data/raw/air_quality/openaq/historical/PROJ_051/co/PROJ_051_12234800_co_2026_04_p1_20260924T231754.json","2026-09-24T17:47:55Z","2026-09-24T17:47:55Z",200,""
13,"PROJ_051",5633,12234803,"o3","2026-03-31T18:30:00Z","2026-04-30T18:29:59Z","completed",1,620,620,1,"data/raw/air_quality/openaq/historical/PROJ_051/o3/PROJ_051_12234803_o3_2026_04_p1_20260924T231759.json","2026-09-24T17:47:59Z","2026-09-24T17:47:59Z",200,""
13,"PROJ_051",5633,12234802,"no2","2026-03-31T18:30:00Z","2026-04-30T18:29:59Z","completed",1,620,620,1,"data/raw/air_quality/openaq/historical/PROJ_051/no2/PROJ_051_12234802_no2_2026_04_p1_20260924T231802.json","2026-09-24T17:48:03Z","2026-09-24T17:48:03Z",200,""
13,"PROJ_063",5659,12235521,"pm10","2026-03-31T18:30:00Z","2026-04-30T18:29:59Z","completed",1,683,683,1,"data/raw/air_quality/openaq/historical/PROJ_063/pm10/PROJ_063_12235521_pm10_2026_04_p1_20260924T231807.json","2026-09-24T17:48:08Z","2026-09-24T17:48:08Z",200,""
13,"PROJ_063",5659,12235520,"o3","2026-03-31T18:30:00Z","2026-04-30T18:29:59Z","completed",1,683,683,1,"data/raw/air_quality/openaq/historical/PROJ_063/o3/PROJ_063_12235520_o3_2026_04_p1_20260924T231812.json","2026-09-24T17:48:12Z","2026-09-24T17:48:12Z",200,""
13,"PROJ_063",5659,12235517,"co","2026-03-31T18:30:00Z","2026-04-30T18:29:59Z","completed",1,683,683,1,"data/raw/air_quality/openaq/historical/PROJ_063/co/PROJ_063_12235517_co_2026_04_p1_20260924T231817.json","2026-09-24T17:48:17Z","2026-09-24T17:48:17Z",200,""
13,"PROJ_063",5659,12235524,"so2","2026-03-31T18:30:00Z","2026-04-30T18:29:59Z","completed",1,683,683,1,"data/raw/air_quality/openaq/historical/PROJ_063/so2/PROJ_063_12235524_so2_2026_04_p1_20260924T231822.json","2026-09-24T17:48:22Z","2026-09-24T17:48:22Z",200,""
13,"PROJ_063",5659,12235519,"no2","2026-03-31T18:30:00Z","2026-04-30T18:29:59Z","completed",1,683,683,1,"data/raw/air_quality/openaq/historical/PROJ_063/no2/PROJ_063_12235519_no2_2026_04_p1_20260924T231827.json","2026-09-24T17:48:27Z","2026-09-24T17:48:27Z",200,""
13,"PROJ_063",5659,12235522,"pm2_5","2026-03-31T18:30:00Z","2026-04-30T18:29:59Z","completed",1,683,683,1,"data/raw/air_quality/openaq/historical/PROJ_063/pm2_5/PROJ_063_12235522_pm2_5_2026_04_p1_20260924T231830.json","2026-09-24T17:48:31Z","2026-09-24T17:48:31Z",200,""
13,"PROJ_092",6945,12289836,"so2","2026-03-31T18:30:00Z","2026-04-30T18:29:59Z","completed",1,505,505,1,"data/raw/air_quality/openaq/historical/PROJ_092/so2/PROJ_092_12289836_so2_2026_04_p1_20260924T231834.json","2026-09-24T17:48:34Z","2026-09-24T17:48:34Z",200,""
13,"PROJ_092",6945,12235834,"pm2_5","2026-03-31T18:30:00Z","2026-04-30T18:29:59Z","completed",1,505,505,1,"data/raw/air_quality/openaq/historical/PROJ_092/pm2_5/PROJ_092_12235834_pm2_5_2026_04_p1_20260924T231839.json","2026-09-24T17:48:39Z","2026-09-24T17:48:39Z",200,""
13,"PROJ_092",6945,12235829,"co","2026-03-31T18:30:00Z","2026-04-30T18:29:59Z","completed",1,505,505,1,"data/raw/air_quality/openaq/historical/PROJ_092/co/PROJ_092_12235829_co_2026_04_p1_20260924T231843.json","2026-09-24T17:48:43Z","2026-09-24T17:48:43Z",200,""
13,"PROJ_092",6945,12235833,"pm10","2026-03-31T18:30:00Z","2026-04-30T18:29:59Z","completed",1,505,505,1,"data/raw/air_quality/openaq/historical/PROJ_092/pm10/PROJ_092_12235833_pm10_2026_04_p1_20260924T231846.json","2026-09-24T17:48:47Z","2026-09-24T17:48:47Z",200,""
13,"PROJ_092",6945,12235831,"no2","2026-03-31T18:30:00Z","2026-04-30T18:29:59Z","completed",1,505,505,1,"data/raw/air_quality/openaq/historical/PROJ_092/no2/PROJ_092_12235831_no2_2026_04_p1_20260924T231850.json","2026-09-24T17:48:50Z","2026-09-24T17:48:50Z",200,""
13,"PROJ_092",6945,12235832,"o3","2026-03-31T18:30:00Z","2026-04-30T18:29:59Z","completed",1,505,505,1,"data/raw/air_quality/openaq/historical/PROJ_092/o3/PROJ_092_12235832_o3_2026_04_p1_20260924T231853.json","2026-09-24T17:48:54Z","2026-09-24T17:48:54Z",200,""
13,"PROJ_101",6973,12235269,"so2","2026-03-31T18:30:00Z","2026-04-30T18:29:59Z","completed",1,655,655,1,"data/raw/air_quality/openaq/historical/PROJ_101/so2/PROJ_101_12235269_so2_2026_04_p1_20260924T231858.json","2026-09-24T17:48:59Z","2026-09-24T17:48:59Z",200,""
13,"PROJ_101",6973,12235264,"no2","2026-03-31T18:30:00Z","2026-04-30T18:29:59Z","completed",1,552,552,1,"data/raw/air_quality/openaq/historical/PROJ_101/no2/PROJ_101_12235264_no2_2026_04_p1_20260924T231903.json","2026-09-24T17:49:03Z","2026-09-24T17:49:03Z",200,""
13,"PROJ_101",6973,12235266,"pm10","2026-03-31T18:30:00Z","2026-04-30T18:29:59Z","completed",1,682,682,1,"data/raw/air_quality/openaq/historical/PROJ_101/pm10/PROJ_101_12235266_pm10_2026_04_p1_20260924T231908.json","2026-09-24T17:49:08Z","2026-09-24T17:49:08Z",200,""
13,"PROJ_101",6973,12235267,"pm2_5","2026-03-31T18:30:00Z","2026-04-30T18:29:59Z","completed",1,682,682,1,"data/raw/air_quality/openaq/historical/PROJ_101/pm2_5/PROJ_101_12235267_pm2_5_2026_04_p1_20260924T231913.json","2026-09-24T17:49:13Z","2026-09-24T17:49:13Z",200,""
13,"PROJ_101",6973,12235265,"o3","2026-03-31T18:30:00Z","2026-04-30T18:29:59Z","completed",1,652,652,1,"data/raw/air_quality/openaq/historical/PROJ_101/o3/PROJ_101_12235265_o3_2026_04_p1_20260924T231918.json","2026-09-24T17:49:18Z","2026-09-24T17:49:18Z",200,""
13,"PROJ_101",6973,12235262,"co","2026-03-31T18:30:00Z","2026-04-30T18:29:59Z","completed",1,679,679,1,"data/raw/air_quality/openaq/historical/PROJ_101/co/PROJ_101_12235262_co_2026_04_p1_20260924T231923.json","2026-09-24T17:49:23Z","2026-09-24T17:49:23Z",200,""
13,"PROJ_133",10599,12236100,"o3","2026-03-31T18:30:00Z","2026-04-30T18:29:59Z","completed",1,675,675,1,"data/raw/air_quality/openaq/historical/PROJ_133/o3/PROJ_133_12236100_o3_2026_04_p1_20260924T231928.json","2026-09-24T17:49:28Z","2026-09-24T17:49:28Z",200,""
13,"PROJ_133",10599,12236101,"pm10","2026-03-31T18:30:00Z","2026-04-30T18:29:59Z","completed",1,675,675,1,"data/raw/air_quality/openaq/historical/PROJ_133/pm10/PROJ_133_12236101_pm10_2026_04_p1_20260924T231932.json","2026-09-24T17:49:33Z","2026-09-24T17:49:33Z",200,""
13,"PROJ_133",10599,12236097,"co","2026-03-31T18:30:00Z","2026-04-30T18:29:59Z","completed",1,675,675,1,"data/raw/air_quality/openaq/historical/PROJ_133/co/PROJ_133_12236097_co_2026_04_p1_20260924T231936.json","2026-09-24T17:49:37Z","2026-09-24T17:49:37Z",200,""
13,"PROJ_133",10599,12236104,"so2","2026-03-31T18:30:00Z","2026-04-30T18:29:59Z","completed",1,675,675,1,"data/raw/air_quality/openaq/historical/PROJ_133/so2/PROJ_133_12236104_so2_2026_04_p1_20260924T231940.json","2026-09-24T17:49:40Z","2026-09-24T17:49:40Z",200,""
13,"PROJ_133",10599,12236102,"pm2_5","2026-03-31T18:30:00Z","2026-04-30T18:29:59Z","completed",1,675,675,1,"data/raw/air_quality/openaq/historical/PROJ_133/pm2_5/PROJ_133_12236102_pm2_5_2026_04_p1_20260924T231944.json","2026-09-24T17:49:44Z","2026-09-24T17:49:44Z",200,""
13,"PROJ_133",10599,12236099,"no2","2026-03-31T18:30:00Z","2026-04-30T18:29:59Z","completed",1,675,675,1,"data/raw/air_quality/openaq/historical/PROJ_133/no2/PROJ_133_12236099_no2_2026_04_p1_20260924T231949.json","2026-09-24T17:49:49Z","2026-09-24T17:49:49Z",200,""
13,"PROJ_142",10903,12235758,"no2","2026-03-31T18:30:00Z","2026-04-30T18:29:59Z","completed",1,679,679,1,"data/raw/air_quality/openaq/historical/PROJ_142/no2/PROJ_142_12235758_no2_2026_04_p1_20260924T231954.json","2026-09-24T17:49:54Z","2026-09-24T17:49:54Z",200,""
13,"PROJ_142",10903,12235763,"so2","2026-03-31T18:30:00Z","2026-04-30T18:29:59Z","completed",1,679,679,1,"data/raw/air_quality/openaq/historical/PROJ_142/so2/PROJ_142_12235763_so2_2026_04_p1_20260924T232001.json","2026-09-24T17:50:02Z","2026-09-24T17:50:02Z",200,""
13,"PROJ_142",10903,12235756,"co","2026-03-31T18:30:00Z","2026-04-30T18:29:59Z","completed",1,679,679,1,"data/raw/air_quality/openaq/historical/PROJ_142/co/PROJ_142_12235756_co_2026_04_p1_20260924T232006.json","2026-09-24T17:50:06Z","2026-09-24T17:50:06Z",200,""
13,"PROJ_142",10903,12235760,"pm10","2026-03-31T18:30:00Z","2026-04-30T18:29:59Z","completed",1,679,679,1,"data/raw/air_quality/openaq/historical/PROJ_142/pm10/PROJ_142_12235760_pm10_2026_04_p1_20260924T232010.json","2026-09-24T17:50:11Z","2026-09-24T17:50:11Z",200,""
13,"PROJ_142",10903,12235759,"o3","2026-03-31T18:30:00Z","2026-04-30T18:29:59Z","completed",1,679,679,1,"data/raw/air_quality/openaq/historical/PROJ_142/o3/PROJ_142_12235759_o3_2026_04_p1_20260924T232015.json","2026-09-24T17:50:15Z","2026-09-24T17:50:15Z",200,""
13,"PROJ_142",10903,12235761,"pm2_5","2026-03-31T18:30:00Z","2026-04-30T18:29:59Z","completed",1,679,679,1,"data/raw/air_quality/openaq/historical/PROJ_142/pm2_5/PROJ_142_12235761_pm2_5_2026_04_p1_20260924T232019.json","2026-09-24T17:50:19Z","2026-09-24T17:50:19Z",200,""
13,"PROJ_144",10913,12236019,"o3","2026-03-31T18:30:00Z","2026-04-30T18:29:59Z","completed",1,678,678,1,"data/raw/air_quality/openaq/historical/PROJ_144/o3/PROJ_144_12236019_o3_2026_04_p1_20260924T232022.json","2026-09-24T17:50:23Z","2026-09-24T17:50:23Z",200,""
13,"PROJ_144",10913,12236023,"so2","2026-03-31T18:30:00Z","2026-04-30T18:29:59Z","completed",1,679,679,1,"data/raw/air_quality/openaq/historical/PROJ_144/so2/PROJ_144_12236023_so2_2026_04_p1_20260924T232028.json","2026-09-24T17:50:28Z","2026-09-24T17:50:28Z",200,""
13,"PROJ_144",10913,12236021,"pm2_5","2026-03-31T18:30:00Z","2026-04-30T18:29:59Z","completed",1,681,681,1,"data/raw/air_quality/openaq/historical/PROJ_144/pm2_5/PROJ_144_12236021_pm2_5_2026_04_p1_20260924T232033.json","2026-09-24T17:50:34Z","2026-09-24T17:50:34Z",200,""
13,"PROJ_144",10913,12236020,"pm10","2026-03-31T18:30:00Z","2026-04-30T18:29:59Z","completed",1,681,681,1,"data/raw/air_quality/openaq/historical/PROJ_144/pm10/PROJ_144_12236020_pm10_2026_04_p1_20260924T232038.json","2026-09-24T17:50:38Z","2026-09-24T17:50:38Z",200,""
13,"PROJ_144",10913,12236016,"co","2026-03-31T18:30:00Z","2026-04-30T18:29:59Z","completed",1,676,676,1,"data/raw/air_quality/openaq/historical/PROJ_144/co/PROJ_144_12236016_co_2026_04_p1_20260924T232042.json","2026-09-24T17:50:42Z","2026-09-24T17:50:42Z",200,""
13,"PROJ_144",10913,12236018,"no2","2026-03-31T18:30:00Z","2026-04-30T18:29:59Z","completed",1,679,679,1,"data/raw/air_quality/openaq/historical/PROJ_144/no2/PROJ_144_12236018_no2_2026_04_p1_20260924T232046.json","2026-09-24T17:50:47Z","2026-09-24T17:50:47Z",200,""
13,"PROJ_158",11613,12236463,"pm2_5","2026-03-31T18:30:00Z","2026-04-30T18:29:59Z","completed",1,642,642,1,"data/raw/air_quality/openaq/historical/PROJ_158/pm2_5/PROJ_158_12236463_pm2_5_2026_04_p1_20260924T232051.json","2026-09-24T17:50:52Z","2026-09-24T17:50:52Z",200,""
13,"PROJ_158",11613,12236458,"co","2026-03-31T18:30:00Z","2026-04-30T18:29:59Z","completed",1,642,642,1,"data/raw/air_quality/openaq/historical/PROJ_158/co/PROJ_158_12236458_co_2026_04_p1_20260924T232056.json","2026-09-24T17:50:56Z","2026-09-24T17:50:56Z",200,""
13,"PROJ_158",11613,12236460,"no2","2026-03-31T18:30:00Z","2026-04-30T18:29:59Z","completed",1,642,642,1,"data/raw/air_quality/openaq/historical/PROJ_158/no2/PROJ_158_12236460_no2_2026_04_p1_20260924T232101.json","2026-09-24T17:51:01Z","2026-09-24T17:51:01Z",200,""
13,"PROJ_158",11613,12236461,"o3","2026-03-31T18:30:00Z","2026-04-30T18:29:59Z","completed",1,642,642,1,"data/raw/air_quality/openaq/historical/PROJ_158/o3/PROJ_158_12236461_o3_2026_04_p1_20260924T232104.json","2026-09-24T17:51:05Z","2026-09-24T17:51:05Z",200,""
13,"PROJ_158",11613,12236465,"so2","2026-03-31T18:30:00Z","2026-04-30T18:29:59Z","completed",1,642,642,1,"data/raw/air_quality/openaq/historical/PROJ_158/so2/PROJ_158_12236465_so2_2026_04_p1_20260924T232109.json","2026-09-24T17:51:09Z","2026-09-24T17:51:09Z",200,""
13,"PROJ_158",11613,12236462,"pm10","2026-03-31T18:30:00Z","2026-04-30T18:29:59Z","completed",1,642,642,1,"data/raw/air_quality/openaq/historical/PROJ_158/pm10/PROJ_158_12236462_pm10_2026_04_p1_20260924T232114.json","2026-09-24T17:51:14Z","2026-09-24T17:51:14Z",200,""
13,"PROJ_179",344103,12237100,"so2","2026-03-31T18:30:00Z","2026-04-30T18:29:59Z","completed",1,629,629,1,"data/raw/air_quality/openaq/historical/PROJ_179/so2/PROJ_179_12237100_so2_2026_04_p1_20260924T232118.json","2026-09-24T17:51:18Z","2026-09-24T17:51:18Z",200,""
13,"PROJ_179",344103,12237093,"co","2026-03-31T18:30:00Z","2026-04-30T18:29:59Z","completed",1,629,629,1,"data/raw/air_quality/openaq/historical/PROJ_179/co/PROJ_179_12237093_co_2026_04_p1_20260924T232123.json","2026-09-24T17:51:23Z","2026-09-24T17:51:23Z",200,""
13,"PROJ_179",344103,12237096,"o3","2026-03-31T18:30:00Z","2026-04-30T18:29:59Z","completed",1,629,629,1,"data/raw/air_quality/openaq/historical/PROJ_179/o3/PROJ_179_12237096_o3_2026_04_p1_20260924T232128.json","2026-09-24T17:51:28Z","2026-09-24T17:51:28Z",200,""
13,"PROJ_179",344103,12237097,"pm10","2026-03-31T18:30:00Z","2026-04-30T18:29:59Z","completed",1,629,629,1,"data/raw/air_quality/openaq/historical/PROJ_179/pm10/PROJ_179_12237097_pm10_2026_04_p1_20260924T232132.json","2026-09-24T17:51:32Z","2026-09-24T17:51:32Z",200,""
13,"PROJ_179",344103,12237098,"pm2_5","2026-03-31T18:30:00Z","2026-04-30T18:29:59Z","completed",1,629,629,1,"data/raw/air_quality/openaq/historical/PROJ_179/pm2_5/PROJ_179_12237098_pm2_5_2026_04_p1_20260924T232135.json","2026-09-24T17:51:35Z","2026-09-24T17:51:35Z",200,""
13,"PROJ_179",344103,12237095,"no2","2026-03-31T18:30:00Z","2026-04-30T18:29:59Z","completed",1,629,629,1,"data/raw/air_quality/openaq/historical/PROJ_179/no2/PROJ_179_12237095_no2_2026_04_p1_20260924T232139.json","2026-09-24T17:51:39Z","2026-09-24T17:51:39Z",200,""
13,"PROJ_180",344104,12237125,"pm2_5","2026-03-31T18:30:00Z","2026-04-30T18:29:59Z","completed",1,628,628,1,"data/raw/air_quality/openaq/historical/PROJ_180/pm2_5/PROJ_180_12237125_pm2_5_2026_04_p1_20260924T232143.json","2026-09-24T17:51:43Z","2026-09-24T17:51:43Z",200,""
13,"PROJ_180",344104,12237122,"no2","2026-03-31T18:30:00Z","2026-04-30T18:29:59Z","completed",1,628,628,1,"data/raw/air_quality/openaq/historical/PROJ_180/no2/PROJ_180_12237122_no2_2026_04_p1_20260924T232146.json","2026-09-24T17:51:47Z","2026-09-24T17:51:47Z",200,""
13,"PROJ_180",344104,12237124,"pm10","2026-03-31T18:30:00Z","2026-04-30T18:29:59Z","completed",1,628,628,1,"data/raw/air_quality/openaq/historical/PROJ_180/pm10/PROJ_180_12237124_pm10_2026_04_p1_20260924T232150.json","2026-09-24T17:51:50Z","2026-09-24T17:51:50Z",200,""
13,"PROJ_180",344104,12237127,"so2","2026-03-31T18:30:00Z","2026-04-30T18:29:59Z","completed",1,628,628,1,"data/raw/air_quality/openaq/historical/PROJ_180/so2/PROJ_180_12237127_so2_2026_04_p1_20260924T232155.json","2026-09-24T17:51:55Z","2026-09-24T17:51:55Z",200,""
13,"PROJ_180",344104,12237123,"o3","2026-03-31T18:30:00Z","2026-04-30T18:29:59Z","completed",1,628,628,1,"data/raw/air_quality/openaq/historical/PROJ_180/o3/PROJ_180_12237123_o3_2026_04_p1_20260924T232200.json","2026-09-24T17:52:00Z","2026-09-24T17:52:00Z",200,""
13,"PROJ_180",344104,12237120,"co","2026-03-31T18:30:00Z","2026-04-30T18:29:59Z","completed",1,628,628,1,"data/raw/air_quality/openaq/historical/PROJ_180/co/PROJ_180_12237120_co_2026_04_p1_20260924T232204.json","2026-09-24T17:52:05Z","2026-09-24T17:52:05Z",200,""
13,"PROJ_181",344140,12237111,"co","2026-03-31T18:30:00Z","2026-04-30T18:29:59Z","completed",1,678,678,1,"data/raw/air_quality/openaq/historical/PROJ_181/co/PROJ_181_12237111_co_2026_04_p1_20260924T232208.json","2026-09-24T17:52:08Z","2026-09-24T17:52:08Z",200,""
13,"PROJ_181",344140,12237114,"o3","2026-03-31T18:30:00Z","2026-04-30T18:29:59Z","completed",1,678,678,1,"data/raw/air_quality/openaq/historical/PROJ_181/o3/PROJ_181_12237114_o3_2026_04_p1_20260924T232213.json","2026-09-24T17:52:14Z","2026-09-24T17:52:14Z",200,""
13,"PROJ_181",344140,12237113,"no2","2026-03-31T18:30:00Z","2026-04-30T18:29:59Z","completed",1,678,678,1,"data/raw/air_quality/openaq/historical/PROJ_181/no2/PROJ_181_12237113_no2_2026_04_p1_20260924T232217.json","2026-09-24T17:52:18Z","2026-09-24T17:52:18Z",200,""
13,"PROJ_181",344140,12237115,"pm10","2026-03-31T18:30:00Z","2026-04-30T18:29:59Z","completed",1,678,678,1,"data/raw/air_quality/openaq/historical/PROJ_181/pm10/PROJ_181_12237115_pm10_2026_04_p1_20260924T232221.json","2026-09-24T17:52:22Z","2026-09-24T17:52:22Z",200,""
13,"PROJ_181",344140,12237118,"so2","2026-03-31T18:30:00Z","2026-04-30T18:29:59Z","completed",1,678,678,1,"data/raw/air_quality/openaq/historical/PROJ_181/so2/PROJ_181_12237118_so2_2026_04_p1_20260924T232225.json","2026-09-24T17:52:25Z","2026-09-24T17:52:25Z",200,""
13,"PROJ_181",344140,12237116,"pm2_5","2026-03-31T18:30:00Z","2026-04-30T18:29:59Z","completed",1,678,678,1,"data/raw/air_quality/openaq/historical/PROJ_181/pm2_5/PROJ_181_12237116_pm2_5_2026_04_p1_20260924T232230.json","2026-09-24T17:52:30Z","2026-09-24T17:52:30Z",200,""
13,"PROJ_186",352465,12237091,"so2","2026-03-31T18:30:00Z","2026-04-30T18:29:59Z","completed",1,601,601,1,"data/raw/air_quality/openaq/historical/PROJ_186/so2/PROJ_186_12237091_so2_2026_04_p1_20260924T232234.json","2026-09-24T17:52:34Z","2026-09-24T17:52:34Z",200,""
13,"PROJ_186",352465,12237088,"pm10","2026-03-31T18:30:00Z","2026-04-30T18:29:59Z","completed",1,602,602,1,"data/raw/air_quality/openaq/historical/PROJ_186/pm10/PROJ_186_12237088_pm10_2026_04_p1_20260924T232237.json","2026-09-24T17:52:38Z","2026-09-24T17:52:38Z",200,""
13,"PROJ_186",352465,12237089,"pm2_5","2026-03-31T18:30:00Z","2026-04-30T18:29:59Z","completed",1,602,602,1,"data/raw/air_quality/openaq/historical/PROJ_186/pm2_5/PROJ_186_12237089_pm2_5_2026_04_p1_20260924T232241.json","2026-09-24T17:52:41Z","2026-09-24T17:52:41Z",200,""
13,"PROJ_186",352465,12237086,"no2","2026-03-31T18:30:00Z","2026-04-30T18:29:59Z","completed",1,601,601,1,"data/raw/air_quality/openaq/historical/PROJ_186/no2/PROJ_186_12237086_no2_2026_04_p1_20260924T232244.json","2026-09-24T17:52:44Z","2026-09-24T17:52:44Z",200,""
13,"PROJ_186",352465,12237087,"o3","2026-03-31T18:30:00Z","2026-04-30T18:29:59Z","completed",1,601,601,1,"data/raw/air_quality/openaq/historical/PROJ_186/o3/PROJ_186_12237087_o3_2026_04_p1_20260924T232249.json","2026-09-24T17:52:49Z","2026-09-24T17:52:49Z",200,""
13,"PROJ_186",352465,12237084,"co","2026-03-31T18:30:00Z","2026-04-30T18:29:59Z","completed",1,601,601,1,"data/raw/air_quality/openaq/historical/PROJ_186/co/PROJ_186_12237084_co_2026_04_p1_20260924T232252.json","2026-09-24T17:52:53Z","2026-09-24T17:52:53Z",200,""
13,"PROJ_094",6950,12235885,"o3","2026-03-31T18:30:00Z","2026-04-30T18:29:59Z","completed",1,685,685,1,"data/raw/air_quality/openaq/historical/PROJ_094/o3/PROJ_094_12235885_o3_2026_04_p1_20260924T232257.json","2026-09-24T17:52:58Z","2026-09-24T17:52:58Z",200,""
13,"PROJ_094",6950,12235889,"so2","2026-03-31T18:30:00Z","2026-04-30T18:29:59Z","completed",1,685,685,1,"data/raw/air_quality/openaq/historical/PROJ_094/so2/PROJ_094_12235889_so2_2026_04_p1_20260924T232302.json","2026-09-24T17:53:03Z","2026-09-24T17:53:03Z",200,""
13,"PROJ_094",6950,12235884,"no2","2026-03-31T18:30:00Z","2026-04-30T18:29:59Z","completed",1,685,685,1,"data/raw/air_quality/openaq/historical/PROJ_094/no2/PROJ_094_12235884_no2_2026_04_p1_20260924T232306.json","2026-09-24T17:53:06Z","2026-09-24T17:53:06Z",200,""
13,"PROJ_094",6950,12235886,"pm10","2026-03-31T18:30:00Z","2026-04-30T18:29:59Z","completed",1,684,684,1,"data/raw/air_quality/openaq/historical/PROJ_094/pm10/PROJ_094_12235886_pm10_2026_04_p1_20260924T232311.json","2026-09-24T17:53:11Z","2026-09-24T17:53:11Z",200,""
13,"PROJ_094",6950,12235882,"co","2026-03-31T18:30:00Z","2026-04-30T18:29:59Z","completed",1,685,685,1,"data/raw/air_quality/openaq/historical/PROJ_094/co/PROJ_094_12235882_co_2026_04_p1_20260924T232316.json","2026-09-24T17:53:16Z","2026-09-24T17:53:16Z",200,""
13,"PROJ_094",6950,12235887,"pm2_5","2026-03-31T18:30:00Z","2026-04-30T18:29:59Z","completed",1,684,684,1,"data/raw/air_quality/openaq/historical/PROJ_094/pm2_5/PROJ_094_12235887_pm2_5_2026_04_p1_20260924T232320.json","2026-09-24T17:53:20Z","2026-09-24T17:53:20Z",200,""
14,"PROJ_002",17,12234785,"o3","2026-04-30T18:30:00Z","2026-05-31T18:29:59Z","completed",1,668,668,1,"data/raw/air_quality/openaq/historical/PROJ_002/o3/PROJ_002_12234785_o3_2026_05_p1_20260924T232323.json","2026-09-24T17:53:23Z","2026-09-24T17:53:23Z",200,""
14,"PROJ_002",17,12234787,"pm2_5","2026-04-30T18:30:00Z","2026-05-31T18:29:59Z","completed",1,661,661,1,"data/raw/air_quality/openaq/historical/PROJ_002/pm2_5/PROJ_002_12234787_pm2_5_2026_05_p1_20260924T232328.json","2026-09-24T17:53:28Z","2026-09-24T17:53:28Z",200,""
14,"PROJ_002",17,12234784,"no2","2026-04-30T18:30:00Z","2026-05-31T18:29:59Z","completed",1,665,665,1,"data/raw/air_quality/openaq/historical/PROJ_002/no2/PROJ_002_12234784_no2_2026_05_p1_20260924T232333.json","2026-09-24T17:53:33Z","2026-09-24T17:53:33Z",200,""
14,"PROJ_002",17,12234786,"pm10","2026-04-30T18:30:00Z","2026-05-31T18:29:59Z","completed",1,668,668,1,"data/raw/air_quality/openaq/historical/PROJ_002/pm10/PROJ_002_12234786_pm10_2026_05_p1_20260924T232338.json","2026-09-24T17:53:39Z","2026-09-24T17:53:39Z",200,""
14,"PROJ_002",17,12234782,"co","2026-04-30T18:30:00Z","2026-05-31T18:29:59Z","completed",1,649,649,1,"data/raw/air_quality/openaq/historical/PROJ_002/co/PROJ_002_12234782_co_2026_05_p1_20260924T232343.json","2026-09-24T17:53:44Z","2026-09-24T17:53:44Z",200,""
14,"PROJ_002",17,12234789,"so2","2026-04-30T18:30:00Z","2026-05-31T18:29:59Z","completed",1,608,608,1,"data/raw/air_quality/openaq/historical/PROJ_002/so2/PROJ_002_12234789_so2_2026_05_p1_20260924T232347.json","2026-09-24T17:53:47Z","2026-09-24T17:53:47Z",200,""
14,"PROJ_007",407,12235585,"so2","2026-04-30T18:30:00Z","2026-05-31T18:29:59Z","completed",1,583,583,1,"data/raw/air_quality/openaq/historical/PROJ_007/so2/PROJ_007_12235585_so2_2026_05_p1_20260924T232351.json","2026-09-24T17:53:51Z","2026-09-24T17:53:51Z",200,""
14,"PROJ_007",407,12235581,"o3","2026-04-30T18:30:00Z","2026-05-31T18:29:59Z","completed",1,583,583,1,"data/raw/air_quality/openaq/historical/PROJ_007/o3/PROJ_007_12235581_o3_2026_05_p1_20260924T232355.json","2026-09-24T17:53:56Z","2026-09-24T17:53:56Z",200,""
14,"PROJ_007",407,12235578,"co","2026-04-30T18:30:00Z","2026-05-31T18:29:59Z","completed",1,583,583,1,"data/raw/air_quality/openaq/historical/PROJ_007/co/PROJ_007_12235578_co_2026_05_p1_20260924T232400.json","2026-09-24T17:54:00Z","2026-09-24T17:54:00Z",200,""
14,"PROJ_007",407,12235580,"no2","2026-04-30T18:30:00Z","2026-05-31T18:29:59Z","completed",1,583,583,1,"data/raw/air_quality/openaq/historical/PROJ_007/no2/PROJ_007_12235580_no2_2026_05_p1_20260924T232403.json","2026-09-24T17:54:04Z","2026-09-24T17:54:04Z",200,""
14,"PROJ_007",407,12235583,"pm2_5","2026-04-30T18:30:00Z","2026-05-31T18:29:59Z","completed",1,582,582,1,"data/raw/air_quality/openaq/historical/PROJ_007/pm2_5/PROJ_007_12235583_pm2_5_2026_05_p1_20260924T232408.json","2026-09-24T17:54:09Z","2026-09-24T17:54:09Z",200,""
14,"PROJ_007",407,12235582,"pm10","2026-04-30T18:30:00Z","2026-05-31T18:29:59Z","completed",1,582,582,1,"data/raw/air_quality/openaq/historical/PROJ_007/pm10/PROJ_007_12235582_pm10_2026_05_p1_20260924T232412.json","2026-09-24T17:54:13Z","2026-09-24T17:54:13Z",200,""
14,"PROJ_019",2586,12235655,"so2","2026-04-30T18:30:00Z","2026-05-31T18:29:59Z","completed",1,649,649,1,"data/raw/air_quality/openaq/historical/PROJ_019/so2/PROJ_019_12235655_so2_2026_05_p1_20260924T232417.json","2026-09-24T17:54:18Z","2026-09-24T17:54:18Z",200,""
14,"PROJ_019",2586,12235648,"co","2026-04-30T18:30:00Z","2026-05-31T18:29:59Z","completed",1,649,649,1,"data/raw/air_quality/openaq/historical/PROJ_019/co/PROJ_019_12235648_co_2026_05_p1_20260924T232422.json","2026-09-24T17:54:22Z","2026-09-24T17:54:22Z",200,""
14,"PROJ_019",2586,12235653,"pm2_5","2026-04-30T18:30:00Z","2026-05-31T18:29:59Z","completed",1,649,649,1,"data/raw/air_quality/openaq/historical/PROJ_019/pm2_5/PROJ_019_12235653_pm2_5_2026_05_p1_20260924T232427.json","2026-09-24T17:54:27Z","2026-09-24T17:54:27Z",200,""
14,"PROJ_019",2586,12235652,"pm10","2026-04-30T18:30:00Z","2026-05-31T18:29:59Z","completed",1,649,649,1,"data/raw/air_quality/openaq/historical/PROJ_019/pm10/PROJ_019_12235652_pm10_2026_05_p1_20260924T232431.json","2026-09-24T17:54:31Z","2026-09-24T17:54:31Z",200,""
14,"PROJ_019",2586,12235650,"no2","2026-04-30T18:30:00Z","2026-05-31T18:29:59Z","completed",1,649,649,1,"data/raw/air_quality/openaq/historical/PROJ_019/no2/PROJ_019_12235650_no2_2026_05_p1_20260924T232436.json","2026-09-24T17:54:36Z","2026-09-24T17:54:36Z",200,""
14,"PROJ_019",2586,12235651,"o3","2026-04-30T18:30:00Z","2026-05-31T18:29:59Z","completed",1,649,649,1,"data/raw/air_quality/openaq/historical/PROJ_019/o3/PROJ_019_12235651_o3_2026_05_p1_20260924T232440.json","2026-09-24T17:54:40Z","2026-09-24T17:54:40Z",200,""
14,"PROJ_036",5599,12235400,"pm2_5","2026-04-30T18:30:00Z","2026-05-31T18:29:59Z","empty_valid_response",1,0,0,1,"data/raw/air_quality/openaq/historical/PROJ_036/pm2_5/PROJ_036_12235400_pm2_5_2026_05_p1_20260924T232443.json","2026-09-24T17:54:43Z","2026-09-24T17:54:43Z",200,""
14,"PROJ_036",5599,12235399,"pm10","2026-04-30T18:30:00Z","2026-05-31T18:29:59Z","empty_valid_response",1,0,0,1,"data/raw/air_quality/openaq/historical/PROJ_036/pm10/PROJ_036_12235399_pm10_2026_05_p1_20260924T232445.json","2026-09-24T17:54:46Z","2026-09-24T17:54:46Z",200,""
14,"PROJ_036",5599,12235402,"so2","2026-04-30T18:30:00Z","2026-05-31T18:29:59Z","empty_valid_response",1,0,0,1,"data/raw/air_quality/openaq/historical/PROJ_036/so2/PROJ_036_12235402_so2_2026_05_p1_20260924T232448.json","2026-09-24T17:54:48Z","2026-09-24T17:54:48Z",200,""
14,"PROJ_036",5599,12235398,"o3","2026-04-30T18:30:00Z","2026-05-31T18:29:59Z","empty_valid_response",1,0,0,1,"data/raw/air_quality/openaq/historical/PROJ_036/o3/PROJ_036_12235398_o3_2026_05_p1_20260924T232451.json","2026-09-24T17:54:51Z","2026-09-24T17:54:51Z",200,""
14,"PROJ_036",5599,12235395,"co","2026-04-30T18:30:00Z","2026-05-31T18:29:59Z","empty_valid_response",1,0,0,1,"data/raw/air_quality/openaq/historical/PROJ_036/co/PROJ_036_12235395_co_2026_05_p1_20260924T232454.json","2026-09-24T17:54:54Z","2026-09-24T17:54:54Z",200,""
14,"PROJ_036",5599,12235397,"no2","2026-04-30T18:30:00Z","2026-05-31T18:29:59Z","empty_valid_response",1,0,0,1,"data/raw/air_quality/openaq/historical/PROJ_036/no2/PROJ_036_12235397_no2_2026_05_p1_20260924T232459.json","2026-09-24T17:54:59Z","2026-09-24T17:54:59Z",200,""
14,"PROJ_042",5621,12235625,"pm10","2026-04-30T18:30:00Z","2026-05-31T18:29:59Z","completed",1,658,658,1,"data/raw/air_quality/openaq/historical/PROJ_042/pm10/PROJ_042_12235625_pm10_2026_05_p1_20260924T232504.json","2026-09-24T17:55:04Z","2026-09-24T17:55:04Z",200,""
14,"PROJ_042",5621,12235623,"no2","2026-04-30T18:30:00Z","2026-05-31T18:29:59Z","completed",1,658,658,1,"data/raw/air_quality/openaq/historical/PROJ_042/no2/PROJ_042_12235623_no2_2026_05_p1_20260924T232509.json","2026-09-24T17:55:09Z","2026-09-24T17:55:09Z",200,""
14,"PROJ_042",5621,12235626,"pm2_5","2026-04-30T18:30:00Z","2026-05-31T18:29:59Z","completed",1,658,658,1,"data/raw/air_quality/openaq/historical/PROJ_042/pm2_5/PROJ_042_12235626_pm2_5_2026_05_p1_20260924T232512.json","2026-09-24T17:55:13Z","2026-09-24T17:55:13Z",200,""
14,"PROJ_042",5621,12235621,"co","2026-04-30T18:30:00Z","2026-05-31T18:29:59Z","completed",1,658,658,1,"data/raw/air_quality/openaq/historical/PROJ_042/co/PROJ_042_12235621_co_2026_05_p1_20260924T232516.json","2026-09-24T17:55:16Z","2026-09-24T17:55:16Z",200,""
14,"PROJ_042",5621,12235628,"so2","2026-04-30T18:30:00Z","2026-05-31T18:29:59Z","completed",1,658,658,1,"data/raw/air_quality/openaq/historical/PROJ_042/so2/PROJ_042_12235628_so2_2026_05_p1_20260924T232521.json","2026-09-24T17:55:21Z","2026-09-24T17:55:21Z",200,""
14,"PROJ_042",5621,12235624,"o3","2026-04-30T18:30:00Z","2026-05-31T18:29:59Z","completed",1,658,658,1,"data/raw/air_quality/openaq/historical/PROJ_042/o3/PROJ_042_12235624_o3_2026_05_p1_20260924T232526.json","2026-09-24T17:55:26Z","2026-09-24T17:55:26Z",200,""
14,"PROJ_044",5623,12242116,"co","2026-04-30T18:30:00Z","2026-05-31T18:29:59Z","completed",1,614,614,1,"data/raw/air_quality/openaq/historical/PROJ_044/co/PROJ_044_12242116_co_2026_05_p1_20260924T232529.json","2026-09-24T17:55:30Z","2026-09-24T17:55:30Z",200,""
14,"PROJ_044",5623,12242118,"no2","2026-04-30T18:30:00Z","2026-05-31T18:29:59Z","completed",1,614,614,1,"data/raw/air_quality/openaq/historical/PROJ_044/no2/PROJ_044_12242118_no2_2026_05_p1_20260924T232534.json","2026-09-24T17:55:34Z","2026-09-24T17:55:34Z",200,""
14,"PROJ_044",5623,12242119,"o3","2026-04-30T18:30:00Z","2026-05-31T18:29:59Z","completed",1,606,606,1,"data/raw/air_quality/openaq/historical/PROJ_044/o3/PROJ_044_12242119_o3_2026_05_p1_20260924T232539.json","2026-09-24T17:55:39Z","2026-09-24T17:55:39Z",200,""
14,"PROJ_044",5623,12242121,"pm2_5","2026-04-30T18:30:00Z","2026-05-31T18:29:59Z","completed",1,588,588,1,"data/raw/air_quality/openaq/historical/PROJ_044/pm2_5/PROJ_044_12242121_pm2_5_2026_05_p1_20260924T232543.json","2026-09-24T17:55:44Z","2026-09-24T17:55:44Z",200,""
14,"PROJ_044",5623,12242120,"pm10","2026-04-30T18:30:00Z","2026-05-31T18:29:59Z","completed",1,571,571,1,"data/raw/air_quality/openaq/historical/PROJ_044/pm10/PROJ_044_12242120_pm10_2026_05_p1_20260924T232547.json","2026-09-24T17:55:47Z","2026-09-24T17:55:47Z",200,""
14,"PROJ_044",5623,12242123,"so2","2026-04-30T18:30:00Z","2026-05-31T18:29:59Z","completed",1,614,614,1,"data/raw/air_quality/openaq/historical/PROJ_044/so2/PROJ_044_12242123_so2_2026_05_p1_20260924T232550.json","2026-09-24T17:55:51Z","2026-09-24T17:55:51Z",200,""
14,"PROJ_048",5628,12235460,"pm2_5","2026-04-30T18:30:00Z","2026-05-31T18:29:59Z","completed",1,641,641,1,"data/raw/air_quality/openaq/historical/PROJ_048/pm2_5/PROJ_048_12235460_pm2_5_2026_05_p1_20260924T232554.json","2026-09-24T17:55:54Z","2026-09-24T17:55:54Z",200,""
14,"PROJ_048",5628,12235458,"o3","2026-04-30T18:30:00Z","2026-05-31T18:29:59Z","completed",1,682,682,1,"data/raw/air_quality/openaq/historical/PROJ_048/o3/PROJ_048_12235458_o3_2026_05_p1_20260924T232559.json","2026-09-24T17:55:59Z","2026-09-24T17:55:59Z",200,""
14,"PROJ_048",5628,12235455,"co","2026-04-30T18:30:00Z","2026-05-31T18:29:59Z","completed",1,623,623,1,"data/raw/air_quality/openaq/historical/PROJ_048/co/PROJ_048_12235455_co_2026_05_p1_20260924T232604.json","2026-09-24T17:56:04Z","2026-09-24T17:56:04Z",200,""
14,"PROJ_048",5628,12235459,"pm10","2026-04-30T18:30:00Z","2026-05-31T18:29:59Z","completed",1,670,670,1,"data/raw/air_quality/openaq/historical/PROJ_048/pm10/PROJ_048_12235459_pm10_2026_05_p1_20260924T232609.json","2026-09-24T17:56:10Z","2026-09-24T17:56:10Z",200,""
14,"PROJ_048",5628,12235462,"so2","2026-04-30T18:30:00Z","2026-05-31T18:29:59Z","completed",1,667,667,1,"data/raw/air_quality/openaq/historical/PROJ_048/so2/PROJ_048_12235462_so2_2026_05_p1_20260924T232614.json","2026-09-24T17:56:14Z","2026-09-24T17:56:14Z",200,""
14,"PROJ_048",5628,12235457,"no2","2026-04-30T18:30:00Z","2026-05-31T18:29:59Z","completed",1,679,679,1,"data/raw/air_quality/openaq/historical/PROJ_048/no2/PROJ_048_12235457_no2_2026_05_p1_20260924T232619.json","2026-09-24T17:56:19Z","2026-09-24T17:56:19Z",200,""
14,"PROJ_050",5631,12235666,"co","2026-04-30T18:30:00Z","2026-05-31T18:29:59Z","completed",1,694,694,1,"data/raw/air_quality/openaq/historical/PROJ_050/co/PROJ_050_12235666_co_2026_05_p1_20260924T232624.json","2026-09-24T17:56:24Z","2026-09-24T17:56:24Z",200,""
14,"PROJ_050",5631,12235668,"no2","2026-04-30T18:30:00Z","2026-05-31T18:29:59Z","completed",1,694,694,1,"data/raw/air_quality/openaq/historical/PROJ_050/no2/PROJ_050_12235668_no2_2026_05_p1_20260924T232628.json","2026-09-24T17:56:28Z","2026-09-24T17:56:28Z",200,""
14,"PROJ_050",5631,12235670,"pm10","2026-04-30T18:30:00Z","2026-05-31T18:29:59Z","completed",1,694,694,1,"data/raw/air_quality/openaq/historical/PROJ_050/pm10/PROJ_050_12235670_pm10_2026_05_p1_20260924T232631.json","2026-09-24T17:56:32Z","2026-09-24T17:56:32Z",200,""
14,"PROJ_050",5631,12235673,"so2","2026-04-30T18:30:00Z","2026-05-31T18:29:59Z","completed",1,694,694,1,"data/raw/air_quality/openaq/historical/PROJ_050/so2/PROJ_050_12235673_so2_2026_05_p1_20260924T232635.json","2026-09-24T17:56:36Z","2026-09-24T17:56:36Z",200,""
14,"PROJ_050",5631,12235671,"pm2_5","2026-04-30T18:30:00Z","2026-05-31T18:29:59Z","completed",1,694,694,1,"data/raw/air_quality/openaq/historical/PROJ_050/pm2_5/PROJ_050_12235671_pm2_5_2026_05_p1_20260924T232640.json","2026-09-24T17:56:41Z","2026-09-24T17:56:41Z",200,""
14,"PROJ_050",5631,12235669,"o3","2026-04-30T18:30:00Z","2026-05-31T18:29:59Z","completed",1,694,694,1,"data/raw/air_quality/openaq/historical/PROJ_050/o3/PROJ_050_12235669_o3_2026_05_p1_20260924T232645.json","2026-09-24T17:56:46Z","2026-09-24T17:56:46Z",200,""
14,"PROJ_051",5633,12234804,"pm10","2026-04-30T18:30:00Z","2026-05-31T18:29:59Z","completed",1,645,645,1,"data/raw/air_quality/openaq/historical/PROJ_051/pm10/PROJ_051_12234804_pm10_2026_05_p1_20260924T232649.json","2026-09-24T17:56:50Z","2026-09-24T17:56:50Z",200,""
14,"PROJ_051",5633,12234807,"so2","2026-04-30T18:30:00Z","2026-05-31T18:29:59Z","completed",1,646,646,1,"data/raw/air_quality/openaq/historical/PROJ_051/so2/PROJ_051_12234807_so2_2026_05_p1_20260924T232654.json","2026-09-24T17:56:54Z","2026-09-24T17:56:55Z",200,""
14,"PROJ_051",5633,12234805,"pm2_5","2026-04-30T18:30:00Z","2026-05-31T18:29:59Z","completed",1,645,645,1,"data/raw/air_quality/openaq/historical/PROJ_051/pm2_5/PROJ_051_12234805_pm2_5_2026_05_p1_20260924T232700.json","2026-09-24T17:57:01Z","2026-09-24T17:57:01Z",200,""
14,"PROJ_051",5633,12234800,"co","2026-04-30T18:30:00Z","2026-05-31T18:29:59Z","completed",1,645,645,1,"data/raw/air_quality/openaq/historical/PROJ_051/co/PROJ_051_12234800_co_2026_05_p1_20260924T232705.json","2026-09-24T17:57:06Z","2026-09-24T17:57:06Z",200,""
14,"PROJ_051",5633,12234803,"o3","2026-04-30T18:30:00Z","2026-05-31T18:29:59Z","completed",1,645,645,1,"data/raw/air_quality/openaq/historical/PROJ_051/o3/PROJ_051_12234803_o3_2026_05_p1_20260924T232711.json","2026-09-24T17:57:11Z","2026-09-24T17:57:11Z",200,""
14,"PROJ_051",5633,12234802,"no2","2026-04-30T18:30:00Z","2026-05-31T18:29:59Z","completed",1,645,645,1,"data/raw/air_quality/openaq/historical/PROJ_051/no2/PROJ_051_12234802_no2_2026_05_p1_20260924T232715.json","2026-09-24T17:57:16Z","2026-09-24T17:57:16Z",200,""
14,"PROJ_063",5659,12235521,"pm10","2026-04-30T18:30:00Z","2026-05-31T18:29:59Z","completed",1,694,694,1,"data/raw/air_quality/openaq/historical/PROJ_063/pm10/PROJ_063_12235521_pm10_2026_05_p1_20260924T232719.json","2026-09-24T17:57:19Z","2026-09-24T17:57:19Z",200,""
14,"PROJ_063",5659,12235520,"o3","2026-04-30T18:30:00Z","2026-05-31T18:29:59Z","completed",1,694,694,1,"data/raw/air_quality/openaq/historical/PROJ_063/o3/PROJ_063_12235520_o3_2026_05_p1_20260924T232723.json","2026-09-24T17:57:23Z","2026-09-24T17:57:23Z",200,""
14,"PROJ_063",5659,12235517,"co","2026-04-30T18:30:00Z","2026-05-31T18:29:59Z","completed",1,694,694,1,"data/raw/air_quality/openaq/historical/PROJ_063/co/PROJ_063_12235517_co_2026_05_p1_20260924T232728.json","2026-09-24T17:57:28Z","2026-09-24T17:57:28Z",200,""
14,"PROJ_063",5659,12235524,"so2","2026-04-30T18:30:00Z","2026-05-31T18:29:59Z","completed",1,694,694,1,"data/raw/air_quality/openaq/historical/PROJ_063/so2/PROJ_063_12235524_so2_2026_05_p1_20260924T232733.json","2026-09-24T17:57:33Z","2026-09-24T17:57:33Z",200,""
14,"PROJ_063",5659,12235519,"no2","2026-04-30T18:30:00Z","2026-05-31T18:29:59Z","completed",1,694,694,1,"data/raw/air_quality/openaq/historical/PROJ_063/no2/PROJ_063_12235519_no2_2026_05_p1_20260924T232738.json","2026-09-24T17:57:39Z","2026-09-24T17:57:39Z",200,""
14,"PROJ_063",5659,12235522,"pm2_5","2026-04-30T18:30:00Z","2026-05-31T18:29:59Z","completed",1,694,694,1,"data/raw/air_quality/openaq/historical/PROJ_063/pm2_5/PROJ_063_12235522_pm2_5_2026_05_p1_20260924T232743.json","2026-09-24T17:57:43Z","2026-09-24T17:57:43Z",200,""
14,"PROJ_092",6945,12289836,"so2","2026-04-30T18:30:00Z","2026-05-31T18:29:59Z","completed",1,614,614,1,"data/raw/air_quality/openaq/historical/PROJ_092/so2/PROJ_092_12289836_so2_2026_05_p1_20260924T232748.json","2026-09-24T17:57:48Z","2026-09-24T17:57:48Z",200,""
14,"PROJ_092",6945,12235834,"pm2_5","2026-04-30T18:30:00Z","2026-05-31T18:29:59Z","completed",1,620,620,1,"data/raw/air_quality/openaq/historical/PROJ_092/pm2_5/PROJ_092_12235834_pm2_5_2026_05_p1_20260924T232752.json","2026-09-24T17:57:52Z","2026-09-24T17:57:52Z",200,""
14,"PROJ_092",6945,12235829,"co","2026-04-30T18:30:00Z","2026-05-31T18:29:59Z","completed",1,613,613,1,"data/raw/air_quality/openaq/historical/PROJ_092/co/PROJ_092_12235829_co_2026_05_p1_20260924T232757.json","2026-09-24T17:57:58Z","2026-09-24T17:57:58Z",200,""
14,"PROJ_092",6945,12235833,"pm10","2026-04-30T18:30:00Z","2026-05-31T18:29:59Z","completed",1,617,617,1,"data/raw/air_quality/openaq/historical/PROJ_092/pm10/PROJ_092_12235833_pm10_2026_05_p1_20260924T232801.json","2026-09-24T17:58:01Z","2026-09-24T17:58:01Z",200,""
14,"PROJ_092",6945,12235831,"no2","2026-04-30T18:30:00Z","2026-05-31T18:29:59Z","completed",1,619,619,1,"data/raw/air_quality/openaq/historical/PROJ_092/no2/PROJ_092_12235831_no2_2026_05_p1_20260924T232805.json","2026-09-24T17:58:06Z","2026-09-24T17:58:06Z",200,""
14,"PROJ_092",6945,12235832,"o3","2026-04-30T18:30:00Z","2026-05-31T18:29:59Z","completed",1,613,613,1,"data/raw/air_quality/openaq/historical/PROJ_092/o3/PROJ_092_12235832_o3_2026_05_p1_20260924T232810.json","2026-09-24T17:58:11Z","2026-09-24T17:58:11Z",200,""
14,"PROJ_101",6973,12235269,"so2","2026-04-30T18:30:00Z","2026-05-31T18:29:59Z","completed",1,611,611,1,"data/raw/air_quality/openaq/historical/PROJ_101/so2/PROJ_101_12235269_so2_2026_05_p1_20260924T232814.json","2026-09-24T17:58:14Z","2026-09-24T17:58:14Z",200,""
14,"PROJ_101",6973,12235264,"no2","2026-04-30T18:30:00Z","2026-05-31T18:29:59Z","completed",1,626,626,1,"data/raw/air_quality/openaq/historical/PROJ_101/no2/PROJ_101_12235264_no2_2026_05_p1_20260924T232819.json","2026-09-24T17:58:19Z","2026-09-24T17:58:19Z",200,""
14,"PROJ_101",6973,12235266,"pm10","2026-04-30T18:30:00Z","2026-05-31T18:29:59Z","completed",1,691,691,1,"data/raw/air_quality/openaq/historical/PROJ_101/pm10/PROJ_101_12235266_pm10_2026_05_p1_20260924T232822.json","2026-09-24T17:58:23Z","2026-09-24T17:58:23Z",200,""
14,"PROJ_101",6973,12235267,"pm2_5","2026-04-30T18:30:00Z","2026-05-31T18:29:59Z","completed",1,691,691,1,"data/raw/air_quality/openaq/historical/PROJ_101/pm2_5/PROJ_101_12235267_pm2_5_2026_05_p1_20260924T232827.json","2026-09-24T17:58:28Z","2026-09-24T17:58:28Z",200,""
14,"PROJ_101",6973,12235265,"o3","2026-04-30T18:30:00Z","2026-05-31T18:29:59Z","completed",1,616,616,1,"data/raw/air_quality/openaq/historical/PROJ_101/o3/PROJ_101_12235265_o3_2026_05_p1_20260924T232832.json","2026-09-24T17:58:32Z","2026-09-24T17:58:32Z",200,""
14,"PROJ_101",6973,12235262,"co","2026-04-30T18:30:00Z","2026-05-31T18:29:59Z","completed",1,675,675,1,"data/raw/air_quality/openaq/historical/PROJ_101/co/PROJ_101_12235262_co_2026_05_p1_20260924T232836.json","2026-09-24T17:58:36Z","2026-09-24T17:58:36Z",200,""
14,"PROJ_133",10599,12236100,"o3","2026-04-30T18:30:00Z","2026-05-31T18:29:59Z","completed",1,676,676,1,"data/raw/air_quality/openaq/historical/PROJ_133/o3/PROJ_133_12236100_o3_2026_05_p1_20260924T232840.json","2026-09-24T17:58:40Z","2026-09-24T17:58:40Z",200,""
14,"PROJ_133",10599,12236101,"pm10","2026-04-30T18:30:00Z","2026-05-31T18:29:59Z","completed",1,676,676,1,"data/raw/air_quality/openaq/historical/PROJ_133/pm10/PROJ_133_12236101_pm10_2026_05_p1_20260924T232845.json","2026-09-24T17:58:45Z","2026-09-24T17:58:45Z",200,""
14,"PROJ_133",10599,12236097,"co","2026-04-30T18:30:00Z","2026-05-31T18:29:59Z","completed",1,676,676,1,"data/raw/air_quality/openaq/historical/PROJ_133/co/PROJ_133_12236097_co_2026_05_p1_20260924T232850.json","2026-09-24T17:58:50Z","2026-09-24T17:58:50Z",200,""
14,"PROJ_133",10599,12236104,"so2","2026-04-30T18:30:00Z","2026-05-31T18:29:59Z","completed",1,676,676,1,"data/raw/air_quality/openaq/historical/PROJ_133/so2/PROJ_133_12236104_so2_2026_05_p1_20260924T232854.json","2026-09-24T17:58:54Z","2026-09-24T17:58:54Z",200,""
14,"PROJ_133",10599,12236102,"pm2_5","2026-04-30T18:30:00Z","2026-05-31T18:29:59Z","completed",1,676,676,1,"data/raw/air_quality/openaq/historical/PROJ_133/pm2_5/PROJ_133_12236102_pm2_5_2026_05_p1_20260924T232858.json","2026-09-24T17:58:59Z","2026-09-24T17:58:59Z",200,""
14,"PROJ_133",10599,12236099,"no2","2026-04-30T18:30:00Z","2026-05-31T18:29:59Z","completed",1,676,676,1,"data/raw/air_quality/openaq/historical/PROJ_133/no2/PROJ_133_12236099_no2_2026_05_p1_20260924T232903.json","2026-09-24T17:59:04Z","2026-09-24T17:59:04Z",200,""
14,"PROJ_142",10903,12235758,"no2","2026-04-30T18:30:00Z","2026-05-31T18:29:59Z","completed",1,688,688,1,"data/raw/air_quality/openaq/historical/PROJ_142/no2/PROJ_142_12235758_no2_2026_05_p1_20260924T232909.json","2026-09-24T17:59:09Z","2026-09-24T17:59:09Z",200,""
14,"PROJ_142",10903,12235763,"so2","2026-04-30T18:30:00Z","2026-05-31T18:29:59Z","completed",1,688,688,1,"data/raw/air_quality/openaq/historical/PROJ_142/so2/PROJ_142_12235763_so2_2026_05_p1_20260924T232912.json","2026-09-24T17:59:13Z","2026-09-24T17:59:13Z",200,""
14,"PROJ_142",10903,12235756,"co","2026-04-30T18:30:00Z","2026-05-31T18:29:59Z","completed",1,688,688,1,"data/raw/air_quality/openaq/historical/PROJ_142/co/PROJ_142_12235756_co_2026_05_p1_20260924T232916.json","2026-09-24T17:59:16Z","2026-09-24T17:59:16Z",200,""
14,"PROJ_142",10903,12235760,"pm10","2026-04-30T18:30:00Z","2026-05-31T18:29:59Z","completed",1,688,688,1,"data/raw/air_quality/openaq/historical/PROJ_142/pm10/PROJ_142_12235760_pm10_2026_05_p1_20260924T232920.json","2026-09-24T17:59:21Z","2026-09-24T17:59:21Z",200,""
14,"PROJ_142",10903,12235759,"o3","2026-04-30T18:30:00Z","2026-05-31T18:29:59Z","completed",1,688,688,1,"data/raw/air_quality/openaq/historical/PROJ_142/o3/PROJ_142_12235759_o3_2026_05_p1_20260924T232924.json","2026-09-24T17:59:24Z","2026-09-24T17:59:24Z",200,""
14,"PROJ_142",10903,12235761,"pm2_5","2026-04-30T18:30:00Z","2026-05-31T18:29:59Z","completed",1,688,688,1,"data/raw/air_quality/openaq/historical/PROJ_142/pm2_5/PROJ_142_12235761_pm2_5_2026_05_p1_20260924T232927.json","2026-09-24T17:59:28Z","2026-09-24T17:59:28Z",200,""
14,"PROJ_144",10913,12236019,"o3","2026-04-30T18:30:00Z","2026-05-31T18:29:59Z","completed",1,675,675,1,"data/raw/air_quality/openaq/historical/PROJ_144/o3/PROJ_144_12236019_o3_2026_05_p1_20260924T232932.json","2026-09-24T17:59:33Z","2026-09-24T17:59:33Z",200,""
14,"PROJ_144",10913,12236023,"so2","2026-04-30T18:30:00Z","2026-05-31T18:29:59Z","completed",1,667,667,1,"data/raw/air_quality/openaq/historical/PROJ_144/so2/PROJ_144_12236023_so2_2026_05_p1_20260924T232937.json","2026-09-24T17:59:37Z","2026-09-24T17:59:37Z",200,""
14,"PROJ_144",10913,12236021,"pm2_5","2026-04-30T18:30:00Z","2026-05-31T18:29:59Z","completed",1,677,677,1,"data/raw/air_quality/openaq/historical/PROJ_144/pm2_5/PROJ_144_12236021_pm2_5_2026_05_p1_20260924T232940.json","2026-09-24T17:59:41Z","2026-09-24T17:59:41Z",200,""
14,"PROJ_144",10913,12236020,"pm10","2026-04-30T18:30:00Z","2026-05-31T18:29:59Z","completed",1,676,676,1,"data/raw/air_quality/openaq/historical/PROJ_144/pm10/PROJ_144_12236020_pm10_2026_05_p1_20260924T232944.json","2026-09-24T17:59:44Z","2026-09-24T17:59:44Z",200,""
14,"PROJ_144",10913,12236016,"co","2026-04-30T18:30:00Z","2026-05-31T18:29:59Z","completed",1,674,674,1,"data/raw/air_quality/openaq/historical/PROJ_144/co/PROJ_144_12236016_co_2026_05_p1_20260924T232948.json","2026-09-24T17:59:48Z","2026-09-24T17:59:48Z",200,""
14,"PROJ_144",10913,12236018,"no2","2026-04-30T18:30:00Z","2026-05-31T18:29:59Z","completed",1,673,673,1,"data/raw/air_quality/openaq/historical/PROJ_144/no2/PROJ_144_12236018_no2_2026_05_p1_20260924T232951.json","2026-09-24T17:59:52Z","2026-09-24T17:59:52Z",200,""
14,"PROJ_158",11613,12236463,"pm2_5","2026-04-30T18:30:00Z","2026-05-31T18:29:59Z","completed",1,687,687,1,"data/raw/air_quality/openaq/historical/PROJ_158/pm2_5/PROJ_158_12236463_pm2_5_2026_05_p1_20260924T232956.json","2026-09-24T17:59:56Z","2026-09-24T17:59:56Z",200,""
14,"PROJ_158",11613,12236458,"co","2026-04-30T18:30:00Z","2026-05-31T18:29:59Z","completed",1,687,687,1,"data/raw/air_quality/openaq/historical/PROJ_158/co/PROJ_158_12236458_co_2026_05_p1_20260924T233000.json","2026-09-24T18:00:01Z","2026-09-24T18:00:01Z",200,""
14,"PROJ_158",11613,12236460,"no2","2026-04-30T18:30:00Z","2026-05-31T18:29:59Z","completed",1,687,687,1,"data/raw/air_quality/openaq/historical/PROJ_158/no2/PROJ_158_12236460_no2_2026_05_p1_20260924T233005.json","2026-09-24T18:00:06Z","2026-09-24T18:00:06Z",200,""
14,"PROJ_158",11613,12236461,"o3","2026-04-30T18:30:00Z","2026-05-31T18:29:59Z","completed",1,687,687,1,"data/raw/air_quality/openaq/historical/PROJ_158/o3/PROJ_158_12236461_o3_2026_05_p1_20260924T233009.json","2026-09-24T18:00:10Z","2026-09-24T18:00:10Z",200,""
14,"PROJ_158",11613,12236465,"so2","2026-04-30T18:30:00Z","2026-05-31T18:29:59Z","completed",1,687,687,1,"data/raw/air_quality/openaq/historical/PROJ_158/so2/PROJ_158_12236465_so2_2026_05_p1_20260924T233013.json","2026-09-24T18:00:13Z","2026-09-24T18:00:13Z",200,""
14,"PROJ_158",11613,12236462,"pm10","2026-04-30T18:30:00Z","2026-05-31T18:29:59Z","completed",1,687,687,1,"data/raw/air_quality/openaq/historical/PROJ_158/pm10/PROJ_158_12236462_pm10_2026_05_p1_20260924T233016.json","2026-09-24T18:00:17Z","2026-09-24T18:00:17Z",200,""
14,"PROJ_179",344103,12237100,"so2","2026-04-30T18:30:00Z","2026-05-31T18:29:59Z","completed",1,626,626,1,"data/raw/air_quality/openaq/historical/PROJ_179/so2/PROJ_179_12237100_so2_2026_05_p1_20260924T233021.json","2026-09-24T18:00:22Z","2026-09-24T18:00:22Z",200,""
14,"PROJ_179",344103,12237093,"co","2026-04-30T18:30:00Z","2026-05-31T18:29:59Z","completed",1,626,626,1,"data/raw/air_quality/openaq/historical/PROJ_179/co/PROJ_179_12237093_co_2026_05_p1_20260924T233026.json","2026-09-24T18:00:27Z","2026-09-24T18:00:27Z",200,""
14,"PROJ_179",344103,12237096,"o3","2026-04-30T18:30:00Z","2026-05-31T18:29:59Z","completed",1,626,626,1,"data/raw/air_quality/openaq/historical/PROJ_179/o3/PROJ_179_12237096_o3_2026_05_p1_20260924T233030.json","2026-09-24T18:00:30Z","2026-09-24T18:00:30Z",200,""
14,"PROJ_179",344103,12237097,"pm10","2026-04-30T18:30:00Z","2026-05-31T18:29:59Z","completed",1,627,627,1,"data/raw/air_quality/openaq/historical/PROJ_179/pm10/PROJ_179_12237097_pm10_2026_05_p1_20260924T233035.json","2026-09-24T18:00:35Z","2026-09-24T18:00:35Z",200,""
14,"PROJ_179",344103,12237098,"pm2_5","2026-04-30T18:30:00Z","2026-05-31T18:29:59Z","completed",1,627,627,1,"data/raw/air_quality/openaq/historical/PROJ_179/pm2_5/PROJ_179_12237098_pm2_5_2026_05_p1_20260924T233039.json","2026-09-24T18:00:40Z","2026-09-24T18:00:40Z",200,""
14,"PROJ_179",344103,12237095,"no2","2026-04-30T18:30:00Z","2026-05-31T18:29:59Z","completed",1,626,626,1,"data/raw/air_quality/openaq/historical/PROJ_179/no2/PROJ_179_12237095_no2_2026_05_p1_20260924T233044.json","2026-09-24T18:00:45Z","2026-09-24T18:00:45Z",200,""
14,"PROJ_180",344104,12237125,"pm2_5","2026-04-30T18:30:00Z","2026-05-31T18:29:59Z","completed",1,618,618,1,"data/raw/air_quality/openaq/historical/PROJ_180/pm2_5/PROJ_180_12237125_pm2_5_2026_05_p1_20260924T233048.json","2026-09-24T18:00:48Z","2026-09-24T18:00:48Z",200,""
14,"PROJ_180",344104,12237122,"no2","2026-04-30T18:30:00Z","2026-05-31T18:29:59Z","completed",1,618,618,1,"data/raw/air_quality/openaq/historical/PROJ_180/no2/PROJ_180_12237122_no2_2026_05_p1_20260924T233052.json","2026-09-24T18:00:52Z","2026-09-24T18:00:52Z",200,""
14,"PROJ_180",344104,12237124,"pm10","2026-04-30T18:30:00Z","2026-05-31T18:29:59Z","completed",1,618,618,1,"data/raw/air_quality/openaq/historical/PROJ_180/pm10/PROJ_180_12237124_pm10_2026_05_p1_20260924T233055.json","2026-09-24T18:00:56Z","2026-09-24T18:00:56Z",200,""
14,"PROJ_180",344104,12237127,"so2","2026-04-30T18:30:00Z","2026-05-31T18:29:59Z","completed",1,618,618,1,"data/raw/air_quality/openaq/historical/PROJ_180/so2/PROJ_180_12237127_so2_2026_05_p1_20260924T233100.json","2026-09-24T18:01:00Z","2026-09-24T18:01:00Z",200,""
14,"PROJ_180",344104,12237123,"o3","2026-04-30T18:30:00Z","2026-05-31T18:29:59Z","completed",1,618,618,1,"data/raw/air_quality/openaq/historical/PROJ_180/o3/PROJ_180_12237123_o3_2026_05_p1_20260924T233103.json","2026-09-24T18:01:04Z","2026-09-24T18:01:04Z",200,""
14,"PROJ_180",344104,12237120,"co","2026-04-30T18:30:00Z","2026-05-31T18:29:59Z","completed",1,618,618,1,"data/raw/air_quality/openaq/historical/PROJ_180/co/PROJ_180_12237120_co_2026_05_p1_20260924T233107.json","2026-09-24T18:01:07Z","2026-09-24T18:01:07Z",200,""
14,"PROJ_181",344140,12237111,"co","2026-04-30T18:30:00Z","2026-05-31T18:29:59Z","completed",1,677,677,1,"data/raw/air_quality/openaq/historical/PROJ_181/co/PROJ_181_12237111_co_2026_05_p1_20260924T233110.json","2026-09-24T18:01:11Z","2026-09-24T18:01:11Z",200,""
14,"PROJ_181",344140,12237114,"o3","2026-04-30T18:30:00Z","2026-05-31T18:29:59Z","completed",1,677,677,1,"data/raw/air_quality/openaq/historical/PROJ_181/o3/PROJ_181_12237114_o3_2026_05_p1_20260924T233114.json","2026-09-24T18:01:14Z","2026-09-24T18:01:14Z",200,""
14,"PROJ_181",344140,12237113,"no2","2026-04-30T18:30:00Z","2026-05-31T18:29:59Z","completed",1,677,677,1,"data/raw/air_quality/openaq/historical/PROJ_181/no2/PROJ_181_12237113_no2_2026_05_p1_20260924T233119.json","2026-09-24T18:01:19Z","2026-09-24T18:01:19Z",200,""
14,"PROJ_181",344140,12237115,"pm10","2026-04-30T18:30:00Z","2026-05-31T18:29:59Z","completed",1,677,677,1,"data/raw/air_quality/openaq/historical/PROJ_181/pm10/PROJ_181_12237115_pm10_2026_05_p1_20260924T233123.json","2026-09-24T18:01:23Z","2026-09-24T18:01:23Z",200,""
14,"PROJ_181",344140,12237118,"so2","2026-04-30T18:30:00Z","2026-05-31T18:29:59Z","completed",1,677,677,1,"data/raw/air_quality/openaq/historical/PROJ_181/so2/PROJ_181_12237118_so2_2026_05_p1_20260924T233128.json","2026-09-24T18:01:28Z","2026-09-24T18:01:28Z",200,""
14,"PROJ_181",344140,12237116,"pm2_5","2026-04-30T18:30:00Z","2026-05-31T18:29:59Z","completed",1,677,677,1,"data/raw/air_quality/openaq/historical/PROJ_181/pm2_5/PROJ_181_12237116_pm2_5_2026_05_p1_20260924T233132.json","2026-09-24T18:01:32Z","2026-09-24T18:01:32Z",200,""
14,"PROJ_186",352465,12237091,"so2","2026-04-30T18:30:00Z","2026-05-31T18:29:59Z","completed",1,566,566,1,"data/raw/air_quality/openaq/historical/PROJ_186/so2/PROJ_186_12237091_so2_2026_05_p1_20260924T233137.json","2026-09-24T18:01:38Z","2026-09-24T18:01:38Z",200,""
14,"PROJ_186",352465,12237088,"pm10","2026-04-30T18:30:00Z","2026-05-31T18:29:59Z","completed",1,568,568,1,"data/raw/air_quality/openaq/historical/PROJ_186/pm10/PROJ_186_12237088_pm10_2026_05_p1_20260924T233141.json","2026-09-24T18:01:41Z","2026-09-24T18:01:41Z",200,""
14,"PROJ_186",352465,12237089,"pm2_5","2026-04-30T18:30:00Z","2026-05-31T18:29:59Z","completed",1,568,568,1,"data/raw/air_quality/openaq/historical/PROJ_186/pm2_5/PROJ_186_12237089_pm2_5_2026_05_p1_20260924T233144.json","2026-09-24T18:01:45Z","2026-09-24T18:01:45Z",200,""
14,"PROJ_186",352465,12237086,"no2","2026-04-30T18:30:00Z","2026-05-31T18:29:59Z","completed",1,566,566,1,"data/raw/air_quality/openaq/historical/PROJ_186/no2/PROJ_186_12237086_no2_2026_05_p1_20260924T233149.json","2026-09-24T18:01:50Z","2026-09-24T18:01:50Z",200,""
14,"PROJ_186",352465,12237087,"o3","2026-04-30T18:30:00Z","2026-05-31T18:29:59Z","completed",1,566,566,1,"data/raw/air_quality/openaq/historical/PROJ_186/o3/PROJ_186_12237087_o3_2026_05_p1_20260924T233153.json","2026-09-24T18:01:53Z","2026-09-24T18:01:53Z",200,""
14,"PROJ_186",352465,12237084,"co","2026-04-30T18:30:00Z","2026-05-31T18:29:59Z","completed",1,566,566,1,"data/raw/air_quality/openaq/historical/PROJ_186/co/PROJ_186_12237084_co_2026_05_p1_20260924T233158.json","2026-09-24T18:01:58Z","2026-09-24T18:01:58Z",200,""
14,"PROJ_094",6950,12235885,"o3","2026-04-30T18:30:00Z","2026-05-31T18:29:59Z","completed",1,692,692,1,"data/raw/air_quality/openaq/historical/PROJ_094/o3/PROJ_094_12235885_o3_2026_05_p1_20260924T233202.json","2026-09-24T18:02:02Z","2026-09-24T18:02:02Z",200,""
14,"PROJ_094",6950,12235889,"so2","2026-04-30T18:30:00Z","2026-05-31T18:29:59Z","completed",1,692,692,1,"data/raw/air_quality/openaq/historical/PROJ_094/so2/PROJ_094_12235889_so2_2026_05_p1_20260924T233206.json","2026-09-24T18:02:07Z","2026-09-24T18:02:07Z",200,""
14,"PROJ_094",6950,12235884,"no2","2026-04-30T18:30:00Z","2026-05-31T18:29:59Z","completed",1,692,692,1,"data/raw/air_quality/openaq/historical/PROJ_094/no2/PROJ_094_12235884_no2_2026_05_p1_20260924T233210.json","2026-09-24T18:02:11Z","2026-09-24T18:02:11Z",200,""
14,"PROJ_094",6950,12235886,"pm10","2026-04-30T18:30:00Z","2026-05-31T18:29:59Z","completed",1,692,692,1,"data/raw/air_quality/openaq/historical/PROJ_094/pm10/PROJ_094_12235886_pm10_2026_05_p1_20260924T233216.json","2026-09-24T18:02:16Z","2026-09-24T18:02:16Z",200,""
14,"PROJ_094",6950,12235882,"co","2026-04-30T18:30:00Z","2026-05-31T18:29:59Z","completed",1,692,692,1,"data/raw/air_quality/openaq/historical/PROJ_094/co/PROJ_094_12235882_co_2026_05_p1_20260924T233219.json","2026-09-24T18:02:20Z","2026-09-24T18:02:20Z",200,""
14,"PROJ_094",6950,12235887,"pm2_5","2026-04-30T18:30:00Z","2026-05-31T18:29:59Z","completed",1,692,692,1,"data/raw/air_quality/openaq/historical/PROJ_094/pm2_5/PROJ_094_12235887_pm2_5_2026_05_p1_20260924T233224.json","2026-09-24T18:02:24Z","2026-09-24T18:02:24Z",200,""
15,"PROJ_002",17,12234785,"o3","2026-05-31T18:30:00Z","2026-06-30T18:29:59Z","completed",1,605,605,1,"data/raw/air_quality/openaq/historical/PROJ_002/o3/PROJ_002_12234785_o3_2026_06_p1_20260924T233229.json","2026-09-24T18:02:29Z","2026-09-24T18:02:29Z",200,""
15,"PROJ_002",17,12234787,"pm2_5","2026-05-31T18:30:00Z","2026-06-30T18:29:59Z","completed",1,626,626,1,"data/raw/air_quality/openaq/historical/PROJ_002/pm2_5/PROJ_002_12234787_pm2_5_2026_06_p1_20260924T233233.json","2026-09-24T18:02:34Z","2026-09-24T18:02:34Z",200,""
15,"PROJ_002",17,12234784,"no2","2026-05-31T18:30:00Z","2026-06-30T18:29:59Z","completed",1,623,623,1,"data/raw/air_quality/openaq/historical/PROJ_002/no2/PROJ_002_12234784_no2_2026_06_p1_20260924T233238.json","2026-09-24T18:02:38Z","2026-09-24T18:02:38Z",200,""
15,"PROJ_002",17,12234786,"pm10","2026-05-31T18:30:00Z","2026-06-30T18:29:59Z","completed",1,609,609,1,"data/raw/air_quality/openaq/historical/PROJ_002/pm10/PROJ_002_12234786_pm10_2026_06_p1_20260924T233241.json","2026-09-24T18:02:42Z","2026-09-24T18:02:42Z",200,""
15,"PROJ_002",17,12234782,"co","2026-05-31T18:30:00Z","2026-06-30T18:29:59Z","completed",1,592,592,1,"data/raw/air_quality/openaq/historical/PROJ_002/co/PROJ_002_12234782_co_2026_06_p1_20260924T233245.json","2026-09-24T18:02:45Z","2026-09-24T18:02:45Z",200,""
15,"PROJ_002",17,12234789,"so2","2026-05-31T18:30:00Z","2026-06-30T18:29:59Z","completed",1,572,572,1,"data/raw/air_quality/openaq/historical/PROJ_002/so2/PROJ_002_12234789_so2_2026_06_p1_20260924T233248.json","2026-09-24T18:02:48Z","2026-09-24T18:02:48Z",200,""
15,"PROJ_007",407,12235585,"so2","2026-05-31T18:30:00Z","2026-06-30T18:29:59Z","completed",1,500,500,1,"data/raw/air_quality/openaq/historical/PROJ_007/so2/PROJ_007_12235585_so2_2026_06_p1_20260924T233253.json","2026-09-24T18:02:53Z","2026-09-24T18:02:53Z",200,""
15,"PROJ_007",407,12235581,"o3","2026-05-31T18:30:00Z","2026-06-30T18:29:59Z","completed",1,506,506,1,"data/raw/air_quality/openaq/historical/PROJ_007/o3/PROJ_007_12235581_o3_2026_06_p1_20260924T233257.json","2026-09-24T18:02:58Z","2026-09-24T18:02:58Z",200,""
15,"PROJ_007",407,12235578,"co","2026-05-31T18:30:00Z","2026-06-30T18:29:59Z","completed",1,503,503,1,"data/raw/air_quality/openaq/historical/PROJ_007/co/PROJ_007_12235578_co_2026_06_p1_20260924T233301.json","2026-09-24T18:03:02Z","2026-09-24T18:03:02Z",200,""
15,"PROJ_007",407,12235580,"no2","2026-05-31T18:30:00Z","2026-06-30T18:29:59Z","completed",1,500,500,1,"data/raw/air_quality/openaq/historical/PROJ_007/no2/PROJ_007_12235580_no2_2026_06_p1_20260924T233305.json","2026-09-24T18:03:05Z","2026-09-24T18:03:05Z",200,""
15,"PROJ_007",407,12235583,"pm2_5","2026-05-31T18:30:00Z","2026-06-30T18:29:59Z","completed",1,492,492,1,"data/raw/air_quality/openaq/historical/PROJ_007/pm2_5/PROJ_007_12235583_pm2_5_2026_06_p1_20260924T233308.json","2026-09-24T18:03:08Z","2026-09-24T18:03:08Z",200,""
15,"PROJ_007",407,12235582,"pm10","2026-05-31T18:30:00Z","2026-06-30T18:29:59Z","completed",1,495,495,1,"data/raw/air_quality/openaq/historical/PROJ_007/pm10/PROJ_007_12235582_pm10_2026_06_p1_20260924T233313.json","2026-09-24T18:03:13Z","2026-09-24T18:03:13Z",200,""
15,"PROJ_019",2586,12235655,"so2","2026-05-31T18:30:00Z","2026-06-30T18:29:59Z","completed",1,564,564,1,"data/raw/air_quality/openaq/historical/PROJ_019/so2/PROJ_019_12235655_so2_2026_06_p1_20260924T233317.json","2026-09-24T18:03:17Z","2026-09-24T18:03:17Z",200,""
15,"PROJ_019",2586,12235648,"co","2026-05-31T18:30:00Z","2026-06-30T18:29:59Z","completed",1,627,627,1,"data/raw/air_quality/openaq/historical/PROJ_019/co/PROJ_019_12235648_co_2026_06_p1_20260924T233321.json","2026-09-24T18:03:22Z","2026-09-24T18:03:22Z",200,""
15,"PROJ_019",2586,12235653,"pm2_5","2026-05-31T18:30:00Z","2026-06-30T18:29:59Z","completed",1,607,607,1,"data/raw/air_quality/openaq/historical/PROJ_019/pm2_5/PROJ_019_12235653_pm2_5_2026_06_p1_20260924T233325.json","2026-09-24T18:03:25Z","2026-09-24T18:03:25Z",200,""
15,"PROJ_019",2586,12235652,"pm10","2026-05-31T18:30:00Z","2026-06-30T18:29:59Z","completed",1,578,578,1,"data/raw/air_quality/openaq/historical/PROJ_019/pm10/PROJ_019_12235652_pm10_2026_06_p1_20260924T233329.json","2026-09-24T18:03:30Z","2026-09-24T18:03:30Z",200,""
15,"PROJ_019",2586,12235650,"no2","2026-05-31T18:30:00Z","2026-06-30T18:29:59Z","completed",1,554,554,1,"data/raw/air_quality/openaq/historical/PROJ_019/no2/PROJ_019_12235650_no2_2026_06_p1_20260924T233334.json","2026-09-24T18:03:35Z","2026-09-24T18:03:35Z",200,""
15,"PROJ_019",2586,12235651,"o3","2026-05-31T18:30:00Z","2026-06-30T18:29:59Z","completed",1,627,627,1,"data/raw/air_quality/openaq/historical/PROJ_019/o3/PROJ_019_12235651_o3_2026_06_p1_20260924T233338.json","2026-09-24T18:03:38Z","2026-09-24T18:03:38Z",200,""
15,"PROJ_036",5599,12235400,"pm2_5","2026-05-31T18:30:00Z","2026-06-30T18:29:59Z","empty_valid_response",1,0,0,1,"data/raw/air_quality/openaq/historical/PROJ_036/pm2_5/PROJ_036_12235400_pm2_5_2026_06_p1_20260924T233341.json","2026-09-24T18:03:41Z","2026-09-24T18:03:41Z",200,""
15,"PROJ_036",5599,12235399,"pm10","2026-05-31T18:30:00Z","2026-06-30T18:29:59Z","empty_valid_response",1,0,0,1,"data/raw/air_quality/openaq/historical/PROJ_036/pm10/PROJ_036_12235399_pm10_2026_06_p1_20260924T233343.json","2026-09-24T18:03:43Z","2026-09-24T18:03:43Z",200,""
15,"PROJ_036",5599,12235402,"so2","2026-05-31T18:30:00Z","2026-06-30T18:29:59Z","empty_valid_response",1,0,0,1,"data/raw/air_quality/openaq/historical/PROJ_036/so2/PROJ_036_12235402_so2_2026_06_p1_20260924T233346.json","2026-09-24T18:03:46Z","2026-09-24T18:03:46Z",200,""
15,"PROJ_036",5599,12235398,"o3","2026-05-31T18:30:00Z","2026-06-30T18:29:59Z","empty_valid_response",1,0,0,1,"data/raw/air_quality/openaq/historical/PROJ_036/o3/PROJ_036_12235398_o3_2026_06_p1_20260924T233349.json","2026-09-24T18:03:49Z","2026-09-24T18:03:49Z",200,""
15,"PROJ_036",5599,12235395,"co","2026-05-31T18:30:00Z","2026-06-30T18:29:59Z","empty_valid_response",1,0,0,1,"data/raw/air_quality/openaq/historical/PROJ_036/co/PROJ_036_12235395_co_2026_06_p1_20260924T233352.json","2026-09-24T18:03:52Z","2026-09-24T18:03:52Z",200,""
15,"PROJ_036",5599,12235397,"no2","2026-05-31T18:30:00Z","2026-06-30T18:29:59Z","empty_valid_response",1,0,0,1,"data/raw/air_quality/openaq/historical/PROJ_036/no2/PROJ_036_12235397_no2_2026_06_p1_20260924T233355.json","2026-09-24T18:03:55Z","2026-09-24T18:03:55Z",200,""
15,"PROJ_042",5621,12235625,"pm10","2026-05-31T18:30:00Z","2026-06-30T18:29:59Z","completed",1,567,567,1,"data/raw/air_quality/openaq/historical/PROJ_042/pm10/PROJ_042_12235625_pm10_2026_06_p1_20260924T233359.json","2026-09-24T18:04:00Z","2026-09-24T18:04:00Z",200,""
15,"PROJ_042",5621,12235623,"no2","2026-05-31T18:30:00Z","2026-06-30T18:29:59Z","completed",1,585,585,1,"data/raw/air_quality/openaq/historical/PROJ_042/no2/PROJ_042_12235623_no2_2026_06_p1_20260924T233404.json","2026-09-24T18:04:04Z","2026-09-24T18:04:04Z",200,""
15,"PROJ_042",5621,12235626,"pm2_5","2026-05-31T18:30:00Z","2026-06-30T18:29:59Z","completed",2,567,567,1,"data/raw/air_quality/openaq/historical/PROJ_042/pm2_5/PROJ_042_12235626_pm2_5_2026_06_p1_20260925T095244.json","2026-09-24T18:04:37Z","2026-09-25T04:22:45Z",200,""
15,"PROJ_042",5621,12235621,"co","2026-05-31T18:30:00Z","2026-06-30T18:29:59Z","completed",1,585,585,1,"data/raw/air_quality/openaq/historical/PROJ_042/co/PROJ_042_12235621_co_2026_06_p1_20260924T233444.json","2026-09-24T18:04:44Z","2026-09-24T18:04:44Z",200,""
15,"PROJ_042",5621,12235628,"so2","2026-05-31T18:30:00Z","2026-06-30T18:29:59Z","completed",1,585,585,1,"data/raw/air_quality/openaq/historical/PROJ_042/so2/PROJ_042_12235628_so2_2026_06_p1_20260924T233448.json","2026-09-24T18:04:49Z","2026-09-24T18:04:49Z",200,""
15,"PROJ_042",5621,12235624,"o3","2026-05-31T18:30:00Z","2026-06-30T18:29:59Z","completed",1,585,585,1,"data/raw/air_quality/openaq/historical/PROJ_042/o3/PROJ_042_12235624_o3_2026_06_p1_20260924T233452.json","2026-09-24T18:04:52Z","2026-09-24T18:04:52Z",200,""
15,"PROJ_044",5623,12242116,"co","2026-05-31T18:30:00Z","2026-06-30T18:29:59Z","completed",1,573,573,1,"data/raw/air_quality/openaq/historical/PROJ_044/co/PROJ_044_12242116_co_2026_06_p1_20260924T233457.json","2026-09-24T18:04:57Z","2026-09-24T18:04:57Z",200,""
15,"PROJ_044",5623,12242118,"no2","2026-05-31T18:30:00Z","2026-06-30T18:29:59Z","completed",1,569,569,1,"data/raw/air_quality/openaq/historical/PROJ_044/no2/PROJ_044_12242118_no2_2026_06_p1_20260924T233501.json","2026-09-24T18:05:02Z","2026-09-24T18:05:02Z",200,""
15,"PROJ_044",5623,12242119,"o3","2026-05-31T18:30:00Z","2026-06-30T18:29:59Z","completed",1,573,573,1,"data/raw/air_quality/openaq/historical/PROJ_044/o3/PROJ_044_12242119_o3_2026_06_p1_20260924T233506.json","2026-09-24T18:05:07Z","2026-09-24T18:05:07Z",200,""
15,"PROJ_044",5623,12242121,"pm2_5","2026-05-31T18:30:00Z","2026-06-30T18:29:59Z","completed",1,518,518,1,"data/raw/air_quality/openaq/historical/PROJ_044/pm2_5/PROJ_044_12242121_pm2_5_2026_06_p1_20260924T233511.json","2026-09-24T18:05:11Z","2026-09-24T18:05:11Z",200,""
15,"PROJ_044",5623,12242120,"pm10","2026-05-31T18:30:00Z","2026-06-30T18:29:59Z","completed",1,430,430,1,"data/raw/air_quality/openaq/historical/PROJ_044/pm10/PROJ_044_12242120_pm10_2026_06_p1_20260924T233515.json","2026-09-24T18:05:15Z","2026-09-24T18:05:15Z",200,""
15,"PROJ_044",5623,12242123,"so2","2026-05-31T18:30:00Z","2026-06-30T18:29:59Z","completed",1,569,569,1,"data/raw/air_quality/openaq/historical/PROJ_044/so2/PROJ_044_12242123_so2_2026_06_p1_20260924T233518.json","2026-09-24T18:05:19Z","2026-09-24T18:05:19Z",200,""
15,"PROJ_048",5628,12235460,"pm2_5","2026-05-31T18:30:00Z","2026-06-30T18:29:59Z","completed",1,606,606,1,"data/raw/air_quality/openaq/historical/PROJ_048/pm2_5/PROJ_048_12235460_pm2_5_2026_06_p1_20260924T233522.json","2026-09-24T18:05:23Z","2026-09-24T18:05:23Z",200,""
15,"PROJ_048",5628,12235458,"o3","2026-05-31T18:30:00Z","2026-06-30T18:29:59Z","completed",1,610,610,1,"data/raw/air_quality/openaq/historical/PROJ_048/o3/PROJ_048_12235458_o3_2026_06_p1_20260924T233527.json","2026-09-24T18:05:27Z","2026-09-24T18:05:27Z",200,""
15,"PROJ_048",5628,12235455,"co","2026-05-31T18:30:00Z","2026-06-30T18:29:59Z","completed",1,511,511,1,"data/raw/air_quality/openaq/historical/PROJ_048/co/PROJ_048_12235455_co_2026_06_p1_20260924T233531.json","2026-09-24T18:05:32Z","2026-09-24T18:05:32Z",200,""
15,"PROJ_048",5628,12235459,"pm10","2026-05-31T18:30:00Z","2026-06-30T18:29:59Z","completed",1,605,605,1,"data/raw/air_quality/openaq/historical/PROJ_048/pm10/PROJ_048_12235459_pm10_2026_06_p1_20260924T233535.json","2026-09-24T18:05:36Z","2026-09-24T18:05:36Z",200,""
15,"PROJ_048",5628,12235462,"so2","2026-05-31T18:30:00Z","2026-06-30T18:29:59Z","completed",1,606,606,1,"data/raw/air_quality/openaq/historical/PROJ_048/so2/PROJ_048_12235462_so2_2026_06_p1_20260924T233539.json","2026-09-24T18:05:39Z","2026-09-24T18:05:39Z",200,""
15,"PROJ_048",5628,12235457,"no2","2026-05-31T18:30:00Z","2026-06-30T18:29:59Z","completed",1,608,608,1,"data/raw/air_quality/openaq/historical/PROJ_048/no2/PROJ_048_12235457_no2_2026_06_p1_20260924T233543.json","2026-09-24T18:05:43Z","2026-09-24T18:05:43Z",200,""
15,"PROJ_050",5631,12235666,"co","2026-05-31T18:30:00Z","2026-06-30T18:29:59Z","completed",1,631,631,1,"data/raw/air_quality/openaq/historical/PROJ_050/co/PROJ_050_12235666_co_2026_06_p1_20260924T233548.json","2026-09-24T18:05:48Z","2026-09-24T18:05:48Z",200,""
15,"PROJ_050",5631,12235668,"no2","2026-05-31T18:30:00Z","2026-06-30T18:29:59Z","completed",1,604,604,1,"data/raw/air_quality/openaq/historical/PROJ_050/no2/PROJ_050_12235668_no2_2026_06_p1_20260924T233551.json","2026-09-24T18:05:52Z","2026-09-24T18:05:52Z",200,""
15,"PROJ_050",5631,12235670,"pm10","2026-05-31T18:30:00Z","2026-06-30T18:29:59Z","completed",1,631,631,1,"data/raw/air_quality/openaq/historical/PROJ_050/pm10/PROJ_050_12235670_pm10_2026_06_p1_20260924T233555.json","2026-09-24T18:05:55Z","2026-09-24T18:05:55Z",200,""
15,"PROJ_050",5631,12235673,"so2","2026-05-31T18:30:00Z","2026-06-30T18:29:59Z","completed",1,588,588,1,"data/raw/air_quality/openaq/historical/PROJ_050/so2/PROJ_050_12235673_so2_2026_06_p1_20260924T233558.json","2026-09-24T18:05:59Z","2026-09-24T18:05:59Z",200,""
15,"PROJ_050",5631,12235671,"pm2_5","2026-05-31T18:30:00Z","2026-06-30T18:29:59Z","completed",1,631,631,1,"data/raw/air_quality/openaq/historical/PROJ_050/pm2_5/PROJ_050_12235671_pm2_5_2026_06_p1_20260924T233602.json","2026-09-24T18:06:02Z","2026-09-24T18:06:02Z",200,""
15,"PROJ_050",5631,12235669,"o3","2026-05-31T18:30:00Z","2026-06-30T18:29:59Z","completed",1,631,631,1,"data/raw/air_quality/openaq/historical/PROJ_050/o3/PROJ_050_12235669_o3_2026_06_p1_20260924T233607.json","2026-09-24T18:06:07Z","2026-09-24T18:06:07Z",200,""
15,"PROJ_051",5633,12234804,"pm10","2026-05-31T18:30:00Z","2026-06-30T18:29:59Z","completed",1,603,603,1,"data/raw/air_quality/openaq/historical/PROJ_051/pm10/PROJ_051_12234804_pm10_2026_06_p1_20260924T233610.json","2026-09-24T18:06:10Z","2026-09-24T18:06:10Z",200,""
15,"PROJ_051",5633,12234807,"so2","2026-05-31T18:30:00Z","2026-06-30T18:29:59Z","completed",1,599,599,1,"data/raw/air_quality/openaq/historical/PROJ_051/so2/PROJ_051_12234807_so2_2026_06_p1_20260924T233613.json","2026-09-24T18:06:14Z","2026-09-24T18:06:14Z",200,""
15,"PROJ_051",5633,12234805,"pm2_5","2026-05-31T18:30:00Z","2026-06-30T18:29:59Z","completed",1,601,601,1,"data/raw/air_quality/openaq/historical/PROJ_051/pm2_5/PROJ_051_12234805_pm2_5_2026_06_p1_20260924T233617.json","2026-09-24T18:06:17Z","2026-09-24T18:06:17Z",200,""
15,"PROJ_051",5633,12234800,"co","2026-05-31T18:30:00Z","2026-06-30T18:29:59Z","completed",1,599,599,1,"data/raw/air_quality/openaq/historical/PROJ_051/co/PROJ_051_12234800_co_2026_06_p1_20260924T233620.json","2026-09-24T18:06:21Z","2026-09-24T18:06:21Z",200,""
15,"PROJ_051",5633,12234803,"o3","2026-05-31T18:30:00Z","2026-06-30T18:29:59Z","completed",1,603,603,1,"data/raw/air_quality/openaq/historical/PROJ_051/o3/PROJ_051_12234803_o3_2026_06_p1_20260924T233625.json","2026-09-24T18:06:25Z","2026-09-24T18:06:25Z",200,""
15,"PROJ_051",5633,12234802,"no2","2026-05-31T18:30:00Z","2026-06-30T18:29:59Z","completed",1,597,597,1,"data/raw/air_quality/openaq/historical/PROJ_051/no2/PROJ_051_12234802_no2_2026_06_p1_20260924T233630.json","2026-09-24T18:06:30Z","2026-09-24T18:06:30Z",200,""
15,"PROJ_063",5659,12235521,"pm10","2026-05-31T18:30:00Z","2026-06-30T18:29:59Z","completed",1,626,626,1,"data/raw/air_quality/openaq/historical/PROJ_063/pm10/PROJ_063_12235521_pm10_2026_06_p1_20260924T233634.json","2026-09-24T18:06:35Z","2026-09-24T18:06:35Z",200,""
15,"PROJ_063",5659,12235520,"o3","2026-05-31T18:30:00Z","2026-06-30T18:29:59Z","completed",1,637,637,1,"data/raw/air_quality/openaq/historical/PROJ_063/o3/PROJ_063_12235520_o3_2026_06_p1_20260924T233639.json","2026-09-24T18:06:39Z","2026-09-24T18:06:39Z",200,""
15,"PROJ_063",5659,12235517,"co","2026-05-31T18:30:00Z","2026-06-30T18:29:59Z","completed",1,637,637,1,"data/raw/air_quality/openaq/historical/PROJ_063/co/PROJ_063_12235517_co_2026_06_p1_20260924T233642.json","2026-09-24T18:06:43Z","2026-09-24T18:06:43Z",200,""
15,"PROJ_063",5659,12235524,"so2","2026-05-31T18:30:00Z","2026-06-30T18:29:59Z","completed",1,634,634,1,"data/raw/air_quality/openaq/historical/PROJ_063/so2/PROJ_063_12235524_so2_2026_06_p1_20260924T233647.json","2026-09-24T18:06:48Z","2026-09-24T18:06:48Z",200,""
15,"PROJ_063",5659,12235519,"no2","2026-05-31T18:30:00Z","2026-06-30T18:29:59Z","completed",1,637,637,1,"data/raw/air_quality/openaq/historical/PROJ_063/no2/PROJ_063_12235519_no2_2026_06_p1_20260924T233652.json","2026-09-24T18:06:52Z","2026-09-24T18:06:52Z",200,""
15,"PROJ_063",5659,12235522,"pm2_5","2026-05-31T18:30:00Z","2026-06-30T18:29:59Z","completed",1,626,626,1,"data/raw/air_quality/openaq/historical/PROJ_063/pm2_5/PROJ_063_12235522_pm2_5_2026_06_p1_20260924T233657.json","2026-09-24T18:06:57Z","2026-09-24T18:06:57Z",200,""
15,"PROJ_092",6945,12289836,"so2","2026-05-31T18:30:00Z","2026-06-30T18:29:59Z","completed",1,535,535,1,"data/raw/air_quality/openaq/historical/PROJ_092/so2/PROJ_092_12289836_so2_2026_06_p1_20260924T233700.json","2026-09-24T18:07:00Z","2026-09-24T18:07:00Z",200,""
15,"PROJ_092",6945,12235834,"pm2_5","2026-05-31T18:30:00Z","2026-06-30T18:29:59Z","completed",1,453,453,1,"data/raw/air_quality/openaq/historical/PROJ_092/pm2_5/PROJ_092_12235834_pm2_5_2026_06_p1_20260924T233704.json","2026-09-24T18:07:05Z","2026-09-24T18:07:05Z",200,""
15,"PROJ_092",6945,12235829,"co","2026-05-31T18:30:00Z","2026-06-30T18:29:59Z","completed",1,535,535,1,"data/raw/air_quality/openaq/historical/PROJ_092/co/PROJ_092_12235829_co_2026_06_p1_20260924T233708.json","2026-09-24T18:07:08Z","2026-09-24T18:07:08Z",200,""
15,"PROJ_092",6945,12235833,"pm10","2026-05-31T18:30:00Z","2026-06-30T18:29:59Z","completed",1,452,452,1,"data/raw/air_quality/openaq/historical/PROJ_092/pm10/PROJ_092_12235833_pm10_2026_06_p1_20260924T233712.json","2026-09-24T18:07:13Z","2026-09-24T18:07:13Z",200,""
15,"PROJ_092",6945,12235831,"no2","2026-05-31T18:30:00Z","2026-06-30T18:29:59Z","completed",1,536,536,1,"data/raw/air_quality/openaq/historical/PROJ_092/no2/PROJ_092_12235831_no2_2026_06_p1_20260924T233717.json","2026-09-24T18:07:17Z","2026-09-24T18:07:17Z",200,""
15,"PROJ_092",6945,12235832,"o3","2026-05-31T18:30:00Z","2026-06-30T18:29:59Z","completed",1,535,535,1,"data/raw/air_quality/openaq/historical/PROJ_092/o3/PROJ_092_12235832_o3_2026_06_p1_20260924T233721.json","2026-09-24T18:07:22Z","2026-09-24T18:07:22Z",200,""
15,"PROJ_101",6973,12235269,"so2","2026-05-31T18:30:00Z","2026-06-30T18:29:59Z","completed",1,590,590,1,"data/raw/air_quality/openaq/historical/PROJ_101/so2/PROJ_101_12235269_so2_2026_06_p1_20260924T233726.json","2026-09-24T18:07:26Z","2026-09-24T18:07:26Z",200,""
15,"PROJ_101",6973,12235264,"no2","2026-05-31T18:30:00Z","2026-06-30T18:29:59Z","completed",1,373,373,1,"data/raw/air_quality/openaq/historical/PROJ_101/no2/PROJ_101_12235264_no2_2026_06_p1_20260924T233731.json","2026-09-24T18:07:31Z","2026-09-24T18:07:31Z",200,""
15,"PROJ_101",6973,12235266,"pm10","2026-05-31T18:30:00Z","2026-06-30T18:29:59Z","completed",1,550,550,1,"data/raw/air_quality/openaq/historical/PROJ_101/pm10/PROJ_101_12235266_pm10_2026_06_p1_20260924T233735.json","2026-09-24T18:07:35Z","2026-09-24T18:07:35Z",200,""
15,"PROJ_101",6973,12235267,"pm2_5","2026-05-31T18:30:00Z","2026-06-30T18:29:59Z","completed",1,582,582,1,"data/raw/air_quality/openaq/historical/PROJ_101/pm2_5/PROJ_101_12235267_pm2_5_2026_06_p1_20260924T233740.json","2026-09-24T18:07:40Z","2026-09-24T18:07:40Z",200,""
15,"PROJ_101",6973,12235265,"o3","2026-05-31T18:30:00Z","2026-06-30T18:29:59Z","completed",1,587,587,1,"data/raw/air_quality/openaq/historical/PROJ_101/o3/PROJ_101_12235265_o3_2026_06_p1_20260924T233743.json","2026-09-24T18:07:44Z","2026-09-24T18:07:44Z",200,""
15,"PROJ_101",6973,12235262,"co","2026-05-31T18:30:00Z","2026-06-30T18:29:59Z","completed",1,561,561,1,"data/raw/air_quality/openaq/historical/PROJ_101/co/PROJ_101_12235262_co_2026_06_p1_20260924T233748.json","2026-09-24T18:07:48Z","2026-09-24T18:07:48Z",200,""
15,"PROJ_133",10599,12236100,"o3","2026-05-31T18:30:00Z","2026-06-30T18:29:59Z","completed",1,616,616,1,"data/raw/air_quality/openaq/historical/PROJ_133/o3/PROJ_133_12236100_o3_2026_06_p1_20260924T233754.json","2026-09-24T18:07:54Z","2026-09-24T18:07:54Z",200,""
15,"PROJ_133",10599,12236101,"pm10","2026-05-31T18:30:00Z","2026-06-30T18:29:59Z","completed",1,613,613,1,"data/raw/air_quality/openaq/historical/PROJ_133/pm10/PROJ_133_12236101_pm10_2026_06_p1_20260924T233758.json","2026-09-24T18:07:59Z","2026-09-24T18:07:59Z",200,""
15,"PROJ_133",10599,12236097,"co","2026-05-31T18:30:00Z","2026-06-30T18:29:59Z","completed",1,617,617,1,"data/raw/air_quality/openaq/historical/PROJ_133/co/PROJ_133_12236097_co_2026_06_p1_20260924T233804.json","2026-09-24T18:08:04Z","2026-09-24T18:08:04Z",200,""
15,"PROJ_133",10599,12236104,"so2","2026-05-31T18:30:00Z","2026-06-30T18:29:59Z","completed",1,615,615,1,"data/raw/air_quality/openaq/historical/PROJ_133/so2/PROJ_133_12236104_so2_2026_06_p1_20260924T233809.json","2026-09-24T18:08:09Z","2026-09-24T18:08:09Z",200,""
15,"PROJ_133",10599,12236102,"pm2_5","2026-05-31T18:30:00Z","2026-06-30T18:29:59Z","completed",1,614,614,1,"data/raw/air_quality/openaq/historical/PROJ_133/pm2_5/PROJ_133_12236102_pm2_5_2026_06_p1_20260924T233814.json","2026-09-24T18:08:14Z","2026-09-24T18:08:14Z",200,""
15,"PROJ_133",10599,12236099,"no2","2026-05-31T18:30:00Z","2026-06-30T18:29:59Z","completed",1,617,617,1,"data/raw/air_quality/openaq/historical/PROJ_133/no2/PROJ_133_12236099_no2_2026_06_p1_20260924T233819.json","2026-09-24T18:08:19Z","2026-09-24T18:08:19Z",200,""
15,"PROJ_142",10903,12235758,"no2","2026-05-31T18:30:00Z","2026-06-30T18:29:59Z","completed",1,514,514,1,"data/raw/air_quality/openaq/historical/PROJ_142/no2/PROJ_142_12235758_no2_2026_06_p1_20260924T233823.json","2026-09-24T18:08:24Z","2026-09-24T18:08:24Z",200,""
15,"PROJ_142",10903,12235763,"so2","2026-05-31T18:30:00Z","2026-06-30T18:29:59Z","completed",1,586,586,1,"data/raw/air_quality/openaq/historical/PROJ_142/so2/PROJ_142_12235763_so2_2026_06_p1_20260924T233829.json","2026-09-24T18:08:29Z","2026-09-24T18:08:29Z",200,""
15,"PROJ_142",10903,12235756,"co","2026-05-31T18:30:00Z","2026-06-30T18:29:59Z","completed",1,586,586,1,"data/raw/air_quality/openaq/historical/PROJ_142/co/PROJ_142_12235756_co_2026_06_p1_20260924T233833.json","2026-09-24T18:08:34Z","2026-09-24T18:08:34Z",200,""
15,"PROJ_142",10903,12235760,"pm10","2026-05-31T18:30:00Z","2026-06-30T18:29:59Z","completed",1,573,573,1,"data/raw/air_quality/openaq/historical/PROJ_142/pm10/PROJ_142_12235760_pm10_2026_06_p1_20260924T233838.json","2026-09-24T18:08:38Z","2026-09-24T18:08:38Z",200,""
15,"PROJ_142",10903,12235759,"o3","2026-05-31T18:30:00Z","2026-06-30T18:29:59Z","completed",1,527,527,1,"data/raw/air_quality/openaq/historical/PROJ_142/o3/PROJ_142_12235759_o3_2026_06_p1_20260924T233842.json","2026-09-24T18:08:42Z","2026-09-24T18:08:42Z",200,""
15,"PROJ_142",10903,12235761,"pm2_5","2026-05-31T18:30:00Z","2026-06-30T18:29:59Z","completed",1,571,571,1,"data/raw/air_quality/openaq/historical/PROJ_142/pm2_5/PROJ_142_12235761_pm2_5_2026_06_p1_20260924T233847.json","2026-09-24T18:08:47Z","2026-09-24T18:08:47Z",200,""
15,"PROJ_144",10913,12236019,"o3","2026-05-31T18:30:00Z","2026-06-30T18:29:59Z","completed",1,618,618,1,"data/raw/air_quality/openaq/historical/PROJ_144/o3/PROJ_144_12236019_o3_2026_06_p1_20260924T233850.json","2026-09-24T18:08:51Z","2026-09-24T18:08:51Z",200,""
15,"PROJ_144",10913,12236023,"so2","2026-05-31T18:30:00Z","2026-06-30T18:29:59Z","completed",1,614,614,1,"data/raw/air_quality/openaq/historical/PROJ_144/so2/PROJ_144_12236023_so2_2026_06_p1_20260924T233855.json","2026-09-24T18:08:56Z","2026-09-24T18:08:56Z",200,""
15,"PROJ_144",10913,12236021,"pm2_5","2026-05-31T18:30:00Z","2026-06-30T18:29:59Z","completed",1,600,600,1,"data/raw/air_quality/openaq/historical/PROJ_144/pm2_5/PROJ_144_12236021_pm2_5_2026_06_p1_20260924T233900.json","2026-09-24T18:09:00Z","2026-09-24T18:09:00Z",200,""
15,"PROJ_144",10913,12236020,"pm10","2026-05-31T18:30:00Z","2026-06-30T18:29:59Z","completed",1,613,613,1,"data/raw/air_quality/openaq/historical/PROJ_144/pm10/PROJ_144_12236020_pm10_2026_06_p1_20260924T233903.json","2026-09-24T18:09:04Z","2026-09-24T18:09:04Z",200,""
15,"PROJ_144",10913,12236016,"co","2026-05-31T18:30:00Z","2026-06-30T18:29:59Z","completed",1,607,607,1,"data/raw/air_quality/openaq/historical/PROJ_144/co/PROJ_144_12236016_co_2026_06_p1_20260924T233909.json","2026-09-24T18:09:09Z","2026-09-24T18:09:09Z",200,""
15,"PROJ_144",10913,12236018,"no2","2026-05-31T18:30:00Z","2026-06-30T18:29:59Z","completed",1,620,620,1,"data/raw/air_quality/openaq/historical/PROJ_144/no2/PROJ_144_12236018_no2_2026_06_p1_20260924T233914.json","2026-09-24T18:09:14Z","2026-09-24T18:09:14Z",200,""
15,"PROJ_158",11613,12236463,"pm2_5","2026-05-31T18:30:00Z","2026-06-30T18:29:59Z","completed",1,626,626,1,"data/raw/air_quality/openaq/historical/PROJ_158/pm2_5/PROJ_158_12236463_pm2_5_2026_06_p1_20260924T233919.json","2026-09-24T18:09:19Z","2026-09-24T18:09:19Z",200,""
15,"PROJ_158",11613,12236458,"co","2026-05-31T18:30:00Z","2026-06-30T18:29:59Z","completed",1,636,636,1,"data/raw/air_quality/openaq/historical/PROJ_158/co/PROJ_158_12236458_co_2026_06_p1_20260924T233923.json","2026-09-24T18:09:23Z","2026-09-24T18:09:23Z",200,""
15,"PROJ_158",11613,12236460,"no2","2026-05-31T18:30:00Z","2026-06-30T18:29:59Z","completed",1,636,636,1,"data/raw/air_quality/openaq/historical/PROJ_158/no2/PROJ_158_12236460_no2_2026_06_p1_20260924T233926.json","2026-09-24T18:09:27Z","2026-09-24T18:09:27Z",200,""
15,"PROJ_158",11613,12236461,"o3","2026-05-31T18:30:00Z","2026-06-30T18:29:59Z","completed",1,636,636,1,"data/raw/air_quality/openaq/historical/PROJ_158/o3/PROJ_158_12236461_o3_2026_06_p1_20260924T233930.json","2026-09-24T18:09:30Z","2026-09-24T18:09:30Z",200,""
15,"PROJ_158",11613,12236465,"so2","2026-05-31T18:30:00Z","2026-06-30T18:29:59Z","completed",1,632,632,1,"data/raw/air_quality/openaq/historical/PROJ_158/so2/PROJ_158_12236465_so2_2026_06_p1_20260924T233933.json","2026-09-24T18:09:33Z","2026-09-24T18:09:33Z",200,""
15,"PROJ_158",11613,12236462,"pm10","2026-05-31T18:30:00Z","2026-06-30T18:29:59Z","completed",1,628,628,1,"data/raw/air_quality/openaq/historical/PROJ_158/pm10/PROJ_158_12236462_pm10_2026_06_p1_20260924T233938.json","2026-09-24T18:09:38Z","2026-09-24T18:09:38Z",200,""
15,"PROJ_179",344103,12237100,"so2","2026-05-31T18:30:00Z","2026-06-30T18:29:59Z","completed",1,553,553,1,"data/raw/air_quality/openaq/historical/PROJ_179/so2/PROJ_179_12237100_so2_2026_06_p1_20260924T233942.json","2026-09-24T18:09:43Z","2026-09-24T18:09:43Z",200,""
15,"PROJ_179",344103,12237093,"co","2026-05-31T18:30:00Z","2026-06-30T18:29:59Z","completed",1,559,559,1,"data/raw/air_quality/openaq/historical/PROJ_179/co/PROJ_179_12237093_co_2026_06_p1_20260924T233946.json","2026-09-24T18:09:46Z","2026-09-24T18:09:46Z",200,""
15,"PROJ_179",344103,12237096,"o3","2026-05-31T18:30:00Z","2026-06-30T18:29:59Z","completed",1,559,559,1,"data/raw/air_quality/openaq/historical/PROJ_179/o3/PROJ_179_12237096_o3_2026_06_p1_20260924T233949.json","2026-09-24T18:09:49Z","2026-09-24T18:09:49Z",200,""
15,"PROJ_179",344103,12237097,"pm10","2026-05-31T18:30:00Z","2026-06-30T18:29:59Z","completed",1,557,557,1,"data/raw/air_quality/openaq/historical/PROJ_179/pm10/PROJ_179_12237097_pm10_2026_06_p1_20260924T233953.json","2026-09-24T18:09:53Z","2026-09-24T18:09:53Z",200,""
15,"PROJ_179",344103,12237098,"pm2_5","2026-05-31T18:30:00Z","2026-06-30T18:29:59Z","completed",1,559,559,1,"data/raw/air_quality/openaq/historical/PROJ_179/pm2_5/PROJ_179_12237098_pm2_5_2026_06_p1_20260924T234001.json","2026-09-24T18:10:01Z","2026-09-24T18:10:01Z",200,""
15,"PROJ_179",344103,12237095,"no2","2026-05-31T18:30:00Z","2026-06-30T18:29:59Z","completed",1,558,558,1,"data/raw/air_quality/openaq/historical/PROJ_179/no2/PROJ_179_12237095_no2_2026_06_p1_20260924T234005.json","2026-09-24T18:10:06Z","2026-09-24T18:10:06Z",200,""
15,"PROJ_180",344104,12237125,"pm2_5","2026-05-31T18:30:00Z","2026-06-30T18:29:59Z","completed",1,587,587,1,"data/raw/air_quality/openaq/historical/PROJ_180/pm2_5/PROJ_180_12237125_pm2_5_2026_06_p1_20260924T234009.json","2026-09-24T18:10:09Z","2026-09-24T18:10:09Z",200,""
15,"PROJ_180",344104,12237122,"no2","2026-05-31T18:30:00Z","2026-06-30T18:29:59Z","completed",1,586,586,1,"data/raw/air_quality/openaq/historical/PROJ_180/no2/PROJ_180_12237122_no2_2026_06_p1_20260924T234012.json","2026-09-24T18:10:13Z","2026-09-24T18:10:13Z",200,""
15,"PROJ_180",344104,12237124,"pm10","2026-05-31T18:30:00Z","2026-06-30T18:29:59Z","completed",1,585,585,1,"data/raw/air_quality/openaq/historical/PROJ_180/pm10/PROJ_180_12237124_pm10_2026_06_p1_20260924T234016.json","2026-09-24T18:10:16Z","2026-09-24T18:10:16Z",200,""
15,"PROJ_180",344104,12237127,"so2","2026-05-31T18:30:00Z","2026-06-30T18:29:59Z","completed",1,585,585,1,"data/raw/air_quality/openaq/historical/PROJ_180/so2/PROJ_180_12237127_so2_2026_06_p1_20260924T234021.json","2026-09-24T18:10:22Z","2026-09-24T18:10:22Z",200,""
15,"PROJ_180",344104,12237123,"o3","2026-05-31T18:30:00Z","2026-06-30T18:29:59Z","completed",1,587,587,1,"data/raw/air_quality/openaq/historical/PROJ_180/o3/PROJ_180_12237123_o3_2026_06_p1_20260924T234025.json","2026-09-24T18:10:25Z","2026-09-24T18:10:25Z",200,""
15,"PROJ_180",344104,12237120,"co","2026-05-31T18:30:00Z","2026-06-30T18:29:59Z","completed",1,585,585,1,"data/raw/air_quality/openaq/historical/PROJ_180/co/PROJ_180_12237120_co_2026_06_p1_20260924T234028.json","2026-09-24T18:10:28Z","2026-09-24T18:10:28Z",200,""
15,"PROJ_181",344140,12237111,"co","2026-05-31T18:30:00Z","2026-06-30T18:29:59Z","completed",1,616,616,1,"data/raw/air_quality/openaq/historical/PROJ_181/co/PROJ_181_12237111_co_2026_06_p1_20260924T234031.json","2026-09-24T18:10:32Z","2026-09-24T18:10:32Z",200,""
15,"PROJ_181",344140,12237114,"o3","2026-05-31T18:30:00Z","2026-06-30T18:29:59Z","completed",1,616,616,1,"data/raw/air_quality/openaq/historical/PROJ_181/o3/PROJ_181_12237114_o3_2026_06_p1_20260924T234036.json","2026-09-24T18:10:37Z","2026-09-24T18:10:37Z",200,""
15,"PROJ_181",344140,12237113,"no2","2026-05-31T18:30:00Z","2026-06-30T18:29:59Z","completed",1,615,615,1,"data/raw/air_quality/openaq/historical/PROJ_181/no2/PROJ_181_12237113_no2_2026_06_p1_20260924T234041.json","2026-09-24T18:10:41Z","2026-09-24T18:10:41Z",200,""
15,"PROJ_181",344140,12237115,"pm10","2026-05-31T18:30:00Z","2026-06-30T18:29:59Z","completed",1,600,600,1,"data/raw/air_quality/openaq/historical/PROJ_181/pm10/PROJ_181_12237115_pm10_2026_06_p1_20260924T234046.json","2026-09-24T18:10:46Z","2026-09-24T18:10:46Z",200,""
15,"PROJ_181",344140,12237118,"so2","2026-05-31T18:30:00Z","2026-06-30T18:29:59Z","completed",1,616,616,1,"data/raw/air_quality/openaq/historical/PROJ_181/so2/PROJ_181_12237118_so2_2026_06_p1_20260924T234050.json","2026-09-24T18:10:51Z","2026-09-24T18:10:51Z",200,""
15,"PROJ_181",344140,12237116,"pm2_5","2026-05-31T18:30:00Z","2026-06-30T18:29:59Z","completed",1,600,600,1,"data/raw/air_quality/openaq/historical/PROJ_181/pm2_5/PROJ_181_12237116_pm2_5_2026_06_p1_20260924T234054.json","2026-09-24T18:10:54Z","2026-09-24T18:10:54Z",200,""
15,"PROJ_186",352465,12237091,"so2","2026-05-31T18:30:00Z","2026-06-30T18:29:59Z","completed",1,594,594,1,"data/raw/air_quality/openaq/historical/PROJ_186/so2/PROJ_186_12237091_so2_2026_06_p1_20260924T234059.json","2026-09-24T18:11:00Z","2026-09-24T18:11:00Z",200,""
15,"PROJ_186",352465,12237088,"pm10","2026-05-31T18:30:00Z","2026-06-30T18:29:59Z","completed",1,593,593,1,"data/raw/air_quality/openaq/historical/PROJ_186/pm10/PROJ_186_12237088_pm10_2026_06_p1_20260924T234104.json","2026-09-24T18:11:04Z","2026-09-24T18:11:04Z",200,""
15,"PROJ_186",352465,12237089,"pm2_5","2026-05-31T18:30:00Z","2026-06-30T18:29:59Z","completed",1,593,593,1,"data/raw/air_quality/openaq/historical/PROJ_186/pm2_5/PROJ_186_12237089_pm2_5_2026_06_p1_20260924T234107.json","2026-09-24T18:11:07Z","2026-09-24T18:11:07Z",200,""
15,"PROJ_186",352465,12237086,"no2","2026-05-31T18:30:00Z","2026-06-30T18:29:59Z","completed",1,594,594,1,"data/raw/air_quality/openaq/historical/PROJ_186/no2/PROJ_186_12237086_no2_2026_06_p1_20260924T234110.json","2026-09-24T18:11:11Z","2026-09-24T18:11:11Z",200,""
15,"PROJ_186",352465,12237087,"o3","2026-05-31T18:30:00Z","2026-06-30T18:29:59Z","completed",1,594,594,1,"data/raw/air_quality/openaq/historical/PROJ_186/o3/PROJ_186_12237087_o3_2026_06_p1_20260924T234114.json","2026-09-24T18:11:14Z","2026-09-24T18:11:14Z",200,""
15,"PROJ_186",352465,12237084,"co","2026-05-31T18:30:00Z","2026-06-30T18:29:59Z","completed",1,594,594,1,"data/raw/air_quality/openaq/historical/PROJ_186/co/PROJ_186_12237084_co_2026_06_p1_20260924T234117.json","2026-09-24T18:11:18Z","2026-09-24T18:11:18Z",200,""
15,"PROJ_094",6950,12235885,"o3","2026-05-31T18:30:00Z","2026-06-30T18:29:59Z","completed",1,637,637,1,"data/raw/air_quality/openaq/historical/PROJ_094/o3/PROJ_094_12235885_o3_2026_06_p1_20260924T234122.json","2026-09-24T18:11:22Z","2026-09-24T18:11:22Z",200,""
15,"PROJ_094",6950,12235889,"so2","2026-05-31T18:30:00Z","2026-06-30T18:29:59Z","completed",1,637,637,1,"data/raw/air_quality/openaq/historical/PROJ_094/so2/PROJ_094_12235889_so2_2026_06_p1_20260924T234128.json","2026-09-24T18:11:28Z","2026-09-24T18:11:28Z",200,""
15,"PROJ_094",6950,12235884,"no2","2026-05-31T18:30:00Z","2026-06-30T18:29:59Z","completed",1,637,637,1,"data/raw/air_quality/openaq/historical/PROJ_094/no2/PROJ_094_12235884_no2_2026_06_p1_20260924T234132.json","2026-09-24T18:11:33Z","2026-09-24T18:11:33Z",200,""
15,"PROJ_094",6950,12235886,"pm10","2026-05-31T18:30:00Z","2026-06-30T18:29:59Z","completed",1,637,637,1,"data/raw/air_quality/openaq/historical/PROJ_094/pm10/PROJ_094_12235886_pm10_2026_06_p1_20260924T234136.json","2026-09-24T18:11:36Z","2026-09-24T18:11:36Z",200,""
15,"PROJ_094",6950,12235882,"co","2026-05-31T18:30:00Z","2026-06-30T18:29:59Z","completed",1,605,605,1,"data/raw/air_quality/openaq/historical/PROJ_094/co/PROJ_094_12235882_co_2026_06_p1_20260924T234140.json","2026-09-24T18:11:41Z","2026-09-24T18:11:41Z",200,""
15,"PROJ_094",6950,12235887,"pm2_5","2026-05-31T18:30:00Z","2026-06-30T18:29:59Z","completed",1,637,637,1,"data/raw/air_quality/openaq/historical/PROJ_094/pm2_5/PROJ_094_12235887_pm2_5_2026_06_p1_20260924T234145.json","2026-09-24T18:11:46Z","2026-09-24T18:11:46Z",200,""
16,"PROJ_002",17,12234785,"o3","2026-06-30T18:30:00Z","2026-07-31T18:29:59Z","completed",1,676,676,1,"data/raw/air_quality/openaq/historical/PROJ_002/o3/PROJ_002_12234785_o3_2026_07_p1_20260924T234150.json","2026-09-24T18:11:50Z","2026-09-24T18:11:50Z",200,""
16,"PROJ_002",17,12234787,"pm2_5","2026-06-30T18:30:00Z","2026-07-31T18:29:59Z","completed",1,689,689,1,"data/raw/air_quality/openaq/historical/PROJ_002/pm2_5/PROJ_002_12234787_pm2_5_2026_07_p1_20260924T234154.json","2026-09-24T18:11:55Z","2026-09-24T18:11:55Z",200,""
16,"PROJ_002",17,12234784,"no2","2026-06-30T18:30:00Z","2026-07-31T18:29:59Z","completed",1,719,719,1,"data/raw/air_quality/openaq/historical/PROJ_002/no2/PROJ_002_12234784_no2_2026_07_p1_20260924T234159.json","2026-09-24T18:12:00Z","2026-09-24T18:12:00Z",200,""
16,"PROJ_002",17,12234786,"pm10","2026-06-30T18:30:00Z","2026-07-31T18:29:59Z","completed",1,716,716,1,"data/raw/air_quality/openaq/historical/PROJ_002/pm10/PROJ_002_12234786_pm10_2026_07_p1_20260924T234203.json","2026-09-24T18:12:04Z","2026-09-24T18:12:04Z",200,""
16,"PROJ_002",17,12234782,"co","2026-06-30T18:30:00Z","2026-07-31T18:29:59Z","completed",1,716,716,1,"data/raw/air_quality/openaq/historical/PROJ_002/co/PROJ_002_12234782_co_2026_07_p1_20260924T234208.json","2026-09-24T18:12:08Z","2026-09-24T18:12:08Z",200,""
16,"PROJ_002",17,12234789,"so2","2026-06-30T18:30:00Z","2026-07-31T18:29:59Z","completed",1,680,680,1,"data/raw/air_quality/openaq/historical/PROJ_002/so2/PROJ_002_12234789_so2_2026_07_p1_20260924T234212.json","2026-09-24T18:12:12Z","2026-09-24T18:12:12Z",200,""
16,"PROJ_007",407,12235585,"so2","2026-06-30T18:30:00Z","2026-07-31T18:29:59Z","completed",1,580,580,1,"data/raw/air_quality/openaq/historical/PROJ_007/so2/PROJ_007_12235585_so2_2026_07_p1_20260924T234217.json","2026-09-24T18:12:17Z","2026-09-24T18:12:17Z",200,""
16,"PROJ_007",407,12235581,"o3","2026-06-30T18:30:00Z","2026-07-31T18:29:59Z","completed",1,542,542,1,"data/raw/air_quality/openaq/historical/PROJ_007/o3/PROJ_007_12235581_o3_2026_07_p1_20260924T234221.json","2026-09-24T18:12:21Z","2026-09-24T18:12:21Z",200,""
16,"PROJ_007",407,12235578,"co","2026-06-30T18:30:00Z","2026-07-31T18:29:59Z","completed",1,597,597,1,"data/raw/air_quality/openaq/historical/PROJ_007/co/PROJ_007_12235578_co_2026_07_p1_20260924T234224.json","2026-09-24T18:12:24Z","2026-09-24T18:12:24Z",200,""
16,"PROJ_007",407,12235580,"no2","2026-06-30T18:30:00Z","2026-07-31T18:29:59Z","completed",1,586,586,1,"data/raw/air_quality/openaq/historical/PROJ_007/no2/PROJ_007_12235580_no2_2026_07_p1_20260924T234229.json","2026-09-24T18:12:29Z","2026-09-24T18:12:29Z",200,""
16,"PROJ_007",407,12235583,"pm2_5","2026-06-30T18:30:00Z","2026-07-31T18:29:59Z","completed",1,574,574,1,"data/raw/air_quality/openaq/historical/PROJ_007/pm2_5/PROJ_007_12235583_pm2_5_2026_07_p1_20260924T234232.json","2026-09-24T18:12:33Z","2026-09-24T18:12:33Z",200,""
16,"PROJ_007",407,12235582,"pm10","2026-06-30T18:30:00Z","2026-07-31T18:29:59Z","completed",1,578,578,1,"data/raw/air_quality/openaq/historical/PROJ_007/pm10/PROJ_007_12235582_pm10_2026_07_p1_20260924T234237.json","2026-09-24T18:12:38Z","2026-09-24T18:12:38Z",200,""
16,"PROJ_019",2586,12235655,"so2","2026-06-30T18:30:00Z","2026-07-31T18:29:59Z","completed",1,583,583,1,"data/raw/air_quality/openaq/historical/PROJ_019/so2/PROJ_019_12235655_so2_2026_07_p1_20260924T234242.json","2026-09-24T18:12:43Z","2026-09-24T18:12:43Z",200,""
16,"PROJ_019",2586,12235648,"co","2026-06-30T18:30:00Z","2026-07-31T18:29:59Z","completed",1,650,650,1,"data/raw/air_quality/openaq/historical/PROJ_019/co/PROJ_019_12235648_co_2026_07_p1_20260924T234247.json","2026-09-24T18:12:47Z","2026-09-24T18:12:47Z",200,""
16,"PROJ_019",2586,12235653,"pm2_5","2026-06-30T18:30:00Z","2026-07-31T18:29:59Z","completed",1,584,584,1,"data/raw/air_quality/openaq/historical/PROJ_019/pm2_5/PROJ_019_12235653_pm2_5_2026_07_p1_20260924T234250.json","2026-09-24T18:12:51Z","2026-09-24T18:12:51Z",200,""
16,"PROJ_019",2586,12235652,"pm10","2026-06-30T18:30:00Z","2026-07-31T18:29:59Z","completed",1,622,622,1,"data/raw/air_quality/openaq/historical/PROJ_019/pm10/PROJ_019_12235652_pm10_2026_07_p1_20260924T234254.json","2026-09-24T18:12:54Z","2026-09-24T18:12:54Z",200,""
16,"PROJ_019",2586,12235650,"no2","2026-06-30T18:30:00Z","2026-07-31T18:29:59Z","completed",1,607,607,1,"data/raw/air_quality/openaq/historical/PROJ_019/no2/PROJ_019_12235650_no2_2026_07_p1_20260924T234259.json","2026-09-24T18:12:59Z","2026-09-24T18:12:59Z",200,""
16,"PROJ_019",2586,12235651,"o3","2026-06-30T18:30:00Z","2026-07-31T18:29:59Z","completed",1,647,647,1,"data/raw/air_quality/openaq/historical/PROJ_019/o3/PROJ_019_12235651_o3_2026_07_p1_20260924T234303.json","2026-09-24T18:13:03Z","2026-09-24T18:13:03Z",200,""
16,"PROJ_036",5599,12235400,"pm2_5","2026-06-30T18:30:00Z","2026-07-31T18:29:59Z","empty_valid_response",1,0,0,1,"data/raw/air_quality/openaq/historical/PROJ_036/pm2_5/PROJ_036_12235400_pm2_5_2026_07_p1_20260924T234306.json","2026-09-24T18:13:06Z","2026-09-24T18:13:06Z",200,""
16,"PROJ_036",5599,12235399,"pm10","2026-06-30T18:30:00Z","2026-07-31T18:29:59Z","empty_valid_response",1,0,0,1,"data/raw/air_quality/openaq/historical/PROJ_036/pm10/PROJ_036_12235399_pm10_2026_07_p1_20260924T234309.json","2026-09-24T18:13:09Z","2026-09-24T18:13:09Z",200,""
16,"PROJ_036",5599,12235402,"so2","2026-06-30T18:30:00Z","2026-07-31T18:29:59Z","empty_valid_response",1,0,0,1,"data/raw/air_quality/openaq/historical/PROJ_036/so2/PROJ_036_12235402_so2_2026_07_p1_20260924T234311.json","2026-09-24T18:13:11Z","2026-09-24T18:13:11Z",200,""
16,"PROJ_036",5599,12235398,"o3","2026-06-30T18:30:00Z","2026-07-31T18:29:59Z","empty_valid_response",1,0,0,1,"data/raw/air_quality/openaq/historical/PROJ_036/o3/PROJ_036_12235398_o3_2026_07_p1_20260924T234314.json","2026-09-24T18:13:14Z","2026-09-24T18:13:14Z",200,""
16,"PROJ_036",5599,12235395,"co","2026-06-30T18:30:00Z","2026-07-31T18:29:59Z","empty_valid_response",1,0,0,1,"data/raw/air_quality/openaq/historical/PROJ_036/co/PROJ_036_12235395_co_2026_07_p1_20260924T234317.json","2026-09-24T18:13:17Z","2026-09-24T18:13:17Z",200,""
16,"PROJ_036",5599,12235397,"no2","2026-06-30T18:30:00Z","2026-07-31T18:29:59Z","empty_valid_response",1,0,0,1,"data/raw/air_quality/openaq/historical/PROJ_036/no2/PROJ_036_12235397_no2_2026_07_p1_20260924T234320.json","2026-09-24T18:13:20Z","2026-09-24T18:13:20Z",200,""
16,"PROJ_042",5621,12235625,"pm10","2026-06-30T18:30:00Z","2026-07-31T18:29:59Z","completed",1,695,695,1,"data/raw/air_quality/openaq/historical/PROJ_042/pm10/PROJ_042_12235625_pm10_2026_07_p1_20260924T234324.json","2026-09-24T18:13:24Z","2026-09-24T18:13:24Z",200,""
16,"PROJ_042",5621,12235623,"no2","2026-06-30T18:30:00Z","2026-07-31T18:29:59Z","completed",1,735,735,1,"data/raw/air_quality/openaq/historical/PROJ_042/no2/PROJ_042_12235623_no2_2026_07_p1_20260924T234329.json","2026-09-24T18:13:29Z","2026-09-24T18:13:29Z",200,""
16,"PROJ_042",5621,12235626,"pm2_5","2026-06-30T18:30:00Z","2026-07-31T18:29:59Z","completed",1,695,695,1,"data/raw/air_quality/openaq/historical/PROJ_042/pm2_5/PROJ_042_12235626_pm2_5_2026_07_p1_20260924T234334.json","2026-09-24T18:13:34Z","2026-09-24T18:13:34Z",200,""
16,"PROJ_042",5621,12235621,"co","2026-06-30T18:30:00Z","2026-07-31T18:29:59Z","completed",1,735,735,1,"data/raw/air_quality/openaq/historical/PROJ_042/co/PROJ_042_12235621_co_2026_07_p1_20260924T234337.json","2026-09-24T18:13:38Z","2026-09-24T18:13:38Z",200,""
16,"PROJ_042",5621,12235628,"so2","2026-06-30T18:30:00Z","2026-07-31T18:29:59Z","completed",1,735,735,1,"data/raw/air_quality/openaq/historical/PROJ_042/so2/PROJ_042_12235628_so2_2026_07_p1_20260924T234342.json","2026-09-24T18:13:42Z","2026-09-24T18:13:42Z",200,""
16,"PROJ_042",5621,12235624,"o3","2026-06-30T18:30:00Z","2026-07-31T18:29:59Z","completed",1,735,735,1,"data/raw/air_quality/openaq/historical/PROJ_042/o3/PROJ_042_12235624_o3_2026_07_p1_20260924T234347.json","2026-09-24T18:13:47Z","2026-09-24T18:13:47Z",200,""
16,"PROJ_044",5623,12242116,"co","2026-06-30T18:30:00Z","2026-07-31T18:29:59Z","completed",1,725,725,1,"data/raw/air_quality/openaq/historical/PROJ_044/co/PROJ_044_12242116_co_2026_07_p1_20260924T234352.json","2026-09-24T18:13:52Z","2026-09-24T18:13:52Z",200,""
16,"PROJ_044",5623,12242118,"no2","2026-06-30T18:30:00Z","2026-07-31T18:29:59Z","completed",1,710,710,1,"data/raw/air_quality/openaq/historical/PROJ_044/no2/PROJ_044_12242118_no2_2026_07_p1_20260924T234357.json","2026-09-24T18:13:58Z","2026-09-24T18:13:58Z",200,""
16,"PROJ_044",5623,12242119,"o3","2026-06-30T18:30:00Z","2026-07-31T18:29:59Z","completed",1,725,725,1,"data/raw/air_quality/openaq/historical/PROJ_044/o3/PROJ_044_12242119_o3_2026_07_p1_20260924T234402.json","2026-09-24T18:14:02Z","2026-09-24T18:14:02Z",200,""
16,"PROJ_044",5623,12242121,"pm2_5","2026-06-30T18:30:00Z","2026-07-31T18:29:59Z","completed",1,624,624,1,"data/raw/air_quality/openaq/historical/PROJ_044/pm2_5/PROJ_044_12242121_pm2_5_2026_07_p1_20260924T234407.json","2026-09-24T18:14:07Z","2026-09-24T18:14:07Z",200,""
16,"PROJ_044",5623,12242120,"pm10","2026-06-30T18:30:00Z","2026-07-31T18:29:59Z","completed",1,539,539,1,"data/raw/air_quality/openaq/historical/PROJ_044/pm10/PROJ_044_12242120_pm10_2026_07_p1_20260924T234411.json","2026-09-24T18:14:11Z","2026-09-24T18:14:11Z",200,""
16,"PROJ_044",5623,12242123,"so2","2026-06-30T18:30:00Z","2026-07-31T18:29:59Z","completed",1,707,707,1,"data/raw/air_quality/openaq/historical/PROJ_044/so2/PROJ_044_12242123_so2_2026_07_p1_20260924T234415.json","2026-09-24T18:14:15Z","2026-09-24T18:14:15Z",200,""
16,"PROJ_048",5628,12235460,"pm2_5","2026-06-30T18:30:00Z","2026-07-31T18:29:59Z","completed",1,708,708,1,"data/raw/air_quality/openaq/historical/PROJ_048/pm2_5/PROJ_048_12235460_pm2_5_2026_07_p1_20260924T234420.json","2026-09-24T18:14:20Z","2026-09-24T18:14:20Z",200,""
16,"PROJ_048",5628,12235458,"o3","2026-06-30T18:30:00Z","2026-07-31T18:29:59Z","completed",1,723,723,1,"data/raw/air_quality/openaq/historical/PROJ_048/o3/PROJ_048_12235458_o3_2026_07_p1_20260924T234424.json","2026-09-24T18:14:24Z","2026-09-24T18:14:24Z",200,""
16,"PROJ_048",5628,12235455,"co","2026-06-30T18:30:00Z","2026-07-31T18:29:59Z","completed",1,590,590,1,"data/raw/air_quality/openaq/historical/PROJ_048/co/PROJ_048_12235455_co_2026_07_p1_20260924T234429.json","2026-09-24T18:14:29Z","2026-09-24T18:14:29Z",200,""
16,"PROJ_048",5628,12235459,"pm10","2026-06-30T18:30:00Z","2026-07-31T18:29:59Z","completed",1,722,722,1,"data/raw/air_quality/openaq/historical/PROJ_048/pm10/PROJ_048_12235459_pm10_2026_07_p1_20260924T234432.json","2026-09-24T18:14:33Z","2026-09-24T18:14:33Z",200,""
16,"PROJ_048",5628,12235462,"so2","2026-06-30T18:30:00Z","2026-07-31T18:29:59Z","completed",1,723,723,1,"data/raw/air_quality/openaq/historical/PROJ_048/so2/PROJ_048_12235462_so2_2026_07_p1_20260924T234436.json","2026-09-24T18:14:36Z","2026-09-24T18:14:36Z",200,""
16,"PROJ_048",5628,12235457,"no2","2026-06-30T18:30:00Z","2026-07-31T18:29:59Z","completed",1,723,723,1,"data/raw/air_quality/openaq/historical/PROJ_048/no2/PROJ_048_12235457_no2_2026_07_p1_20260924T234441.json","2026-09-24T18:14:41Z","2026-09-24T18:14:41Z",200,""
16,"PROJ_050",5631,12235666,"co","2026-06-30T18:30:00Z","2026-07-31T18:29:59Z","completed",1,730,730,1,"data/raw/air_quality/openaq/historical/PROJ_050/co/PROJ_050_12235666_co_2026_07_p1_20260924T234446.json","2026-09-24T18:14:46Z","2026-09-24T18:14:46Z",200,""
16,"PROJ_050",5631,12235668,"no2","2026-06-30T18:30:00Z","2026-07-31T18:29:59Z","completed",1,713,713,1,"data/raw/air_quality/openaq/historical/PROJ_050/no2/PROJ_050_12235668_no2_2026_07_p1_20260924T234449.json","2026-09-24T18:14:50Z","2026-09-24T18:14:50Z",200,""
16,"PROJ_050",5631,12235670,"pm10","2026-06-30T18:30:00Z","2026-07-31T18:29:59Z","completed",1,690,690,1,"data/raw/air_quality/openaq/historical/PROJ_050/pm10/PROJ_050_12235670_pm10_2026_07_p1_20260924T234454.json","2026-09-24T18:14:54Z","2026-09-24T18:14:54Z",200,""
16,"PROJ_050",5631,12235673,"so2","2026-06-30T18:30:00Z","2026-07-31T18:29:59Z","completed",1,724,724,1,"data/raw/air_quality/openaq/historical/PROJ_050/so2/PROJ_050_12235673_so2_2026_07_p1_20260924T234500.json","2026-09-24T18:15:00Z","2026-09-24T18:15:00Z",200,""
16,"PROJ_050",5631,12235671,"pm2_5","2026-06-30T18:30:00Z","2026-07-31T18:29:59Z","completed",1,690,690,1,"data/raw/air_quality/openaq/historical/PROJ_050/pm2_5/PROJ_050_12235671_pm2_5_2026_07_p1_20260924T234503.json","2026-09-24T18:15:04Z","2026-09-24T18:15:04Z",200,""
16,"PROJ_050",5631,12235669,"o3","2026-06-30T18:30:00Z","2026-07-31T18:29:59Z","completed",1,724,724,1,"data/raw/air_quality/openaq/historical/PROJ_050/o3/PROJ_050_12235669_o3_2026_07_p1_20260924T234508.json","2026-09-24T18:15:09Z","2026-09-24T18:15:09Z",200,""
16,"PROJ_051",5633,12234804,"pm10","2026-06-30T18:30:00Z","2026-07-31T18:29:59Z","completed",1,662,662,1,"data/raw/air_quality/openaq/historical/PROJ_051/pm10/PROJ_051_12234804_pm10_2026_07_p1_20260924T234514.json","2026-09-24T18:15:14Z","2026-09-24T18:15:14Z",200,""
16,"PROJ_051",5633,12234807,"so2","2026-06-30T18:30:00Z","2026-07-31T18:29:59Z","completed",1,659,659,1,"data/raw/air_quality/openaq/historical/PROJ_051/so2/PROJ_051_12234807_so2_2026_07_p1_20260924T234519.json","2026-09-24T18:15:19Z","2026-09-24T18:15:19Z",200,""
16,"PROJ_051",5633,12234805,"pm2_5","2026-06-30T18:30:00Z","2026-07-31T18:29:59Z","completed",1,660,660,1,"data/raw/air_quality/openaq/historical/PROJ_051/pm2_5/PROJ_051_12234805_pm2_5_2026_07_p1_20260924T234524.json","2026-09-24T18:15:25Z","2026-09-24T18:15:25Z",200,""
16,"PROJ_051",5633,12234800,"co","2026-06-30T18:30:00Z","2026-07-31T18:29:59Z","completed",1,671,671,1,"data/raw/air_quality/openaq/historical/PROJ_051/co/PROJ_051_12234800_co_2026_07_p1_20260924T234529.json","2026-09-24T18:15:30Z","2026-09-24T18:15:30Z",200,""
16,"PROJ_051",5633,12234803,"o3","2026-06-30T18:30:00Z","2026-07-31T18:29:59Z","completed",1,674,674,1,"data/raw/air_quality/openaq/historical/PROJ_051/o3/PROJ_051_12234803_o3_2026_07_p1_20260924T234534.json","2026-09-24T18:15:35Z","2026-09-24T18:15:35Z",200,""
16,"PROJ_051",5633,12234802,"no2","2026-06-30T18:30:00Z","2026-07-31T18:29:59Z","completed",1,665,665,1,"data/raw/air_quality/openaq/historical/PROJ_051/no2/PROJ_051_12234802_no2_2026_07_p1_20260924T234539.json","2026-09-24T18:15:39Z","2026-09-24T18:15:39Z",200,""
16,"PROJ_063",5659,12235521,"pm10","2026-06-30T18:30:00Z","2026-07-31T18:29:59Z","completed",1,664,664,1,"data/raw/air_quality/openaq/historical/PROJ_063/pm10/PROJ_063_12235521_pm10_2026_07_p1_20260924T234544.json","2026-09-24T18:15:44Z","2026-09-24T18:15:44Z",200,""
16,"PROJ_063",5659,12235520,"o3","2026-06-30T18:30:00Z","2026-07-31T18:29:59Z","completed",1,715,715,1,"data/raw/air_quality/openaq/historical/PROJ_063/o3/PROJ_063_12235520_o3_2026_07_p1_20260924T234549.json","2026-09-24T18:15:49Z","2026-09-24T18:15:49Z",200,""
16,"PROJ_063",5659,12235517,"co","2026-06-30T18:30:00Z","2026-07-31T18:29:59Z","completed",1,713,713,1,"data/raw/air_quality/openaq/historical/PROJ_063/co/PROJ_063_12235517_co_2026_07_p1_20260924T234553.json","2026-09-24T18:15:54Z","2026-09-24T18:15:54Z",200,""
16,"PROJ_063",5659,12235524,"so2","2026-06-30T18:30:00Z","2026-07-31T18:29:59Z","completed",1,672,672,1,"data/raw/air_quality/openaq/historical/PROJ_063/so2/PROJ_063_12235524_so2_2026_07_p1_20260924T234557.json","2026-09-24T18:15:58Z","2026-09-24T18:15:58Z",200,""
16,"PROJ_063",5659,12235519,"no2","2026-06-30T18:30:00Z","2026-07-31T18:29:59Z","completed",1,715,715,1,"data/raw/air_quality/openaq/historical/PROJ_063/no2/PROJ_063_12235519_no2_2026_07_p1_20260924T234602.json","2026-09-24T18:16:03Z","2026-09-24T18:16:03Z",200,""
16,"PROJ_063",5659,12235522,"pm2_5","2026-06-30T18:30:00Z","2026-07-31T18:29:59Z","completed",1,658,658,1,"data/raw/air_quality/openaq/historical/PROJ_063/pm2_5/PROJ_063_12235522_pm2_5_2026_07_p1_20260924T234606.json","2026-09-24T18:16:07Z","2026-09-24T18:16:07Z",200,""
16,"PROJ_092",6945,12289836,"so2","2026-06-30T18:30:00Z","2026-07-31T18:29:59Z","completed",1,661,661,1,"data/raw/air_quality/openaq/historical/PROJ_092/so2/PROJ_092_12289836_so2_2026_07_p1_20260924T234612.json","2026-09-24T18:16:12Z","2026-09-24T18:16:12Z",200,""
16,"PROJ_092",6945,12235834,"pm2_5","2026-06-30T18:30:00Z","2026-07-31T18:29:59Z","completed",1,481,481,1,"data/raw/air_quality/openaq/historical/PROJ_092/pm2_5/PROJ_092_12235834_pm2_5_2026_07_p1_20260924T234616.json","2026-09-24T18:16:17Z","2026-09-24T18:16:17Z",200,""
16,"PROJ_092",6945,12235829,"co","2026-06-30T18:30:00Z","2026-07-31T18:29:59Z","completed",1,661,661,1,"data/raw/air_quality/openaq/historical/PROJ_092/co/PROJ_092_12235829_co_2026_07_p1_20260924T234621.json","2026-09-24T18:16:21Z","2026-09-24T18:16:21Z",200,""
16,"PROJ_092",6945,12235833,"pm10","2026-06-30T18:30:00Z","2026-07-31T18:29:59Z","completed",1,481,481,1,"data/raw/air_quality/openaq/historical/PROJ_092/pm10/PROJ_092_12235833_pm10_2026_07_p1_20260924T234624.json","2026-09-24T18:16:25Z","2026-09-24T18:16:25Z",200,""
16,"PROJ_092",6945,12235831,"no2","2026-06-30T18:30:00Z","2026-07-31T18:29:59Z","completed",1,662,662,1,"data/raw/air_quality/openaq/historical/PROJ_092/no2/PROJ_092_12235831_no2_2026_07_p1_20260924T234628.json","2026-09-24T18:16:28Z","2026-09-24T18:16:28Z",200,""
16,"PROJ_092",6945,12235832,"o3","2026-06-30T18:30:00Z","2026-07-31T18:29:59Z","completed",1,661,661,1,"data/raw/air_quality/openaq/historical/PROJ_092/o3/PROJ_092_12235832_o3_2026_07_p1_20260924T234632.json","2026-09-24T18:16:33Z","2026-09-24T18:16:33Z",200,""
16,"PROJ_101",6973,12235269,"so2","2026-06-30T18:30:00Z","2026-07-31T18:29:59Z","completed",1,709,709,1,"data/raw/air_quality/openaq/historical/PROJ_101/so2/PROJ_101_12235269_so2_2026_07_p1_20260924T234637.json","2026-09-24T18:16:38Z","2026-09-24T18:16:38Z",200,""
16,"PROJ_101",6973,12235264,"no2","2026-06-30T18:30:00Z","2026-07-31T18:29:59Z","completed",1,604,604,1,"data/raw/air_quality/openaq/historical/PROJ_101/no2/PROJ_101_12235264_no2_2026_07_p1_20260924T234641.json","2026-09-24T18:16:41Z","2026-09-24T18:16:41Z",200,""
16,"PROJ_101",6973,12235266,"pm10","2026-06-30T18:30:00Z","2026-07-31T18:29:59Z","completed",1,696,696,1,"data/raw/air_quality/openaq/historical/PROJ_101/pm10/PROJ_101_12235266_pm10_2026_07_p1_20260924T234646.json","2026-09-24T18:16:46Z","2026-09-24T18:16:46Z",200,""
16,"PROJ_101",6973,12235267,"pm2_5","2026-06-30T18:30:00Z","2026-07-31T18:29:59Z","completed",1,695,695,1,"data/raw/air_quality/openaq/historical/PROJ_101/pm2_5/PROJ_101_12235267_pm2_5_2026_07_p1_20260924T234650.json","2026-09-24T18:16:50Z","2026-09-24T18:16:50Z",200,""
16,"PROJ_101",6973,12235265,"o3","2026-06-30T18:30:00Z","2026-07-31T18:29:59Z","completed",1,715,715,1,"data/raw/air_quality/openaq/historical/PROJ_101/o3/PROJ_101_12235265_o3_2026_07_p1_20260924T234653.json","2026-09-24T18:16:54Z","2026-09-24T18:16:54Z",200,""
16,"PROJ_101",6973,12235262,"co","2026-06-30T18:30:00Z","2026-07-31T18:29:59Z","completed",1,666,666,1,"data/raw/air_quality/openaq/historical/PROJ_101/co/PROJ_101_12235262_co_2026_07_p1_20260924T234657.json","2026-09-24T18:16:57Z","2026-09-24T18:16:57Z",200,""
16,"PROJ_133",10599,12236100,"o3","2026-06-30T18:30:00Z","2026-07-31T18:29:59Z","completed",1,678,678,1,"data/raw/air_quality/openaq/historical/PROJ_133/o3/PROJ_133_12236100_o3_2026_07_p1_20260924T234702.json","2026-09-24T18:17:02Z","2026-09-24T18:17:02Z",200,""
16,"PROJ_133",10599,12236101,"pm10","2026-06-30T18:30:00Z","2026-07-31T18:29:59Z","completed",1,669,669,1,"data/raw/air_quality/openaq/historical/PROJ_133/pm10/PROJ_133_12236101_pm10_2026_07_p1_20260924T234707.json","2026-09-24T18:17:07Z","2026-09-24T18:17:07Z",200,""
16,"PROJ_133",10599,12236097,"co","2026-06-30T18:30:00Z","2026-07-31T18:29:59Z","completed",1,677,677,1,"data/raw/air_quality/openaq/historical/PROJ_133/co/PROJ_133_12236097_co_2026_07_p1_20260924T234712.json","2026-09-24T18:17:12Z","2026-09-24T18:17:12Z",200,""
16,"PROJ_133",10599,12236104,"so2","2026-06-30T18:30:00Z","2026-07-31T18:29:59Z","completed",1,673,673,1,"data/raw/air_quality/openaq/historical/PROJ_133/so2/PROJ_133_12236104_so2_2026_07_p1_20260924T234717.json","2026-09-24T18:17:17Z","2026-09-24T18:17:17Z",200,""
16,"PROJ_133",10599,12236102,"pm2_5","2026-06-30T18:30:00Z","2026-07-31T18:29:59Z","completed",1,668,668,1,"data/raw/air_quality/openaq/historical/PROJ_133/pm2_5/PROJ_133_12236102_pm2_5_2026_07_p1_20260924T234722.json","2026-09-24T18:17:22Z","2026-09-24T18:17:22Z",200,""
16,"PROJ_133",10599,12236099,"no2","2026-06-30T18:30:00Z","2026-07-31T18:29:59Z","completed",1,678,678,1,"data/raw/air_quality/openaq/historical/PROJ_133/no2/PROJ_133_12236099_no2_2026_07_p1_20260924T234727.json","2026-09-24T18:17:27Z","2026-09-24T18:17:27Z",200,""
16,"PROJ_142",10903,12235758,"no2","2026-06-30T18:30:00Z","2026-07-31T18:29:59Z","completed",1,680,680,1,"data/raw/air_quality/openaq/historical/PROJ_142/no2/PROJ_142_12235758_no2_2026_07_p1_20260924T234732.json","2026-09-24T18:17:32Z","2026-09-24T18:17:32Z",200,""
16,"PROJ_142",10903,12235763,"so2","2026-06-30T18:30:00Z","2026-07-31T18:29:59Z","completed",1,707,707,1,"data/raw/air_quality/openaq/historical/PROJ_142/so2/PROJ_142_12235763_so2_2026_07_p1_20260924T234735.json","2026-09-24T18:17:36Z","2026-09-24T18:17:36Z",200,""
16,"PROJ_142",10903,12235756,"co","2026-06-30T18:30:00Z","2026-07-31T18:29:59Z","completed",1,712,712,1,"data/raw/air_quality/openaq/historical/PROJ_142/co/PROJ_142_12235756_co_2026_07_p1_20260924T234739.json","2026-09-24T18:17:39Z","2026-09-24T18:17:39Z",200,""
16,"PROJ_142",10903,12235760,"pm10","2026-06-30T18:30:00Z","2026-07-31T18:29:59Z","completed",1,653,653,1,"data/raw/air_quality/openaq/historical/PROJ_142/pm10/PROJ_142_12235760_pm10_2026_07_p1_20260924T234744.json","2026-09-24T18:17:44Z","2026-09-24T18:17:44Z",200,""
16,"PROJ_142",10903,12235759,"o3","2026-06-30T18:30:00Z","2026-07-31T18:29:59Z","completed",1,707,707,1,"data/raw/air_quality/openaq/historical/PROJ_142/o3/PROJ_142_12235759_o3_2026_07_p1_20260924T234749.json","2026-09-24T18:17:49Z","2026-09-24T18:17:49Z",200,""
16,"PROJ_142",10903,12235761,"pm2_5","2026-06-30T18:30:00Z","2026-07-31T18:29:59Z","completed",1,705,705,1,"data/raw/air_quality/openaq/historical/PROJ_142/pm2_5/PROJ_142_12235761_pm2_5_2026_07_p1_20260924T234753.json","2026-09-24T18:17:53Z","2026-09-24T18:17:53Z",200,""
16,"PROJ_144",10913,12236019,"o3","2026-06-30T18:30:00Z","2026-07-31T18:29:59Z","completed",1,728,728,1,"data/raw/air_quality/openaq/historical/PROJ_144/o3/PROJ_144_12236019_o3_2026_07_p1_20260924T234758.json","2026-09-24T18:17:59Z","2026-09-24T18:17:59Z",200,""
16,"PROJ_144",10913,12236023,"so2","2026-06-30T18:30:00Z","2026-07-31T18:29:59Z","completed",1,726,726,1,"data/raw/air_quality/openaq/historical/PROJ_144/so2/PROJ_144_12236023_so2_2026_07_p1_20260924T234802.json","2026-09-24T18:18:02Z","2026-09-24T18:18:02Z",200,""
16,"PROJ_144",10913,12236021,"pm2_5","2026-06-30T18:30:00Z","2026-07-31T18:29:59Z","completed",1,725,725,1,"data/raw/air_quality/openaq/historical/PROJ_144/pm2_5/PROJ_144_12236021_pm2_5_2026_07_p1_20260924T234807.json","2026-09-24T18:18:07Z","2026-09-24T18:18:07Z",200,""
16,"PROJ_144",10913,12236020,"pm10","2026-06-30T18:30:00Z","2026-07-31T18:29:59Z","completed",1,725,725,1,"data/raw/air_quality/openaq/historical/PROJ_144/pm10/PROJ_144_12236020_pm10_2026_07_p1_20260924T234810.json","2026-09-24T18:18:10Z","2026-09-24T18:18:10Z",200,""
16,"PROJ_144",10913,12236016,"co","2026-06-30T18:30:00Z","2026-07-31T18:29:59Z","completed",1,727,727,1,"data/raw/air_quality/openaq/historical/PROJ_144/co/PROJ_144_12236016_co_2026_07_p1_20260924T234816.json","2026-09-24T18:18:16Z","2026-09-24T18:18:16Z",200,""
16,"PROJ_144",10913,12236018,"no2","2026-06-30T18:30:00Z","2026-07-31T18:29:59Z","completed",1,727,727,1,"data/raw/air_quality/openaq/historical/PROJ_144/no2/PROJ_144_12236018_no2_2026_07_p1_20260924T234821.json","2026-09-24T18:18:21Z","2026-09-24T18:18:21Z",200,""
16,"PROJ_158",11613,12236463,"pm2_5","2026-06-30T18:30:00Z","2026-07-31T18:29:59Z","completed",1,645,645,1,"data/raw/air_quality/openaq/historical/PROJ_158/pm2_5/PROJ_158_12236463_pm2_5_2026_07_p1_20260924T234825.json","2026-09-24T18:18:26Z","2026-09-24T18:18:26Z",200,""
16,"PROJ_158",11613,12236458,"co","2026-06-30T18:30:00Z","2026-07-31T18:29:59Z","completed",1,683,683,1,"data/raw/air_quality/openaq/historical/PROJ_158/co/PROJ_158_12236458_co_2026_07_p1_20260924T234829.json","2026-09-24T18:18:30Z","2026-09-24T18:18:30Z",200,""
16,"PROJ_158",11613,12236460,"no2","2026-06-30T18:30:00Z","2026-07-31T18:29:59Z","completed",1,656,656,1,"data/raw/air_quality/openaq/historical/PROJ_158/no2/PROJ_158_12236460_no2_2026_07_p1_20260924T234833.json","2026-09-24T18:18:33Z","2026-09-24T18:18:33Z",200,""
16,"PROJ_158",11613,12236461,"o3","2026-06-30T18:30:00Z","2026-07-31T18:29:59Z","completed",1,682,682,1,"data/raw/air_quality/openaq/historical/PROJ_158/o3/PROJ_158_12236461_o3_2026_07_p1_20260924T234838.json","2026-09-24T18:18:38Z","2026-09-24T18:18:38Z",200,""
16,"PROJ_158",11613,12236465,"so2","2026-06-30T18:30:00Z","2026-07-31T18:29:59Z","completed",1,679,679,1,"data/raw/air_quality/openaq/historical/PROJ_158/so2/PROJ_158_12236465_so2_2026_07_p1_20260924T234842.json","2026-09-24T18:18:43Z","2026-09-24T18:18:43Z",200,""
16,"PROJ_158",11613,12236462,"pm10","2026-06-30T18:30:00Z","2026-07-31T18:29:59Z","completed",1,645,645,1,"data/raw/air_quality/openaq/historical/PROJ_158/pm10/PROJ_158_12236462_pm10_2026_07_p1_20260924T234846.json","2026-09-24T18:18:47Z","2026-09-24T18:18:47Z",200,""
16,"PROJ_179",344103,12237100,"so2","2026-06-30T18:30:00Z","2026-07-31T18:29:59Z","completed",1,654,654,1,"data/raw/air_quality/openaq/historical/PROJ_179/so2/PROJ_179_12237100_so2_2026_07_p1_20260924T234852.json","2026-09-24T18:18:53Z","2026-09-24T18:18:53Z",200,""
16,"PROJ_179",344103,12237093,"co","2026-06-30T18:30:00Z","2026-07-31T18:29:59Z","completed",1,667,667,1,"data/raw/air_quality/openaq/historical/PROJ_179/co/PROJ_179_12237093_co_2026_07_p1_20260924T234857.json","2026-09-24T18:18:58Z","2026-09-24T18:18:58Z",200,""
16,"PROJ_179",344103,12237096,"o3","2026-06-30T18:30:00Z","2026-07-31T18:29:59Z","completed",1,669,669,1,"data/raw/air_quality/openaq/historical/PROJ_179/o3/PROJ_179_12237096_o3_2026_07_p1_20260924T234902.json","2026-09-24T18:19:03Z","2026-09-24T18:19:03Z",200,""
16,"PROJ_179",344103,12237097,"pm10","2026-06-30T18:30:00Z","2026-07-31T18:29:59Z","completed",1,651,651,1,"data/raw/air_quality/openaq/historical/PROJ_179/pm10/PROJ_179_12237097_pm10_2026_07_p1_20260924T234906.json","2026-09-24T18:19:06Z","2026-09-24T18:19:06Z",200,""
16,"PROJ_179",344103,12237098,"pm2_5","2026-06-30T18:30:00Z","2026-07-31T18:29:59Z","completed",1,646,646,1,"data/raw/air_quality/openaq/historical/PROJ_179/pm2_5/PROJ_179_12237098_pm2_5_2026_07_p1_20260924T234911.json","2026-09-24T18:19:11Z","2026-09-24T18:19:11Z",200,""
16,"PROJ_179",344103,12237095,"no2","2026-06-30T18:30:00Z","2026-07-31T18:29:59Z","completed",1,630,630,1,"data/raw/air_quality/openaq/historical/PROJ_179/no2/PROJ_179_12237095_no2_2026_07_p1_20260924T234916.json","2026-09-24T18:19:17Z","2026-09-24T18:19:17Z",200,""
16,"PROJ_180",344104,12237125,"pm2_5","2026-06-30T18:30:00Z","2026-07-31T18:29:59Z","completed",1,640,640,1,"data/raw/air_quality/openaq/historical/PROJ_180/pm2_5/PROJ_180_12237125_pm2_5_2026_07_p1_20260924T234921.json","2026-09-24T18:19:21Z","2026-09-24T18:19:21Z",200,""
16,"PROJ_180",344104,12237122,"no2","2026-06-30T18:30:00Z","2026-07-31T18:29:59Z","completed",1,639,639,1,"data/raw/air_quality/openaq/historical/PROJ_180/no2/PROJ_180_12237122_no2_2026_07_p1_20260924T234926.json","2026-09-24T18:19:26Z","2026-09-24T18:19:26Z",200,""
16,"PROJ_180",344104,12237124,"pm10","2026-06-30T18:30:00Z","2026-07-31T18:29:59Z","completed",1,547,547,1,"data/raw/air_quality/openaq/historical/PROJ_180/pm10/PROJ_180_12237124_pm10_2026_07_p1_20260924T234931.json","2026-09-24T18:19:31Z","2026-09-24T18:19:31Z",200,""
16,"PROJ_180",344104,12237127,"so2","2026-06-30T18:30:00Z","2026-07-31T18:29:59Z","completed",1,536,536,1,"data/raw/air_quality/openaq/historical/PROJ_180/so2/PROJ_180_12237127_so2_2026_07_p1_20260924T234935.json","2026-09-24T18:19:36Z","2026-09-24T18:19:36Z",200,""
16,"PROJ_180",344104,12237123,"o3","2026-06-30T18:30:00Z","2026-07-31T18:29:59Z","completed",1,640,640,1,"data/raw/air_quality/openaq/historical/PROJ_180/o3/PROJ_180_12237123_o3_2026_07_p1_20260924T234941.json","2026-09-24T18:19:41Z","2026-09-24T18:19:41Z",200,""
16,"PROJ_180",344104,12237120,"co","2026-06-30T18:30:00Z","2026-07-31T18:29:59Z","completed",1,615,615,1,"data/raw/air_quality/openaq/historical/PROJ_180/co/PROJ_180_12237120_co_2026_07_p1_20260924T234945.json","2026-09-24T18:19:46Z","2026-09-24T18:19:46Z",200,""
16,"PROJ_181",344140,12237111,"co","2026-06-30T18:30:00Z","2026-07-31T18:29:59Z","completed",1,692,692,1,"data/raw/air_quality/openaq/historical/PROJ_181/co/PROJ_181_12237111_co_2026_07_p1_20260924T234950.json","2026-09-24T18:19:50Z","2026-09-24T18:19:50Z",200,""
16,"PROJ_181",344140,12237114,"o3","2026-06-30T18:30:00Z","2026-07-31T18:29:59Z","completed",1,699,699,1,"data/raw/air_quality/openaq/historical/PROJ_181/o3/PROJ_181_12237114_o3_2026_07_p1_20260924T234955.json","2026-09-24T18:19:55Z","2026-09-24T18:19:55Z",200,""
16,"PROJ_181",344140,12237113,"no2","2026-06-30T18:30:00Z","2026-07-31T18:29:59Z","completed",1,697,697,1,"data/raw/air_quality/openaq/historical/PROJ_181/no2/PROJ_181_12237113_no2_2026_07_p1_20260924T235000.json","2026-09-24T18:20:00Z","2026-09-24T18:20:00Z",200,""
16,"PROJ_181",344140,12237115,"pm10","2026-06-30T18:30:00Z","2026-07-31T18:29:59Z","completed",1,531,531,1,"data/raw/air_quality/openaq/historical/PROJ_181/pm10/PROJ_181_12237115_pm10_2026_07_p1_20260924T235004.json","2026-09-24T18:20:04Z","2026-09-24T18:20:04Z",200,""
16,"PROJ_181",344140,12237118,"so2","2026-06-30T18:30:00Z","2026-07-31T18:29:59Z","completed",1,691,691,1,"data/raw/air_quality/openaq/historical/PROJ_181/so2/PROJ_181_12237118_so2_2026_07_p1_20260924T235007.json","2026-09-24T18:20:08Z","2026-09-24T18:20:08Z",200,""
16,"PROJ_181",344140,12237116,"pm2_5","2026-06-30T18:30:00Z","2026-07-31T18:29:59Z","completed",1,567,567,1,"data/raw/air_quality/openaq/historical/PROJ_181/pm2_5/PROJ_181_12237116_pm2_5_2026_07_p1_20260924T235012.json","2026-09-24T18:20:13Z","2026-09-24T18:20:13Z",200,""
16,"PROJ_186",352465,12237091,"so2","2026-06-30T18:30:00Z","2026-07-31T18:29:59Z","completed",1,685,685,1,"data/raw/air_quality/openaq/historical/PROJ_186/so2/PROJ_186_12237091_so2_2026_07_p1_20260924T235017.json","2026-09-24T18:20:18Z","2026-09-24T18:20:18Z",200,""
16,"PROJ_186",352465,12237088,"pm10","2026-06-30T18:30:00Z","2026-07-31T18:29:59Z","completed",1,671,671,1,"data/raw/air_quality/openaq/historical/PROJ_186/pm10/PROJ_186_12237088_pm10_2026_07_p1_20260924T235021.json","2026-09-24T18:20:22Z","2026-09-24T18:20:22Z",200,""
16,"PROJ_186",352465,12237089,"pm2_5","2026-06-30T18:30:00Z","2026-07-31T18:29:59Z","completed",1,669,669,1,"data/raw/air_quality/openaq/historical/PROJ_186/pm2_5/PROJ_186_12237089_pm2_5_2026_07_p1_20260924T235025.json","2026-09-24T18:20:26Z","2026-09-24T18:20:26Z",200,""
16,"PROJ_186",352465,12237086,"no2","2026-06-30T18:30:00Z","2026-07-31T18:29:59Z","completed",1,685,685,1,"data/raw/air_quality/openaq/historical/PROJ_186/no2/PROJ_186_12237086_no2_2026_07_p1_20260924T235030.json","2026-09-24T18:20:30Z","2026-09-24T18:20:30Z",200,""
16,"PROJ_186",352465,12237087,"o3","2026-06-30T18:30:00Z","2026-07-31T18:29:59Z","completed",1,685,685,1,"data/raw/air_quality/openaq/historical/PROJ_186/o3/PROJ_186_12237087_o3_2026_07_p1_20260924T235034.json","2026-09-24T18:20:34Z","2026-09-24T18:20:34Z",200,""
16,"PROJ_186",352465,12237084,"co","2026-06-30T18:30:00Z","2026-07-31T18:29:59Z","completed",1,684,684,1,"data/raw/air_quality/openaq/historical/PROJ_186/co/PROJ_186_12237084_co_2026_07_p1_20260924T235039.json","2026-09-24T18:20:39Z","2026-09-24T18:20:39Z",200,""
16,"PROJ_094",6950,12235885,"o3","2026-06-30T18:30:00Z","2026-07-31T18:29:59Z","completed",1,731,731,1,"data/raw/air_quality/openaq/historical/PROJ_094/o3/PROJ_094_12235885_o3_2026_07_p1_20260924T235045.json","2026-09-24T18:20:45Z","2026-09-24T18:20:45Z",200,""
16,"PROJ_094",6950,12235889,"so2","2026-06-30T18:30:00Z","2026-07-31T18:29:59Z","completed",1,733,733,1,"data/raw/air_quality/openaq/historical/PROJ_094/so2/PROJ_094_12235889_so2_2026_07_p1_20260924T235049.json","2026-09-24T18:20:49Z","2026-09-24T18:20:49Z",200,""
16,"PROJ_094",6950,12235884,"no2","2026-06-30T18:30:00Z","2026-07-31T18:29:59Z","completed",1,731,731,1,"data/raw/air_quality/openaq/historical/PROJ_094/no2/PROJ_094_12235884_no2_2026_07_p1_20260924T235053.json","2026-09-24T18:20:54Z","2026-09-24T18:20:54Z",200,""
16,"PROJ_094",6950,12235886,"pm10","2026-06-30T18:30:00Z","2026-07-31T18:29:59Z","completed",1,729,729,1,"data/raw/air_quality/openaq/historical/PROJ_094/pm10/PROJ_094_12235886_pm10_2026_07_p1_20260924T235058.json","2026-09-24T18:20:58Z","2026-09-24T18:20:58Z",200,""
16,"PROJ_094",6950,12235882,"co","2026-06-30T18:30:00Z","2026-07-31T18:29:59Z","completed",1,722,722,1,"data/raw/air_quality/openaq/historical/PROJ_094/co/PROJ_094_12235882_co_2026_07_p1_20260924T235103.json","2026-09-24T18:21:03Z","2026-09-24T18:21:03Z",200,""
16,"PROJ_094",6950,12235887,"pm2_5","2026-06-30T18:30:00Z","2026-07-31T18:29:59Z","completed",1,729,729,1,"data/raw/air_quality/openaq/historical/PROJ_094/pm2_5/PROJ_094_12235887_pm2_5_2026_07_p1_20260924T235107.json","2026-09-24T18:21:08Z","2026-09-24T18:21:08Z",200,""
17,"PROJ_002",17,12234785,"o3","2026-07-31T18:30:00Z","2026-08-31T18:29:59Z","completed",1,565,565,1,"data/raw/air_quality/openaq/historical/PROJ_002/o3/PROJ_002_12234785_o3_2026_08_p1_20260924T235111.json","2026-09-24T18:21:11Z","2026-09-24T18:21:11Z",200,""
17,"PROJ_002",17,12234787,"pm2_5","2026-07-31T18:30:00Z","2026-08-31T18:29:59Z","completed",1,543,543,1,"data/raw/air_quality/openaq/historical/PROJ_002/pm2_5/PROJ_002_12234787_pm2_5_2026_08_p1_20260924T235115.json","2026-09-24T18:21:15Z","2026-09-24T18:21:15Z",200,""
17,"PROJ_002",17,12234784,"no2","2026-07-31T18:30:00Z","2026-08-31T18:29:59Z","completed",1,600,600,1,"data/raw/air_quality/openaq/historical/PROJ_002/no2/PROJ_002_12234784_no2_2026_08_p1_20260924T235119.json","2026-09-24T18:21:20Z","2026-09-24T18:21:20Z",200,""
17,"PROJ_002",17,12234786,"pm10","2026-07-31T18:30:00Z","2026-08-31T18:29:59Z","completed",1,533,533,1,"data/raw/air_quality/openaq/historical/PROJ_002/pm10/PROJ_002_12234786_pm10_2026_08_p1_20260924T235124.json","2026-09-24T18:21:24Z","2026-09-24T18:21:24Z",200,""
17,"PROJ_002",17,12234782,"co","2026-07-31T18:30:00Z","2026-08-31T18:29:59Z","completed",1,600,600,1,"data/raw/air_quality/openaq/historical/PROJ_002/co/PROJ_002_12234782_co_2026_08_p1_20260924T235127.json","2026-09-24T18:21:27Z","2026-09-24T18:21:27Z",200,""
17,"PROJ_002",17,12234789,"so2","2026-07-31T18:30:00Z","2026-08-31T18:29:59Z","completed",1,600,600,1,"data/raw/air_quality/openaq/historical/PROJ_002/so2/PROJ_002_12234789_so2_2026_08_p1_20260924T235132.json","2026-09-24T18:21:32Z","2026-09-24T18:21:32Z",200,""
17,"PROJ_007",407,12235585,"so2","2026-07-31T18:30:00Z","2026-08-31T18:29:59Z","completed",1,629,629,1,"data/raw/air_quality/openaq/historical/PROJ_007/so2/PROJ_007_12235585_so2_2026_08_p1_20260924T235136.json","2026-09-24T18:21:36Z","2026-09-24T18:21:36Z",200,""
17,"PROJ_007",407,12235581,"o3","2026-07-31T18:30:00Z","2026-08-31T18:29:59Z","completed",1,629,629,1,"data/raw/air_quality/openaq/historical/PROJ_007/o3/PROJ_007_12235581_o3_2026_08_p1_20260924T235141.json","2026-09-24T18:21:41Z","2026-09-24T18:21:41Z",200,""
17,"PROJ_007",407,12235578,"co","2026-07-31T18:30:00Z","2026-08-31T18:29:59Z","completed",1,632,632,1,"data/raw/air_quality/openaq/historical/PROJ_007/co/PROJ_007_12235578_co_2026_08_p1_20260924T235145.json","2026-09-24T18:21:46Z","2026-09-24T18:21:46Z",200,""
17,"PROJ_007",407,12235580,"no2","2026-07-31T18:30:00Z","2026-08-31T18:29:59Z","completed",1,630,630,1,"data/raw/air_quality/openaq/historical/PROJ_007/no2/PROJ_007_12235580_no2_2026_08_p1_20260924T235150.json","2026-09-24T18:21:50Z","2026-09-24T18:21:50Z",200,""
17,"PROJ_007",407,12235583,"pm2_5","2026-07-31T18:30:00Z","2026-08-31T18:29:59Z","completed",1,591,591,1,"data/raw/air_quality/openaq/historical/PROJ_007/pm2_5/PROJ_007_12235583_pm2_5_2026_08_p1_20260924T235155.json","2026-09-24T18:21:55Z","2026-09-24T18:21:55Z",200,""
17,"PROJ_007",407,12235582,"pm10","2026-07-31T18:30:00Z","2026-08-31T18:29:59Z","completed",1,591,591,1,"data/raw/air_quality/openaq/historical/PROJ_007/pm10/PROJ_007_12235582_pm10_2026_08_p1_20260924T235159.json","2026-09-24T18:22:00Z","2026-09-24T18:22:00Z",200,""
17,"PROJ_019",2586,12235655,"so2","2026-07-31T18:30:00Z","2026-08-31T18:29:59Z","completed",1,468,468,1,"data/raw/air_quality/openaq/historical/PROJ_019/so2/PROJ_019_12235655_so2_2026_08_p1_20260924T235203.json","2026-09-24T18:22:03Z","2026-09-24T18:22:03Z",200,""
17,"PROJ_019",2586,12235648,"co","2026-07-31T18:30:00Z","2026-08-31T18:29:59Z","completed",1,587,587,1,"data/raw/air_quality/openaq/historical/PROJ_019/co/PROJ_019_12235648_co_2026_08_p1_20260924T235208.json","2026-09-24T18:22:08Z","2026-09-24T18:22:08Z",200,""
17,"PROJ_019",2586,12235653,"pm2_5","2026-07-31T18:30:00Z","2026-08-31T18:29:59Z","completed",1,454,454,1,"data/raw/air_quality/openaq/historical/PROJ_019/pm2_5/PROJ_019_12235653_pm2_5_2026_08_p1_20260924T235212.json","2026-09-24T18:22:12Z","2026-09-24T18:22:12Z",200,""
17,"PROJ_019",2586,12235652,"pm10","2026-07-31T18:30:00Z","2026-08-31T18:29:59Z","completed",1,495,495,1,"data/raw/air_quality/openaq/historical/PROJ_019/pm10/PROJ_019_12235652_pm10_2026_08_p1_20260924T235217.json","2026-09-24T18:22:17Z","2026-09-24T18:22:17Z",200,""
17,"PROJ_019",2586,12235650,"no2","2026-07-31T18:30:00Z","2026-08-31T18:29:59Z","completed",1,494,494,1,"data/raw/air_quality/openaq/historical/PROJ_019/no2/PROJ_019_12235650_no2_2026_08_p1_20260924T235221.json","2026-09-24T18:22:21Z","2026-09-24T18:22:21Z",200,""
17,"PROJ_019",2586,12235651,"o3","2026-07-31T18:30:00Z","2026-08-31T18:29:59Z","completed",1,588,588,1,"data/raw/air_quality/openaq/historical/PROJ_019/o3/PROJ_019_12235651_o3_2026_08_p1_20260924T235224.json","2026-09-24T18:22:25Z","2026-09-24T18:22:25Z",200,""
17,"PROJ_036",5599,12235400,"pm2_5","2026-07-31T18:30:00Z","2026-08-31T18:29:59Z","completed",1,250,250,1,"data/raw/air_quality/openaq/historical/PROJ_036/pm2_5/PROJ_036_12235400_pm2_5_2026_08_p1_20260924T235228.json","2026-09-24T18:22:34Z","2026-09-24T18:22:34Z",200,""
17,"PROJ_036",5599,12235399,"pm10","2026-07-31T18:30:00Z","2026-08-31T18:29:59Z","completed",1,250,250,1,"data/raw/air_quality/openaq/historical/PROJ_036/pm10/PROJ_036_12235399_pm10_2026_08_p1_20260924T235238.json","2026-09-24T18:22:38Z","2026-09-24T18:22:38Z",200,""
17,"PROJ_036",5599,12235402,"so2","2026-07-31T18:30:00Z","2026-08-31T18:29:59Z","completed",1,268,268,1,"data/raw/air_quality/openaq/historical/PROJ_036/so2/PROJ_036_12235402_so2_2026_08_p1_20260924T235242.json","2026-09-24T18:22:42Z","2026-09-24T18:22:42Z",200,""
17,"PROJ_036",5599,12235398,"o3","2026-07-31T18:30:00Z","2026-08-31T18:29:59Z","completed",1,269,269,1,"data/raw/air_quality/openaq/historical/PROJ_036/o3/PROJ_036_12235398_o3_2026_08_p1_20260924T235246.json","2026-09-24T18:22:47Z","2026-09-24T18:22:47Z",200,""
17,"PROJ_036",5599,12235395,"co","2026-07-31T18:30:00Z","2026-08-31T18:29:59Z","completed",1,264,264,1,"data/raw/air_quality/openaq/historical/PROJ_036/co/PROJ_036_12235395_co_2026_08_p1_20260924T235249.json","2026-09-24T18:22:50Z","2026-09-24T18:22:50Z",200,""
17,"PROJ_036",5599,12235397,"no2","2026-07-31T18:30:00Z","2026-08-31T18:29:59Z","completed",1,264,264,1,"data/raw/air_quality/openaq/historical/PROJ_036/no2/PROJ_036_12235397_no2_2026_08_p1_20260924T235252.json","2026-09-24T18:22:53Z","2026-09-24T18:22:53Z",200,""
17,"PROJ_042",5621,12235625,"pm10","2026-07-31T18:30:00Z","2026-08-31T18:29:59Z","completed",1,594,594,1,"data/raw/air_quality/openaq/historical/PROJ_042/pm10/PROJ_042_12235625_pm10_2026_08_p1_20260924T235256.json","2026-09-24T18:22:56Z","2026-09-24T18:22:56Z",200,""
17,"PROJ_042",5621,12235623,"no2","2026-07-31T18:30:00Z","2026-08-31T18:29:59Z","completed",1,657,657,1,"data/raw/air_quality/openaq/historical/PROJ_042/no2/PROJ_042_12235623_no2_2026_08_p1_20260924T235259.json","2026-09-24T18:23:00Z","2026-09-24T18:23:00Z",200,""
17,"PROJ_042",5621,12235626,"pm2_5","2026-07-31T18:30:00Z","2026-08-31T18:29:59Z","completed",1,594,594,1,"data/raw/air_quality/openaq/historical/PROJ_042/pm2_5/PROJ_042_12235626_pm2_5_2026_08_p1_20260924T235303.json","2026-09-24T18:23:03Z","2026-09-24T18:23:03Z",200,""
17,"PROJ_042",5621,12235621,"co","2026-07-31T18:30:00Z","2026-08-31T18:29:59Z","completed",1,657,657,1,"data/raw/air_quality/openaq/historical/PROJ_042/co/PROJ_042_12235621_co_2026_08_p1_20260924T235306.json","2026-09-24T18:23:07Z","2026-09-24T18:23:07Z",200,""
17,"PROJ_042",5621,12235628,"so2","2026-07-31T18:30:00Z","2026-08-31T18:29:59Z","completed",1,657,657,1,"data/raw/air_quality/openaq/historical/PROJ_042/so2/PROJ_042_12235628_so2_2026_08_p1_20260924T235311.json","2026-09-24T18:23:12Z","2026-09-24T18:23:12Z",200,""
17,"PROJ_042",5621,12235624,"o3","2026-07-31T18:30:00Z","2026-08-31T18:29:59Z","completed",1,657,657,1,"data/raw/air_quality/openaq/historical/PROJ_042/o3/PROJ_042_12235624_o3_2026_08_p1_20260924T235315.json","2026-09-24T18:23:15Z","2026-09-24T18:23:15Z",200,""
17,"PROJ_044",5623,12242116,"co","2026-07-31T18:30:00Z","2026-08-31T18:29:59Z","completed",1,659,659,1,"data/raw/air_quality/openaq/historical/PROJ_044/co/PROJ_044_12242116_co_2026_08_p1_20260924T235320.json","2026-09-24T18:23:20Z","2026-09-24T18:23:20Z",200,""
17,"PROJ_044",5623,12242118,"no2","2026-07-31T18:30:00Z","2026-08-31T18:29:59Z","completed",1,631,631,1,"data/raw/air_quality/openaq/historical/PROJ_044/no2/PROJ_044_12242118_no2_2026_08_p1_20260924T235323.json","2026-09-24T18:23:24Z","2026-09-24T18:23:24Z",200,""
17,"PROJ_044",5623,12242119,"o3","2026-07-31T18:30:00Z","2026-08-31T18:29:59Z","completed",1,664,664,1,"data/raw/air_quality/openaq/historical/PROJ_044/o3/PROJ_044_12242119_o3_2026_08_p1_20260924T235328.json","2026-09-24T18:23:29Z","2026-09-24T18:23:29Z",200,""
17,"PROJ_044",5623,12242121,"pm2_5","2026-07-31T18:30:00Z","2026-08-31T18:29:59Z","completed",1,626,626,1,"data/raw/air_quality/openaq/historical/PROJ_044/pm2_5/PROJ_044_12242121_pm2_5_2026_08_p1_20260924T235334.json","2026-09-24T18:23:34Z","2026-09-24T18:23:34Z",200,""
17,"PROJ_044",5623,12242120,"pm10","2026-07-31T18:30:00Z","2026-08-31T18:29:59Z","completed",1,590,590,1,"data/raw/air_quality/openaq/historical/PROJ_044/pm10/PROJ_044_12242120_pm10_2026_08_p1_20260924T235338.json","2026-09-24T18:23:39Z","2026-09-24T18:23:39Z",200,""
17,"PROJ_044",5623,12242123,"so2","2026-07-31T18:30:00Z","2026-08-31T18:29:59Z","completed",1,640,640,1,"data/raw/air_quality/openaq/historical/PROJ_044/so2/PROJ_044_12242123_so2_2026_08_p1_20260924T235343.json","2026-09-24T18:23:44Z","2026-09-24T18:23:44Z",200,""
17,"PROJ_048",5628,12235460,"pm2_5","2026-07-31T18:30:00Z","2026-08-31T18:29:59Z","completed",1,650,650,1,"data/raw/air_quality/openaq/historical/PROJ_048/pm2_5/PROJ_048_12235460_pm2_5_2026_08_p1_20260924T235348.json","2026-09-24T18:23:49Z","2026-09-24T18:23:49Z",200,""
17,"PROJ_048",5628,12235458,"o3","2026-07-31T18:30:00Z","2026-08-31T18:29:59Z","completed",1,644,644,1,"data/raw/air_quality/openaq/historical/PROJ_048/o3/PROJ_048_12235458_o3_2026_08_p1_20260924T235354.json","2026-09-24T18:23:54Z","2026-09-24T18:23:54Z",200,""
17,"PROJ_048",5628,12235455,"co","2026-07-31T18:30:00Z","2026-08-31T18:29:59Z","completed",1,583,583,1,"data/raw/air_quality/openaq/historical/PROJ_048/co/PROJ_048_12235455_co_2026_08_p1_20260924T235358.json","2026-09-24T18:23:58Z","2026-09-24T18:23:58Z",200,""
17,"PROJ_048",5628,12235459,"pm10","2026-07-31T18:30:00Z","2026-08-31T18:29:59Z","completed",1,658,658,1,"data/raw/air_quality/openaq/historical/PROJ_048/pm10/PROJ_048_12235459_pm10_2026_08_p1_20260924T235403.json","2026-09-24T18:24:03Z","2026-09-24T18:24:03Z",200,""
17,"PROJ_048",5628,12235462,"so2","2026-07-31T18:30:00Z","2026-08-31T18:29:59Z","completed",1,653,653,1,"data/raw/air_quality/openaq/historical/PROJ_048/so2/PROJ_048_12235462_so2_2026_08_p1_20260924T235406.json","2026-09-24T18:24:07Z","2026-09-24T18:24:07Z",200,""
17,"PROJ_048",5628,12235457,"no2","2026-07-31T18:30:00Z","2026-08-31T18:29:59Z","completed",1,658,658,1,"data/raw/air_quality/openaq/historical/PROJ_048/no2/PROJ_048_12235457_no2_2026_08_p1_20260924T235410.json","2026-09-24T18:24:10Z","2026-09-24T18:24:10Z",200,""
17,"PROJ_050",5631,12235666,"co","2026-07-31T18:30:00Z","2026-08-31T18:29:59Z","completed",1,648,648,1,"data/raw/air_quality/openaq/historical/PROJ_050/co/PROJ_050_12235666_co_2026_08_p1_20260924T235415.json","2026-09-24T18:24:15Z","2026-09-24T18:24:15Z",200,""
17,"PROJ_050",5631,12235668,"no2","2026-07-31T18:30:00Z","2026-08-31T18:29:59Z","completed",1,622,622,1,"data/raw/air_quality/openaq/historical/PROJ_050/no2/PROJ_050_12235668_no2_2026_08_p1_20260924T235419.json","2026-09-24T18:24:19Z","2026-09-24T18:24:19Z",200,""
17,"PROJ_050",5631,12235670,"pm10","2026-07-31T18:30:00Z","2026-08-31T18:29:59Z","completed",1,621,621,1,"data/raw/air_quality/openaq/historical/PROJ_050/pm10/PROJ_050_12235670_pm10_2026_08_p1_20260924T235424.json","2026-09-24T18:24:25Z","2026-09-24T18:24:25Z",200,""
17,"PROJ_050",5631,12235673,"so2","2026-07-31T18:30:00Z","2026-08-31T18:29:59Z","completed",1,646,646,1,"data/raw/air_quality/openaq/historical/PROJ_050/so2/PROJ_050_12235673_so2_2026_08_p1_20260924T235428.json","2026-09-24T18:24:28Z","2026-09-24T18:24:28Z",200,""
17,"PROJ_050",5631,12235671,"pm2_5","2026-07-31T18:30:00Z","2026-08-31T18:29:59Z","completed",1,612,612,1,"data/raw/air_quality/openaq/historical/PROJ_050/pm2_5/PROJ_050_12235671_pm2_5_2026_08_p1_20260924T235432.json","2026-09-24T18:24:33Z","2026-09-24T18:24:33Z",200,""
17,"PROJ_050",5631,12235669,"o3","2026-07-31T18:30:00Z","2026-08-31T18:29:59Z","completed",1,644,644,1,"data/raw/air_quality/openaq/historical/PROJ_050/o3/PROJ_050_12235669_o3_2026_08_p1_20260924T235437.json","2026-09-24T18:24:37Z","2026-09-24T18:24:37Z",200,""
17,"PROJ_051",5633,12234804,"pm10","2026-07-31T18:30:00Z","2026-08-31T18:29:59Z","completed",1,639,639,1,"data/raw/air_quality/openaq/historical/PROJ_051/pm10/PROJ_051_12234804_pm10_2026_08_p1_20260924T235441.json","2026-09-24T18:24:42Z","2026-09-24T18:24:42Z",200,""
17,"PROJ_051",5633,12234807,"so2","2026-07-31T18:30:00Z","2026-08-31T18:29:59Z","completed",1,652,652,1,"data/raw/air_quality/openaq/historical/PROJ_051/so2/PROJ_051_12234807_so2_2026_08_p1_20260924T235446.json","2026-09-24T18:24:47Z","2026-09-24T18:24:47Z",200,""
17,"PROJ_051",5633,12234805,"pm2_5","2026-07-31T18:30:00Z","2026-08-31T18:29:59Z","completed",1,637,637,1,"data/raw/air_quality/openaq/historical/PROJ_051/pm2_5/PROJ_051_12234805_pm2_5_2026_08_p1_20260924T235450.json","2026-09-24T18:24:50Z","2026-09-24T18:24:50Z",200,""
17,"PROJ_051",5633,12234800,"co","2026-07-31T18:30:00Z","2026-08-31T18:29:59Z","completed",1,657,657,1,"data/raw/air_quality/openaq/historical/PROJ_051/co/PROJ_051_12234800_co_2026_08_p1_20260924T235453.json","2026-09-24T18:24:54Z","2026-09-24T18:24:54Z",200,""
17,"PROJ_051",5633,12234803,"o3","2026-07-31T18:30:00Z","2026-08-31T18:29:59Z","completed",1,656,656,1,"data/raw/air_quality/openaq/historical/PROJ_051/o3/PROJ_051_12234803_o3_2026_08_p1_20260924T235501.json","2026-09-24T18:25:01Z","2026-09-24T18:25:01Z",200,""
17,"PROJ_051",5633,12234802,"no2","2026-07-31T18:30:00Z","2026-08-31T18:29:59Z","completed",1,648,648,1,"data/raw/air_quality/openaq/historical/PROJ_051/no2/PROJ_051_12234802_no2_2026_08_p1_20260924T235504.json","2026-09-24T18:25:05Z","2026-09-24T18:25:05Z",200,""
17,"PROJ_063",5659,12235521,"pm10","2026-07-31T18:30:00Z","2026-08-31T18:29:59Z","completed",1,621,621,1,"data/raw/air_quality/openaq/historical/PROJ_063/pm10/PROJ_063_12235521_pm10_2026_08_p1_20260924T235509.json","2026-09-24T18:25:09Z","2026-09-24T18:25:09Z",200,""
17,"PROJ_063",5659,12235520,"o3","2026-07-31T18:30:00Z","2026-08-31T18:29:59Z","completed",1,669,669,1,"data/raw/air_quality/openaq/historical/PROJ_063/o3/PROJ_063_12235520_o3_2026_08_p1_20260924T235514.json","2026-09-24T18:25:14Z","2026-09-24T18:25:14Z",200,""
17,"PROJ_063",5659,12235517,"co","2026-07-31T18:30:00Z","2026-08-31T18:29:59Z","completed",1,668,668,1,"data/raw/air_quality/openaq/historical/PROJ_063/co/PROJ_063_12235517_co_2026_08_p1_20260924T235517.json","2026-09-24T18:25:18Z","2026-09-24T18:25:18Z",200,""
17,"PROJ_063",5659,12235524,"so2","2026-07-31T18:30:00Z","2026-08-31T18:29:59Z","completed",1,668,668,1,"data/raw/air_quality/openaq/historical/PROJ_063/so2/PROJ_063_12235524_so2_2026_08_p1_20260924T235523.json","2026-09-24T18:25:23Z","2026-09-24T18:25:23Z",200,""
17,"PROJ_063",5659,12235519,"no2","2026-07-31T18:30:00Z","2026-08-31T18:29:59Z","completed",1,670,670,1,"data/raw/air_quality/openaq/historical/PROJ_063/no2/PROJ_063_12235519_no2_2026_08_p1_20260924T235527.json","2026-09-24T18:25:28Z","2026-09-24T18:25:28Z",200,""
17,"PROJ_063",5659,12235522,"pm2_5","2026-07-31T18:30:00Z","2026-08-31T18:29:59Z","completed",1,625,625,1,"data/raw/air_quality/openaq/historical/PROJ_063/pm2_5/PROJ_063_12235522_pm2_5_2026_08_p1_20260924T235531.json","2026-09-24T18:25:31Z","2026-09-24T18:25:31Z",200,""
17,"PROJ_092",6945,12289836,"so2","2026-07-31T18:30:00Z","2026-08-31T18:29:59Z","completed",1,584,584,1,"data/raw/air_quality/openaq/historical/PROJ_092/so2/PROJ_092_12289836_so2_2026_08_p1_20260924T235535.json","2026-09-24T18:25:35Z","2026-09-24T18:25:35Z",200,""
17,"PROJ_092",6945,12235834,"pm2_5","2026-07-31T18:30:00Z","2026-08-31T18:29:59Z","completed",1,540,540,1,"data/raw/air_quality/openaq/historical/PROJ_092/pm2_5/PROJ_092_12235834_pm2_5_2026_08_p1_20260924T235538.json","2026-09-24T18:25:39Z","2026-09-24T18:25:39Z",200,""
17,"PROJ_092",6945,12235829,"co","2026-07-31T18:30:00Z","2026-08-31T18:29:59Z","completed",1,583,583,1,"data/raw/air_quality/openaq/historical/PROJ_092/co/PROJ_092_12235829_co_2026_08_p1_20260924T235542.json","2026-09-24T18:25:42Z","2026-09-24T18:25:42Z",200,""
17,"PROJ_092",6945,12235833,"pm10","2026-07-31T18:30:00Z","2026-08-31T18:29:59Z","completed",1,540,540,1,"data/raw/air_quality/openaq/historical/PROJ_092/pm10/PROJ_092_12235833_pm10_2026_08_p1_20260924T235546.json","2026-09-24T18:25:47Z","2026-09-24T18:25:47Z",200,""
17,"PROJ_092",6945,12235831,"no2","2026-07-31T18:30:00Z","2026-08-31T18:29:59Z","completed",1,584,584,1,"data/raw/air_quality/openaq/historical/PROJ_092/no2/PROJ_092_12235831_no2_2026_08_p1_20260924T235550.json","2026-09-24T18:25:50Z","2026-09-24T18:25:50Z",200,""
17,"PROJ_092",6945,12235832,"o3","2026-07-31T18:30:00Z","2026-08-31T18:29:59Z","completed",1,583,583,1,"data/raw/air_quality/openaq/historical/PROJ_092/o3/PROJ_092_12235832_o3_2026_08_p1_20260924T235553.json","2026-09-24T18:25:54Z","2026-09-24T18:25:54Z",200,""
17,"PROJ_101",6973,12235269,"so2","2026-07-31T18:30:00Z","2026-08-31T18:29:59Z","completed",1,619,619,1,"data/raw/air_quality/openaq/historical/PROJ_101/so2/PROJ_101_12235269_so2_2026_08_p1_20260924T235557.json","2026-09-24T18:25:57Z","2026-09-24T18:25:57Z",200,""
17,"PROJ_101",6973,12235264,"no2","2026-07-31T18:30:00Z","2026-08-31T18:29:59Z","completed",1,618,618,1,"data/raw/air_quality/openaq/historical/PROJ_101/no2/PROJ_101_12235264_no2_2026_08_p1_20260924T235601.json","2026-09-24T18:26:02Z","2026-09-24T18:26:02Z",200,""
17,"PROJ_101",6973,12235266,"pm10","2026-07-31T18:30:00Z","2026-08-31T18:29:59Z","completed",1,573,573,1,"data/raw/air_quality/openaq/historical/PROJ_101/pm10/PROJ_101_12235266_pm10_2026_08_p1_20260924T235605.json","2026-09-24T18:26:05Z","2026-09-24T18:26:05Z",200,""
17,"PROJ_101",6973,12235267,"pm2_5","2026-07-31T18:30:00Z","2026-08-31T18:29:59Z","completed",1,586,586,1,"data/raw/air_quality/openaq/historical/PROJ_101/pm2_5/PROJ_101_12235267_pm2_5_2026_08_p1_20260924T235608.json","2026-09-24T18:26:09Z","2026-09-24T18:26:09Z",200,""
17,"PROJ_101",6973,12235265,"o3","2026-07-31T18:30:00Z","2026-08-31T18:29:59Z","completed",1,612,612,1,"data/raw/air_quality/openaq/historical/PROJ_101/o3/PROJ_101_12235265_o3_2026_08_p1_20260924T235612.json","2026-09-24T18:26:12Z","2026-09-24T18:26:12Z",200,""
17,"PROJ_101",6973,12235262,"co","2026-07-31T18:30:00Z","2026-08-31T18:29:59Z","completed",1,601,601,1,"data/raw/air_quality/openaq/historical/PROJ_101/co/PROJ_101_12235262_co_2026_08_p1_20260924T235615.json","2026-09-24T18:26:16Z","2026-09-24T18:26:16Z",200,""
17,"PROJ_133",10599,12236100,"o3","2026-07-31T18:30:00Z","2026-08-31T18:29:59Z","completed",1,557,557,1,"data/raw/air_quality/openaq/historical/PROJ_133/o3/PROJ_133_12236100_o3_2026_08_p1_20260924T235620.json","2026-09-24T18:26:20Z","2026-09-24T18:26:20Z",200,""
17,"PROJ_133",10599,12236101,"pm10","2026-07-31T18:30:00Z","2026-08-31T18:29:59Z","completed",1,556,556,1,"data/raw/air_quality/openaq/historical/PROJ_133/pm10/PROJ_133_12236101_pm10_2026_08_p1_20260924T235623.json","2026-09-24T18:26:23Z","2026-09-24T18:26:23Z",200,""
17,"PROJ_133",10599,12236097,"co","2026-07-31T18:30:00Z","2026-08-31T18:29:59Z","completed",1,502,502,1,"data/raw/air_quality/openaq/historical/PROJ_133/co/PROJ_133_12236097_co_2026_08_p1_20260924T235627.json","2026-09-24T18:26:27Z","2026-09-24T18:26:27Z",200,""
17,"PROJ_133",10599,12236104,"so2","2026-07-31T18:30:00Z","2026-08-31T18:29:59Z","completed",1,542,542,1,"data/raw/air_quality/openaq/historical/PROJ_133/so2/PROJ_133_12236104_so2_2026_08_p1_20260924T235631.json","2026-09-24T18:26:32Z","2026-09-24T18:26:32Z",200,""
17,"PROJ_133",10599,12236102,"pm2_5","2026-07-31T18:30:00Z","2026-08-31T18:29:59Z","completed",1,556,556,1,"data/raw/air_quality/openaq/historical/PROJ_133/pm2_5/PROJ_133_12236102_pm2_5_2026_08_p1_20260924T235635.json","2026-09-24T18:26:35Z","2026-09-24T18:26:35Z",200,""
17,"PROJ_133",10599,12236099,"no2","2026-07-31T18:30:00Z","2026-08-31T18:29:59Z","completed",1,557,557,1,"data/raw/air_quality/openaq/historical/PROJ_133/no2/PROJ_133_12236099_no2_2026_08_p1_20260924T235639.json","2026-09-24T18:26:40Z","2026-09-24T18:26:40Z",200,""
17,"PROJ_142",10903,12235758,"no2","2026-07-31T18:30:00Z","2026-08-31T18:29:59Z","completed",1,623,623,1,"data/raw/air_quality/openaq/historical/PROJ_142/no2/PROJ_142_12235758_no2_2026_08_p1_20260924T235643.json","2026-09-24T18:26:44Z","2026-09-24T18:26:44Z",200,""
17,"PROJ_142",10903,12235763,"so2","2026-07-31T18:30:00Z","2026-08-31T18:29:59Z","completed",1,623,623,1,"data/raw/air_quality/openaq/historical/PROJ_142/so2/PROJ_142_12235763_so2_2026_08_p1_20260924T235648.json","2026-09-24T18:26:48Z","2026-09-24T18:26:48Z",200,""
17,"PROJ_142",10903,12235756,"co","2026-07-31T18:30:00Z","2026-08-31T18:29:59Z","completed",1,624,624,1,"data/raw/air_quality/openaq/historical/PROJ_142/co/PROJ_142_12235756_co_2026_08_p1_20260924T235653.json","2026-09-24T18:26:53Z","2026-09-24T18:26:53Z",200,""
17,"PROJ_142",10903,12235760,"pm10","2026-07-31T18:30:00Z","2026-08-31T18:29:59Z","completed",1,594,594,1,"data/raw/air_quality/openaq/historical/PROJ_142/pm10/PROJ_142_12235760_pm10_2026_08_p1_20260924T235657.json","2026-09-24T18:26:58Z","2026-09-24T18:26:58Z",200,""
17,"PROJ_142",10903,12235759,"o3","2026-07-31T18:30:00Z","2026-08-31T18:29:59Z","completed",1,505,505,1,"data/raw/air_quality/openaq/historical/PROJ_142/o3/PROJ_142_12235759_o3_2026_08_p1_20260924T235701.json","2026-09-24T18:27:01Z","2026-09-24T18:27:01Z",200,""
17,"PROJ_142",10903,12235761,"pm2_5","2026-07-31T18:30:00Z","2026-08-31T18:29:59Z","completed",1,564,564,1,"data/raw/air_quality/openaq/historical/PROJ_142/pm2_5/PROJ_142_12235761_pm2_5_2026_08_p1_20260924T235704.json","2026-09-24T18:27:05Z","2026-09-24T18:27:05Z",200,""
17,"PROJ_144",10913,12236019,"o3","2026-07-31T18:30:00Z","2026-08-31T18:29:59Z","completed",1,647,647,1,"data/raw/air_quality/openaq/historical/PROJ_144/o3/PROJ_144_12236019_o3_2026_08_p1_20260924T235708.json","2026-09-24T18:27:08Z","2026-09-24T18:27:08Z",200,""
17,"PROJ_144",10913,12236023,"so2","2026-07-31T18:30:00Z","2026-08-31T18:29:59Z","completed",1,647,647,1,"data/raw/air_quality/openaq/historical/PROJ_144/so2/PROJ_144_12236023_so2_2026_08_p1_20260924T235711.json","2026-09-24T18:27:11Z","2026-09-24T18:27:11Z",200,""
17,"PROJ_144",10913,12236021,"pm2_5","2026-07-31T18:30:00Z","2026-08-31T18:29:59Z","completed",1,648,648,1,"data/raw/air_quality/openaq/historical/PROJ_144/pm2_5/PROJ_144_12236021_pm2_5_2026_08_p1_20260924T235714.json","2026-09-24T18:27:15Z","2026-09-24T18:27:15Z",200,""
17,"PROJ_144",10913,12236020,"pm10","2026-07-31T18:30:00Z","2026-08-31T18:29:59Z","completed",1,649,649,1,"data/raw/air_quality/openaq/historical/PROJ_144/pm10/PROJ_144_12236020_pm10_2026_08_p1_20260924T235718.json","2026-09-24T18:27:18Z","2026-09-24T18:27:18Z",200,""
17,"PROJ_144",10913,12236016,"co","2026-07-31T18:30:00Z","2026-08-31T18:29:59Z","completed",1,645,645,1,"data/raw/air_quality/openaq/historical/PROJ_144/co/PROJ_144_12236016_co_2026_08_p1_20260924T235722.json","2026-09-24T18:27:23Z","2026-09-24T18:27:23Z",200,""
17,"PROJ_144",10913,12236018,"no2","2026-07-31T18:30:00Z","2026-08-31T18:29:59Z","completed",1,648,648,1,"data/raw/air_quality/openaq/historical/PROJ_144/no2/PROJ_144_12236018_no2_2026_08_p1_20260924T235726.json","2026-09-24T18:27:26Z","2026-09-24T18:27:26Z",200,""
17,"PROJ_158",11613,12236463,"pm2_5","2026-07-31T18:30:00Z","2026-08-31T18:29:59Z","completed",1,538,538,1,"data/raw/air_quality/openaq/historical/PROJ_158/pm2_5/PROJ_158_12236463_pm2_5_2026_08_p1_20260924T235730.json","2026-09-24T18:27:31Z","2026-09-24T18:27:31Z",200,""
17,"PROJ_158",11613,12236458,"co","2026-07-31T18:30:00Z","2026-08-31T18:29:59Z","completed",1,543,543,1,"data/raw/air_quality/openaq/historical/PROJ_158/co/PROJ_158_12236458_co_2026_08_p1_20260924T235735.json","2026-09-24T18:27:35Z","2026-09-24T18:27:35Z",200,""
17,"PROJ_158",11613,12236460,"no2","2026-07-31T18:30:00Z","2026-08-31T18:29:59Z","completed",1,549,549,1,"data/raw/air_quality/openaq/historical/PROJ_158/no2/PROJ_158_12236460_no2_2026_08_p1_20260924T235739.json","2026-09-24T18:27:40Z","2026-09-24T18:27:40Z",200,""
17,"PROJ_158",11613,12236461,"o3","2026-07-31T18:30:00Z","2026-08-31T18:29:59Z","completed",1,549,549,1,"data/raw/air_quality/openaq/historical/PROJ_158/o3/PROJ_158_12236461_o3_2026_08_p1_20260924T235744.json","2026-09-24T18:27:44Z","2026-09-24T18:27:44Z",200,""
17,"PROJ_158",11613,12236465,"so2","2026-07-31T18:30:00Z","2026-08-31T18:29:59Z","completed",1,549,549,1,"data/raw/air_quality/openaq/historical/PROJ_158/so2/PROJ_158_12236465_so2_2026_08_p1_20260924T235748.json","2026-09-24T18:27:49Z","2026-09-24T18:27:49Z",200,""
17,"PROJ_158",11613,12236462,"pm10","2026-07-31T18:30:00Z","2026-08-31T18:29:59Z","completed",1,538,538,1,"data/raw/air_quality/openaq/historical/PROJ_158/pm10/PROJ_158_12236462_pm10_2026_08_p1_20260924T235753.json","2026-09-24T18:27:53Z","2026-09-24T18:27:53Z",200,""
17,"PROJ_179",344103,12237100,"so2","2026-07-31T18:30:00Z","2026-08-31T18:29:59Z","completed",1,608,608,1,"data/raw/air_quality/openaq/historical/PROJ_179/so2/PROJ_179_12237100_so2_2026_08_p1_20260924T235758.json","2026-09-24T18:27:58Z","2026-09-24T18:27:58Z",200,""
17,"PROJ_179",344103,12237093,"co","2026-07-31T18:30:00Z","2026-08-31T18:29:59Z","completed",1,624,624,1,"data/raw/air_quality/openaq/historical/PROJ_179/co/PROJ_179_12237093_co_2026_08_p1_20260924T235801.json","2026-09-24T18:28:01Z","2026-09-24T18:28:01Z",200,""
17,"PROJ_179",344103,12237096,"o3","2026-07-31T18:30:00Z","2026-08-31T18:29:59Z","completed",1,624,624,1,"data/raw/air_quality/openaq/historical/PROJ_179/o3/PROJ_179_12237096_o3_2026_08_p1_20260924T235806.json","2026-09-24T18:28:06Z","2026-09-24T18:28:06Z",200,""
17,"PROJ_179",344103,12237097,"pm10","2026-07-31T18:30:00Z","2026-08-31T18:29:59Z","completed",1,586,586,1,"data/raw/air_quality/openaq/historical/PROJ_179/pm10/PROJ_179_12237097_pm10_2026_08_p1_20260924T235809.json","2026-09-24T18:28:09Z","2026-09-24T18:28:09Z",200,""
17,"PROJ_179",344103,12237098,"pm2_5","2026-07-31T18:30:00Z","2026-08-31T18:29:59Z","completed",1,586,586,1,"data/raw/air_quality/openaq/historical/PROJ_179/pm2_5/PROJ_179_12237098_pm2_5_2026_08_p1_20260924T235813.json","2026-09-24T18:28:13Z","2026-09-24T18:28:13Z",200,""
17,"PROJ_179",344103,12237095,"no2","2026-07-31T18:30:00Z","2026-08-31T18:29:59Z","completed",1,620,620,1,"data/raw/air_quality/openaq/historical/PROJ_179/no2/PROJ_179_12237095_no2_2026_08_p1_20260924T235818.json","2026-09-24T18:28:18Z","2026-09-24T18:28:18Z",200,""
17,"PROJ_180",344104,12237125,"pm2_5","2026-07-31T18:30:00Z","2026-08-31T18:29:59Z","completed",1,630,630,1,"data/raw/air_quality/openaq/historical/PROJ_180/pm2_5/PROJ_180_12237125_pm2_5_2026_08_p1_20260924T235822.json","2026-09-24T18:28:23Z","2026-09-24T18:28:23Z",200,""
17,"PROJ_180",344104,12237122,"no2","2026-07-31T18:30:00Z","2026-08-31T18:29:59Z","completed",1,648,648,1,"data/raw/air_quality/openaq/historical/PROJ_180/no2/PROJ_180_12237122_no2_2026_08_p1_20260924T235826.json","2026-09-24T18:28:26Z","2026-09-24T18:28:26Z",200,""
17,"PROJ_180",344104,12237124,"pm10","2026-07-31T18:30:00Z","2026-08-31T18:29:59Z","completed",1,609,609,1,"data/raw/air_quality/openaq/historical/PROJ_180/pm10/PROJ_180_12237124_pm10_2026_08_p1_20260924T235829.json","2026-09-24T18:28:29Z","2026-09-24T18:28:29Z",200,""
17,"PROJ_180",344104,12237127,"so2","2026-07-31T18:30:00Z","2026-08-31T18:29:59Z","completed",1,610,610,1,"data/raw/air_quality/openaq/historical/PROJ_180/so2/PROJ_180_12237127_so2_2026_08_p1_20260924T235833.json","2026-09-24T18:28:34Z","2026-09-24T18:28:34Z",200,""
17,"PROJ_180",344104,12237123,"o3","2026-07-31T18:30:00Z","2026-08-31T18:29:59Z","completed",1,640,640,1,"data/raw/air_quality/openaq/historical/PROJ_180/o3/PROJ_180_12237123_o3_2026_08_p1_20260924T235837.json","2026-09-24T18:28:37Z","2026-09-24T18:28:37Z",200,""
17,"PROJ_180",344104,12237120,"co","2026-07-31T18:30:00Z","2026-08-31T18:29:59Z","completed",1,649,649,1,"data/raw/air_quality/openaq/historical/PROJ_180/co/PROJ_180_12237120_co_2026_08_p1_20260924T235842.json","2026-09-24T18:28:43Z","2026-09-24T18:28:43Z",200,""
17,"PROJ_181",344140,12237111,"co","2026-07-31T18:30:00Z","2026-08-31T18:29:59Z","completed",1,672,672,1,"data/raw/air_quality/openaq/historical/PROJ_181/co/PROJ_181_12237111_co_2026_08_p1_20260924T235847.json","2026-09-24T18:28:47Z","2026-09-24T18:28:47Z",200,""
17,"PROJ_181",344140,12237114,"o3","2026-07-31T18:30:00Z","2026-08-31T18:29:59Z","completed",1,625,625,1,"data/raw/air_quality/openaq/historical/PROJ_181/o3/PROJ_181_12237114_o3_2026_08_p1_20260924T235852.json","2026-09-24T18:28:52Z","2026-09-24T18:28:52Z",200,""
17,"PROJ_181",344140,12237113,"no2","2026-07-31T18:30:00Z","2026-08-31T18:29:59Z","completed",1,672,672,1,"data/raw/air_quality/openaq/historical/PROJ_181/no2/PROJ_181_12237113_no2_2026_08_p1_20260924T235857.json","2026-09-24T18:28:57Z","2026-09-24T18:28:57Z",200,""
17,"PROJ_181",344140,12237115,"pm10","2026-07-31T18:30:00Z","2026-08-31T18:29:59Z","completed",1,626,626,1,"data/raw/air_quality/openaq/historical/PROJ_181/pm10/PROJ_181_12237115_pm10_2026_08_p1_20260924T235900.json","2026-09-24T18:29:01Z","2026-09-24T18:29:01Z",200,""
17,"PROJ_181",344140,12237118,"so2","2026-07-31T18:30:00Z","2026-08-31T18:29:59Z","completed",1,671,671,1,"data/raw/air_quality/openaq/historical/PROJ_181/so2/PROJ_181_12237118_so2_2026_08_p1_20260924T235905.json","2026-09-24T18:29:05Z","2026-09-24T18:29:05Z",200,""
17,"PROJ_181",344140,12237116,"pm2_5","2026-07-31T18:30:00Z","2026-08-31T18:29:59Z","completed",1,626,626,1,"data/raw/air_quality/openaq/historical/PROJ_181/pm2_5/PROJ_181_12237116_pm2_5_2026_08_p1_20260924T235908.json","2026-09-24T18:29:09Z","2026-09-24T18:29:09Z",200,""
17,"PROJ_186",352465,12237091,"so2","2026-07-31T18:30:00Z","2026-08-31T18:29:59Z","completed",1,631,631,1,"data/raw/air_quality/openaq/historical/PROJ_186/so2/PROJ_186_12237091_so2_2026_08_p1_20260924T235912.json","2026-09-24T18:29:12Z","2026-09-24T18:29:12Z",200,""
17,"PROJ_186",352465,12237088,"pm10","2026-07-31T18:30:00Z","2026-08-31T18:29:59Z","completed",1,623,623,1,"data/raw/air_quality/openaq/historical/PROJ_186/pm10/PROJ_186_12237088_pm10_2026_08_p1_20260924T235916.json","2026-09-24T18:29:16Z","2026-09-24T18:29:16Z",200,""
17,"PROJ_186",352465,12237089,"pm2_5","2026-07-31T18:30:00Z","2026-08-31T18:29:59Z","completed",1,623,623,1,"data/raw/air_quality/openaq/historical/PROJ_186/pm2_5/PROJ_186_12237089_pm2_5_2026_08_p1_20260924T235921.json","2026-09-24T18:29:21Z","2026-09-24T18:29:21Z",200,""
17,"PROJ_186",352465,12237086,"no2","2026-07-31T18:30:00Z","2026-08-31T18:29:59Z","completed",1,632,632,1,"data/raw/air_quality/openaq/historical/PROJ_186/no2/PROJ_186_12237086_no2_2026_08_p1_20260924T235924.json","2026-09-24T18:29:25Z","2026-09-24T18:29:25Z",200,""
17,"PROJ_186",352465,12237087,"o3","2026-07-31T18:30:00Z","2026-08-31T18:29:59Z","completed",1,632,632,1,"data/raw/air_quality/openaq/historical/PROJ_186/o3/PROJ_186_12237087_o3_2026_08_p1_20260924T235929.json","2026-09-24T18:29:29Z","2026-09-24T18:29:29Z",200,""
17,"PROJ_186",352465,12237084,"co","2026-07-31T18:30:00Z","2026-08-31T18:29:59Z","completed",1,633,633,1,"data/raw/air_quality/openaq/historical/PROJ_186/co/PROJ_186_12237084_co_2026_08_p1_20260924T235932.json","2026-09-24T18:29:33Z","2026-09-24T18:29:33Z",200,""
17,"PROJ_094",6950,12235885,"o3","2026-07-31T18:30:00Z","2026-08-31T18:29:59Z","completed",1,660,660,1,"data/raw/air_quality/openaq/historical/PROJ_094/o3/PROJ_094_12235885_o3_2026_08_p1_20260924T235937.json","2026-09-24T18:29:37Z","2026-09-24T18:29:37Z",200,""
17,"PROJ_094",6950,12235889,"so2","2026-07-31T18:30:00Z","2026-08-31T18:29:59Z","completed",1,663,663,1,"data/raw/air_quality/openaq/historical/PROJ_094/so2/PROJ_094_12235889_so2_2026_08_p1_20260924T235942.json","2026-09-24T18:29:42Z","2026-09-24T18:29:42Z",200,""
17,"PROJ_094",6950,12235884,"no2","2026-07-31T18:30:00Z","2026-08-31T18:29:59Z","completed",1,654,654,1,"data/raw/air_quality/openaq/historical/PROJ_094/no2/PROJ_094_12235884_no2_2026_08_p1_20260924T235946.json","2026-09-24T18:29:47Z","2026-09-24T18:29:47Z",200,""
17,"PROJ_094",6950,12235886,"pm10","2026-07-31T18:30:00Z","2026-08-31T18:29:59Z","completed",1,663,663,1,"data/raw/air_quality/openaq/historical/PROJ_094/pm10/PROJ_094_12235886_pm10_2026_08_p1_20260924T235951.json","2026-09-24T18:29:51Z","2026-09-24T18:29:51Z",200,""
17,"PROJ_094",6950,12235882,"co","2026-07-31T18:30:00Z","2026-08-31T18:29:59Z","completed",1,662,662,1,"data/raw/air_quality/openaq/historical/PROJ_094/co/PROJ_094_12235882_co_2026_08_p1_20260924T235955.json","2026-09-24T18:29:55Z","2026-09-24T18:29:55Z",200,""
17,"PROJ_094",6950,12235887,"pm2_5","2026-07-31T18:30:00Z","2026-08-31T18:29:59Z","completed",1,663,663,1,"data/raw/air_quality/openaq/historical/PROJ_094/pm2_5/PROJ_094_12235887_pm2_5_2026_08_p1_20260925T000000.json","2026-09-24T18:30:00Z","2026-09-24T18:30:00Z",200,""
18,"PROJ_002",17,12234785,"o3","2026-08-31T18:30:00Z","2026-09-21T18:29:59Z","completed",1,413,413,1,"data/raw/air_quality/openaq/historical/PROJ_002/o3/PROJ_002_12234785_o3_2026_09_p1_20260925T000003.json","2026-09-24T18:30:03Z","2026-09-24T18:30:03Z",200,""
18,"PROJ_002",17,12234787,"pm2_5","2026-08-31T18:30:00Z","2026-09-21T18:29:59Z","completed",1,458,458,1,"data/raw/air_quality/openaq/historical/PROJ_002/pm2_5/PROJ_002_12234787_pm2_5_2026_09_p1_20260925T000006.json","2026-09-24T18:30:07Z","2026-09-24T18:30:07Z",200,""
18,"PROJ_002",17,12234784,"no2","2026-08-31T18:30:00Z","2026-09-21T18:29:59Z","completed",1,471,471,1,"data/raw/air_quality/openaq/historical/PROJ_002/no2/PROJ_002_12234784_no2_2026_09_p1_20260925T000009.json","2026-09-24T18:30:10Z","2026-09-24T18:30:10Z",200,""
18,"PROJ_002",17,12234786,"pm10","2026-08-31T18:30:00Z","2026-09-21T18:29:59Z","completed",1,463,463,1,"data/raw/air_quality/openaq/historical/PROJ_002/pm10/PROJ_002_12234786_pm10_2026_09_p1_20260925T000014.json","2026-09-24T18:30:14Z","2026-09-24T18:30:14Z",200,""
18,"PROJ_002",17,12234782,"co","2026-08-31T18:30:00Z","2026-09-21T18:29:59Z","completed",1,471,471,1,"data/raw/air_quality/openaq/historical/PROJ_002/co/PROJ_002_12234782_co_2026_09_p1_20260925T000018.json","2026-09-24T18:30:19Z","2026-09-24T18:30:19Z",200,""
18,"PROJ_002",17,12234789,"so2","2026-08-31T18:30:00Z","2026-09-21T18:29:59Z","completed",1,471,471,1,"data/raw/air_quality/openaq/historical/PROJ_002/so2/PROJ_002_12234789_so2_2026_09_p1_20260925T000022.json","2026-09-24T18:30:22Z","2026-09-24T18:30:22Z",200,""
18,"PROJ_007",407,12235585,"so2","2026-08-31T18:30:00Z","2026-09-21T18:29:59Z","completed",1,478,478,1,"data/raw/air_quality/openaq/historical/PROJ_007/so2/PROJ_007_12235585_so2_2026_09_p1_20260925T000025.json","2026-09-24T18:30:25Z","2026-09-24T18:30:25Z",200,""
18,"PROJ_007",407,12235581,"o3","2026-08-31T18:30:00Z","2026-09-21T18:29:59Z","completed",1,478,478,1,"data/raw/air_quality/openaq/historical/PROJ_007/o3/PROJ_007_12235581_o3_2026_09_p1_20260925T000030.json","2026-09-24T18:30:30Z","2026-09-24T18:30:30Z",200,""
18,"PROJ_007",407,12235578,"co","2026-08-31T18:30:00Z","2026-09-21T18:29:59Z","completed",1,479,479,1,"data/raw/air_quality/openaq/historical/PROJ_007/co/PROJ_007_12235578_co_2026_09_p1_20260925T000033.json","2026-09-24T18:30:33Z","2026-09-24T18:30:33Z",200,""
18,"PROJ_007",407,12235580,"no2","2026-08-31T18:30:00Z","2026-09-21T18:29:59Z","completed",1,478,478,1,"data/raw/air_quality/openaq/historical/PROJ_007/no2/PROJ_007_12235580_no2_2026_09_p1_20260925T000037.json","2026-09-24T18:30:38Z","2026-09-24T18:30:38Z",200,""
18,"PROJ_007",407,12235583,"pm2_5","2026-08-31T18:30:00Z","2026-09-21T18:29:59Z","completed",1,464,464,1,"data/raw/air_quality/openaq/historical/PROJ_007/pm2_5/PROJ_007_12235583_pm2_5_2026_09_p1_20260925T000042.json","2026-09-24T18:30:42Z","2026-09-24T18:30:42Z",200,""
18,"PROJ_007",407,12235582,"pm10","2026-08-31T18:30:00Z","2026-09-21T18:29:59Z","completed",1,465,465,1,"data/raw/air_quality/openaq/historical/PROJ_007/pm10/PROJ_007_12235582_pm10_2026_09_p1_20260925T000045.json","2026-09-24T18:30:46Z","2026-09-24T18:30:46Z",200,""
18,"PROJ_019",2586,12235655,"so2","2026-08-31T18:30:00Z","2026-09-21T18:29:59Z","completed",1,401,401,1,"data/raw/air_quality/openaq/historical/PROJ_019/so2/PROJ_019_12235655_so2_2026_09_p1_20260925T000049.json","2026-09-24T18:30:49Z","2026-09-24T18:30:49Z",200,""
18,"PROJ_019",2586,12235648,"co","2026-08-31T18:30:00Z","2026-09-21T18:29:59Z","completed",1,490,490,1,"data/raw/air_quality/openaq/historical/PROJ_019/co/PROJ_019_12235648_co_2026_09_p1_20260925T000052.json","2026-09-24T18:30:52Z","2026-09-24T18:30:52Z",200,""
18,"PROJ_019",2586,12235653,"pm2_5","2026-08-31T18:30:00Z","2026-09-21T18:29:59Z","completed",1,411,411,1,"data/raw/air_quality/openaq/historical/PROJ_019/pm2_5/PROJ_019_12235653_pm2_5_2026_09_p1_20260925T000056.json","2026-09-24T18:30:57Z","2026-09-24T18:30:57Z",200,""
18,"PROJ_019",2586,12235652,"pm10","2026-08-31T18:30:00Z","2026-09-21T18:29:59Z","completed",1,364,364,1,"data/raw/air_quality/openaq/historical/PROJ_019/pm10/PROJ_019_12235652_pm10_2026_09_p1_20260925T000101.json","2026-09-24T18:31:01Z","2026-09-24T18:31:01Z",200,""
18,"PROJ_019",2586,12235650,"no2","2026-08-31T18:30:00Z","2026-09-21T18:29:59Z","completed",1,422,422,1,"data/raw/air_quality/openaq/historical/PROJ_019/no2/PROJ_019_12235650_no2_2026_09_p1_20260925T000104.json","2026-09-24T18:31:04Z","2026-09-24T18:31:04Z",200,""
18,"PROJ_019",2586,12235651,"o3","2026-08-31T18:30:00Z","2026-09-21T18:29:59Z","completed",1,491,491,1,"data/raw/air_quality/openaq/historical/PROJ_019/o3/PROJ_019_12235651_o3_2026_09_p1_20260925T000109.json","2026-09-24T18:31:09Z","2026-09-24T18:31:09Z",200,""
18,"PROJ_036",5599,12235400,"pm2_5","2026-08-31T18:30:00Z","2026-09-21T18:29:59Z","completed",1,323,323,1,"data/raw/air_quality/openaq/historical/PROJ_036/pm2_5/PROJ_036_12235400_pm2_5_2026_09_p1_20260925T000113.json","2026-09-24T18:31:13Z","2026-09-24T18:31:13Z",200,""
18,"PROJ_036",5599,12235399,"pm10","2026-08-31T18:30:00Z","2026-09-21T18:29:59Z","completed",1,315,315,1,"data/raw/air_quality/openaq/historical/PROJ_036/pm10/PROJ_036_12235399_pm10_2026_09_p1_20260925T000116.json","2026-09-24T18:31:16Z","2026-09-24T18:31:16Z",200,""
18,"PROJ_036",5599,12235402,"so2","2026-08-31T18:30:00Z","2026-09-21T18:29:59Z","completed",1,339,339,1,"data/raw/air_quality/openaq/historical/PROJ_036/so2/PROJ_036_12235402_so2_2026_09_p1_20260925T000120.json","2026-09-24T18:31:21Z","2026-09-24T18:31:21Z",200,""
18,"PROJ_036",5599,12235398,"o3","2026-08-31T18:30:00Z","2026-09-21T18:29:59Z","completed",1,339,339,1,"data/raw/air_quality/openaq/historical/PROJ_036/o3/PROJ_036_12235398_o3_2026_09_p1_20260925T000125.json","2026-09-24T18:31:25Z","2026-09-24T18:31:25Z",200,""
18,"PROJ_036",5599,12235395,"co","2026-08-31T18:30:00Z","2026-09-21T18:29:59Z","completed",1,338,338,1,"data/raw/air_quality/openaq/historical/PROJ_036/co/PROJ_036_12235395_co_2026_09_p1_20260925T000128.json","2026-09-24T18:31:28Z","2026-09-24T18:31:28Z",200,""
18,"PROJ_036",5599,12235397,"no2","2026-08-31T18:30:00Z","2026-09-21T18:29:59Z","completed",1,339,339,1,"data/raw/air_quality/openaq/historical/PROJ_036/no2/PROJ_036_12235397_no2_2026_09_p1_20260925T000132.json","2026-09-24T18:31:33Z","2026-09-24T18:31:33Z",200,""
18,"PROJ_042",5621,12235625,"pm10","2026-08-31T18:30:00Z","2026-09-21T18:29:59Z","completed",1,462,462,1,"data/raw/air_quality/openaq/historical/PROJ_042/pm10/PROJ_042_12235625_pm10_2026_09_p1_20260925T000137.json","2026-09-24T18:31:37Z","2026-09-24T18:31:37Z",200,""
18,"PROJ_042",5621,12235623,"no2","2026-08-31T18:30:00Z","2026-09-21T18:29:59Z","completed",1,486,486,1,"data/raw/air_quality/openaq/historical/PROJ_042/no2/PROJ_042_12235623_no2_2026_09_p1_20260925T000140.json","2026-09-24T18:31:40Z","2026-09-24T18:31:40Z",200,""
18,"PROJ_042",5621,12235626,"pm2_5","2026-08-31T18:30:00Z","2026-09-21T18:29:59Z","completed",1,463,463,1,"data/raw/air_quality/openaq/historical/PROJ_042/pm2_5/PROJ_042_12235626_pm2_5_2026_09_p1_20260925T000144.json","2026-09-24T18:31:45Z","2026-09-24T18:31:45Z",200,""
18,"PROJ_042",5621,12235621,"co","2026-08-31T18:30:00Z","2026-09-21T18:29:59Z","completed",1,485,485,1,"data/raw/air_quality/openaq/historical/PROJ_042/co/PROJ_042_12235621_co_2026_09_p1_20260925T000148.json","2026-09-24T18:31:48Z","2026-09-24T18:31:48Z",200,""
18,"PROJ_042",5621,12235628,"so2","2026-08-31T18:30:00Z","2026-09-21T18:29:59Z","completed",1,485,485,1,"data/raw/air_quality/openaq/historical/PROJ_042/so2/PROJ_042_12235628_so2_2026_09_p1_20260925T000152.json","2026-09-24T18:31:53Z","2026-09-24T18:31:53Z",200,""
18,"PROJ_042",5621,12235624,"o3","2026-08-31T18:30:00Z","2026-09-21T18:29:59Z","completed",1,486,486,1,"data/raw/air_quality/openaq/historical/PROJ_042/o3/PROJ_042_12235624_o3_2026_09_p1_20260925T000156.json","2026-09-24T18:31:56Z","2026-09-24T18:31:56Z",200,""
18,"PROJ_044",5623,12242116,"co","2026-08-31T18:30:00Z","2026-09-21T18:29:59Z","completed",1,494,494,1,"data/raw/air_quality/openaq/historical/PROJ_044/co/PROJ_044_12242116_co_2026_09_p1_20260925T000159.json","2026-09-24T18:32:00Z","2026-09-24T18:32:00Z",200,""
18,"PROJ_044",5623,12242118,"no2","2026-08-31T18:30:00Z","2026-09-21T18:29:59Z","completed",1,489,489,1,"data/raw/air_quality/openaq/historical/PROJ_044/no2/PROJ_044_12242118_no2_2026_09_p1_20260925T000204.json","2026-09-24T18:32:04Z","2026-09-24T18:32:04Z",200,""
18,"PROJ_044",5623,12242119,"o3","2026-08-31T18:30:00Z","2026-09-21T18:29:59Z","completed",1,494,494,1,"data/raw/air_quality/openaq/historical/PROJ_044/o3/PROJ_044_12242119_o3_2026_09_p1_20260925T000208.json","2026-09-24T18:32:08Z","2026-09-24T18:32:08Z",200,""
18,"PROJ_044",5623,12242121,"pm2_5","2026-08-31T18:30:00Z","2026-09-21T18:29:59Z","completed",1,478,478,1,"data/raw/air_quality/openaq/historical/PROJ_044/pm2_5/PROJ_044_12242121_pm2_5_2026_09_p1_20260925T000211.json","2026-09-24T18:32:12Z","2026-09-24T18:32:12Z",200,""
18,"PROJ_044",5623,12242120,"pm10","2026-08-31T18:30:00Z","2026-09-21T18:29:59Z","completed",1,467,467,1,"data/raw/air_quality/openaq/historical/PROJ_044/pm10/PROJ_044_12242120_pm10_2026_09_p1_20260925T000216.json","2026-09-24T18:32:16Z","2026-09-24T18:32:16Z",200,""
18,"PROJ_044",5623,12242123,"so2","2026-08-31T18:30:00Z","2026-09-21T18:29:59Z","completed",1,481,481,1,"data/raw/air_quality/openaq/historical/PROJ_044/so2/PROJ_044_12242123_so2_2026_09_p1_20260925T000219.json","2026-09-24T18:32:20Z","2026-09-24T18:32:20Z",200,""
18,"PROJ_048",5628,12235460,"pm2_5","2026-08-31T18:30:00Z","2026-09-21T18:29:59Z","completed",1,454,454,1,"data/raw/air_quality/openaq/historical/PROJ_048/pm2_5/PROJ_048_12235460_pm2_5_2026_09_p1_20260925T000223.json","2026-09-24T18:32:23Z","2026-09-24T18:32:23Z",200,""
18,"PROJ_048",5628,12235458,"o3","2026-08-31T18:30:00Z","2026-09-21T18:29:59Z","completed",1,403,403,1,"data/raw/air_quality/openaq/historical/PROJ_048/o3/PROJ_048_12235458_o3_2026_09_p1_20260925T000227.json","2026-09-24T18:32:27Z","2026-09-24T18:32:27Z",200,""
18,"PROJ_048",5628,12235455,"co","2026-08-31T18:30:00Z","2026-09-21T18:29:59Z","completed",1,375,375,1,"data/raw/air_quality/openaq/historical/PROJ_048/co/PROJ_048_12235455_co_2026_09_p1_20260925T000230.json","2026-09-24T18:32:30Z","2026-09-24T18:32:30Z",200,""
18,"PROJ_048",5628,12235459,"pm10","2026-08-31T18:30:00Z","2026-09-21T18:29:59Z","completed",1,442,442,1,"data/raw/air_quality/openaq/historical/PROJ_048/pm10/PROJ_048_12235459_pm10_2026_09_p1_20260925T000233.json","2026-09-24T18:32:33Z","2026-09-24T18:32:33Z",200,""
18,"PROJ_048",5628,12235462,"so2","2026-08-31T18:30:00Z","2026-09-21T18:29:59Z","completed",1,466,466,1,"data/raw/air_quality/openaq/historical/PROJ_048/so2/PROJ_048_12235462_so2_2026_09_p1_20260925T000238.json","2026-09-24T18:32:38Z","2026-09-24T18:32:38Z",200,""
18,"PROJ_048",5628,12235457,"no2","2026-08-31T18:30:00Z","2026-09-21T18:29:59Z","completed",1,466,466,1,"data/raw/air_quality/openaq/historical/PROJ_048/no2/PROJ_048_12235457_no2_2026_09_p1_20260925T000242.json","2026-09-24T18:32:42Z","2026-09-24T18:32:42Z",200,""
18,"PROJ_050",5631,12235666,"co","2026-08-31T18:30:00Z","2026-09-21T18:29:59Z","completed",1,491,491,1,"data/raw/air_quality/openaq/historical/PROJ_050/co/PROJ_050_12235666_co_2026_09_p1_20260925T000246.json","2026-09-24T18:32:47Z","2026-09-24T18:32:47Z",200,""
18,"PROJ_050",5631,12235668,"no2","2026-08-31T18:30:00Z","2026-09-21T18:29:59Z","completed",1,494,494,1,"data/raw/air_quality/openaq/historical/PROJ_050/no2/PROJ_050_12235668_no2_2026_09_p1_20260925T000250.json","2026-09-24T18:32:50Z","2026-09-24T18:32:50Z",200,""
18,"PROJ_050",5631,12235670,"pm10","2026-08-31T18:30:00Z","2026-09-21T18:29:59Z","completed",1,423,423,1,"data/raw/air_quality/openaq/historical/PROJ_050/pm10/PROJ_050_12235670_pm10_2026_09_p1_20260925T000254.json","2026-09-24T18:32:55Z","2026-09-24T18:32:55Z",200,""
18,"PROJ_050",5631,12235673,"so2","2026-08-31T18:30:00Z","2026-09-21T18:29:59Z","completed",1,411,411,1,"data/raw/air_quality/openaq/historical/PROJ_050/so2/PROJ_050_12235673_so2_2026_09_p1_20260925T000259.json","2026-09-24T18:32:59Z","2026-09-24T18:32:59Z",200,""
18,"PROJ_050",5631,12235671,"pm2_5","2026-08-31T18:30:00Z","2026-09-21T18:29:59Z","completed",1,429,429,1,"data/raw/air_quality/openaq/historical/PROJ_050/pm2_5/PROJ_050_12235671_pm2_5_2026_09_p1_20260925T000303.json","2026-09-24T18:33:04Z","2026-09-24T18:33:04Z",200,""
18,"PROJ_050",5631,12235669,"o3","2026-08-31T18:30:00Z","2026-09-21T18:29:59Z","completed",1,493,493,1,"data/raw/air_quality/openaq/historical/PROJ_050/o3/PROJ_050_12235669_o3_2026_09_p1_20260925T000308.json","2026-09-24T18:33:08Z","2026-09-24T18:33:08Z",200,""
18,"PROJ_051",5633,12234804,"pm10","2026-08-31T18:30:00Z","2026-09-21T18:29:59Z","completed",1,486,486,1,"data/raw/air_quality/openaq/historical/PROJ_051/pm10/PROJ_051_12234804_pm10_2026_09_p1_20260925T000312.json","2026-09-24T18:33:13Z","2026-09-24T18:33:13Z",200,""
18,"PROJ_051",5633,12234807,"so2","2026-08-31T18:30:00Z","2026-09-21T18:29:59Z","completed",1,486,486,1,"data/raw/air_quality/openaq/historical/PROJ_051/so2/PROJ_051_12234807_so2_2026_09_p1_20260925T000317.json","2026-09-24T18:33:17Z","2026-09-24T18:33:17Z",200,""
18,"PROJ_051",5633,12234805,"pm2_5","2026-08-31T18:30:00Z","2026-09-21T18:29:59Z","completed",1,484,484,1,"data/raw/air_quality/openaq/historical/PROJ_051/pm2_5/PROJ_051_12234805_pm2_5_2026_09_p1_20260925T000321.json","2026-09-24T18:33:21Z","2026-09-24T18:33:21Z",200,""
18,"PROJ_051",5633,12234800,"co","2026-08-31T18:30:00Z","2026-09-21T18:29:59Z","completed",1,489,489,1,"data/raw/air_quality/openaq/historical/PROJ_051/co/PROJ_051_12234800_co_2026_09_p1_20260925T000325.json","2026-09-24T18:33:26Z","2026-09-24T18:33:26Z",200,""
18,"PROJ_051",5633,12234803,"o3","2026-08-31T18:30:00Z","2026-09-21T18:29:59Z","completed",1,488,488,1,"data/raw/air_quality/openaq/historical/PROJ_051/o3/PROJ_051_12234803_o3_2026_09_p1_20260925T000329.json","2026-09-24T18:33:29Z","2026-09-24T18:33:29Z",200,""
18,"PROJ_051",5633,12234802,"no2","2026-08-31T18:30:00Z","2026-09-21T18:29:59Z","completed",1,488,488,1,"data/raw/air_quality/openaq/historical/PROJ_051/no2/PROJ_051_12234802_no2_2026_09_p1_20260925T000333.json","2026-09-24T18:33:33Z","2026-09-24T18:33:33Z",200,""
18,"PROJ_063",5659,12235521,"pm10","2026-08-31T18:30:00Z","2026-09-21T18:29:59Z","completed",1,454,454,1,"data/raw/air_quality/openaq/historical/PROJ_063/pm10/PROJ_063_12235521_pm10_2026_09_p1_20260925T000337.json","2026-09-24T18:33:38Z","2026-09-24T18:33:38Z",200,""
18,"PROJ_063",5659,12235520,"o3","2026-08-31T18:30:00Z","2026-09-21T18:29:59Z","completed",1,483,483,1,"data/raw/air_quality/openaq/historical/PROJ_063/o3/PROJ_063_12235520_o3_2026_09_p1_20260925T000341.json","2026-09-24T18:33:41Z","2026-09-24T18:33:41Z",200,""
18,"PROJ_063",5659,12235517,"co","2026-08-31T18:30:00Z","2026-09-21T18:29:59Z","completed",1,480,480,1,"data/raw/air_quality/openaq/historical/PROJ_063/co/PROJ_063_12235517_co_2026_09_p1_20260925T000345.json","2026-09-24T18:33:45Z","2026-09-24T18:33:45Z",200,""
18,"PROJ_063",5659,12235524,"so2","2026-08-31T18:30:00Z","2026-09-21T18:29:59Z","completed",1,481,481,1,"data/raw/air_quality/openaq/historical/PROJ_063/so2/PROJ_063_12235524_so2_2026_09_p1_20260925T000349.json","2026-09-24T18:33:50Z","2026-09-24T18:33:50Z",200,""
18,"PROJ_063",5659,12235519,"no2","2026-08-31T18:30:00Z","2026-09-21T18:29:59Z","completed",1,482,482,1,"data/raw/air_quality/openaq/historical/PROJ_063/no2/PROJ_063_12235519_no2_2026_09_p1_20260925T000354.json","2026-09-24T18:33:54Z","2026-09-24T18:33:54Z",200,""
18,"PROJ_063",5659,12235522,"pm2_5","2026-08-31T18:30:00Z","2026-09-21T18:29:59Z","completed",1,443,443,1,"data/raw/air_quality/openaq/historical/PROJ_063/pm2_5/PROJ_063_12235522_pm2_5_2026_09_p1_20260925T000358.json","2026-09-24T18:33:59Z","2026-09-24T18:33:59Z",200,""
18,"PROJ_092",6945,12289836,"so2","2026-08-31T18:30:00Z","2026-09-21T18:29:59Z","completed",1,493,493,1,"data/raw/air_quality/openaq/historical/PROJ_092/so2/PROJ_092_12289836_so2_2026_09_p1_20260925T000402.json","2026-09-24T18:34:02Z","2026-09-24T18:34:02Z",200,""
18,"PROJ_092",6945,12235834,"pm2_5","2026-08-31T18:30:00Z","2026-09-21T18:29:59Z","completed",1,310,310,1,"data/raw/air_quality/openaq/historical/PROJ_092/pm2_5/PROJ_092_12235834_pm2_5_2026_09_p1_20260925T000405.json","2026-09-24T18:34:06Z","2026-09-24T18:34:06Z",200,""
18,"PROJ_092",6945,12235829,"co","2026-08-31T18:30:00Z","2026-09-21T18:29:59Z","completed",1,493,493,1,"data/raw/air_quality/openaq/historical/PROJ_092/co/PROJ_092_12235829_co_2026_09_p1_20260925T000409.json","2026-09-24T18:34:09Z","2026-09-24T18:34:09Z",200,""
18,"PROJ_092",6945,12235833,"pm10","2026-08-31T18:30:00Z","2026-09-21T18:29:59Z","completed",1,310,310,1,"data/raw/air_quality/openaq/historical/PROJ_092/pm10/PROJ_092_12235833_pm10_2026_09_p1_20260925T000413.json","2026-09-24T18:34:14Z","2026-09-24T18:34:14Z",200,""
18,"PROJ_092",6945,12235831,"no2","2026-08-31T18:30:00Z","2026-09-21T18:29:59Z","completed",1,493,493,1,"data/raw/air_quality/openaq/historical/PROJ_092/no2/PROJ_092_12235831_no2_2026_09_p1_20260925T000417.json","2026-09-24T18:34:18Z","2026-09-24T18:34:18Z",200,""
18,"PROJ_092",6945,12235832,"o3","2026-08-31T18:30:00Z","2026-09-21T18:29:59Z","completed",1,493,493,1,"data/raw/air_quality/openaq/historical/PROJ_092/o3/PROJ_092_12235832_o3_2026_09_p1_20260925T000421.json","2026-09-24T18:34:22Z","2026-09-24T18:34:22Z",200,""
18,"PROJ_101",6973,12235269,"so2","2026-08-31T18:30:00Z","2026-09-21T18:29:59Z","completed",1,419,419,1,"data/raw/air_quality/openaq/historical/PROJ_101/so2/PROJ_101_12235269_so2_2026_09_p1_20260925T000426.json","2026-09-24T18:34:26Z","2026-09-24T18:34:26Z",200,""
18,"PROJ_101",6973,12235264,"no2","2026-08-31T18:30:00Z","2026-09-21T18:29:59Z","completed",1,470,470,1,"data/raw/air_quality/openaq/historical/PROJ_101/no2/PROJ_101_12235264_no2_2026_09_p1_20260925T000430.json","2026-09-24T18:34:31Z","2026-09-24T18:34:31Z",200,""
18,"PROJ_101",6973,12235266,"pm10","2026-08-31T18:30:00Z","2026-09-21T18:29:59Z","completed",1,462,462,1,"data/raw/air_quality/openaq/historical/PROJ_101/pm10/PROJ_101_12235266_pm10_2026_09_p1_20260925T000433.json","2026-09-24T18:34:34Z","2026-09-24T18:34:34Z",200,""
18,"PROJ_101",6973,12235267,"pm2_5","2026-08-31T18:30:00Z","2026-09-21T18:29:59Z","completed",1,465,465,1,"data/raw/air_quality/openaq/historical/PROJ_101/pm2_5/PROJ_101_12235267_pm2_5_2026_09_p1_20260925T000438.json","2026-09-24T18:34:38Z","2026-09-24T18:34:38Z",200,""
18,"PROJ_101",6973,12235265,"o3","2026-08-31T18:30:00Z","2026-09-21T18:29:59Z","completed",1,453,453,1,"data/raw/air_quality/openaq/historical/PROJ_101/o3/PROJ_101_12235265_o3_2026_09_p1_20260925T000442.json","2026-09-24T18:34:43Z","2026-09-24T18:34:43Z",200,""
18,"PROJ_101",6973,12235262,"co","2026-08-31T18:30:00Z","2026-09-21T18:29:59Z","completed",1,457,457,1,"data/raw/air_quality/openaq/historical/PROJ_101/co/PROJ_101_12235262_co_2026_09_p1_20260925T000445.json","2026-09-24T18:34:46Z","2026-09-24T18:34:46Z",200,""
18,"PROJ_133",10599,12236100,"o3","2026-08-31T18:30:00Z","2026-09-21T18:29:59Z","completed",1,480,480,1,"data/raw/air_quality/openaq/historical/PROJ_133/o3/PROJ_133_12236100_o3_2026_09_p1_20260925T000449.json","2026-09-24T18:34:49Z","2026-09-24T18:34:49Z",200,""
18,"PROJ_133",10599,12236101,"pm10","2026-08-31T18:30:00Z","2026-09-21T18:29:59Z","completed",1,480,480,1,"data/raw/air_quality/openaq/historical/PROJ_133/pm10/PROJ_133_12236101_pm10_2026_09_p1_20260925T000454.json","2026-09-24T18:34:54Z","2026-09-24T18:34:54Z",200,""
18,"PROJ_133",10599,12236097,"co","2026-08-31T18:30:00Z","2026-09-21T18:29:59Z","completed",1,472,472,1,"data/raw/air_quality/openaq/historical/PROJ_133/co/PROJ_133_12236097_co_2026_09_p1_20260925T000500.json","2026-09-24T18:35:01Z","2026-09-24T18:35:01Z",200,""
18,"PROJ_133",10599,12236104,"so2","2026-08-31T18:30:00Z","2026-09-21T18:29:59Z","completed",1,469,469,1,"data/raw/air_quality/openaq/historical/PROJ_133/so2/PROJ_133_12236104_so2_2026_09_p1_20260925T000505.json","2026-09-24T18:35:05Z","2026-09-24T18:35:05Z",200,""
18,"PROJ_133",10599,12236102,"pm2_5","2026-08-31T18:30:00Z","2026-09-21T18:29:59Z","completed",1,480,480,1,"data/raw/air_quality/openaq/historical/PROJ_133/pm2_5/PROJ_133_12236102_pm2_5_2026_09_p1_20260925T000510.json","2026-09-24T18:35:10Z","2026-09-24T18:35:10Z",200,""
18,"PROJ_133",10599,12236099,"no2","2026-08-31T18:30:00Z","2026-09-21T18:29:59Z","completed",1,480,480,1,"data/raw/air_quality/openaq/historical/PROJ_133/no2/PROJ_133_12236099_no2_2026_09_p1_20260925T000513.json","2026-09-24T18:35:14Z","2026-09-24T18:35:14Z",200,""
18,"PROJ_142",10903,12235758,"no2","2026-08-31T18:30:00Z","2026-09-21T18:29:59Z","completed",1,490,490,1,"data/raw/air_quality/openaq/historical/PROJ_142/no2/PROJ_142_12235758_no2_2026_09_p1_20260925T000518.json","2026-09-24T18:35:18Z","2026-09-24T18:35:18Z",200,""
18,"PROJ_142",10903,12235763,"so2","2026-08-31T18:30:00Z","2026-09-21T18:29:59Z","completed",1,490,490,1,"data/raw/air_quality/openaq/historical/PROJ_142/so2/PROJ_142_12235763_so2_2026_09_p1_20260925T000522.json","2026-09-24T18:35:23Z","2026-09-24T18:35:23Z",200,""
18,"PROJ_142",10903,12235756,"co","2026-08-31T18:30:00Z","2026-09-21T18:29:59Z","completed",1,492,492,1,"data/raw/air_quality/openaq/historical/PROJ_142/co/PROJ_142_12235756_co_2026_09_p1_20260925T000526.json","2026-09-24T18:35:26Z","2026-09-24T18:35:26Z",200,""
18,"PROJ_142",10903,12235760,"pm10","2026-08-31T18:30:00Z","2026-09-21T18:29:59Z","completed",1,469,469,1,"data/raw/air_quality/openaq/historical/PROJ_142/pm10/PROJ_142_12235760_pm10_2026_09_p1_20260925T000530.json","2026-09-24T18:35:31Z","2026-09-24T18:35:31Z",200,""
18,"PROJ_142",10903,12235759,"o3","2026-08-31T18:30:00Z","2026-09-21T18:29:59Z","completed",1,486,486,1,"data/raw/air_quality/openaq/historical/PROJ_142/o3/PROJ_142_12235759_o3_2026_09_p1_20260925T000534.json","2026-09-24T18:35:34Z","2026-09-24T18:35:34Z",200,""
18,"PROJ_142",10903,12235761,"pm2_5","2026-08-31T18:30:00Z","2026-09-21T18:29:59Z","completed",1,471,471,1,"data/raw/air_quality/openaq/historical/PROJ_142/pm2_5/PROJ_142_12235761_pm2_5_2026_09_p1_20260925T000538.json","2026-09-24T18:35:38Z","2026-09-24T18:35:38Z",200,""
18,"PROJ_144",10913,12236019,"o3","2026-08-31T18:30:00Z","2026-09-21T18:29:59Z","completed",1,491,491,1,"data/raw/air_quality/openaq/historical/PROJ_144/o3/PROJ_144_12236019_o3_2026_09_p1_20260925T000543.json","2026-09-24T18:35:43Z","2026-09-24T18:35:43Z",200,""
18,"PROJ_144",10913,12236023,"so2","2026-08-31T18:30:00Z","2026-09-21T18:29:59Z","completed",1,493,493,1,"data/raw/air_quality/openaq/historical/PROJ_144/so2/PROJ_144_12236023_so2_2026_09_p1_20260925T000547.json","2026-09-24T18:35:47Z","2026-09-24T18:35:47Z",200,""
18,"PROJ_144",10913,12236021,"pm2_5","2026-08-31T18:30:00Z","2026-09-21T18:29:59Z","completed",1,490,490,1,"data/raw/air_quality/openaq/historical/PROJ_144/pm2_5/PROJ_144_12236021_pm2_5_2026_09_p1_20260925T000551.json","2026-09-24T18:35:52Z","2026-09-24T18:35:52Z",200,""
18,"PROJ_144",10913,12236020,"pm10","2026-08-31T18:30:00Z","2026-09-21T18:29:59Z","completed",1,494,494,1,"data/raw/air_quality/openaq/historical/PROJ_144/pm10/PROJ_144_12236020_pm10_2026_09_p1_20260925T000555.json","2026-09-24T18:35:55Z","2026-09-24T18:35:55Z",200,""
18,"PROJ_144",10913,12236016,"co","2026-08-31T18:30:00Z","2026-09-21T18:29:59Z","completed",1,494,494,1,"data/raw/air_quality/openaq/historical/PROJ_144/co/PROJ_144_12236016_co_2026_09_p1_20260925T000558.json","2026-09-24T18:35:58Z","2026-09-24T18:35:58Z",200,""
18,"PROJ_144",10913,12236018,"no2","2026-08-31T18:30:00Z","2026-09-21T18:29:59Z","completed",1,494,494,1,"data/raw/air_quality/openaq/historical/PROJ_144/no2/PROJ_144_12236018_no2_2026_09_p1_20260925T000601.json","2026-09-24T18:36:02Z","2026-09-24T18:36:02Z",200,""
18,"PROJ_158",11613,12236463,"pm2_5","2026-08-31T18:30:00Z","2026-09-21T18:29:59Z","completed",1,470,470,1,"data/raw/air_quality/openaq/historical/PROJ_158/pm2_5/PROJ_158_12236463_pm2_5_2026_09_p1_20260925T000606.json","2026-09-24T18:36:06Z","2026-09-24T18:36:06Z",200,""
18,"PROJ_158",11613,12236458,"co","2026-08-31T18:30:00Z","2026-09-21T18:29:59Z","completed",1,472,472,1,"data/raw/air_quality/openaq/historical/PROJ_158/co/PROJ_158_12236458_co_2026_09_p1_20260925T000610.json","2026-09-24T18:36:11Z","2026-09-24T18:36:11Z",200,""
18,"PROJ_158",11613,12236460,"no2","2026-08-31T18:30:00Z","2026-09-21T18:29:59Z","completed",1,473,473,1,"data/raw/air_quality/openaq/historical/PROJ_158/no2/PROJ_158_12236460_no2_2026_09_p1_20260925T000615.json","2026-09-24T18:36:15Z","2026-09-24T18:36:15Z",200,""
18,"PROJ_158",11613,12236461,"o3","2026-08-31T18:30:00Z","2026-09-21T18:29:59Z","completed",1,472,472,1,"data/raw/air_quality/openaq/historical/PROJ_158/o3/PROJ_158_12236461_o3_2026_09_p1_20260925T000619.json","2026-09-24T18:36:19Z","2026-09-24T18:36:19Z",200,""
18,"PROJ_158",11613,12236465,"so2","2026-08-31T18:30:00Z","2026-09-21T18:29:59Z","completed",1,473,473,1,"data/raw/air_quality/openaq/historical/PROJ_158/so2/PROJ_158_12236465_so2_2026_09_p1_20260925T000622.json","2026-09-24T18:36:23Z","2026-09-24T18:36:23Z",200,""
18,"PROJ_158",11613,12236462,"pm10","2026-08-31T18:30:00Z","2026-09-21T18:29:59Z","completed",1,470,470,1,"data/raw/air_quality/openaq/historical/PROJ_158/pm10/PROJ_158_12236462_pm10_2026_09_p1_20260925T000627.json","2026-09-24T18:36:27Z","2026-09-24T18:36:27Z",200,""
18,"PROJ_179",344103,12237100,"so2","2026-08-31T18:30:00Z","2026-09-21T18:29:59Z","completed",1,450,450,1,"data/raw/air_quality/openaq/historical/PROJ_179/so2/PROJ_179_12237100_so2_2026_09_p1_20260925T000632.json","2026-09-24T18:36:33Z","2026-09-24T18:36:33Z",200,""
18,"PROJ_179",344103,12237093,"co","2026-08-31T18:30:00Z","2026-09-21T18:29:59Z","completed",1,473,473,1,"data/raw/air_quality/openaq/historical/PROJ_179/co/PROJ_179_12237093_co_2026_09_p1_20260925T000637.json","2026-09-24T18:36:38Z","2026-09-24T18:36:38Z",200,""
18,"PROJ_179",344103,12237096,"o3","2026-08-31T18:30:00Z","2026-09-21T18:29:59Z","completed",1,472,472,1,"data/raw/air_quality/openaq/historical/PROJ_179/o3/PROJ_179_12237096_o3_2026_09_p1_20260925T000642.json","2026-09-24T18:36:43Z","2026-09-24T18:36:43Z",200,""
18,"PROJ_179",344103,12237097,"pm10","2026-08-31T18:30:00Z","2026-09-21T18:29:59Z","completed",1,456,456,1,"data/raw/air_quality/openaq/historical/PROJ_179/pm10/PROJ_179_12237097_pm10_2026_09_p1_20260925T000645.json","2026-09-24T18:36:46Z","2026-09-24T18:36:46Z",200,""
18,"PROJ_179",344103,12237098,"pm2_5","2026-08-31T18:30:00Z","2026-09-21T18:29:59Z","completed",1,456,456,1,"data/raw/air_quality/openaq/historical/PROJ_179/pm2_5/PROJ_179_12237098_pm2_5_2026_09_p1_20260925T000650.json","2026-09-24T18:36:50Z","2026-09-24T18:36:50Z",200,""
18,"PROJ_179",344103,12237095,"no2","2026-08-31T18:30:00Z","2026-09-21T18:29:59Z","completed",1,471,471,1,"data/raw/air_quality/openaq/historical/PROJ_179/no2/PROJ_179_12237095_no2_2026_09_p1_20260925T000654.json","2026-09-24T18:36:55Z","2026-09-24T18:36:55Z",200,""
18,"PROJ_180",344104,12237125,"pm2_5","2026-08-31T18:30:00Z","2026-09-21T18:29:59Z","completed",1,488,488,1,"data/raw/air_quality/openaq/historical/PROJ_180/pm2_5/PROJ_180_12237125_pm2_5_2026_09_p1_20260925T000658.json","2026-09-24T18:36:58Z","2026-09-24T18:36:58Z",200,""
18,"PROJ_180",344104,12237122,"no2","2026-08-31T18:30:00Z","2026-09-21T18:29:59Z","completed",1,482,482,1,"data/raw/air_quality/openaq/historical/PROJ_180/no2/PROJ_180_12237122_no2_2026_09_p1_20260925T000703.json","2026-09-24T18:37:03Z","2026-09-24T18:37:03Z",200,""
18,"PROJ_180",344104,12237124,"pm10","2026-08-31T18:30:00Z","2026-09-21T18:29:59Z","completed",1,488,488,1,"data/raw/air_quality/openaq/historical/PROJ_180/pm10/PROJ_180_12237124_pm10_2026_09_p1_20260925T000707.json","2026-09-24T18:37:07Z","2026-09-24T18:37:07Z",200,""
18,"PROJ_180",344104,12237127,"so2","2026-08-31T18:30:00Z","2026-09-21T18:29:59Z","completed",1,483,483,1,"data/raw/air_quality/openaq/historical/PROJ_180/so2/PROJ_180_12237127_so2_2026_09_p1_20260925T000712.json","2026-09-24T18:37:12Z","2026-09-24T18:37:12Z",200,""
18,"PROJ_180",344104,12237123,"o3","2026-08-31T18:30:00Z","2026-09-21T18:29:59Z","completed",1,486,486,1,"data/raw/air_quality/openaq/historical/PROJ_180/o3/PROJ_180_12237123_o3_2026_09_p1_20260925T000716.json","2026-09-24T18:37:16Z","2026-09-24T18:37:16Z",200,""
18,"PROJ_180",344104,12237120,"co","2026-08-31T18:30:00Z","2026-09-21T18:29:59Z","completed",1,487,487,1,"data/raw/air_quality/openaq/historical/PROJ_180/co/PROJ_180_12237120_co_2026_09_p1_20260925T000720.json","2026-09-24T18:37:20Z","2026-09-24T18:37:20Z",200,""
18,"PROJ_181",344140,12237111,"co","2026-08-31T18:30:00Z","2026-09-21T18:29:59Z","completed",1,493,493,1,"data/raw/air_quality/openaq/historical/PROJ_181/co/PROJ_181_12237111_co_2026_09_p1_20260925T000724.json","2026-09-24T18:37:24Z","2026-09-24T18:37:24Z",200,""
18,"PROJ_181",344140,12237114,"o3","2026-08-31T18:30:00Z","2026-09-21T18:29:59Z","completed",1,470,470,1,"data/raw/air_quality/openaq/historical/PROJ_181/o3/PROJ_181_12237114_o3_2026_09_p1_20260925T000727.json","2026-09-24T18:37:27Z","2026-09-24T18:37:27Z",200,""
18,"PROJ_181",344140,12237113,"no2","2026-08-31T18:30:00Z","2026-09-21T18:29:59Z","completed",1,493,493,1,"data/raw/air_quality/openaq/historical/PROJ_181/no2/PROJ_181_12237113_no2_2026_09_p1_20260925T000731.json","2026-09-24T18:37:32Z","2026-09-24T18:37:32Z",200,""
18,"PROJ_181",344140,12237115,"pm10","2026-08-31T18:30:00Z","2026-09-21T18:29:59Z","completed",1,492,492,1,"data/raw/air_quality/openaq/historical/PROJ_181/pm10/PROJ_181_12237115_pm10_2026_09_p1_20260925T000736.json","2026-09-24T18:37:36Z","2026-09-24T18:37:36Z",200,""
18,"PROJ_181",344140,12237118,"so2","2026-08-31T18:30:00Z","2026-09-21T18:29:59Z","completed",1,493,493,1,"data/raw/air_quality/openaq/historical/PROJ_181/so2/PROJ_181_12237118_so2_2026_09_p1_20260925T000740.json","2026-09-24T18:37:40Z","2026-09-24T18:37:40Z",200,""
18,"PROJ_181",344140,12237116,"pm2_5","2026-08-31T18:30:00Z","2026-09-21T18:29:59Z","completed",1,492,492,1,"data/raw/air_quality/openaq/historical/PROJ_181/pm2_5/PROJ_181_12237116_pm2_5_2026_09_p1_20260925T000743.json","2026-09-24T18:37:43Z","2026-09-24T18:37:43Z",200,""
18,"PROJ_186",352465,12237091,"so2","2026-08-31T18:30:00Z","2026-09-21T18:29:59Z","completed",1,463,463,1,"data/raw/air_quality/openaq/historical/PROJ_186/so2/PROJ_186_12237091_so2_2026_09_p1_20260925T000747.json","2026-09-24T18:37:47Z","2026-09-24T18:37:47Z",200,""
18,"PROJ_186",352465,12237088,"pm10","2026-08-31T18:30:00Z","2026-09-21T18:29:59Z","completed",1,437,437,1,"data/raw/air_quality/openaq/historical/PROJ_186/pm10/PROJ_186_12237088_pm10_2026_09_p1_20260925T000750.json","2026-09-24T18:37:51Z","2026-09-24T18:37:51Z",200,""
18,"PROJ_186",352465,12237089,"pm2_5","2026-08-31T18:30:00Z","2026-09-21T18:29:59Z","completed",1,435,435,1,"data/raw/air_quality/openaq/historical/PROJ_186/pm2_5/PROJ_186_12237089_pm2_5_2026_09_p1_20260925T000755.json","2026-09-24T18:37:56Z","2026-09-24T18:37:56Z",200,""
18,"PROJ_186",352465,12237086,"no2","2026-08-31T18:30:00Z","2026-09-21T18:29:59Z","completed",1,464,464,1,"data/raw/air_quality/openaq/historical/PROJ_186/no2/PROJ_186_12237086_no2_2026_09_p1_20260925T000759.json","2026-09-24T18:37:59Z","2026-09-24T18:37:59Z",200,""
18,"PROJ_186",352465,12237087,"o3","2026-08-31T18:30:00Z","2026-09-21T18:29:59Z","completed",1,464,464,1,"data/raw/air_quality/openaq/historical/PROJ_186/o3/PROJ_186_12237087_o3_2026_09_p1_20260925T000803.json","2026-09-24T18:38:03Z","2026-09-24T18:38:03Z",200,""
18,"PROJ_186",352465,12237084,"co","2026-08-31T18:30:00Z","2026-09-21T18:29:59Z","completed",1,464,464,1,"data/raw/air_quality/openaq/historical/PROJ_186/co/PROJ_186_12237084_co_2026_09_p1_20260925T000806.json","2026-09-24T18:38:07Z","2026-09-24T18:38:07Z",200,""
18,"PROJ_094",6950,12235885,"o3","2026-08-31T18:30:00Z","2026-09-21T18:29:59Z","completed",1,494,494,1,"data/raw/air_quality/openaq/historical/PROJ_094/o3/PROJ_094_12235885_o3_2026_09_p1_20260925T000811.json","2026-09-24T18:38:11Z","2026-09-24T18:38:11Z",200,""
18,"PROJ_094",6950,12235889,"so2","2026-08-31T18:30:00Z","2026-09-21T18:29:59Z","completed",1,494,494,1,"data/raw/air_quality/openaq/historical/PROJ_094/so2/PROJ_094_12235889_so2_2026_09_p1_20260925T000814.json","2026-09-24T18:38:14Z","2026-09-24T18:38:14Z",200,""
18,"PROJ_094",6950,12235884,"no2","2026-08-31T18:30:00Z","2026-09-21T18:29:59Z","completed",1,494,494,1,"data/raw/air_quality/openaq/historical/PROJ_094/no2/PROJ_094_12235884_no2_2026_09_p1_20260925T000818.json","2026-09-24T18:38:19Z","2026-09-24T18:38:19Z",200,""
18,"PROJ_094",6950,12235886,"pm10","2026-08-31T18:30:00Z","2026-09-21T18:29:59Z","completed",1,494,494,1,"data/raw/air_quality/openaq/historical/PROJ_094/pm10/PROJ_094_12235886_pm10_2026_09_p1_20260925T000822.json","2026-09-24T18:38:22Z","2026-09-24T18:38:22Z",200,""
18,"PROJ_094",6950,12235882,"co","2026-08-31T18:30:00Z","2026-09-21T18:29:59Z","completed",1,410,410,1,"data/raw/air_quality/openaq/historical/PROJ_094/co/PROJ_094_12235882_co_2026_09_p1_20260925T000826.json","2026-09-24T18:38:26Z","2026-09-24T18:38:26Z",200,""
18,"PROJ_094",6950,12235887,"pm2_5","2026-08-31T18:30:00Z","2026-09-21T18:29:59Z","completed",1,494,494,1,"data/raw/air_quality/openaq/historical/PROJ_094/pm2_5/PROJ_094_12235887_pm2_5_2026_09_p1_20260925T000830.json","2026-09-24T18:38:31Z","2026-09-24T18:38:31Z",200,""
