"local_file","source","source_type","source_endpoint","retrieved_at","http_status","request_start_date","request_end_date","station_or_location_id","sensor_id","response_row_count","data_origin","file_sha256","notes"
"data/raw/air_quality/openaq/coverage/sensor_12234782_days_2026-08-26_2026-09-24_retrieved_20260924T174415.json","openaq","daily_coverage","/sensors/days","2026-09-24T19:09:53+0530","200","2026-08-26","2026-09-24",NA,"12234782",27,"external_api","bc264adaffaef219154b73b8829f5b864121b24f8921220ef9abf20f116bb7da","http_success_with_data"
"data/raw/air_quality/openaq/coverage/sensor_12234784_days_2026-08-26_2026-09-24_retrieved_20260924T174411.json","openaq","daily_coverage","/sensors/days","2026-09-24T19:09:53+0530","200","2026-08-26","2026-09-24",NA,"12234784",27,"external_api","f1b602b05eddea41c1a744c626b810edb115a67222eb9bf3b482262eb4319408","http_success_with_data"
"data/raw/air_quality/openaq/coverage/sensor_12234785_days_2026-08-26_2026-09-24_retrieved_20260924T174406.json","openaq","daily_coverage","/sensors/days","2026-09-24T19:09:53+0530","200","2026-08-26","2026-09-24",NA,"12234785",27,"external_api","c2658994db97fccbb43ae6603e736e679c3734cccc0e193d4ceccd2772a1033e","http_success_with_data"
"data/raw/air_quality/openaq/coverage/sensor_12234786_days_2026-08-26_2026-09-24_retrieved_20260924T174413.json","openaq","daily_coverage","/sensors/days","2026-09-24T19:09:53+0530","200","2026-08-26","2026-09-24",NA,"12234786",27,"external_api","6a37761d440453765efbba005ca62c971e2043c682eba0cf42d34cb008f955aa","http_success_with_data"
"data/raw/air_quality/openaq/coverage/sensor_12234787_days_2026-08-26_2026-09-24_retrieved_20260924T174409.json","openaq","daily_coverage","/sensors/days","2026-09-24T19:09:53+0530","200","2026-08-26","2026-09-24",NA,"12234787",27,"external_api","7cfba6418d83fae6cb91339b1c9b7089254a88c60c753143afd1c1e160bd05d6","http_success_with_data"
"data/raw/air_quality/openaq/coverage/sensor_12234789_days_2026-08-26_2026-09-24_retrieved_20260924T174417.json","openaq","daily_coverage","/sensors/days","2026-09-24T19:09:53+0530","200","2026-08-26","2026-09-24",NA,"12234789",27,"external_api","fb75f1902d97abcd9485078e9c8ebe177d8b19a1cccdd1f977cf59ca15dd1745","http_success_with_data"
"data/raw/air_quality/openaq/coverage/sensor_12234791_days_2026-08-26_2026-09-24_retrieved_20260924T174427.json","openaq","daily_coverage","/sensors/days","2026-09-24T19:09:53+0530","200","2026-08-26","2026-09-24",NA,"12234791",26,"external_api","147dd71959941f09b467a609c15fd6540c24c8cb0814bd9aef04bfe8b7228bbf","http_success_with_data"
"data/raw/air_quality/openaq/coverage/sensor_12234793_days_2026-08-26_2026-09-24_retrieved_20260924T174425.json","openaq","daily_coverage","/sensors/days","2026-09-24T19:09:53+0530","200","2026-08-26","2026-09-24",NA,"12234793",27,"external_api","442980c2fb9ababda19b50fe4b29927dbaa4ddfbf4721d3e331886bc11e6d5dd","http_success_with_data"
"data/raw/air_quality/openaq/coverage/sensor_12234794_days_2026-08-26_2026-09-24_retrieved_20260924T174423.json","openaq","daily_coverage","/sensors/days","2026-09-24T19:09:53+0530","200","2026-08-26","2026-09-24",NA,"12234794",26,"external_api","8aa7ee7b55019525191e40013d71b954e1fa2d9fced4eaf5b37f64a5b1ea5862","http_success_with_data"
"data/raw/air_quality/openaq/coverage/sensor_12234795_days_2026-08-26_2026-09-24_retrieved_20260924T174429.json","openaq","daily_coverage","/sensors/days","2026-09-24T19:09:53+0530","200","2026-08-26","2026-09-24",NA,"12234795",27,"external_api","84d1652735721e67d0122d7cea4f30aa71248d5a9d08490834828c534bf0aa5e","http_success_with_data"
"data/raw/air_quality/openaq/coverage/sensor_12234796_days_2026-08-26_2026-09-24_retrieved_20260924T174421.json","openaq","daily_coverage","/sensors/days","2026-09-24T19:09:53+0530","200","2026-08-26","2026-09-24",NA,"12234796",27,"external_api","6ca65feb77334bf08b173321b57310db5ef989e592719590e0073418bb7b1c68","http_success_with_data"
"data/raw/air_quality/openaq/coverage/sensor_12234798_days_2026-08-26_2026-09-24_retrieved_20260924T174419.json","openaq","daily_coverage","/sensors/days","2026-09-24T19:09:53+0530","200","2026-08-26","2026-09-24",NA,"12234798",26,"external_api","a3ab168178b86b437c3c25da0c619bd53b9179f96e56e3a8194aad12991f8865","http_success_with_data"
"data/raw/air_quality/openaq/coverage/sensor_12234800_days_2026-08-26_2026-09-24_retrieved_20260924T174723.json","openaq","daily_coverage","/sensors/days","2026-09-24T19:09:53+0530","200","2026-08-26","2026-09-24",NA,"12234800",27,"external_api","acbfb30c61fc826385ea61ae09d53b48847f014a0887dccc9bde2a53aaf380b9","http_success_with_data"
"data/raw/air_quality/openaq/coverage/sensor_12234802_days_2026-08-26_2026-09-24_retrieved_20260924T174728.json","openaq","daily_coverage","/sensors/days","2026-09-24T19:09:53+0530","200","2026-08-26","2026-09-24",NA,"12234802",27,"external_api","eb24d20099fc7e9589b204682f0b4f9bedafa4808d4b3b32b42f491329ee33d5","http_success_with_data"
"data/raw/air_quality/openaq/coverage/sensor_12234803_days_2026-08-26_2026-09-24_retrieved_20260924T174726.json","openaq","daily_coverage","/sensors/days","2026-09-24T19:09:53+0530","200","2026-08-26","2026-09-24",NA,"12234803",27,"external_api","451471b0e8b5abc3d1bd0d1892a17eb62f6a50e6cc7bd17518ea778ce69b24f7","http_success_with_data"
"data/raw/air_quality/openaq/coverage/sensor_12234804_days_2026-08-26_2026-09-24_retrieved_20260924T174718.json","openaq","daily_coverage","/sensors/days","2026-09-24T19:09:53+0530","200","2026-08-26","2026-09-24",NA,"12234804",27,"external_api","70a10d5941a149a1f8c3d575c62220a6d7292345f8c33644015ed13a0a9f80be","http_success_with_data"
"data/raw/air_quality/openaq/coverage/sensor_12234805_days_2026-08-26_2026-09-24_retrieved_20260924T174722.json","openaq","daily_coverage","/sensors/days","2026-09-24T19:09:53+0530","200","2026-08-26","2026-09-24",NA,"12234805",27,"external_api","4fcc3c49e530e4936d5c3033b111964a6e6c26d9e22964a47ab816e64f4a65f5","http_success_with_data"
"data/raw/air_quality/openaq/coverage/sensor_12234807_days_2026-08-26_2026-09-24_retrieved_20260924T174720.json","openaq","daily_coverage","/sensors/days","2026-09-24T19:09:53+0530","200","2026-08-26","2026-09-24",NA,"12234807",27,"external_api","852efa6d500ddeaf8852456a5e5a589676a139a70ff58dce6cfa1ad9879ab923","http_success_with_data"
"data/raw/air_quality/openaq/coverage/sensor_12234845_days_2026-08-26_2026-09-24_retrieved_20260924T174732.json","openaq","daily_coverage","/sensors/days","2026-09-24T19:09:53+0530","200","2026-08-26","2026-09-24",NA,"12234845",26,"external_api","70eeba60e34d65e589f65b8933568f355fa11d8dfeee33206d487bab0f3a3249","http_success_with_data"
"data/raw/air_quality/openaq/coverage/sensor_12234847_days_2026-08-26_2026-09-24_retrieved_20260924T174736.json","openaq","daily_coverage","/sensors/days","2026-09-24T19:09:53+0530","200","2026-08-26","2026-09-24",NA,"12234847",27,"external_api","ff040dceb122f05a38e5f7cf6e2e60367dd40ddd8ed346bb1fcf4c8af4e28674","http_success_with_data"
"data/raw/air_quality/openaq/coverage/sensor_12234848_days_2026-08-26_2026-09-24_retrieved_20260924T174734.json","openaq","daily_coverage","/sensors/days","2026-09-24T19:09:53+0530","200","2026-08-26","2026-09-24",NA,"12234848",27,"external_api","f85c6562ca5fe312b3d241d5208b5e209626bc8941df68bc7d3dc02d70204763","http_success_with_data"
"data/raw/air_quality/openaq/coverage/sensor_12234849_days_2026-08-26_2026-09-24_retrieved_20260924T174730.json","openaq","daily_coverage","/sensors/days","2026-09-24T19:09:53+0530","200","2026-08-26","2026-09-24",NA,"12234849",27,"external_api","3cc71fc7f983d73c8364292265529a8a60ee4529535bd2ea66cbf4263ad1a3a1","http_success_with_data"
"data/raw/air_quality/openaq/coverage/sensor_12234850_days_2026-08-26_2026-09-24_retrieved_20260924T174740.json","openaq","daily_coverage","/sensors/days","2026-09-24T19:09:53+0530","200","2026-08-26","2026-09-24",NA,"12234850",27,"external_api","2d1b86adb527e9de3095682ee39eee4b999daf758df6c8791b32f164c47a65ec","http_success_with_data"
"data/raw/air_quality/openaq/coverage/sensor_12234851_days_2026-08-26_2026-09-24_retrieved_20260924T174738.json","openaq","daily_coverage","/sensors/days","2026-09-24T19:09:53+0530","200","2026-08-26","2026-09-24",NA,"12234851",26,"external_api","15e2809754920b195fe7d221e0b99f79285612aa6a21c66e9e99f5dc9c8b65ab","http_success_with_data"
"data/raw/air_quality/openaq/coverage/sensor_12234871_days_2026-08-26_2026-09-24_retrieved_20260924T174711.json","openaq","daily_coverage","/sensors/days","2026-09-24T19:09:53+0530","200","2026-08-26","2026-09-24",NA,"12234871",25,"external_api","9f127dfcfdcb71941d7395df3b6e2846bfdfa95c99953b5ffde3245ff4f156a4","http_success_with_data"
"data/raw/air_quality/openaq/coverage/sensor_12234873_days_2026-08-26_2026-09-24_retrieved_20260924T174706.json","openaq","daily_coverage","/sensors/days","2026-09-24T19:09:53+0530","200","2026-08-26","2026-09-24",NA,"12234873",26,"external_api","22334d7795bf031deb1dd837c01c70d3568caccbe7e07da1ee44f97b2882382a","http_success_with_data"
"data/raw/air_quality/openaq/coverage/sensor_12234874_days_2026-08-26_2026-09-24_retrieved_20260924T174709.json","openaq","daily_coverage","/sensors/days","2026-09-24T19:09:53+0530","200","2026-08-26","2026-09-24",NA,"12234874",26,"external_api","16794d7483100c94b33bf871d805383a2cc8836be53845996ac8a901613b064f","http_success_with_data"
"data/raw/air_quality/openaq/coverage/sensor_12234875_days_2026-08-26_2026-09-24_retrieved_20260924T174704.json","openaq","daily_coverage","/sensors/days","2026-09-24T19:09:53+0530","200","2026-08-26","2026-09-24",NA,"12234875",26,"external_api","318725fb442307773b9289308c184960e8718df9ec84b3fbac948a69be38844a","http_success_with_data"
"data/raw/air_quality/openaq/coverage/sensor_12234876_days_2026-08-26_2026-09-24_retrieved_20260924T174714.json","openaq","daily_coverage","/sensors/days","2026-09-24T19:09:53+0530","200","2026-08-26","2026-09-24",NA,"12234876",26,"external_api","2c63edc14a35a74e60c00cf88e29a318dc2a5c19ff5f4b003bbebc037b89d00c","http_success_with_data"
"data/raw/air_quality/openaq/coverage/sensor_12234878_days_2026-08-26_2026-09-24_retrieved_20260924T174716.json","openaq","daily_coverage","/sensors/days","2026-09-24T19:09:53+0530","200","2026-08-26","2026-09-24",NA,"12234878",25,"external_api","b40d68039dcc6dee16a93284c1ae2bed1f3bcea3521001fecbb3cb51292ab8c0","http_success_with_data"
"data/raw/air_quality/openaq/coverage/sensor_12235262_days_2026-08-26_2026-09-24_retrieved_20260924T174614.json","openaq","daily_coverage","/sensors/days","2026-09-24T19:09:53+0530","200","2026-08-26","2026-09-24",NA,"12235262",27,"external_api","a854a7f83b58f60587b94f7773df5c11ce06f4d14b824057ac5d0f9ab3c38811","http_success_with_data"
"data/raw/air_quality/openaq/coverage/sensor_12235264_days_2026-08-26_2026-09-24_retrieved_20260924T174606.json","openaq","daily_coverage","/sensors/days","2026-09-24T19:09:53+0530","200","2026-08-26","2026-09-24",NA,"12235264",27,"external_api","369b0fcd65a9e366038564c083bd8bec6419f1718de4b1f306362a84b9f2ea66","http_success_with_data"
"data/raw/air_quality/openaq/coverage/sensor_12235265_days_2026-08-26_2026-09-24_retrieved_20260924T174612.json","openaq","daily_coverage","/sensors/days","2026-09-24T19:09:53+0530","200","2026-08-26","2026-09-24",NA,"12235265",27,"external_api","7110a26cdfb2c345f8c59a8d7ffe477a888b500f7fb165acc608c893f5f78243","http_success_with_data"
"data/raw/air_quality/openaq/coverage/sensor_12235266_days_2026-08-26_2026-09-24_retrieved_20260924T174609.json","openaq","daily_coverage","/sensors/days","2026-09-24T19:09:53+0530","200","2026-08-26","2026-09-24",NA,"12235266",27,"external_api","5afa351626e75518d342e688d26bf56d721d2c78f2cb273a7a29e286661b6b75","http_success_with_data"
"data/raw/air_quality/openaq/coverage/sensor_12235267_days_2026-08-26_2026-09-24_retrieved_20260924T174611.json","openaq","daily_coverage","/sensors/days","2026-09-24T19:09:53+0530","200","2026-08-26","2026-09-24",NA,"12235267",27,"external_api","efe8d8665ed635e9049c542a25c54029d5e6e13ce83b1bb835aef92638c1bf6d","http_success_with_data"
"data/raw/air_quality/openaq/coverage/sensor_12235269_days_2026-08-26_2026-09-24_retrieved_20260924T174604.json","openaq","daily_coverage","/sensors/days","2026-09-24T19:09:53+0530","200","2026-08-26","2026-09-24",NA,"12235269",27,"external_api","6b7c77d6a0f305cf8b06dc8dc0c934d82292b525bd249f2c25738d520a9663bf","http_success_with_data"
"data/raw/air_quality/openaq/coverage/sensor_12235356_days_2026-08-26_2026-09-24_retrieved_20260924T174535.json","openaq","daily_coverage","/sensors/days","2026-09-24T19:09:53+0530","200","2026-08-26","2026-09-24",NA,"12235356",0,"external_api","bc4300c5088c45ed117fd4b80a931f9953ba1621cfe417c72c5070c6c5498aa4","http_success_empty"
"data/raw/air_quality/openaq/coverage/sensor_12235358_days_2026-08-26_2026-09-24_retrieved_20260924T174543.json","openaq","daily_coverage","/sensors/days","2026-09-24T19:09:53+0530","200","2026-08-26","2026-09-24",NA,"12235358",5,"external_api","6e1ce0324991564f10db981940a6417db589e35dacb02cb2d6a1e33d049d143d","http_success_with_data"
"data/raw/air_quality/openaq/coverage/sensor_12235359_days_2026-08-26_2026-09-24_retrieved_20260924T174533.json","openaq","daily_coverage","/sensors/days","2026-09-24T19:09:53+0530","200","2026-08-26","2026-09-24",NA,"12235359",5,"external_api","958e5a7f6131af02ecef8435188cff10465e67a4b58cb24599802fe5d3803365","http_success_with_data"
"data/raw/air_quality/openaq/coverage/sensor_12235360_days_2026-08-26_2026-09-24_retrieved_20260924T174539.json","openaq","daily_coverage","/sensors/days","2026-09-24T19:09:53+0530","200","2026-08-26","2026-09-24",NA,"12235360",5,"external_api","c0d6fa41f6fdd48d4bf652f5a6218bcc44e4a6ad7e6c4b8090281af45688eda3","http_success_with_data"
"data/raw/air_quality/openaq/coverage/sensor_12235361_days_2026-08-26_2026-09-24_retrieved_20260924T174541.json","openaq","daily_coverage","/sensors/days","2026-09-24T19:09:53+0530","200","2026-08-26","2026-09-24",NA,"12235361",5,"external_api","a09729cf4d1cf87cbae3b1c651325959ee994498c6303929babe43b7765ee029","http_success_with_data"
"data/raw/air_quality/openaq/coverage/sensor_12235363_days_2026-08-26_2026-09-24_retrieved_20260924T174537.json","openaq","daily_coverage","/sensors/days","2026-09-24T19:09:53+0530","200","2026-08-26","2026-09-24",NA,"12235363",5,"external_api","bd07c9479c45c88b6d14ecd276e50198e0d053b9007e3dbdec25d62b5de0cad0","http_success_with_data"
"data/raw/air_quality/openaq/coverage/sensor_12235365_days_2026-08-26_2026-09-24_retrieved_20260924T174545.json","openaq","daily_coverage","/sensors/days","2026-09-24T19:09:53+0530","200","2026-08-26","2026-09-24",NA,"12235365",27,"external_api","a526be4e316ea5891f7ee053cc5bb7dcfc6664479fce43eaccb8f0b9512efce1","http_success_with_data"
"data/raw/air_quality/openaq/coverage/sensor_12235367_days_2026-08-26_2026-09-24_retrieved_20260924T174558.json","openaq","daily_coverage","/sensors/days","2026-09-24T19:09:53+0530","200","2026-08-26","2026-09-24",NA,"12235367",27,"external_api","50b721b8953f078f861e2b91836e45bc0f502dd8c496653ab2b02ec1519217f2","http_success_with_data"
"data/raw/air_quality/openaq/coverage/sensor_12235368_days_2026-08-26_2026-09-24_retrieved_20260924T174554.json","openaq","daily_coverage","/sensors/days","2026-09-24T19:09:53+0530","200","2026-08-26","2026-09-24",NA,"12235368",27,"external_api","84b6ab6f4175e4af3bfbf3f448c718c6396972f815fcdc97c4864354a3fa89fa","http_success_with_data"
"data/raw/air_quality/openaq/coverage/sensor_12235369_days_2026-08-26_2026-09-24_retrieved_20260924T174600.json","openaq","daily_coverage","/sensors/days","2026-09-24T19:09:53+0530","200","2026-08-26","2026-09-24",NA,"12235369",18,"external_api","dc9d5d30c539f0bdf5fc0c89674d003963850865d1d939dce556ca75125b3a67","http_success_with_data"
"data/raw/air_quality/openaq/coverage/sensor_12235370_days_2026-08-26_2026-09-24_retrieved_20260924T174550.json","openaq","daily_coverage","/sensors/days","2026-09-24T19:09:53+0530","200","2026-08-26","2026-09-24",NA,"12235370",20,"external_api","317e88f6eda7541156343ebd1ce89623c8b278477eed9c70201eb2ee2bed3210","http_success_with_data"
"data/raw/air_quality/openaq/coverage/sensor_12235372_days_2026-08-26_2026-09-24_retrieved_20260924T174602.json","openaq","daily_coverage","/sensors/days","2026-09-24T19:09:53+0530","200","2026-08-26","2026-09-24",NA,"12235372",27,"external_api","32a831c32650a37c3e192d73e6d2211248cf74b81942c3a27ea280f1ab7b78a9","http_success_with_data"
"data/raw/air_quality/openaq/coverage/sensor_12235395_days_2026-08-26_2026-09-24_retrieved_20260924T174516.json","openaq","daily_coverage","/sensors/days","2026-09-24T19:09:53+0530","200","2026-08-26","2026-09-24",NA,"12235395",25,"external_api","356573856e1a54dc7ab0d6cafa44db1aaee6eb47146018b6cc8c8f817330c2f2","http_success_with_data"
"data/raw/air_quality/openaq/coverage/sensor_12235397_days_2026-08-26_2026-09-24_retrieved_20260924T174518.json","openaq","daily_coverage","/sensors/days","2026-09-24T19:09:53+0530","200","2026-08-26","2026-09-24",NA,"12235397",25,"external_api","1775ef31cbeb67d39c789efd966a176ea605f4ebe6111a10b2f9799bdb2119d5","http_success_with_data"
"data/raw/air_quality/openaq/coverage/sensor_12235398_days_2026-08-26_2026-09-24_retrieved_20260924T174513.json","openaq","daily_coverage","/sensors/days","2026-09-24T19:09:53+0530","200","2026-08-26","2026-09-24",NA,"12235398",25,"external_api","9f677b692082a8188b9f2b670408f00e51e4b78db14746259c9a5c6ae1f8de32","http_success_with_data"
"data/raw/air_quality/openaq/coverage/sensor_12235399_days_2026-08-26_2026-09-24_retrieved_20260924T174510.json","openaq","daily_coverage","/sensors/days","2026-09-24T19:09:53+0530","200","2026-08-26","2026-09-24",NA,"12235399",24,"external_api","f788e949f774cd40c9fa52c996dbd05e14fd1c7345c1e607064ae21b01aac1c7","http_success_with_data"
"data/raw/air_quality/openaq/coverage/sensor_12235400_days_2026-08-26_2026-09-24_retrieved_20260924T174507.json","openaq","daily_coverage","/sensors/days","2026-09-24T19:09:53+0530","200","2026-08-26","2026-09-24",NA,"12235400",24,"external_api","2e791ad3b25d628bd420285e28235fce9e48619b43c3e702659df4ef98c61adf","http_success_with_data"
"data/raw/air_quality/openaq/coverage/sensor_12235402_days_2026-08-26_2026-09-24_retrieved_20260924T174511.json","openaq","daily_coverage","/sensors/days","2026-09-24T19:09:53+0530","200","2026-08-26","2026-09-24",NA,"12235402",25,"external_api","2f33f01b50dd0acb8ed9a397fadd20641e9eafcff994c66252f002d7aa4d586f","http_success_with_data"
"data/raw/air_quality/openaq/coverage/sensor_12235404_days_2026-08-26_2026-09-24_retrieved_20260924T183639.json","openaq","daily_coverage","/sensors/days","2026-09-24T19:09:53+0530","200","2026-08-26","2026-09-24",NA,"12235404",26,"external_api","2f7f3ead85f3f56382433b0b9654eed4837d595248ea6b49f35fcaa5feb752c8","http_success_with_data"
"data/raw/air_quality/openaq/coverage/sensor_12235406_days_2026-08-26_2026-09-24_retrieved_20260924T183633.json","openaq","daily_coverage","/sensors/days","2026-09-24T19:09:53+0530","200","2026-08-26","2026-09-24",NA,"12235406",26,"external_api","986b70d84633e8709bda13e51cac09d9a5bad922ba99a3c6a06c65b28c9bed8c","http_success_with_data"
"data/raw/air_quality/openaq/coverage/sensor_12235407_days_2026-08-26_2026-09-24_retrieved_20260924T183649.json","openaq","daily_coverage","/sensors/days","2026-09-24T19:09:53+0530","200","2026-08-26","2026-09-24",NA,"12235407",26,"external_api","6e6fc15c5a072f82e24025d61c2991e5d7bc93e6261c7e6969d7e22f7fb32d2f","http_success_with_data"
"data/raw/air_quality/openaq/coverage/sensor_12235408_days_2026-08-26_2026-09-24_retrieved_20260924T183643.json","openaq","daily_coverage","/sensors/days","2026-09-24T19:09:53+0530","200","2026-08-26","2026-09-24",NA,"12235408",26,"external_api","b9621f6600523a4c01f3901dcd58e3479b27c796bb7d8ce965d2b191b38aec3e","http_success_with_data"
"data/raw/air_quality/openaq/coverage/sensor_12235409_days_2026-08-26_2026-09-24_retrieved_20260924T183646.json","openaq","daily_coverage","/sensors/days","2026-09-24T19:09:53+0530","200","2026-08-26","2026-09-24",NA,"12235409",26,"external_api","a9543ff25f841b9de265737db1d6e9f26179e898384cbc1b53f1a8bde94f6cae","http_success_with_data"
"data/raw/air_quality/openaq/coverage/sensor_12235411_days_2026-08-26_2026-09-24_retrieved_20260924T183635.json","openaq","daily_coverage","/sensors/days","2026-09-24T19:09:53+0530","200","2026-08-26","2026-09-24",NA,"12235411",26,"external_api","4cda51dc30c4622135ece7ea6eae83025e1323828751060af1a3a4692b240da2","http_success_with_data"
"data/raw/air_quality/openaq/coverage/sensor_12235455_days_2026-08-26_2026-09-24_retrieved_20260924T175145.json","openaq","daily_coverage","/sensors/days","2026-09-24T19:09:53+0530","200","2026-08-26","2026-09-24",NA,"12235455",26,"external_api","cce0c389b453f1a2c6cdbe2e5ae3fd00e665244a4cc095ac9bd92600a9c74fb2","http_success_with_data"
"data/raw/air_quality/openaq/coverage/sensor_12235457_days_2026-08-26_2026-09-24_retrieved_20260924T175151.json","openaq","daily_coverage","/sensors/days","2026-09-24T19:09:53+0530","200","2026-08-26","2026-09-24",NA,"12235457",27,"external_api","e7f19f569026abad30c3e39ffacb521a5a72afec8604be8ee622f7764f0080b8","http_success_with_data"
"data/raw/air_quality/openaq/coverage/sensor_12235458_days_2026-08-26_2026-09-24_retrieved_20260924T175143.json","openaq","daily_coverage","/sensors/days","2026-09-24T19:09:53+0530","200","2026-08-26","2026-09-24",NA,"12235458",27,"external_api","c9e0f9c7a9236506d5b9b3e2d96f84ccba05e1b2ab08d4caea5848386d3b5b6d","http_success_with_data"
"data/raw/air_quality/openaq/coverage/sensor_12235459_days_2026-08-26_2026-09-24_retrieved_20260924T175147.json","openaq","daily_coverage","/sensors/days","2026-09-24T19:09:53+0530","200","2026-08-26","2026-09-24",NA,"12235459",27,"external_api","b09a693c0b3addb29f95727fd8e0a6f5b63a100c9790ef4161f3b8eba5969fe7","http_success_with_data"
"data/raw/air_quality/openaq/coverage/sensor_12235460_days_2026-08-26_2026-09-24_retrieved_20260924T175141.json","openaq","daily_coverage","/sensors/days","2026-09-24T19:09:53+0530","200","2026-08-26","2026-09-24",NA,"12235460",27,"external_api","7aff3a47b234643d34f70255f4700b9caea80e180239abe2ef718d6ada12e470","http_success_with_data"
"data/raw/air_quality/openaq/coverage/sensor_12235462_days_2026-08-26_2026-09-24_retrieved_20260924T175150.json","openaq","daily_coverage","/sensors/days","2026-09-24T19:09:53+0530","200","2026-08-26","2026-09-24",NA,"12235462",27,"external_api","6194e58482c5394e014c78fa6b8498c4215925a835aaffcf7a27e1a12dd71ff4","http_success_with_data"
"data/raw/air_quality/openaq/coverage/sensor_12235500_days_2026-08-26_2026-09-24_retrieved_20260924T183531.json","openaq","daily_coverage","/sensors/days","2026-09-24T19:09:53+0530","200","2026-08-26","2026-09-24",NA,"12235500",27,"external_api","152c14f0d93bfa838da671a4fa11dc7356415bb9efc5e56e7439ea045ccf3176","http_success_with_data"
"data/raw/air_quality/openaq/coverage/sensor_12235500_days_2026-08-26_2026-09-24_retrieved_20260924T183613.json","openaq","daily_coverage","/sensors/days","2026-09-24T19:09:53+0530","200","2026-08-26","2026-09-24",NA,"12235500",27,"external_api","152c14f0d93bfa838da671a4fa11dc7356415bb9efc5e56e7439ea045ccf3176","http_success_with_data"
"data/raw/air_quality/openaq/coverage/sensor_12235502_days_2026-08-26_2026-09-24_retrieved_20260924T183616.json","openaq","daily_coverage","/sensors/days","2026-09-24T19:09:53+0530","200","2026-08-26","2026-09-24",NA,"12235502",27,"external_api","062b072d4d94a8bc32b394e5def46ed807e2f9c6d2e2d3aa810247aa44578adf","http_success_with_data"
"data/raw/air_quality/openaq/coverage/sensor_12235503_days_2026-08-26_2026-09-24_retrieved_20260924T183626.json","openaq","daily_coverage","/sensors/days","2026-09-24T19:09:53+0530","200","2026-08-26","2026-09-24",NA,"12235503",26,"external_api","fb7789f0ef90c618a7a6efad2048d349d5c0649ae47c325d94cc68bb598134bb","http_success_with_data"
"data/raw/air_quality/openaq/coverage/sensor_12235504_days_2026-08-26_2026-09-24_retrieved_20260924T183619.json","openaq","daily_coverage","/sensors/days","2026-09-24T19:09:53+0530","200","2026-08-26","2026-09-24",NA,"12235504",27,"external_api","84034ebc6d0c439a95f4bedbd9e05c134d223ece74d140196170d2ee3d13f008","http_success_with_data"
"data/raw/air_quality/openaq/coverage/sensor_12235505_days_2026-08-26_2026-09-24_retrieved_20260924T183629.json","openaq","daily_coverage","/sensors/days","2026-09-24T19:09:53+0530","200","2026-08-26","2026-09-24",NA,"12235505",27,"external_api","30dadacf77e273024187b92627ced72b76e84bb9da6ffdd3931c2149dd7831c7","http_success_with_data"
"data/raw/air_quality/openaq/coverage/sensor_12235507_days_2026-08-26_2026-09-24_retrieved_20260924T183623.json","openaq","daily_coverage","/sensors/days","2026-09-24T19:09:53+0530","200","2026-08-26","2026-09-24",NA,"12235507",27,"external_api","68c93f0d16c22f57f089724d861d749b03fc3b942a51d2c4df5de66d38716bc8","http_success_with_data"
"data/raw/air_quality/openaq/coverage/sensor_12235517_days_2026-08-26_2026-09-24_retrieved_20260924T174805.json","openaq","daily_coverage","/sensors/days","2026-09-24T19:09:53+0530","200","2026-08-26","2026-09-24",NA,"12235517",27,"external_api","2e7985af8a25c24e630f7b7b2b30228502b9f477d9cd487dae09ba3e70f09b78","http_success_with_data"
"data/raw/air_quality/openaq/coverage/sensor_12235519_days_2026-08-26_2026-09-24_retrieved_20260924T174809.json","openaq","daily_coverage","/sensors/days","2026-09-24T19:09:53+0530","200","2026-08-26","2026-09-24",NA,"12235519",27,"external_api","4debe162118bb429093b7e79f9e2cbf52c46750108ee87fa8e607a66f4a9ab52","http_success_with_data"
"data/raw/air_quality/openaq/coverage/sensor_12235520_days_2026-08-26_2026-09-24_retrieved_20260924T174803.json","openaq","daily_coverage","/sensors/days","2026-09-24T19:09:53+0530","200","2026-08-26","2026-09-24",NA,"12235520",27,"external_api","7e0ca6d16a7804f24d2efc4bf1887ee93196449cc8d2272bdd9c9b1596cad464","http_success_with_data"
"data/raw/air_quality/openaq/coverage/sensor_12235521_days_2026-08-26_2026-09-24_retrieved_20260924T174801.json","openaq","daily_coverage","/sensors/days","2026-09-24T19:09:53+0530","200","2026-08-26","2026-09-24",NA,"12235521",27,"external_api","5b78eab39a185a96e65042256467f953012ad7de0d39609ae4b96b324a2fcf98","http_success_with_data"
"data/raw/air_quality/openaq/coverage/sensor_12235522_days_2026-08-26_2026-09-24_retrieved_20260924T174811.json","openaq","daily_coverage","/sensors/days","2026-09-24T19:09:53+0530","200","2026-08-26","2026-09-24",NA,"12235522",27,"external_api","516aa39030f5223c9c7654914894284a749debbf71ed3e1546a40098841c3ddb","http_success_with_data"
"data/raw/air_quality/openaq/coverage/sensor_12235524_days_2026-08-26_2026-09-24_retrieved_20260924T174807.json","openaq","daily_coverage","/sensors/days","2026-09-24T19:09:53+0530","200","2026-08-26","2026-09-24",NA,"12235524",27,"external_api","ba1037df0d49f3e628b01dd9761db8b7d0f509bf1000076b7411e1a042228706","http_success_with_data"
"data/raw/air_quality/openaq/coverage/sensor_12235526_days_2026-08-26_2026-09-24_retrieved_20260924T174841.json","openaq","daily_coverage","/sensors/days","2026-09-24T19:09:53+0530","200","2026-08-26","2026-09-24",NA,"12235526",26,"external_api","6f8b4d2e9cdbaccab652ffe78fd961424502d524f93aa471b8dc6254a12674da","http_success_with_data"
"data/raw/air_quality/openaq/coverage/sensor_12235528_days_2026-08-26_2026-09-24_retrieved_20260924T174845.json","openaq","daily_coverage","/sensors/days","2026-09-24T19:09:53+0530","200","2026-08-26","2026-09-24",NA,"12235528",25,"external_api","726a84a492cb69922b53aa07e256e0451937791313a09a22b733191487b1be2f","http_success_with_data"
"data/raw/air_quality/openaq/coverage/sensor_12235529_days_2026-08-26_2026-09-24_retrieved_20260924T174843.json","openaq","daily_coverage","/sensors/days","2026-09-24T19:09:53+0530","200","2026-08-26","2026-09-24",NA,"12235529",26,"external_api","22f207c729ba6ae140473a89608679346ed00bee1452d23d80567128dcc03766","http_success_with_data"
"data/raw/air_quality/openaq/coverage/sensor_12235530_days_2026-08-26_2026-09-24_retrieved_20260924T174839.json","openaq","daily_coverage","/sensors/days","2026-09-24T19:09:53+0530","200","2026-08-26","2026-09-24",NA,"12235530",26,"external_api","d4c5c2ec0b86835f2ff41fa7c194128aff1f93a2190f5c1bc55c3141c866c831","http_success_with_data"
"data/raw/air_quality/openaq/coverage/sensor_12235531_days_2026-08-26_2026-09-24_retrieved_20260924T174850.json","openaq","daily_coverage","/sensors/days","2026-09-24T19:09:53+0530","200","2026-08-26","2026-09-24",NA,"12235531",26,"external_api","d611e4b85bb1cc97212182b561619f768f256f5077dddafbc640bd0f6638bd27","http_success_with_data"
"data/raw/air_quality/openaq/coverage/sensor_12235533_days_2026-08-26_2026-09-24_retrieved_20260924T174848.json","openaq","daily_coverage","/sensors/days","2026-09-24T19:09:53+0530","200","2026-08-26","2026-09-24",NA,"12235533",26,"external_api","6c3e71cd722d86f5466b771a01162d3e3daaa7d75908fd4758b13b046e5de5c5","http_success_with_data"
"data/raw/air_quality/openaq/coverage/sensor_12235569_days_2026-08-26_2026-09-24_retrieved_20260924T174752.json","openaq","daily_coverage","/sensors/days","2026-09-24T19:09:53+0530","200","2026-08-26","2026-09-24",NA,"12235569",26,"external_api","d6960e12229133728801e4113a869ce609027227b8f02eea9f34e90eda570ea1","http_success_with_data"
"data/raw/air_quality/openaq/coverage/sensor_12235571_days_2026-08-26_2026-09-24_retrieved_20260924T174748.json","openaq","daily_coverage","/sensors/days","2026-09-24T19:09:53+0530","200","2026-08-26","2026-09-24",NA,"12235571",27,"external_api","ffbadef9e14fc5cfa646ff48f5bf6303e9e71b5533742fc750573cb9d44cff2b","http_success_with_data"
"data/raw/air_quality/openaq/coverage/sensor_12235572_days_2026-08-26_2026-09-24_retrieved_20260924T174742.json","openaq","daily_coverage","/sensors/days","2026-09-24T19:09:53+0530","200","2026-08-26","2026-09-24",NA,"12235572",27,"external_api","e44e361faaae0efc10e205774f910ea76d1d5695b2921287e5215442ea2bfba8","http_success_with_data"
"data/raw/air_quality/openaq/coverage/sensor_12235573_days_2026-08-26_2026-09-24_retrieved_20260924T174757.json","openaq","daily_coverage","/sensors/days","2026-09-24T19:09:53+0530","200","2026-08-26","2026-09-24",NA,"12235573",27,"external_api","fc00567c0ca1b9b921435b63b5c4cf5162b8eb03a774b2383336e107a53079ef","http_success_with_data"
"data/raw/air_quality/openaq/coverage/sensor_12235574_days_2026-08-26_2026-09-24_retrieved_20260924T174759.json","openaq","daily_coverage","/sensors/days","2026-09-24T19:09:53+0530","200","2026-08-26","2026-09-24",NA,"12235574",27,"external_api","1802e0c8fbf3a012601783006ea508c4fcc1eea2045119bfec7b13d9ef47c8c6","http_success_with_data"
"data/raw/air_quality/openaq/coverage/sensor_12235576_days_2026-08-26_2026-09-24_retrieved_20260924T174744.json","openaq","daily_coverage","/sensors/days","2026-09-24T19:09:53+0530","200","2026-08-26","2026-09-24",NA,"12235576",26,"external_api","894a7ea6cb6b50d5fd717790a748507bc56289c5dcdfaad7348672978fb60b60","http_success_with_data"
"data/raw/air_quality/openaq/coverage/sensor_12235578_days_2026-08-26_2026-09-24_retrieved_20260924T174457.json","openaq","daily_coverage","/sensors/days","2026-09-24T19:09:53+0530","200","2026-08-26","2026-09-24",NA,"12235578",27,"external_api","178bbcf5ca2cf5576c24f9873af4d82529c03613a43d49e9d279506205caafaa","http_success_with_data"
"data/raw/air_quality/openaq/coverage/sensor_12235580_days_2026-08-26_2026-09-24_retrieved_20260924T174501.json","openaq","daily_coverage","/sensors/days","2026-09-24T19:09:53+0530","200","2026-08-26","2026-09-24",NA,"12235580",27,"external_api","4fc51b699bab89b559ade1b8d96db4d9779e6c8cb3f534ec73bbf833519cbcd9","http_success_with_data"
"data/raw/air_quality/openaq/coverage/sensor_12235581_days_2026-08-26_2026-09-24_retrieved_20260924T174453.json","openaq","daily_coverage","/sensors/days","2026-09-24T19:09:53+0530","200","2026-08-26","2026-09-24",NA,"12235581",27,"external_api","7e0e8a7ba37c0c51e986e8ed78e6f0e12156ac57a65c691965abdc8da2fdb11f","http_success_with_data"
"data/raw/air_quality/openaq/coverage/sensor_12235582_days_2026-08-26_2026-09-24_retrieved_20260924T174505.json","openaq","daily_coverage","/sensors/days","2026-09-24T19:09:53+0530","200","2026-08-26","2026-09-24",NA,"12235582",27,"external_api","23bac141272f1a1bf75cdacec1259b6181ff56830fbdee3ab8818ade13fbf9d9","http_success_with_data"
"data/raw/air_quality/openaq/coverage/sensor_12235583_days_2026-08-26_2026-09-24_retrieved_20260924T174503.json","openaq","daily_coverage","/sensors/days","2026-09-24T19:09:53+0530","200","2026-08-26","2026-09-24",NA,"12235583",27,"external_api","d498179612f5dadcba2388e3cfeebdb6cc6b69e8c4db9cc0ebe5e6bcd34e928f","http_success_with_data"
"data/raw/air_quality/openaq/coverage/sensor_12235585_days_2026-08-26_2026-09-24_retrieved_20260924T174448.json","openaq","daily_coverage","/sensors/days","2026-09-24T19:09:53+0530","200","2026-08-26","2026-09-24",NA,"12235585",27,"external_api","601699c675dff30dc431726e6d0b4a6d6e16f036de68f755886301afb9585711","http_success_with_data"
"data/raw/air_quality/openaq/coverage/sensor_12235605_days_2026-08-26_2026-09-24_retrieved_20260924T174433.json","openaq","daily_coverage","/sensors/days","2026-09-24T19:09:53+0530","200","2026-08-26","2026-09-24",NA,"12235605",26,"external_api","8710699d843f44418f04459b4657c200a19cd623e95aa549af9cde8b9228a192","http_success_with_data"
"data/raw/air_quality/openaq/coverage/sensor_12235607_days_2026-08-26_2026-09-24_retrieved_20260924T174438.json","openaq","daily_coverage","/sensors/days","2026-09-24T19:09:53+0530","200","2026-08-26","2026-09-24",NA,"12235607",26,"external_api","f4ad1d969b25b17296fede774cf3dc668401f62aee6310ef69025ed41659e175","http_success_with_data"
"data/raw/air_quality/openaq/coverage/sensor_12235608_days_2026-08-26_2026-09-24_retrieved_20260924T174431.json","openaq","daily_coverage","/sensors/days","2026-09-24T19:09:53+0530","200","2026-08-26","2026-09-24",NA,"12235608",26,"external_api","b27782a4345ef059f784c1d794f859e5b6b4d658a1ce9b01fe0b722497117991","http_success_with_data"
"data/raw/air_quality/openaq/coverage/sensor_12235609_days_2026-08-26_2026-09-24_retrieved_20260924T174440.json","openaq","daily_coverage","/sensors/days","2026-09-24T19:09:53+0530","200","2026-08-26","2026-09-24",NA,"12235609",26,"external_api","cd975962a7319ecf1f1dd8cf5b84e642f288ff179d2fbf0397e295d1bf19c3db","http_success_with_data"
"data/raw/air_quality/openaq/coverage/sensor_12235610_days_2026-08-26_2026-09-24_retrieved_20260924T174444.json","openaq","daily_coverage","/sensors/days","2026-09-24T19:09:53+0530","200","2026-08-26","2026-09-24",NA,"12235610",26,"external_api","146c46d8f8814b1ac1f09a800e67ea234c83f3cd6f89dd218885ba7923cf9878","http_success_with_data"
"data/raw/air_quality/openaq/coverage/sensor_12235612_days_2026-08-26_2026-09-24_retrieved_20260924T174436.json","openaq","daily_coverage","/sensors/days","2026-09-24T19:09:53+0530","200","2026-08-26","2026-09-24",NA,"12235612",26,"external_api","eede0e17ebc2c4d9d5c0981dc2a440c1b4e7ade3a111bbe31d0c8a1fc2926636","http_success_with_data"
"data/raw/air_quality/openaq/coverage/sensor_12235621_days_2026-08-26_2026-09-24_retrieved_20260924T175108.json","openaq","daily_coverage","/sensors/days","2026-09-24T19:09:53+0530","200","2026-08-26","2026-09-24",NA,"12235621",27,"external_api","b8b4ee8474e769233fa99589a3c3ae915c7a24bde14b6834f1ddebfd5ecc4725","http_success_with_data"
"data/raw/air_quality/openaq/coverage/sensor_12235623_days_2026-08-26_2026-09-24_retrieved_20260924T175103.json","openaq","daily_coverage","/sensors/days","2026-09-24T19:09:53+0530","200","2026-08-26","2026-09-24",NA,"12235623",27,"external_api","9b91f510bb899a7c130b277ea439f08a703db94e91599cc6d6b4ae146b9ca23a","http_success_with_data"
"data/raw/air_quality/openaq/coverage/sensor_12235624_days_2026-08-26_2026-09-24_retrieved_20260924T175112.json","openaq","daily_coverage","/sensors/days","2026-09-24T19:09:53+0530","200","2026-08-26","2026-09-24",NA,"12235624",27,"external_api","97fd3903c0c1d1e5050982f8f34a2efe474fe4b29e603e537d9f9abec7caae80","http_success_with_data"
"data/raw/air_quality/openaq/coverage/sensor_12235625_days_2026-08-26_2026-09-24_retrieved_20260924T175101.json","openaq","daily_coverage","/sensors/days","2026-09-24T19:09:53+0530","200","2026-08-26","2026-09-24",NA,"12235625",27,"external_api","12e971fb1a67381551c58cf9e8fae29bd1f196c3154d0b27d583149af8548e4c","http_success_with_data"
"data/raw/air_quality/openaq/coverage/sensor_12235626_days_2026-08-26_2026-09-24_retrieved_20260924T175105.json","openaq","daily_coverage","/sensors/days","2026-09-24T19:09:53+0530","200","2026-08-26","2026-09-24",NA,"12235626",27,"external_api","7dfaf48ef3d3142f85537520e57da2a00951b0b497f0ca8d034bd13923d4c154","http_success_with_data"
"data/raw/air_quality/openaq/coverage/sensor_12235628_days_2026-08-26_2026-09-24_retrieved_20260924T175110.json","openaq","daily_coverage","/sensors/days","2026-09-24T19:09:53+0530","200","2026-08-26","2026-09-24",NA,"12235628",27,"external_api","d8487d98dc1ac588ce359b83afa90ed1b4741380cd7dd40830c92d0c5449c663","http_success_with_data"
"data/raw/air_quality/openaq/coverage/sensor_12235648_days_2026-08-26_2026-09-24_retrieved_20260924T174828.json","openaq","daily_coverage","/sensors/days","2026-09-24T19:09:53+0530","200","2026-08-26","2026-09-24",NA,"12235648",27,"external_api","e73117e847ad95baf415df72ffdf53c5d9bf53eb7aa8146b9344404aa231e9ce","http_success_with_data"
"data/raw/air_quality/openaq/coverage/sensor_12235650_days_2026-08-26_2026-09-24_retrieved_20260924T174834.json","openaq","daily_coverage","/sensors/days","2026-09-24T19:09:53+0530","200","2026-08-26","2026-09-24",NA,"12235650",27,"external_api","31035bcf7f527bfdd1863476a34ae546781750ef3fce6ff9d4dd02d3aac46831","http_success_with_data"
"data/raw/air_quality/openaq/coverage/sensor_12235651_days_2026-08-26_2026-09-24_retrieved_20260924T174837.json","openaq","daily_coverage","/sensors/days","2026-09-24T19:09:53+0530","200","2026-08-26","2026-09-24",NA,"12235651",27,"external_api","4c606118f47e448078a038421d76491fae0f90cc8234d27786225057de426702","http_success_with_data"
"data/raw/air_quality/openaq/coverage/sensor_12235652_days_2026-08-26_2026-09-24_retrieved_20260924T174832.json","openaq","daily_coverage","/sensors/days","2026-09-24T19:09:53+0530","200","2026-08-26","2026-09-24",NA,"12235652",27,"external_api","72795833b49ceea799ca77700162bfd00ef2892f75f8a61dc53fe8e2792a9849","http_success_with_data"
"data/raw/air_quality/openaq/coverage/sensor_12235653_days_2026-08-26_2026-09-24_retrieved_20260924T174830.json","openaq","daily_coverage","/sensors/days","2026-09-24T19:09:53+0530","200","2026-08-26","2026-09-24",NA,"12235653",27,"external_api","3e5e374162ac60b7b76ec842e06acd9987265868a1138a91ff036b2b80a7fdff","http_success_with_data"
"data/raw/air_quality/openaq/coverage/sensor_12235655_days_2026-08-26_2026-09-24_retrieved_20260924T174826.json","openaq","daily_coverage","/sensors/days","2026-09-24T19:09:53+0530","200","2026-08-26","2026-09-24",NA,"12235655",27,"external_api","f7d47aaca071af1b383925339b0cdcb7db12d02c6b7d8a31793bea6ed4708fdc","http_success_with_data"
"data/raw/air_quality/openaq/coverage/sensor_12235666_days_2026-08-26_2026-09-24_retrieved_20260924T175153.json","openaq","daily_coverage","/sensors/days","2026-09-24T19:09:53+0530","200","2026-08-26","2026-09-24",NA,"12235666",27,"external_api","9f4500aeb732c1a816b87f5050fa286c00f0543e8dde83d6cb83ba556ce1c552","http_success_with_data"
"data/raw/air_quality/openaq/coverage/sensor_12235668_days_2026-08-26_2026-09-24_retrieved_20260924T175155.json","openaq","daily_coverage","/sensors/days","2026-09-24T19:09:53+0530","200","2026-08-26","2026-09-24",NA,"12235668",27,"external_api","b8128c57fc09a5d80e4f155686ff44ae03cb314a82bc42dc2c987b7af27d7d18","http_success_with_data"
"data/raw/air_quality/openaq/coverage/sensor_12235669_days_2026-08-26_2026-09-24_retrieved_20260924T175204.json","openaq","daily_coverage","/sensors/days","2026-09-24T19:09:53+0530","200","2026-08-26","2026-09-24",NA,"12235669",27,"external_api","8f5abab3fc05ce4529bdab44da5a60a1b8afd9148455d242b80d9c59ad64043f","http_success_with_data"
"data/raw/air_quality/openaq/coverage/sensor_12235670_days_2026-08-26_2026-09-24_retrieved_20260924T175158.json","openaq","daily_coverage","/sensors/days","2026-09-24T19:09:53+0530","200","2026-08-26","2026-09-24",NA,"12235670",27,"external_api","521d71555186d648ccbd0a959f3a58f76210b7432f480c330abd7c006159a04f","http_success_with_data"
"data/raw/air_quality/openaq/coverage/sensor_12235671_days_2026-08-26_2026-09-24_retrieved_20260924T175202.json","openaq","daily_coverage","/sensors/days","2026-09-24T19:09:53+0530","200","2026-08-26","2026-09-24",NA,"12235671",27,"external_api","0b653ed9bb4de915caaf3c08762362d6d830f9764b73ba5717206fc3566b635d","http_success_with_data"
"data/raw/air_quality/openaq/coverage/sensor_12235673_days_2026-08-26_2026-09-24_retrieved_20260924T175159.json","openaq","daily_coverage","/sensors/days","2026-09-24T19:09:53+0530","200","2026-08-26","2026-09-24",NA,"12235673",27,"external_api","0e0f8a371a585e3f32dd7a0691dc86795e66edd5a6ed1b750a6c7c8557f002ef","http_success_with_data"
"data/raw/air_quality/openaq/coverage/sensor_12235675_days_2026-08-26_2026-09-24_retrieved_20260924T174642.json","openaq","daily_coverage","/sensors/days","2026-09-24T19:09:53+0530","200","2026-08-26","2026-09-24",NA,"12235675",26,"external_api","bb1d5c547b46bde5e453ea5f2af23c585af334afba1bbb6845b839dbd557b073","http_success_with_data"
"data/raw/air_quality/openaq/coverage/sensor_12235677_days_2026-08-26_2026-09-24_retrieved_20260924T174647.json","openaq","daily_coverage","/sensors/days","2026-09-24T19:09:53+0530","200","2026-08-26","2026-09-24",NA,"12235677",26,"external_api","1147d5d7602a348b9773e4d137485bfe3fcc9486afdc7c31ff59bab93c08a424","http_success_with_data"
"data/raw/air_quality/openaq/coverage/sensor_12235678_days_2026-08-26_2026-09-24_retrieved_20260924T174656.json","openaq","daily_coverage","/sensors/days","2026-09-24T19:09:53+0530","200","2026-08-26","2026-09-24",NA,"12235678",26,"external_api","72d97d4083415f05315cfe7460489a68cc995c83de9e615b12fc905dc1e6b865","http_success_with_data"
"data/raw/air_quality/openaq/coverage/sensor_12235679_days_2026-08-26_2026-09-24_retrieved_20260924T174651.json","openaq","daily_coverage","/sensors/days","2026-09-24T19:09:53+0530","200","2026-08-26","2026-09-24",NA,"12235679",25,"external_api","07c7eb8c59fb0faae052b38fc5248c3ca686d65dbab5a66eb6b1f6f998ac3d3c","http_success_with_data"
"data/raw/air_quality/openaq/coverage/sensor_12235680_days_2026-08-26_2026-09-24_retrieved_20260924T174702.json","openaq","daily_coverage","/sensors/days","2026-09-24T19:09:54+0530","200","2026-08-26","2026-09-24",NA,"12235680",26,"external_api","bac62432e4e7d979a47aa77294b30f903bf63fab05eda6a6d5102a8431e74c29","http_success_with_data"
"data/raw/air_quality/openaq/coverage/sensor_12235682_days_2026-08-26_2026-09-24_retrieved_20260924T174659.json","openaq","daily_coverage","/sensors/days","2026-09-24T19:09:54+0530","200","2026-08-26","2026-09-24",NA,"12235682",26,"external_api","a1e2320c9bf44118f038c4cb48af69f9802674ed1f901a4bdebc6a7713e4e4ae","http_success_with_data"
"data/raw/air_quality/openaq/coverage/sensor_12235756_days_2026-08-26_2026-09-24_retrieved_20260924T175238.json","openaq","daily_coverage","/sensors/days","2026-09-24T19:09:54+0530","200","2026-08-26","2026-09-24",NA,"12235756",27,"external_api","f4a97d0b0fdbb40b8673b1bc85ad8b05f6ae656487098ffca1f6bb5dcf90af75","http_success_with_data"
"data/raw/air_quality/openaq/coverage/sensor_12235758_days_2026-08-26_2026-09-24_retrieved_20260924T175234.json","openaq","daily_coverage","/sensors/days","2026-09-24T19:09:54+0530","200","2026-08-26","2026-09-24",NA,"12235758",27,"external_api","2dae18f0eb4797d7362f18d8a049f00363129e6017ec649a6f31da2a14699d0f","http_success_with_data"
"data/raw/air_quality/openaq/coverage/sensor_12235759_days_2026-08-26_2026-09-24_retrieved_20260924T175242.json","openaq","daily_coverage","/sensors/days","2026-09-24T19:09:54+0530","200","2026-08-26","2026-09-24",NA,"12235759",27,"external_api","e85d38d9d73640161074d995a7d3da7da6706a52f747ad1e6e2cc564c184ecb4","http_success_with_data"
"data/raw/air_quality/openaq/coverage/sensor_12235760_days_2026-08-26_2026-09-24_retrieved_20260924T175240.json","openaq","daily_coverage","/sensors/days","2026-09-24T19:09:54+0530","200","2026-08-26","2026-09-24",NA,"12235760",27,"external_api","61c69aeda176049a9a0569b63eb7cafc6b1110282d745fc9ba7476fea9e6e403","http_success_with_data"
"data/raw/air_quality/openaq/coverage/sensor_12235761_days_2026-08-26_2026-09-24_retrieved_20260924T175245.json","openaq","daily_coverage","/sensors/days","2026-09-24T19:09:54+0530","200","2026-08-26","2026-09-24",NA,"12235761",27,"external_api","6a908865e098bef8d17f85fe1a089779ac4bc27b7c57527af092e4def2c1b9ba","http_success_with_data"
"data/raw/air_quality/openaq/coverage/sensor_12235763_days_2026-08-26_2026-09-24_retrieved_20260924T175236.json","openaq","daily_coverage","/sensors/days","2026-09-24T19:09:54+0530","200","2026-08-26","2026-09-24",NA,"12235763",27,"external_api","d881a16b93e6871e4a05a3b5e3a6e52823b7405afa5c5d492503aab518538857","http_success_with_data"
"data/raw/air_quality/openaq/coverage/sensor_12235791_days_2026-08-26_2026-09-24_retrieved_20260924T174901.json","openaq","daily_coverage","/sensors/days","2026-09-24T19:09:54+0530","200","2026-08-26","2026-09-24",NA,"12235791",27,"external_api","0b80076df927ad545b43eae8a6f593beac4dbfdc13c391af4e477b7ead844978","http_success_with_data"
"data/raw/air_quality/openaq/coverage/sensor_12235793_days_2026-08-26_2026-09-24_retrieved_20260924T174859.json","openaq","daily_coverage","/sensors/days","2026-09-24T19:09:54+0530","200","2026-08-26","2026-09-24",NA,"12235793",27,"external_api","df3b2680a406199cf79027474fe8db30fffe28f84368dabe081e084070aa793c","http_success_with_data"
"data/raw/air_quality/openaq/coverage/sensor_12235794_days_2026-08-26_2026-09-24_retrieved_20260924T174852.json","openaq","daily_coverage","/sensors/days","2026-09-24T19:09:54+0530","200","2026-08-26","2026-09-24",NA,"12235794",19,"external_api","2b30e591e971b44d2a3585293c90e656a2d127cc1c52cd913a2c855ac92fd54e","http_success_with_data"
"data/raw/air_quality/openaq/coverage/sensor_12235795_days_2026-08-26_2026-09-24_retrieved_20260924T174857.json","openaq","daily_coverage","/sensors/days","2026-09-24T19:09:54+0530","200","2026-08-26","2026-09-24",NA,"12235795",27,"external_api","238c7980ed3260a48d6a6560f8c9d3e2bd68a70953f54ddedca23f8ce6b9762b","http_success_with_data"
"data/raw/air_quality/openaq/coverage/sensor_12235796_days_2026-08-26_2026-09-24_retrieved_20260924T174854.json","openaq","daily_coverage","/sensors/days","2026-09-24T19:09:54+0530","200","2026-08-26","2026-09-24",NA,"12235796",27,"external_api","0034106860769a7ad8015fc7ef432df0319fb77a20784f933c7eaf8ab98e5fb6","http_success_with_data"
"data/raw/air_quality/openaq/coverage/sensor_12235798_days_2026-08-26_2026-09-24_retrieved_20260924T174903.json","openaq","daily_coverage","/sensors/days","2026-09-24T19:09:54+0530","200","2026-08-26","2026-09-24",NA,"12235798",27,"external_api","026ff39326e181bd6533fd936027f4296ce42e30217a7441bba77c63761a4756","http_success_with_data"
"data/raw/air_quality/openaq/coverage/sensor_12235818_days_2026-08-26_2026-09-24_retrieved_20260924T175045.json","openaq","daily_coverage","/sensors/days","2026-09-24T19:09:54+0530","200","2026-08-26","2026-09-24",NA,"12235818",0,"external_api","bc4300c5088c45ed117fd4b80a931f9953ba1621cfe417c72c5070c6c5498aa4","http_success_empty"
"data/raw/air_quality/openaq/coverage/sensor_12235820_days_2026-08-26_2026-09-24_retrieved_20260924T175039.json","openaq","daily_coverage","/sensors/days","2026-09-24T19:09:54+0530","200","2026-08-26","2026-09-24",NA,"12235820",0,"external_api","bc4300c5088c45ed117fd4b80a931f9953ba1621cfe417c72c5070c6c5498aa4","http_success_empty"
"data/raw/air_quality/openaq/coverage/sensor_12235821_days_2026-08-26_2026-09-24_retrieved_20260924T175041.json","openaq","daily_coverage","/sensors/days","2026-09-24T19:09:54+0530","200","2026-08-26","2026-09-24",NA,"12235821",0,"external_api","bc4300c5088c45ed117fd4b80a931f9953ba1621cfe417c72c5070c6c5498aa4","http_success_empty"
"data/raw/air_quality/openaq/coverage/sensor_12235822_days_2026-08-26_2026-09-24_retrieved_20260924T175043.json","openaq","daily_coverage","/sensors/days","2026-09-24T19:09:54+0530","200","2026-08-26","2026-09-24",NA,"12235822",0,"external_api","bc4300c5088c45ed117fd4b80a931f9953ba1621cfe417c72c5070c6c5498aa4","http_success_empty"
"data/raw/air_quality/openaq/coverage/sensor_12235823_days_2026-08-26_2026-09-24_retrieved_20260924T175046.json","openaq","daily_coverage","/sensors/days","2026-09-24T19:09:54+0530","200","2026-08-26","2026-09-24",NA,"12235823",0,"external_api","bc4300c5088c45ed117fd4b80a931f9953ba1621cfe417c72c5070c6c5498aa4","http_success_empty"
"data/raw/air_quality/openaq/coverage/sensor_12235825_days_2026-08-26_2026-09-24_retrieved_20260924T175038.json","openaq","daily_coverage","/sensors/days","2026-09-24T19:09:54+0530","200","2026-08-26","2026-09-24",NA,"12235825",0,"external_api","bc4300c5088c45ed117fd4b80a931f9953ba1621cfe417c72c5070c6c5498aa4","http_success_empty"
"data/raw/air_quality/openaq/coverage/sensor_12235829_days_2026-08-26_2026-09-24_retrieved_20260924T175052.json","openaq","daily_coverage","/sensors/days","2026-09-24T19:09:54+0530","200","2026-08-26","2026-09-24",NA,"12235829",27,"external_api","56b9e0b9a46c93b5583ae475fe88f56046d7d6707c3318ba50d65a5b5993c91f","http_success_with_data"
"data/raw/air_quality/openaq/coverage/sensor_12235831_days_2026-08-26_2026-09-24_retrieved_20260924T175056.json","openaq","daily_coverage","/sensors/days","2026-09-24T19:09:54+0530","200","2026-08-26","2026-09-24",NA,"12235831",27,"external_api","13de0f53830ea9bc6b587263ac00751948ec22b0169a50d78a033245c41d6eb5","http_success_with_data"
"data/raw/air_quality/openaq/coverage/sensor_12235832_days_2026-08-26_2026-09-24_retrieved_20260924T175059.json","openaq","daily_coverage","/sensors/days","2026-09-24T19:09:54+0530","200","2026-08-26","2026-09-24",NA,"12235832",27,"external_api","57c1807d8df95d798ccd8cfc5803e68daf9f6290f5cd1e1f64a377351284ece0","http_success_with_data"
"data/raw/air_quality/openaq/coverage/sensor_12235833_days_2026-08-26_2026-09-24_retrieved_20260924T175054.json","openaq","daily_coverage","/sensors/days","2026-09-24T19:09:54+0530","200","2026-08-26","2026-09-24",NA,"12235833",18,"external_api","10580023b31aef66ed6dcc98081e0ca08a9e1f4a02c37effa81512de42e2199f","http_success_with_data"
"data/raw/air_quality/openaq/coverage/sensor_12235834_days_2026-08-26_2026-09-24_retrieved_20260924T175050.json","openaq","daily_coverage","/sensors/days","2026-09-24T19:09:54+0530","200","2026-08-26","2026-09-24",NA,"12235834",18,"external_api","8d8bfa4c9b3f59149c2070174a64d9989fd16cab20ce066e79c2ba8156dadb42","http_success_with_data"
"data/raw/air_quality/openaq/coverage/sensor_12235873_days_2026-08-26_2026-09-24_retrieved_20260924T174635.json","openaq","daily_coverage","/sensors/days","2026-09-24T19:09:54+0530","200","2026-08-26","2026-09-24",NA,"12235873",27,"external_api","544578f9769dc95f15efa3db4bcc2adc042e1f2d467c5003c362142db9f2af46","http_success_with_data"
"data/raw/air_quality/openaq/coverage/sensor_12235875_days_2026-08-26_2026-09-24_retrieved_20260924T174640.json","openaq","daily_coverage","/sensors/days","2026-09-24T19:09:54+0530","200","2026-08-26","2026-09-24",NA,"12235875",27,"external_api","5935a08e1d62766851e920ba406e5104684207e9adaa04dd77c1347c85335f66","http_success_with_data"
"data/raw/air_quality/openaq/coverage/sensor_12235876_days_2026-08-26_2026-09-24_retrieved_20260924T174631.json","openaq","daily_coverage","/sensors/days","2026-09-24T19:09:54+0530","200","2026-08-26","2026-09-24",NA,"12235876",27,"external_api","3edea51f0420793db9126f2c11201bd671c01522c915422053d82ae37816ccb4","http_success_with_data"
"data/raw/air_quality/openaq/coverage/sensor_12235877_days_2026-08-26_2026-09-24_retrieved_20260924T174629.json","openaq","daily_coverage","/sensors/days","2026-09-24T19:09:54+0530","200","2026-08-26","2026-09-24",NA,"12235877",27,"external_api","3df4034123b1864fdaaddc506dd8d09677be2d0108cfd257823fd0a587532185","http_success_with_data"
"data/raw/air_quality/openaq/coverage/sensor_12235878_days_2026-08-26_2026-09-24_retrieved_20260924T174638.json","openaq","daily_coverage","/sensors/days","2026-09-24T19:09:54+0530","200","2026-08-26","2026-09-24",NA,"12235878",27,"external_api","1d760dfd647fb37731180b8891b1dc9fea45a183f5d8c892979d0b647cd5ec41","http_success_with_data"
"data/raw/air_quality/openaq/coverage/sensor_12235880_days_2026-08-26_2026-09-24_retrieved_20260924T174633.json","openaq","daily_coverage","/sensors/days","2026-09-24T19:09:54+0530","200","2026-08-26","2026-09-24",NA,"12235880",27,"external_api","efa3e7a460702481e0dd3ca8fa1e5ecf2d4664a4c521a07e8893ce0c72498521","http_success_with_data"
"data/raw/air_quality/openaq/coverage/sensor_12235882_days_2026-08-26_2026-09-24_retrieved_20260924T174625.json","openaq","daily_coverage","/sensors/days","2026-09-24T19:09:54+0530","200","2026-08-26","2026-09-24",NA,"12235882",24,"external_api","2c31d5a1281831888312739b0d25216f516e31623d3c8b14f1c5870725e07dfb","http_success_with_data"
"data/raw/air_quality/openaq/coverage/sensor_12235884_days_2026-08-26_2026-09-24_retrieved_20260924T174621.json","openaq","daily_coverage","/sensors/days","2026-09-24T19:09:54+0530","200","2026-08-26","2026-09-24",NA,"12235884",27,"external_api","f6b5fdd4021945baeea038859252ae77766305592a4b103df33c725add7dc37e","http_success_with_data"
"data/raw/air_quality/openaq/coverage/sensor_12235885_days_2026-08-26_2026-09-24_retrieved_20260924T174616.json","openaq","daily_coverage","/sensors/days","2026-09-24T19:09:54+0530","200","2026-08-26","2026-09-24",NA,"12235885",27,"external_api","3ce937855b0c0a4521c569a27525519b2a59dfa75da1e70bdac6fa0c0d8b36b4","http_success_with_data"
"data/raw/air_quality/openaq/coverage/sensor_12235886_days_2026-08-26_2026-09-24_retrieved_20260924T174623.json","openaq","daily_coverage","/sensors/days","2026-09-24T19:09:54+0530","200","2026-08-26","2026-09-24",NA,"12235886",27,"external_api","de42d0ebf91cb4e041dda8775e9fccbf0889cd2aa8bf302cc48523a4c448d415","http_success_with_data"
"data/raw/air_quality/openaq/coverage/sensor_12235887_days_2026-08-26_2026-09-24_retrieved_20260924T174627.json","openaq","daily_coverage","/sensors/days","2026-09-24T19:09:54+0530","200","2026-08-26","2026-09-24",NA,"12235887",27,"external_api","ac00a810e20a246b056cd10a5078bfa051dcc1ee96848eccf79d0f9e16ee7188","http_success_with_data"
"data/raw/air_quality/openaq/coverage/sensor_12235889_days_2026-08-26_2026-09-24_retrieved_20260924T174618.json","openaq","daily_coverage","/sensors/days","2026-09-24T19:09:54+0530","200","2026-08-26","2026-09-24",NA,"12235889",27,"external_api","04bce5f60ad109ffa677c9715aad71a7324f8bd394439e185170dab3edd26894","http_success_with_data"
"data/raw/air_quality/openaq/coverage/sensor_12235921_days_2026-08-26_2026-09-24_retrieved_20260924T175035.json","openaq","daily_coverage","/sensors/days","2026-09-24T19:09:54+0530","200","2026-08-26","2026-09-24",NA,"12235921",0,"external_api","bc4300c5088c45ed117fd4b80a931f9953ba1621cfe417c72c5070c6c5498aa4","http_success_empty"
"data/raw/air_quality/openaq/coverage/sensor_12235923_days_2026-08-26_2026-09-24_retrieved_20260924T175036.json","openaq","daily_coverage","/sensors/days","2026-09-24T19:09:54+0530","200","2026-08-26","2026-09-24",NA,"12235923",0,"external_api","bc4300c5088c45ed117fd4b80a931f9953ba1621cfe417c72c5070c6c5498aa4","http_success_empty"
"data/raw/air_quality/openaq/coverage/sensor_12235924_days_2026-08-26_2026-09-24_retrieved_20260924T175029.json","openaq","daily_coverage","/sensors/days","2026-09-24T19:09:54+0530","200","2026-08-26","2026-09-24",NA,"12235924",0,"external_api","bc4300c5088c45ed117fd4b80a931f9953ba1621cfe417c72c5070c6c5498aa4","http_success_empty"
"data/raw/air_quality/openaq/coverage/sensor_12235925_days_2026-08-26_2026-09-24_retrieved_20260924T175033.json","openaq","daily_coverage","/sensors/days","2026-09-24T19:09:54+0530","200","2026-08-26","2026-09-24",NA,"12235925",0,"external_api","bc4300c5088c45ed117fd4b80a931f9953ba1621cfe417c72c5070c6c5498aa4","http_success_empty"
"data/raw/air_quality/openaq/coverage/sensor_12235926_days_2026-08-26_2026-09-24_retrieved_20260924T175027.json","openaq","daily_coverage","/sensors/days","2026-09-24T19:09:54+0530","200","2026-08-26","2026-09-24",NA,"12235926",0,"external_api","bc4300c5088c45ed117fd4b80a931f9953ba1621cfe417c72c5070c6c5498aa4","http_success_empty"
"data/raw/air_quality/openaq/coverage/sensor_12235928_days_2026-08-26_2026-09-24_retrieved_20260924T175031.json","openaq","daily_coverage","/sensors/days","2026-09-24T19:09:54+0530","200","2026-08-26","2026-09-24",NA,"12235928",0,"external_api","bc4300c5088c45ed117fd4b80a931f9953ba1621cfe417c72c5070c6c5498aa4","http_success_empty"
"data/raw/air_quality/openaq/coverage/sensor_12235980_days_2026-08-26_2026-09-24_retrieved_20260924T174813.json","openaq","daily_coverage","/sensors/days","2026-09-24T19:09:54+0530","200","2026-08-26","2026-09-24",NA,"12235980",27,"external_api","536955ee648c3a93687cb6990c05d43c273eeddc85d274c943d51ac00bda85e9","http_success_with_data"
"data/raw/air_quality/openaq/coverage/sensor_12235982_days_2026-08-26_2026-09-24_retrieved_20260924T174820.json","openaq","daily_coverage","/sensors/days","2026-09-24T19:09:54+0530","200","2026-08-26","2026-09-24",NA,"12235982",27,"external_api","dfc829c6c342753ebd8b0c9058c47762b089ae2803b27577b0fd439416bafaac","http_success_with_data"
"data/raw/air_quality/openaq/coverage/sensor_12235983_days_2026-08-26_2026-09-24_retrieved_20260924T174818.json","openaq","daily_coverage","/sensors/days","2026-09-24T19:09:54+0530","200","2026-08-26","2026-09-24",NA,"12235983",27,"external_api","72a1c9bd35d2e6aa2d05a6123fd2937acf4bd9b191c2a4d69191a390c5c38ce2","http_success_with_data"
"data/raw/air_quality/openaq/coverage/sensor_12235984_days_2026-08-26_2026-09-24_retrieved_20260924T174822.json","openaq","daily_coverage","/sensors/days","2026-09-24T19:09:54+0530","200","2026-08-26","2026-09-24",NA,"12235984",27,"external_api","d5275e4e15ce8275fd0d939392cf3cf6c24b0129c1eebcff198c9b7b00e19ef0","http_success_with_data"
"data/raw/air_quality/openaq/coverage/sensor_12235985_days_2026-08-26_2026-09-24_retrieved_20260924T174824.json","openaq","daily_coverage","/sensors/days","2026-09-24T19:09:54+0530","200","2026-08-26","2026-09-24",NA,"12235985",27,"external_api","db69fba2ef45228f5fe1fb0009a3080295d860304e253081d0d550f45b32d766","http_success_with_data"
"data/raw/air_quality/openaq/coverage/sensor_12235987_days_2026-08-26_2026-09-24_retrieved_20260924T174815.json","openaq","daily_coverage","/sensors/days","2026-09-24T19:09:54+0530","200","2026-08-26","2026-09-24",NA,"12235987",27,"external_api","b571366dbfd714694e6bdc0f0f6da6ebf7a5e48c14af715b3b89d587b383a230","http_success_with_data"
"data/raw/air_quality/openaq/coverage/sensor_12236016_days_2026-08-26_2026-09-24_retrieved_20260924T175308.json","openaq","daily_coverage","/sensors/days","2026-09-24T19:09:54+0530","200","2026-08-26","2026-09-24",NA,"12236016",27,"external_api","fb31af81d66bf512eb5a41617274a031182162e3860809f5c24d6ec4e3990abf","http_success_with_data"
"data/raw/air_quality/openaq/coverage/sensor_12236018_days_2026-08-26_2026-09-24_retrieved_20260924T175310.json","openaq","daily_coverage","/sensors/days","2026-09-24T19:09:54+0530","200","2026-08-26","2026-09-24",NA,"12236018",27,"external_api","e11bbcf8ad7f734fc233012c1ebaa7a0ceef64e9bc00d397ddd969aea21d4271","http_success_with_data"
"data/raw/air_quality/openaq/coverage/sensor_12236019_days_2026-08-26_2026-09-24_retrieved_20260924T175258.json","openaq","daily_coverage","/sensors/days","2026-09-24T19:09:54+0530","200","2026-08-26","2026-09-24",NA,"12236019",27,"external_api","7fc81869b737ada80d98cdb4dd96e61b1ecdc2b2256df463a46ba90b3ac86e3a","http_success_with_data"
"data/raw/air_quality/openaq/coverage/sensor_12236020_days_2026-08-26_2026-09-24_retrieved_20260924T175306.json","openaq","daily_coverage","/sensors/days","2026-09-24T19:09:54+0530","200","2026-08-26","2026-09-24",NA,"12236020",27,"external_api","c5af79672b43ec1a3db6793a5767f6148aa2f22ad7b30e401f856b87454b06a7","http_success_with_data"
"data/raw/air_quality/openaq/coverage/sensor_12236021_days_2026-08-26_2026-09-24_retrieved_20260924T175303.json","openaq","daily_coverage","/sensors/days","2026-09-24T19:09:54+0530","200","2026-08-26","2026-09-24",NA,"12236021",27,"external_api","595a729b984e531069440b280439cda5e41cbdbf06840345a988ebfbfee19ecc","http_success_with_data"
"data/raw/air_quality/openaq/coverage/sensor_12236023_days_2026-08-26_2026-09-24_retrieved_20260924T175301.json","openaq","daily_coverage","/sensors/days","2026-09-24T19:09:54+0530","200","2026-08-26","2026-09-24",NA,"12236023",27,"external_api","043c33ce3cf016e17e3ebeb20d8c60a8a3461b7b635cb1aae0cf0ff3804d062e","http_success_with_data"
"data/raw/air_quality/openaq/coverage/sensor_12236097_days_2026-08-26_2026-09-24_retrieved_20260924T175006.json","openaq","daily_coverage","/sensors/days","2026-09-24T19:09:54+0530","200","2026-08-26","2026-09-24",NA,"12236097",27,"external_api","7901bc8576048f610c1e4f39bcb1721fd30eb11aa0cd5dca01d60a9a2deb34bc","http_success_with_data"
"data/raw/air_quality/openaq/coverage/sensor_12236099_days_2026-08-26_2026-09-24_retrieved_20260924T175013.json","openaq","daily_coverage","/sensors/days","2026-09-24T19:09:54+0530","200","2026-08-26","2026-09-24",NA,"12236099",27,"external_api","a0684f7b1403590b17d14ba3753be92cec202346581b81fa68b00164c123bd86","http_success_with_data"
"data/raw/air_quality/openaq/coverage/sensor_12236100_days_2026-08-26_2026-09-24_retrieved_20260924T175001.json","openaq","daily_coverage","/sensors/days","2026-09-24T19:09:54+0530","200","2026-08-26","2026-09-24",NA,"12236100",27,"external_api","cf83eb04ada0f499da90b8d11fadae1c17c22986d88bb7ac23e897d0663dde10","http_success_with_data"
"data/raw/air_quality/openaq/coverage/sensor_12236101_days_2026-08-26_2026-09-24_retrieved_20260924T175004.json","openaq","daily_coverage","/sensors/days","2026-09-24T19:09:54+0530","200","2026-08-26","2026-09-24",NA,"12236101",27,"external_api","c1381972324864de58d80b4350e6e27ecbb73450258c0a3a091fd13ca7548900","http_success_with_data"
"data/raw/air_quality/openaq/coverage/sensor_12236102_days_2026-08-26_2026-09-24_retrieved_20260924T175010.json","openaq","daily_coverage","/sensors/days","2026-09-24T19:09:54+0530","200","2026-08-26","2026-09-24",NA,"12236102",27,"external_api","4b6544b8f5d4ba2d81e9851a72b7764337ebc12f05e8eaeec5a25d1a235a8d72","http_success_with_data"
"data/raw/air_quality/openaq/coverage/sensor_12236104_days_2026-08-26_2026-09-24_retrieved_20260924T175008.json","openaq","daily_coverage","/sensors/days","2026-09-24T19:09:54+0530","200","2026-08-26","2026-09-24",NA,"12236104",27,"external_api","98bbeeffd6cb072d03871f3e893a42dbc7f5c5a3c794bead945a128300fcf062","http_success_with_data"
"data/raw/air_quality/openaq/coverage/sensor_12236177_days_2026-08-26_2026-09-24_retrieved_20260924T175023.json","openaq","daily_coverage","/sensors/days","2026-09-24T19:09:54+0530","200","2026-08-26","2026-09-24",NA,"12236177",27,"external_api","51801064066609ab4c297925fda7e36588a5fce09a2824652ee79f643213485a","http_success_with_data"
"data/raw/air_quality/openaq/coverage/sensor_12236179_days_2026-08-26_2026-09-24_retrieved_20260924T175019.json","openaq","daily_coverage","/sensors/days","2026-09-24T19:09:54+0530","200","2026-08-26","2026-09-24",NA,"12236179",27,"external_api","b72e67f8ba0c80fd254be6e9a30d29dae98bf703f8ec14fe88b238cd3b0400ad","http_success_with_data"
"data/raw/air_quality/openaq/coverage/sensor_12236180_days_2026-08-26_2026-09-24_retrieved_20260924T175021.json","openaq","daily_coverage","/sensors/days","2026-09-24T19:09:54+0530","200","2026-08-26","2026-09-24",NA,"12236180",27,"external_api","937b22f20e2e9da3e0fb5b8dfc8be6dcdc33533ce8271b91301ee648a2e4e322","http_success_with_data"
"data/raw/air_quality/openaq/coverage/sensor_12236181_days_2026-08-26_2026-09-24_retrieved_20260924T175017.json","openaq","daily_coverage","/sensors/days","2026-09-24T19:09:54+0530","200","2026-08-26","2026-09-24",NA,"12236181",27,"external_api","60502c75186fa1efe2757fd5bcefec9ceefdb9bf4f2b3be62055038c39332355","http_success_with_data"
"data/raw/air_quality/openaq/coverage/sensor_12236182_days_2026-08-26_2026-09-24_retrieved_20260924T175025.json","openaq","daily_coverage","/sensors/days","2026-09-24T19:09:54+0530","200","2026-08-26","2026-09-24",NA,"12236182",27,"external_api","429b6b8f506e0810225a93b63a2ee9aa0916cd5902aa3de27f8c946c41e2ff40","http_success_with_data"
"data/raw/air_quality/openaq/coverage/sensor_12236184_days_2026-08-26_2026-09-24_retrieved_20260924T175015.json","openaq","daily_coverage","/sensors/days","2026-09-24T19:09:54+0530","200","2026-08-26","2026-09-24",NA,"12236184",26,"external_api","a431f2269b70b07b5df50420bdc9e95d7b5ba8d92bf4b4238538789e1a6eadbd","http_success_with_data"
"data/raw/air_quality/openaq/coverage/sensor_12236186_days_2026-08-26_2026-09-24_retrieved_20260924T174952.json","openaq","daily_coverage","/sensors/days","2026-09-24T19:09:54+0530","200","2026-08-26","2026-09-24",NA,"12236186",27,"external_api","03912747db65b9209872ecd1078f4564a960629ab461ce76da439d58193fbf43","http_success_with_data"
"data/raw/air_quality/openaq/coverage/sensor_12236188_days_2026-08-26_2026-09-24_retrieved_20260924T174955.json","openaq","daily_coverage","/sensors/days","2026-09-24T19:09:54+0530","200","2026-08-26","2026-09-24",NA,"12236188",27,"external_api","83a7b900362841208e5c50713abcb66b9cc46a4eab1ae6df72f905a88124ce59","http_success_with_data"
"data/raw/air_quality/openaq/coverage/sensor_12236189_days_2026-08-26_2026-09-24_retrieved_20260924T174957.json","openaq","daily_coverage","/sensors/days","2026-09-24T19:09:54+0530","200","2026-08-26","2026-09-24",NA,"12236189",27,"external_api","2a9868df5162b653314a6db81574ff1bc7f0f0bb3d57ef537f63fe392a328e95","http_success_with_data"
"data/raw/air_quality/openaq/coverage/sensor_12236190_days_2026-08-26_2026-09-24_retrieved_20260924T174950.json","openaq","daily_coverage","/sensors/days","2026-09-24T19:09:54+0530","200","2026-08-26","2026-09-24",NA,"12236190",27,"external_api","5e43a3aac52bb8e41b30db9443fde6937fd77a3c4031db1f807629fe8a7eff31","http_success_with_data"
"data/raw/air_quality/openaq/coverage/sensor_12236191_days_2026-08-26_2026-09-24_retrieved_20260924T174945.json","openaq","daily_coverage","/sensors/days","2026-09-24T19:09:54+0530","200","2026-08-26","2026-09-24",NA,"12236191",27,"external_api","d208fd4499dccb8b05169b3b3b6e44125646415e8216d7a7a5efeb5f2a406fa5","http_success_with_data"
"data/raw/air_quality/openaq/coverage/sensor_12236193_days_2026-08-26_2026-09-24_retrieved_20260924T174948.json","openaq","daily_coverage","/sensors/days","2026-09-24T19:09:54+0530","200","2026-08-26","2026-09-24",NA,"12236193",26,"external_api","7a1f5614f5ff1ab862ca032e136817e13c88c13981ad7eb78af7e0af672265c0","http_success_with_data"
"data/raw/air_quality/openaq/coverage/sensor_12236458_days_2026-08-26_2026-09-24_retrieved_20260924T174908.json","openaq","daily_coverage","/sensors/days","2026-09-24T19:09:54+0530","200","2026-08-26","2026-09-24",NA,"12236458",27,"external_api","6cb9c6043f7bab3d9c0ed17eb8b075e49cd1c2c965ccdb5b7a7626de8b99bf47","http_success_with_data"
"data/raw/air_quality/openaq/coverage/sensor_12236460_days_2026-08-26_2026-09-24_retrieved_20260924T174910.json","openaq","daily_coverage","/sensors/days","2026-09-24T19:09:54+0530","200","2026-08-26","2026-09-24",NA,"12236460",27,"external_api","ffe2cf4cf56a03ab7d0c00c8d2e2e87b9ec502e9a78ab666e7686454ae4d2ea6","http_success_with_data"
"data/raw/air_quality/openaq/coverage/sensor_12236461_days_2026-08-26_2026-09-24_retrieved_20260924T174912.json","openaq","daily_coverage","/sensors/days","2026-09-24T19:09:54+0530","200","2026-08-26","2026-09-24",NA,"12236461",27,"external_api","f4dc8fb539cbd0f824a5e33c96172711db4f66d9250a8e50752b0484d15a60fd","http_success_with_data"
"data/raw/air_quality/openaq/coverage/sensor_12236462_days_2026-08-26_2026-09-24_retrieved_20260924T174916.json","openaq","daily_coverage","/sensors/days","2026-09-24T19:09:54+0530","200","2026-08-26","2026-09-24",NA,"12236462",27,"external_api","23f30d69668a07961d0d3264aa1f8de00ce5969222fdb4d15afe0cec315fd66c","http_success_with_data"
"data/raw/air_quality/openaq/coverage/sensor_12236463_days_2026-08-26_2026-09-24_retrieved_20260924T174906.json","openaq","daily_coverage","/sensors/days","2026-09-24T19:09:54+0530","200","2026-08-26","2026-09-24",NA,"12236463",27,"external_api","fd2f1eee8713a2146c4bde9edfcec3275c3c36201aaec5937a4c458d44105201","http_success_with_data"
"data/raw/air_quality/openaq/coverage/sensor_12236465_days_2026-08-26_2026-09-24_retrieved_20260924T174914.json","openaq","daily_coverage","/sensors/days","2026-09-24T19:09:54+0530","200","2026-08-26","2026-09-24",NA,"12236465",27,"external_api","4b6d70ca231f3e15fc9a7f20c4a466f8eae699755d55b1d7eb67798c7b0a0c41","http_success_with_data"
"data/raw/air_quality/openaq/coverage/sensor_12236526_days_2026-08-26_2026-09-24_retrieved_20260924T175232.json","openaq","daily_coverage","/sensors/days","2026-09-24T19:09:54+0530","200","2026-08-26","2026-09-24",NA,"12236526",26,"external_api","fb4d9993fbea69ab48134422b51915c0b33f3c230adc83b0cad5e0b16268ae7a","http_success_with_data"
"data/raw/air_quality/openaq/coverage/sensor_12236528_days_2026-08-26_2026-09-24_retrieved_20260924T175230.json","openaq","daily_coverage","/sensors/days","2026-09-24T19:09:54+0530","200","2026-08-26","2026-09-24",NA,"12236528",26,"external_api","019fa88184658e2a7760c40877ec172ce9162e6d7f0f4be6250afd0d2f676cf2","http_success_with_data"
"data/raw/air_quality/openaq/coverage/sensor_12236529_days_2026-08-26_2026-09-24_retrieved_20260924T175225.json","openaq","daily_coverage","/sensors/days","2026-09-24T19:09:54+0530","200","2026-08-26","2026-09-24",NA,"12236529",25,"external_api","f4ca14d5a8354415560f8d095c8ce372c9ebb268d8577690513137f2ad42f2a1","http_success_with_data"
"data/raw/air_quality/openaq/coverage/sensor_12236530_days_2026-08-26_2026-09-24_retrieved_20260924T175223.json","openaq","daily_coverage","/sensors/days","2026-09-24T19:09:54+0530","200","2026-08-26","2026-09-24",NA,"12236530",26,"external_api","de98e7c20b7f8ef97985883bf7f1c92ada8affa4251c2a4c2880d28840031e5b","http_success_with_data"
"data/raw/air_quality/openaq/coverage/sensor_12236531_days_2026-08-26_2026-09-24_retrieved_20260924T175221.json","openaq","daily_coverage","/sensors/days","2026-09-24T19:09:54+0530","200","2026-08-26","2026-09-24",NA,"12236531",26,"external_api","8a985ac4dee96165458161801062a54a9e8609cb664a0327a1e9f0ebae0536e8","http_success_with_data"
"data/raw/air_quality/openaq/coverage/sensor_12236533_days_2026-08-26_2026-09-24_retrieved_20260924T175227.json","openaq","daily_coverage","/sensors/days","2026-09-24T19:09:54+0530","200","2026-08-26","2026-09-24",NA,"12236533",26,"external_api","1a31764e07bd9d4237fbee69e66c424f31df288abb52c65f7db3d7112d133c7f","http_success_with_data"
"data/raw/air_quality/openaq/coverage/sensor_12236535_days_2026-08-26_2026-09-24_retrieved_20260924T175216.json","openaq","daily_coverage","/sensors/days","2026-09-24T19:09:54+0530","200","2026-08-26","2026-09-24",NA,"12236535",27,"external_api","eab82b8fab16ef37f994475e8ceb01cd9493bb0abe0731e5b6c7c7971a093ac2","http_success_with_data"
"data/raw/air_quality/openaq/coverage/sensor_12236537_days_2026-08-26_2026-09-24_retrieved_20260924T175209.json","openaq","daily_coverage","/sensors/days","2026-09-24T19:09:54+0530","200","2026-08-26","2026-09-24",NA,"12236537",27,"external_api","12b3928166599137f0a2c2b85c1dbc91c0cd0dbb6980cf8266e54ff95ffa4711","http_success_with_data"
"data/raw/air_quality/openaq/coverage/sensor_12236538_days_2026-08-26_2026-09-24_retrieved_20260924T175206.json","openaq","daily_coverage","/sensors/days","2026-09-24T19:09:54+0530","200","2026-08-26","2026-09-24",NA,"12236538",27,"external_api","4d0a970d2461941766ba9a8f39d38c00aa1e85fa385341e95da24069c8c9a221","http_success_with_data"
"data/raw/air_quality/openaq/coverage/sensor_12236539_days_2026-08-26_2026-09-24_retrieved_20260924T175219.json","openaq","daily_coverage","/sensors/days","2026-09-24T19:09:54+0530","200","2026-08-26","2026-09-24",NA,"12236539",26,"external_api","9079d182149fca89532d5dd0370ba33edef3743664ad0fe511d1f70caa4db74a","http_success_with_data"
"data/raw/air_quality/openaq/coverage/sensor_12236540_days_2026-08-26_2026-09-24_retrieved_20260924T175211.json","openaq","daily_coverage","/sensors/days","2026-09-24T19:09:54+0530","200","2026-08-26","2026-09-24",NA,"12236540",27,"external_api","bedbd96ff5c605135c28aee64820877555a9a1bea47e6f2b3c0998af2fbb4d77","http_success_with_data"
"data/raw/air_quality/openaq/coverage/sensor_12236542_days_2026-08-26_2026-09-24_retrieved_20260924T175214.json","openaq","daily_coverage","/sensors/days","2026-09-24T19:09:54+0530","200","2026-08-26","2026-09-24",NA,"12236542",27,"external_api","308682767519ef5218986b2c446943484194017d75556b8817970de6fd86908e","http_success_with_data"
"data/raw/air_quality/openaq/coverage/sensor_12237084_days_2026-08-26_2026-09-24_retrieved_20260924T183950.json","openaq","daily_coverage","/sensors/days","2026-09-24T19:09:54+0530","200","2026-08-26","2026-09-24",NA,"12237084",27,"external_api","579d3ff795d147f56eb8cda85c8c376f22942c12cc87981ee2e1092ace9d5161","http_success_with_data"
"data/raw/air_quality/openaq/coverage/sensor_12237086_days_2026-08-26_2026-09-24_retrieved_20260924T183943.json","openaq","daily_coverage","/sensors/days","2026-09-24T19:09:54+0530","200","2026-08-26","2026-09-24",NA,"12237086",27,"external_api","f86b2256b356cd26b43dccba1224e89d7ddbb3ab9fe0b1785516f21f98b34660","http_success_with_data"
"data/raw/air_quality/openaq/coverage/sensor_12237087_days_2026-08-26_2026-09-24_retrieved_20260924T183946.json","openaq","daily_coverage","/sensors/days","2026-09-24T19:09:54+0530","200","2026-08-26","2026-09-24",NA,"12237087",27,"external_api","f7bf1109e830c2a31c3c8a7a16892d397e01c6f75c8d144a2582d7fbf5b690d3","http_success_with_data"
"data/raw/air_quality/openaq/coverage/sensor_12237088_days_2026-08-26_2026-09-24_retrieved_20260924T183936.json","openaq","daily_coverage","/sensors/days","2026-09-24T19:09:54+0530","200","2026-08-26","2026-09-24",NA,"12237088",25,"external_api","52df3706b64deb539e246d7f0343d0ffb13a8ffe4015b0285bc556fe9e3b248f","http_success_with_data"
"data/raw/air_quality/openaq/coverage/sensor_12237089_days_2026-08-26_2026-09-24_retrieved_20260924T183939.json","openaq","daily_coverage","/sensors/days","2026-09-24T19:09:54+0530","200","2026-08-26","2026-09-24",NA,"12237089",25,"external_api","671d5c6ddf6b0bf48d20f717714a4e5a06838288214034efc8b0d6ff1d66fcb6","http_success_with_data"
"data/raw/air_quality/openaq/coverage/sensor_12237091_days_2026-08-26_2026-09-24_retrieved_20260924T183933.json","openaq","daily_coverage","/sensors/days","2026-09-24T19:09:54+0530","200","2026-08-26","2026-09-24",NA,"12237091",27,"external_api","69ad433e30e1e770eb8a0d338b9b55f44c88bcaa454a6e5a1a42be104b97a0e6","http_success_with_data"
"data/raw/air_quality/openaq/coverage/sensor_12237093_days_2026-08-26_2026-09-24_retrieved_20260924T183715.json","openaq","daily_coverage","/sensors/days","2026-09-24T19:09:54+0530","200","2026-08-26","2026-09-24",NA,"12237093",27,"external_api","3877d6495547da7538cf7488a9ccc41b1af21b77f8aee82d3206526bed679c5a","http_success_with_data"
"data/raw/air_quality/openaq/coverage/sensor_12237095_days_2026-08-26_2026-09-24_retrieved_20260924T183730.json","openaq","daily_coverage","/sensors/days","2026-09-24T19:09:54+0530","200","2026-08-26","2026-09-24",NA,"12237095",27,"external_api","1d81e746cbad15cb1a58936369569392dd53219b7f9772c9a3bfe43e36673409","http_success_with_data"
"data/raw/air_quality/openaq/coverage/sensor_12237096_days_2026-08-26_2026-09-24_retrieved_20260924T183719.json","openaq","daily_coverage","/sensors/days","2026-09-24T19:09:54+0530","200","2026-08-26","2026-09-24",NA,"12237096",27,"external_api","220fdc1256455675f82a4ba10526ecdf65a3b51717b4f52a4239036ce00dd1f1","http_success_with_data"
"data/raw/air_quality/openaq/coverage/sensor_12237097_days_2026-08-26_2026-09-24_retrieved_20260924T183722.json","openaq","daily_coverage","/sensors/days","2026-09-24T19:09:54+0530","200","2026-08-26","2026-09-24",NA,"12237097",27,"external_api","deb8ad60a341ba238040bc5f87b3e8aea435910d863e1455108b2c228b12f508","http_success_with_data"
"data/raw/air_quality/openaq/coverage/sensor_12237098_days_2026-08-26_2026-09-24_retrieved_20260924T183726.json","openaq","daily_coverage","/sensors/days","2026-09-24T19:09:54+0530","200","2026-08-26","2026-09-24",NA,"12237098",27,"external_api","b93fb4791ff005a80373730da93deff5bda0f728381020a99eeee917a4631b39","http_success_with_data"
"data/raw/air_quality/openaq/coverage/sensor_12237100_days_2026-08-26_2026-09-24_retrieved_20260924T183712.json","openaq","daily_coverage","/sensors/days","2026-09-24T19:09:54+0530","200","2026-08-26","2026-09-24",NA,"12237100",27,"external_api","196f17ba5a1d077f5dd6954801da98c3faa8af5a5c423de2c72fe2014b3c06bb","http_success_with_data"
"data/raw/air_quality/openaq/coverage/sensor_12237102_days_2026-08-26_2026-09-24_retrieved_20260924T183849.json","openaq","daily_coverage","/sensors/days","2026-09-24T19:09:54+0530","200","2026-08-26","2026-09-24",NA,"12237102",25,"external_api","b0b0d33033ff088a3ff5c81997dc2003e5e75be66be5ea3ed3f7a22fb6dd475e","http_success_with_data"
"data/raw/air_quality/openaq/coverage/sensor_12237104_days_2026-08-26_2026-09-24_retrieved_20260924T183843.json","openaq","daily_coverage","/sensors/days","2026-09-24T19:09:54+0530","200","2026-08-26","2026-09-24",NA,"12237104",25,"external_api","0edea2c3c9003edc26627ce756bba0b4a3f7c254d963350bc50d0dcf8f4119f5","http_success_with_data"
"data/raw/air_quality/openaq/coverage/sensor_12237105_days_2026-08-26_2026-09-24_retrieved_20260924T183846.json","openaq","daily_coverage","/sensors/days","2026-09-24T19:09:54+0530","200","2026-08-26","2026-09-24",NA,"12237105",25,"external_api","cf4201246dddd363021eaca8f7104d44eebde016f868439a8b5f977a823dfb22","http_success_with_data"
"data/raw/air_quality/openaq/coverage/sensor_12237106_days_2026-08-26_2026-09-24_retrieved_20260924T183833.json","openaq","daily_coverage","/sensors/days","2026-09-24T19:09:54+0530","200","2026-08-26","2026-09-24",NA,"12237106",25,"external_api","fe0b05bdd655a13b1f05fe52a08b8c7cb8e755ee5e65741a1a8771b8ececc065","http_success_with_data"
"data/raw/air_quality/openaq/coverage/sensor_12237107_days_2026-08-26_2026-09-24_retrieved_20260924T183839.json","openaq","daily_coverage","/sensors/days","2026-09-24T19:09:54+0530","200","2026-08-26","2026-09-24",NA,"12237107",25,"external_api","c2d46ff2fdb9286ee3ecfc4bd134b81b6c5aca370fd56f10b5b051333823091f","http_success_with_data"
"data/raw/air_quality/openaq/coverage/sensor_12237109_days_2026-08-26_2026-09-24_retrieved_20260924T183836.json","openaq","daily_coverage","/sensors/days","2026-09-24T19:09:54+0530","200","2026-08-26","2026-09-24",NA,"12237109",25,"external_api","577945ffeddd4563352113906b625d1ac63f5a6e31123d6c381b2a23fa5f4a95","http_success_with_data"
"data/raw/air_quality/openaq/coverage/sensor_12237111_days_2026-08-26_2026-09-24_retrieved_20260924T183752.json","openaq","daily_coverage","/sensors/days","2026-09-24T19:09:54+0530","200","2026-08-26","2026-09-24",NA,"12237111",27,"external_api","a6572ce93e7dc0428ae4f14b93659f33e9c2ea5452d2b90054cebc6012143023","http_success_with_data"
"data/raw/air_quality/openaq/coverage/sensor_12237113_days_2026-08-26_2026-09-24_retrieved_20260924T183759.json","openaq","daily_coverage","/sensors/days","2026-09-24T19:09:54+0530","200","2026-08-26","2026-09-24",NA,"12237113",27,"external_api","99d28ca79c4734b56948d600f6877919730867b531b3d133e0af80cbe6f67200","http_success_with_data"
"data/raw/air_quality/openaq/coverage/sensor_12237114_days_2026-08-26_2026-09-24_retrieved_20260924T183755.json","openaq","daily_coverage","/sensors/days","2026-09-24T19:09:54+0530","200","2026-08-26","2026-09-24",NA,"12237114",27,"external_api","e939d888d2c9548c4e3177c25225f7a6e06f2973dd6b59f5de98f1d8cf2cce4b","http_success_with_data"
"data/raw/air_quality/openaq/coverage/sensor_12237115_days_2026-08-26_2026-09-24_retrieved_20260924T183802.json","openaq","daily_coverage","/sensors/days","2026-09-24T19:09:54+0530","200","2026-08-26","2026-09-24",NA,"12237115",27,"external_api","7e246ec07f5b63649d8a98baa0db3ac65cba54c87a5519cf143eddf8a2ab39c4","http_success_with_data"
"data/raw/air_quality/openaq/coverage/sensor_12237116_days_2026-08-26_2026-09-24_retrieved_20260924T183809.json","openaq","daily_coverage","/sensors/days","2026-09-24T19:09:54+0530","200","2026-08-26","2026-09-24",NA,"12237116",27,"external_api","18d71ce3b98961940312f9937945f43242934412612a06718824c378ea9d4d1c","http_success_with_data"
"data/raw/air_quality/openaq/coverage/sensor_12237118_days_2026-08-26_2026-09-24_retrieved_20260924T183806.json","openaq","daily_coverage","/sensors/days","2026-09-24T19:09:54+0530","200","2026-08-26","2026-09-24",NA,"12237118",27,"external_api","dc79ecf550feba60ba8bc59540d756403afd890d5ec5e97f3fb94ff83088802e","http_success_with_data"
"data/raw/air_quality/openaq/coverage/sensor_12237120_days_2026-08-26_2026-09-24_retrieved_20260924T183749.json","openaq","daily_coverage","/sensors/days","2026-09-24T19:09:54+0530","200","2026-08-26","2026-09-24",NA,"12237120",27,"external_api","1352d6981e47c6241577b029818a181e44902d538c981c75381e42e6a20d9222","http_success_with_data"
"data/raw/air_quality/openaq/coverage/sensor_12237122_days_2026-08-26_2026-09-24_retrieved_20260924T183736.json","openaq","daily_coverage","/sensors/days","2026-09-24T19:09:54+0530","200","2026-08-26","2026-09-24",NA,"12237122",27,"external_api","fa293911e384d05a1ecc8f81e5bd7195773196d7946cc3caf01816d3aa0817bd","http_success_with_data"
"data/raw/air_quality/openaq/coverage/sensor_12237123_days_2026-08-26_2026-09-24_retrieved_20260924T183746.json","openaq","daily_coverage","/sensors/days","2026-09-24T19:09:54+0530","200","2026-08-26","2026-09-24",NA,"12237123",27,"external_api","d676c29e8be7110d574e6032412d48415090f1a2ba2cc49d540de6f6a1245778","http_success_with_data"
"data/raw/air_quality/openaq/coverage/sensor_12237124_days_2026-08-26_2026-09-24_retrieved_20260924T183739.json","openaq","daily_coverage","/sensors/days","2026-09-24T19:09:54+0530","200","2026-08-26","2026-09-24",NA,"12237124",27,"external_api","6ab29d545297e2c7a46e22cbb99abae442fd9c6614096cae9780ee12babf6b66","http_success_with_data"
"data/raw/air_quality/openaq/coverage/sensor_12237125_days_2026-08-26_2026-09-24_retrieved_20260924T183733.json","openaq","daily_coverage","/sensors/days","2026-09-24T19:09:54+0530","200","2026-08-26","2026-09-24",NA,"12237125",27,"external_api","3663ad0733673e1ba534ace33d53e4b35462b1589468292b18f6a467c5a2086b","http_success_with_data"
"data/raw/air_quality/openaq/coverage/sensor_12237127_days_2026-08-26_2026-09-24_retrieved_20260924T183743.json","openaq","daily_coverage","/sensors/days","2026-09-24T19:09:54+0530","200","2026-08-26","2026-09-24",NA,"12237127",26,"external_api","14b6ca4960faf0107b930a15a4c3adf3334b52215d85cb9c627d9170db46d992","http_success_with_data"
"data/raw/air_quality/openaq/coverage/sensor_12237129_days_2026-08-26_2026-09-24_retrieved_20260924T183827.json","openaq","daily_coverage","/sensors/days","2026-09-24T19:09:54+0530","200","2026-08-26","2026-09-24",NA,"12237129",27,"external_api","1ad013e42dd4906b1e9379ba4df1b408ead74b44288fe1cfd9267605cb82d52f","http_success_with_data"
"data/raw/air_quality/openaq/coverage/sensor_12237131_days_2026-08-26_2026-09-24_retrieved_20260924T183830.json","openaq","daily_coverage","/sensors/days","2026-09-24T19:09:54+0530","200","2026-08-26","2026-09-24",NA,"12237131",27,"external_api","0a474753ca1ac01ae40abaa5ad588bb4ab382f7ada31690447c9e2f188d4757e","http_success_with_data"
"data/raw/air_quality/openaq/coverage/sensor_12237132_days_2026-08-26_2026-09-24_retrieved_20260924T183823.json","openaq","daily_coverage","/sensors/days","2026-09-24T19:09:54+0530","200","2026-08-26","2026-09-24",NA,"12237132",27,"external_api","3947298a1f72cf2c765ea0c0fa6fbd2ead9238a3b2319be6a8eba2b6f684d28c","http_success_with_data"
"data/raw/air_quality/openaq/coverage/sensor_12237133_days_2026-08-26_2026-09-24_retrieved_20260924T183820.json","openaq","daily_coverage","/sensors/days","2026-09-24T19:09:54+0530","200","2026-08-26","2026-09-24",NA,"12237133",27,"external_api","c1f1044cc748494e69561c802fac3f0246f9674d3a4ea0ef6788756eedccc382","http_success_with_data"
"data/raw/air_quality/openaq/coverage/sensor_12237134_days_2026-08-26_2026-09-24_retrieved_20260924T183816.json","openaq","daily_coverage","/sensors/days","2026-09-24T19:09:54+0530","200","2026-08-26","2026-09-24",NA,"12237134",27,"external_api","b1417002e3bccedcc945df24a95a79d44fedcef9051686dfe27c825dc9504aff","http_success_with_data"
"data/raw/air_quality/openaq/coverage/sensor_12237136_days_2026-08-26_2026-09-24_retrieved_20260924T183813.json","openaq","daily_coverage","/sensors/days","2026-09-24T19:09:54+0530","200","2026-08-26","2026-09-24",NA,"12237136",27,"external_api","6f14b58a9749b72b3ac51dfb209d2869112a9ee60243eaa598cfd64b9025af3b","http_success_with_data"
"data/raw/air_quality/openaq/coverage/sensor_12237156_days_2026-08-26_2026-09-24_retrieved_20260924T183919.json","openaq","daily_coverage","/sensors/days","2026-09-24T19:09:54+0530","200","2026-08-26","2026-09-24",NA,"12237156",22,"external_api","9aaa228a18e67ac9332767588ced9066c50bc7aab8c7bbd5792e6f5b1a68559f","http_success_with_data"
"data/raw/air_quality/openaq/coverage/sensor_12237158_days_2026-08-26_2026-09-24_retrieved_20260924T183926.json","openaq","daily_coverage","/sensors/days","2026-09-24T19:09:54+0530","200","2026-08-26","2026-09-24",NA,"12237158",22,"external_api","8c1d92e26e43ae5439ad46f265f27bb18695f4a555075b7c82166101cb6e099b","http_success_with_data"
"data/raw/air_quality/openaq/coverage/sensor_12237159_days_2026-08-26_2026-09-24_retrieved_20260924T183929.json","openaq","daily_coverage","/sensors/days","2026-09-24T19:09:54+0530","200","2026-08-26","2026-09-24",NA,"12237159",22,"external_api","a2a44004c9c8a204f8bb8c6e1200299043c1a63b0cc5260051043742ba0df4a8","http_success_with_data"
"data/raw/air_quality/openaq/coverage/sensor_12237160_days_2026-08-26_2026-09-24_retrieved_20260924T183923.json","openaq","daily_coverage","/sensors/days","2026-09-24T19:09:54+0530","200","2026-08-26","2026-09-24",NA,"12237160",22,"external_api","4ba9f11252704d72c008e10f7b30bd9332fdd49229446ff01eff28ef26c3a088","http_success_with_data"
"data/raw/air_quality/openaq/coverage/sensor_12237161_days_2026-08-26_2026-09-24_retrieved_20260924T183913.json","openaq","daily_coverage","/sensors/days","2026-09-24T19:09:54+0530","200","2026-08-26","2026-09-24",NA,"12237161",22,"external_api","6612040079fbc48505ede186cfe1917f8f2b706e22e1fabcd85e33cceba69092","http_success_with_data"
"data/raw/air_quality/openaq/coverage/sensor_12237163_days_2026-08-26_2026-09-24_retrieved_20260924T183916.json","openaq","daily_coverage","/sensors/days","2026-09-24T19:09:54+0530","200","2026-08-26","2026-09-24",NA,"12237163",22,"external_api","fbac115c4c23647653927255db6500393eae6a86528f6dc33943498a0b9e98e3","http_success_with_data"
"data/raw/air_quality/openaq/coverage/sensor_12237353_days_2026-08-26_2026-09-24_retrieved_20260924T175316.json","openaq","daily_coverage","/sensors/days","2026-09-24T19:09:54+0530","200","2026-08-26","2026-09-24",NA,"12237353",27,"external_api","cab07ecdeebc1b3659dc485fcde58201e108e5c5fe2a5a4707b1d2cffbdca245","http_success_with_data"
"data/raw/air_quality/openaq/coverage/sensor_12237355_days_2026-08-26_2026-09-24_retrieved_20260924T175321.json","openaq","daily_coverage","/sensors/days","2026-09-24T19:09:54+0530","200","2026-08-26","2026-09-24",NA,"12237355",27,"external_api","24e59613dddf72d01c3ed08a73dd6918541ff907983150deab6dea0b105f61d0","http_success_with_data"
"data/raw/air_quality/openaq/coverage/sensor_12237356_days_2026-08-26_2026-09-24_retrieved_20260924T175319.json","openaq","daily_coverage","/sensors/days","2026-09-24T19:09:54+0530","200","2026-08-26","2026-09-24",NA,"12237356",27,"external_api","7374a947576e7a088e46ebe52e2fd7b47158d5c6c85efc215ee151ae1b67424c","http_success_with_data"
"data/raw/air_quality/openaq/coverage/sensor_12237357_days_2026-08-26_2026-09-24_retrieved_20260924T175312.json","openaq","daily_coverage","/sensors/days","2026-09-24T19:09:54+0530","200","2026-08-26","2026-09-24",NA,"12237357",27,"external_api","276c2bee731c76b22c2baa660ce65ad631a0359463c8aad6b9c3387f244c1468","http_success_with_data"
"data/raw/air_quality/openaq/coverage/sensor_12237358_days_2026-08-26_2026-09-24_retrieved_20260924T175323.json","openaq","daily_coverage","/sensors/days","2026-09-24T19:09:54+0530","200","2026-08-26","2026-09-24",NA,"12237358",27,"external_api","9e01002aef9f8002bcb3e194696a4f08c16c1f1bd7140b0ca191aeb7762e4e9d","http_success_with_data"
"data/raw/air_quality/openaq/coverage/sensor_12237360_days_2026-08-26_2026-09-24_retrieved_20260924T175314.json","openaq","daily_coverage","/sensors/days","2026-09-24T19:09:54+0530","200","2026-08-26","2026-09-24",NA,"12237360",27,"external_api","ca5afb0c00215c672bc4d5194443df57d60f63e2499ad8f5aa8e948db82dbf02","http_success_with_data"
"data/raw/air_quality/openaq/coverage/sensor_12237362_days_2026-08-26_2026-09-24_retrieved_20260924T175256.json","openaq","daily_coverage","/sensors/days","2026-09-24T19:09:54+0530","200","2026-08-26","2026-09-24",NA,"12237362",27,"external_api","f595aab45efe069a92a5877c4ead112c20b2d55eee895b2939604db632863886","http_success_with_data"
"data/raw/air_quality/openaq/coverage/sensor_12237364_days_2026-08-26_2026-09-24_retrieved_20260924T175254.json","openaq","daily_coverage","/sensors/days","2026-09-24T19:09:54+0530","200","2026-08-26","2026-09-24",NA,"12237364",27,"external_api","7b2b7d73b1403cd2d3e5e1ff1d2bb8e45942eaef1fbd4517ed6dc61e3c176f05","http_success_with_data"
"data/raw/air_quality/openaq/coverage/sensor_12237365_days_2026-08-26_2026-09-24_retrieved_20260924T175252.json","openaq","daily_coverage","/sensors/days","2026-09-24T19:09:54+0530","200","2026-08-26","2026-09-24",NA,"12237365",27,"external_api","a2653875fd017a9980df2bf34836c3533740c1c402c0a623596e9fb5f5398685","http_success_with_data"
"data/raw/air_quality/openaq/coverage/sensor_12237366_days_2026-08-26_2026-09-24_retrieved_20260924T175247.json","openaq","daily_coverage","/sensors/days","2026-09-24T19:09:54+0530","200","2026-08-26","2026-09-24",NA,"12237366",26,"external_api","55385ef7ad77716e4ee483382bfc8705a6b807303ac986d4ab43ce5293ee5948","http_success_with_data"
"data/raw/air_quality/openaq/coverage/sensor_12237367_days_2026-08-26_2026-09-24_retrieved_20260924T175248.json","openaq","daily_coverage","/sensors/days","2026-09-24T19:09:54+0530","200","2026-08-26","2026-09-24",NA,"12237367",27,"external_api","86ff0a35699ca2724fb87b8fe412431000a0144a4c8cea9433018a4e388cb79f","http_success_with_data"
"data/raw/air_quality/openaq/coverage/sensor_12237369_days_2026-08-26_2026-09-24_retrieved_20260924T175250.json","openaq","daily_coverage","/sensors/days","2026-09-24T19:09:54+0530","200","2026-08-26","2026-09-24",NA,"12237369",27,"external_api","26a831e59de7ea365924451c114c7fb302ad6f8f31136d506f13e1b5b0dac25d","http_success_with_data"
"data/raw/air_quality/openaq/coverage/sensor_12237613_days_2026-08-26_2026-09-24_retrieved_20260924T184008.json","openaq","daily_coverage","/sensors/days","2026-09-24T19:09:54+0530","200","2026-08-26","2026-09-24",NA,"12237613",27,"external_api","c952a6ffa65283e9096adfa5680d50c7363b189bae71566db560e2a9bb8ccc7d","http_success_with_data"
"data/raw/air_quality/openaq/coverage/sensor_12237615_days_2026-08-26_2026-09-24_retrieved_20260924T183956.json","openaq","daily_coverage","/sensors/days","2026-09-24T19:09:54+0530","200","2026-08-26","2026-09-24",NA,"12237615",27,"external_api","38c04846b9258cde37954fab041a648009030416f95d92c58dcaf04ffa75e76b","http_success_with_data"
"data/raw/air_quality/openaq/coverage/sensor_12237616_days_2026-08-26_2026-09-24_retrieved_20260924T184001.json","openaq","daily_coverage","/sensors/days","2026-09-24T19:09:54+0530","200","2026-08-26","2026-09-24",NA,"12237616",27,"external_api","858a11953aecc6829fd755d55ce35df48986e4488b98323010aad07ab3bec534","http_success_with_data"
"data/raw/air_quality/openaq/coverage/sensor_12237617_days_2026-08-26_2026-09-24_retrieved_20260924T184011.json","openaq","daily_coverage","/sensors/days","2026-09-24T19:09:54+0530","200","2026-08-26","2026-09-24",NA,"12237617",27,"external_api","e7931cde25a065562020627e86ddf26d687d76cc52fa6ee895a4e912c1084375","http_success_with_data"
"data/raw/air_quality/openaq/coverage/sensor_12237618_days_2026-08-26_2026-09-24_retrieved_20260924T183953.json","openaq","daily_coverage","/sensors/days","2026-09-24T19:09:54+0530","200","2026-08-26","2026-09-24",NA,"12237618",27,"external_api","316f76f15924d834d89cc88fbe69c0d8fa418c73ef099dcf071c29c8de804fb3","http_success_with_data"
"data/raw/air_quality/openaq/coverage/sensor_12237620_days_2026-08-26_2026-09-24_retrieved_20260924T184004.json","openaq","daily_coverage","/sensors/days","2026-09-24T19:09:54+0530","200","2026-08-26","2026-09-24",NA,"12237620",27,"external_api","6d691742fb958e15af75bb6bf3a9029ab9a4493e1c84e4a61a86684195216466","http_success_with_data"
"data/raw/air_quality/openaq/coverage/sensor_12237806_days_2026-08-26_2026-09-24_retrieved_20260924T175330.json","openaq","daily_coverage","/sensors/days","2026-09-24T19:09:54+0530","200","2026-08-26","2026-09-24",NA,"12237806",25,"external_api","072ef39df57bedc36d35a723e799c98eae463ad3fb769117bb5e4055bfa74f59","http_success_with_data"
"data/raw/air_quality/openaq/coverage/sensor_12237808_days_2026-08-26_2026-09-24_retrieved_20260924T175325.json","openaq","daily_coverage","/sensors/days","2026-09-24T19:09:54+0530","200","2026-08-26","2026-09-24",NA,"12237808",25,"external_api","a50c7d727016c1c608c436107a97be29abeb66c299fb753170c26cd9dbf7da06","http_success_with_data"
"data/raw/air_quality/openaq/coverage/sensor_12237809_days_2026-08-26_2026-09-24_retrieved_20260924T175328.json","openaq","daily_coverage","/sensors/days","2026-09-24T19:09:54+0530","200","2026-08-26","2026-09-24",NA,"12237809",25,"external_api","82be97b11234b284ead3ff3b6375526e0b11354def5b7e536ddc132b26f006e3","http_success_with_data"
"data/raw/air_quality/openaq/coverage/sensor_12237810_days_2026-08-26_2026-09-24_retrieved_20260924T175332.json","openaq","daily_coverage","/sensors/days","2026-09-24T19:09:54+0530","200","2026-08-26","2026-09-24",NA,"12237810",25,"external_api","6b980e0c2f958574e1a0a0e48f76c72ccce3a8f1427ae0b76716ead155bf93ab","http_success_with_data"
"data/raw/air_quality/openaq/coverage/sensor_12237811_days_2026-08-26_2026-09-24_retrieved_20260924T175334.json","openaq","daily_coverage","/sensors/days","2026-09-24T19:09:54+0530","200","2026-08-26","2026-09-24",NA,"12237811",25,"external_api","a21b94e2458b05ac7c83d6ec907e664034061378bf6123a5b9678e8e389c0754","http_success_with_data"
"data/raw/air_quality/openaq/coverage/sensor_12237813_days_2026-08-26_2026-09-24_retrieved_20260924T175336.json","openaq","daily_coverage","/sensors/days","2026-09-24T19:09:54+0530","200","2026-08-26","2026-09-24",NA,"12237813",25,"external_api","4aa4d1964f150886d860ef8c3f326f89a73462eb7c2f5f3083a552942693991e","http_success_with_data"
"data/raw/air_quality/openaq/coverage/sensor_12238000_days_2026-08-26_2026-09-24_retrieved_20260924T174943.json","openaq","daily_coverage","/sensors/days","2026-09-24T19:09:54+0530","200","2026-08-26","2026-09-24",NA,"12238000",23,"external_api","1bbea649e43ff331c7743d54b463d056231edc1d12f49138b503dce34de6df97","http_success_with_data"
"data/raw/air_quality/openaq/coverage/sensor_12238002_days_2026-08-26_2026-09-24_retrieved_20260924T174934.json","openaq","daily_coverage","/sensors/days","2026-09-24T19:09:54+0530","200","2026-08-26","2026-09-24",NA,"12238002",17,"external_api","afed55bcb842e6649e7424b9ab30bf1cf1417bdf3791922a4ad860060265af82","http_success_with_data"
"data/raw/air_quality/openaq/coverage/sensor_12238003_days_2026-08-26_2026-09-24_retrieved_20260924T174939.json","openaq","daily_coverage","/sensors/days","2026-09-24T19:09:54+0530","200","2026-08-26","2026-09-24",NA,"12238003",23,"external_api","b16411adad79217afda099a317ae65ebe106c53b8f46a41812dd2c273dddccf8","http_success_with_data"
"data/raw/air_quality/openaq/coverage/sensor_12238004_days_2026-08-26_2026-09-24_retrieved_20260924T174937.json","openaq","daily_coverage","/sensors/days","2026-09-24T19:09:54+0530","200","2026-08-26","2026-09-24",NA,"12238004",23,"external_api","092e2b9204131543b49c49c6edd37192d38d3326f1d930fa189e36149d463e5b","http_success_with_data"
"data/raw/air_quality/openaq/coverage/sensor_12238005_days_2026-08-26_2026-09-24_retrieved_20260924T174932.json","openaq","daily_coverage","/sensors/days","2026-09-24T19:09:54+0530","200","2026-08-26","2026-09-24",NA,"12238005",23,"external_api","3b79ed62311bd63dd60498e93fcacb2a7d09dcccd71d824ee9138cd263a2b995","http_success_with_data"
"data/raw/air_quality/openaq/coverage/sensor_12238007_days_2026-08-26_2026-09-24_retrieved_20260924T174941.json","openaq","daily_coverage","/sensors/days","2026-09-24T19:09:54+0530","200","2026-08-26","2026-09-24",NA,"12238007",23,"external_api","a1d6838474cd9603dafc032ab2824b0c4d7b4272a86645aa4f0894501177e268","http_success_with_data"
"data/raw/air_quality/openaq/coverage/sensor_12238208_days_2026-08-26_2026-09-24_retrieved_20260924T175125.json","openaq","daily_coverage","/sensors/days","2026-09-24T19:09:54+0530","200","2026-08-26","2026-09-24",NA,"12238208",27,"external_api","8aa66595d886c7c16a773bc2b1e30d02597b2ac378ccfcd65bee228f46c0e095","http_success_with_data"
"data/raw/air_quality/openaq/coverage/sensor_12238210_days_2026-08-26_2026-09-24_retrieved_20260924T175117.json","openaq","daily_coverage","/sensors/days","2026-09-24T19:09:54+0530","200","2026-08-26","2026-09-24",NA,"12238210",27,"external_api","fddaee4b8dfad57d04b9532e69f2f58e0e0eddc3d9dc54730a15274bff5666fb","http_success_with_data"
"data/raw/air_quality/openaq/coverage/sensor_12238211_days_2026-08-26_2026-09-24_retrieved_20260924T175123.json","openaq","daily_coverage","/sensors/days","2026-09-24T19:09:54+0530","200","2026-08-26","2026-09-24",NA,"12238211",27,"external_api","923662c662e0ab7bffe378d8cf70725beb1b45fc196214e84ea409f6ffe75404","http_success_with_data"
"data/raw/air_quality/openaq/coverage/sensor_12238212_days_2026-08-26_2026-09-24_retrieved_20260924T175114.json","openaq","daily_coverage","/sensors/days","2026-09-24T19:09:54+0530","200","2026-08-26","2026-09-24",NA,"12238212",27,"external_api","0916ffea83f1c62700de227a35fb5283f8a9ce843b0ab155e7f5687ceb2510c1","http_success_with_data"
"data/raw/air_quality/openaq/coverage/sensor_12238213_days_2026-08-26_2026-09-24_retrieved_20260924T175118.json","openaq","daily_coverage","/sensors/days","2026-09-24T19:09:54+0530","200","2026-08-26","2026-09-24",NA,"12238213",27,"external_api","778f4ee4a7d427c1bffa629b1a069df685926192f7e2d7f34d803ab6d92b13b7","http_success_with_data"
"data/raw/air_quality/openaq/coverage/sensor_12238215_days_2026-08-26_2026-09-24_retrieved_20260924T175121.json","openaq","daily_coverage","/sensors/days","2026-09-24T19:09:54+0530","200","2026-08-26","2026-09-24",NA,"12238215",26,"external_api","f7c7327e27342ee72bd5a8b3ca6c036f3515e6e7b321634e69270d45bc2871c1","http_success_with_data"
"data/raw/air_quality/openaq/coverage/sensor_12238217_days_2026-08-26_2026-09-24_retrieved_20260924T175132.json","openaq","daily_coverage","/sensors/days","2026-09-24T19:09:54+0530","200","2026-08-26","2026-09-24",NA,"12238217",27,"external_api","35f6d45dc0fd6161484f44c977047cbba72f47e9a2a2a0ce09a35c5ea1586df5","http_success_with_data"
"data/raw/air_quality/openaq/coverage/sensor_12238219_days_2026-08-26_2026-09-24_retrieved_20260924T175134.json","openaq","daily_coverage","/sensors/days","2026-09-24T19:09:54+0530","200","2026-08-26","2026-09-24",NA,"12238219",27,"external_api","52907d26b498c1561ff96e17026d8c98cdc85225f8dd5fec55c70129c6db88ed","http_success_with_data"
"data/raw/air_quality/openaq/coverage/sensor_12238220_days_2026-08-26_2026-09-24_retrieved_20260924T175138.json","openaq","daily_coverage","/sensors/days","2026-09-24T19:09:54+0530","200","2026-08-26","2026-09-24",NA,"12238220",27,"external_api","bd180c1e6feb1c4050273a35124aa465da2167765c52075ded8d543743672239","http_success_with_data"
"data/raw/air_quality/openaq/coverage/sensor_12238221_days_2026-08-26_2026-09-24_retrieved_20260924T175127.json","openaq","daily_coverage","/sensors/days","2026-09-24T19:09:54+0530","200","2026-08-26","2026-09-24",NA,"12238221",27,"external_api","088909311453c9bbc333c83cfa94b645b11e0eec9a6b9915fbb4fe9bde573af2","http_success_with_data"
"data/raw/air_quality/openaq/coverage/sensor_12238222_days_2026-08-26_2026-09-24_retrieved_20260924T175136.json","openaq","daily_coverage","/sensors/days","2026-09-24T19:09:54+0530","200","2026-08-26","2026-09-24",NA,"12238222",27,"external_api","ab8342f7fbc1adbf730f1109cde2269cdb82d08dcfdaf55abaeeadc6eb30d7a4","http_success_with_data"
"data/raw/air_quality/openaq/coverage/sensor_12238224_days_2026-08-26_2026-09-24_retrieved_20260924T175129.json","openaq","daily_coverage","/sensors/days","2026-09-24T19:09:54+0530","200","2026-08-26","2026-09-24",NA,"12238224",27,"external_api","c0674a31324c04fc34fefa9a4f9c25d47c9a1cd6248f4deb154937fd8fe36c0e","http_success_with_data"
"data/raw/air_quality/openaq/coverage/sensor_12242116_days_2026-08-26_2026-09-24_retrieved_20260924T174520.json","openaq","daily_coverage","/sensors/days","2026-09-24T19:09:54+0530","200","2026-08-26","2026-09-24",NA,"12242116",27,"external_api","25fd61b8347d1051d68dd1a345933ab1929bea43907be71ce200c6cedb801b73","http_success_with_data"
"data/raw/air_quality/openaq/coverage/sensor_12242118_days_2026-08-26_2026-09-24_retrieved_20260924T174522.json","openaq","daily_coverage","/sensors/days","2026-09-24T19:09:54+0530","200","2026-08-26","2026-09-24",NA,"12242118",27,"external_api","567d36f9947a75ae7519abf34f85f8714f4a6ece779c8814896785098d6032de","http_success_with_data"
"data/raw/air_quality/openaq/coverage/sensor_12242119_days_2026-08-26_2026-09-24_retrieved_20260924T174525.json","openaq","daily_coverage","/sensors/days","2026-09-24T19:09:54+0530","200","2026-08-26","2026-09-24",NA,"12242119",27,"external_api","73b50170797dee28db4f351cb61afb8743cbf03b8b18aee57263859daa181729","http_success_with_data"
"data/raw/air_quality/openaq/coverage/sensor_12242120_days_2026-08-26_2026-09-24_retrieved_20260924T174529.json","openaq","daily_coverage","/sensors/days","2026-09-24T19:09:54+0530","200","2026-08-26","2026-09-24",NA,"12242120",27,"external_api","64182fa754263cc5eabd5d885cdc061170a33a921cda87ff9ccc3de85bdb8389","http_success_with_data"
"data/raw/air_quality/openaq/coverage/sensor_12242121_days_2026-08-26_2026-09-24_retrieved_20260924T174527.json","openaq","daily_coverage","/sensors/days","2026-09-24T19:09:54+0530","200","2026-08-26","2026-09-24",NA,"12242121",27,"external_api","49687f9b6f3bea7687153b70e0a01f1f7a63093ad496494f0aaae762ce8fd852","http_success_with_data"
"data/raw/air_quality/openaq/coverage/sensor_12242123_days_2026-08-26_2026-09-24_retrieved_20260924T174531.json","openaq","daily_coverage","/sensors/days","2026-09-24T19:09:54+0530","200","2026-08-26","2026-09-24",NA,"12242123",27,"external_api","a4f795e1d75015b93729153621d8f5f59879952ca02e40490c679d2e5bccc57c","http_success_with_data"
"data/raw/air_quality/openaq/coverage/sensor_12242125_days_2026-08-26_2026-09-24_retrieved_20260924T183652.json","openaq","daily_coverage","/sensors/days","2026-09-24T19:09:54+0530","200","2026-08-26","2026-09-24",NA,"12242125",27,"external_api","069473ed0fd602d188945e1d11683eea4e79fd6d975d404911cf5e6647bd6bb0","http_success_with_data"
"data/raw/air_quality/openaq/coverage/sensor_12242127_days_2026-08-26_2026-09-24_retrieved_20260924T183659.json","openaq","daily_coverage","/sensors/days","2026-09-24T19:09:54+0530","200","2026-08-26","2026-09-24",NA,"12242127",26,"external_api","a29642c4b36ffef9fc54206b36754b9adff3176c631a547e3e0687630762c092","http_success_with_data"
"data/raw/air_quality/openaq/coverage/sensor_12242128_days_2026-08-26_2026-09-24_retrieved_20260924T183702.json","openaq","daily_coverage","/sensors/days","2026-09-24T19:09:54+0530","200","2026-08-26","2026-09-24",NA,"12242128",26,"external_api","e5a9076d84669a9a8a7b45b516ac4e750473dd1a297631ab2fb3070b2aacf34f","http_success_with_data"
"data/raw/air_quality/openaq/coverage/sensor_12242129_days_2026-08-26_2026-09-24_retrieved_20260924T183656.json","openaq","daily_coverage","/sensors/days","2026-09-24T19:09:54+0530","200","2026-08-26","2026-09-24",NA,"12242129",27,"external_api","810c8425ea9cceef5b24cc79f1b1f0737c577e0f5162c3854096648c6ae98e6c","http_success_with_data"
"data/raw/air_quality/openaq/coverage/sensor_12242131_days_2026-08-26_2026-09-24_retrieved_20260924T183705.json","openaq","daily_coverage","/sensors/days","2026-09-24T19:09:54+0530","200","2026-08-26","2026-09-24",NA,"12242131",27,"external_api","2f88194b0cceaeaa4c97f447e109b225b8228060f88eda78444fa15ca2f569e5","http_success_with_data"
"data/raw/air_quality/openaq/coverage/sensor_12242159_days_2026-08-26_2026-09-24_retrieved_20260924T183906.json","openaq","daily_coverage","/sensors/days","2026-09-24T19:09:54+0530","200","2026-08-26","2026-09-24",NA,"12242159",27,"external_api","a634242024c07f36b30f7cd07a3e34b64aca83682ae0ab004393efe76060021f","http_success_with_data"
"data/raw/air_quality/openaq/coverage/sensor_12242161_days_2026-08-26_2026-09-24_retrieved_20260924T183852.json","openaq","daily_coverage","/sensors/days","2026-09-24T19:09:54+0530","200","2026-08-26","2026-09-24",NA,"12242161",27,"external_api","79b23945f71ffddd7dbaf7f4101cddd043354850967ad32c6928af7a2de11363","http_success_with_data"
"data/raw/air_quality/openaq/coverage/sensor_12242162_days_2026-08-26_2026-09-24_retrieved_20260924T183856.json","openaq","daily_coverage","/sensors/days","2026-09-24T19:09:54+0530","200","2026-08-26","2026-09-24",NA,"12242162",27,"external_api","4c8f2fcb705d4c0f62c6f111d7bcab613510875277734fadf4be1436c3a5c17a","http_success_with_data"
"data/raw/air_quality/openaq/coverage/sensor_12242163_days_2026-08-26_2026-09-24_retrieved_20260924T183859.json","openaq","daily_coverage","/sensors/days","2026-09-24T19:09:54+0530","200","2026-08-26","2026-09-24",NA,"12242163",27,"external_api","36adcb38baec172d5dea6f7eb665a628ecdc4cf74dd4391121e584873d9c3593","http_success_with_data"
"data/raw/air_quality/openaq/coverage/sensor_12242164_days_2026-08-26_2026-09-24_retrieved_20260924T183909.json","openaq","daily_coverage","/sensors/days","2026-09-24T19:09:54+0530","200","2026-08-26","2026-09-24",NA,"12242164",27,"external_api","1219829b393b51cc343992363d9b981c9b05f4e00971056cc5d7389c4a943bae","http_success_with_data"
"data/raw/air_quality/openaq/coverage/sensor_12242166_days_2026-08-26_2026-09-24_retrieved_20260924T183903.json","openaq","daily_coverage","/sensors/days","2026-09-24T19:09:54+0530","200","2026-08-26","2026-09-24",NA,"12242166",27,"external_api","2c9c3f33a8f66b2f7d2c590f2b786634083b512e80fd1ffaa36ea9423e93a2b9","http_success_with_data"
"data/raw/air_quality/openaq/coverage/sensor_12248365_days_2026-08-26_2026-09-24_retrieved_20260924T174919.json","openaq","daily_coverage","/sensors/days","2026-09-24T19:09:54+0530","200","2026-08-26","2026-09-24",NA,"12248365",27,"external_api","6a7b80c07831375662380d3b909178bace3ac39c9fa5f507f1e5dc39c293149f","http_success_with_data"
"data/raw/air_quality/openaq/coverage/sensor_12248367_days_2026-08-26_2026-09-24_retrieved_20260924T174926.json","openaq","daily_coverage","/sensors/days","2026-09-24T19:09:54+0530","200","2026-08-26","2026-09-24",NA,"12248367",27,"external_api","b90f5ad5e8e18f504d8956995e99ab3d091b5cd4e08da2032b6d54dd15ff5834","http_success_with_data"
"data/raw/air_quality/openaq/coverage/sensor_12248368_days_2026-08-26_2026-09-24_retrieved_20260924T174921.json","openaq","daily_coverage","/sensors/days","2026-09-24T19:09:54+0530","200","2026-08-26","2026-09-24",NA,"12248368",27,"external_api","a69045513a8ddbac3e61a01b844c93c87f1ef1cfaba5f0cb3ffbe12d54fe708e","http_success_with_data"
"data/raw/air_quality/openaq/coverage/sensor_12248369_days_2026-08-26_2026-09-24_retrieved_20260924T174931.json","openaq","daily_coverage","/sensors/days","2026-09-24T19:09:54+0530","200","2026-08-26","2026-09-24",NA,"12248369",27,"external_api","2523976c34b7d450b5a27ebfd61ba528d55e2c27387b55789194d3f5262e56b1","http_success_with_data"
"data/raw/air_quality/openaq/coverage/sensor_12248370_days_2026-08-26_2026-09-24_retrieved_20260924T174928.json","openaq","daily_coverage","/sensors/days","2026-09-24T19:09:54+0530","200","2026-08-26","2026-09-24",NA,"12248370",27,"external_api","e5c10c696edf5a8662cf8d8a6ca2beb6a4ce345779609ae1b6259912efe75826","http_success_with_data"
"data/raw/air_quality/openaq/coverage/sensor_12248372_days_2026-08-26_2026-09-24_retrieved_20260924T174923.json","openaq","daily_coverage","/sensors/days","2026-09-24T19:09:54+0530","200","2026-08-26","2026-09-24",NA,"12248372",27,"external_api","09cf3504cbc197755dd989bded574e4874259df13a0cd6dbdb729b96e441d266","http_success_with_data"
"data/raw/air_quality/openaq/coverage/sensor_12289836_days_2026-08-26_2026-09-24_retrieved_20260924T175048.json","openaq","daily_coverage","/sensors/days","2026-09-24T19:09:54+0530","200","2026-08-26","2026-09-24",NA,"12289836",27,"external_api","9bed398f88a47fa29ef2fd169b4324d66853ee52546847d7567e3125c450e419","http_success_with_data"
"data/raw/air_quality/openaq/coverage/sensor_24857_days_2026-08-26_2026-09-24_retrieved_20260924T183709.json","openaq","daily_coverage","/sensors/days","2026-09-24T19:09:54+0530","200","2026-08-26","2026-09-24",NA,"24857",0,"external_api","bc4300c5088c45ed117fd4b80a931f9953ba1621cfe417c72c5070c6c5498aa4","http_success_empty"
"data/raw/air_quality/openaq/raw_PROJ_002_sensor_12234786_2026-09-15_2026-09-21_retrieved_20260924T175356.json","openaq","daily_coverage","/sensors/days","2026-09-24T19:09:54+0530","200","sensor","12234786",NA,"PROJ",156,"external_api","3cb470b633e25b7096de61e91e6bb0a1d3e92f26ec220aea2ef7e2f94ff2d1ec","http_success_with_data"
"data/raw/air_quality/openaq/raw_PROJ_002_sensor_12234787_2026-09-15_2026-09-21_retrieved_20260924T175354.json","openaq","daily_coverage","/sensors/days","2026-09-24T19:09:54+0530","200","sensor","12234787",NA,"PROJ",153,"external_api","49b7d9010b8469f9135829c168175e814a99aef5366de360725b28a3f52854ff","http_success_with_data"
"data/raw/air_quality/openaq/raw_PROJ_007_sensor_12235582_2026-09-15_2026-09-21_retrieved_20260924T175352.json","openaq","daily_coverage","/sensors/days","2026-09-24T19:09:54+0530","200","sensor","12235582",NA,"PROJ",145,"external_api","7bed2a4206c872d043c34efc113acdaedf02ffdfdfeffc0fc76c3d6c2387e81d","http_success_with_data"
"data/raw/air_quality/openaq/raw_PROJ_007_sensor_12235583_2026-09-15_2026-09-21_retrieved_20260924T175350.json","openaq","daily_coverage","/sensors/days","2026-09-24T19:09:54+0530","200","sensor","12235583",NA,"PROJ",145,"external_api","e3df0741303616246b6a0a8356e29d833cc1a681f55d87c1c3e764da65c32c82","http_success_with_data"
"data/raw/weather/openmeteo/raw_PROJ_002_2026-09-15_2026-09-21_retrieved_20260924T175358.json","openmeteo","historical_weather","/v1/archive","2026-09-24T19:09:54+0530","200","","",NA,NA,0,"external_api","e6262af0ecd150a647a76d563e843605ced3f3ae8dd2958c82a879725f9a631e","http_success_with_data"
"data/raw/weather/openmeteo/raw_PROJ_007_2026-09-15_2026-09-21_retrieved_20260924T175357.json","openmeteo","historical_weather","/v1/archive","2026-09-24T19:09:54+0530","200","","",NA,NA,0,"external_api","c19a9bcfe38a5b716ebd0c5c1686818c2438a7c6cf652eb38f2e987494620548","http_success_with_data"
