"project_station_id","source_location_id","station_name","city","sensor_id","parameter","source_unit","canonical_target_unit","unit_compatibility_status","sensor_datetime_first","sensor_datetime_last","source_lifetime_coverage_expected_count","source_lifetime_coverage_observed_count","source_lifetime_percent_complete_raw","source_lifetime_percent_coverage_raw","source_lifetime_coverage_anomalous","sensor_generation_status"
"PROJ_002",17,"R K Puram, Delhi - DPCC","Delhi",12234783,"no","ppb",NA,"unsupported_or_uncertain","2025-02-18T20:15:00Z","2026-09-21T15:30:00Z",4,43361,1084025,1084025,TRUE,"preferred_current"
"PROJ_002",17,"R K Puram, Delhi - DPCC","Delhi",12234785,"o3","µg/m³","µg/m³","canonical","2025-02-18T20:15:00Z","2026-09-21T15:30:00Z",4,42562,1064050,1064050,TRUE,"preferred_current"
"PROJ_002",17,"R K Puram, Delhi - DPCC","Delhi",12234787,"pm2_5","µg/m³","µg/m³","canonical","2025-02-18T20:15:00Z","2026-09-21T15:30:00Z",4,44364,1109100,1109100,TRUE,"preferred_current"
"PROJ_002",17,"R K Puram, Delhi - DPCC","Delhi",12234784,"no2","ppb","µg/m³","conversion_required_later","2025-02-18T20:15:00Z","2026-09-21T15:30:00Z",4,43841,1096025,1096025,TRUE,"preferred_current"
"PROJ_002",17,"R K Puram, Delhi - DPCC","Delhi",12234786,"pm10","µg/m³","µg/m³","canonical","2025-02-18T20:30:00Z","2026-09-21T15:30:00Z",4,43222,1080550,1080550,TRUE,"preferred_current"
"PROJ_002",17,"R K Puram, Delhi - DPCC","Delhi",12234782,"co","ppb","mg/m³","conversion_required_later","2025-02-18T20:15:00Z","2026-09-21T15:30:00Z",4,42938,1073450,1073450,TRUE,"preferred_current"
"PROJ_002",17,"R K Puram, Delhi - DPCC","Delhi",12234790,"temperature","c","°C","not_applicable_to_pollutant_aqi","2025-02-18T20:15:00Z","2026-09-21T15:30:00Z",4,45391,1134775,1134775,TRUE,"preferred_current"
"PROJ_002",17,"R K Puram, Delhi - DPCC","Delhi",12234788,"relativehumidity","%","%","canonical","2025-02-18T20:15:00Z","2026-09-21T15:30:00Z",4,45391,1134775,1134775,TRUE,"preferred_current"
"PROJ_002",17,"R K Puram, Delhi - DPCC","Delhi",12234789,"so2","ppb","µg/m³","conversion_required_later","2025-02-18T20:15:00Z","2026-09-21T15:30:00Z",4,40978,1024450,1024450,TRUE,"preferred_current"
"PROJ_002",17,"R K Puram, Delhi - DPCC","Delhi",14340715,"wind_speed","m/s","m/s","canonical","2025-10-10T18:15:00Z","2026-09-21T15:30:00Z",4,26272,656800,656800,TRUE,"preferred_current"
"PROJ_002",17,"R K Puram, Delhi - DPCC","Delhi",14340714,"wind_direction","deg","°","not_applicable_to_pollutant_aqi","2025-10-10T18:15:00Z","2026-09-21T15:30:00Z",4,25836,645900,645900,TRUE,"preferred_current"
"PROJ_002",17,"R K Puram, Delhi - DPCC","Delhi",14340713,"nox","ppb",NA,"unsupported_or_uncertain","2025-10-10T18:15:00Z","2026-09-21T15:30:00Z",4,25580,639500,639500,TRUE,"preferred_current"
"PROJ_002",17,"R K Puram, Delhi - DPCC","Delhi",399,"pm10","µg/m³","µg/m³","canonical","2016-02-05T14:55:00Z","2018-02-21T21:15:00Z",4,21117,527925,527925,TRUE,"legacy"
"PROJ_002",17,"R K Puram, Delhi - DPCC","Delhi",35,"pm2_5","µg/m³","µg/m³","canonical","2016-02-05T14:55:00Z","2018-02-21T21:15:00Z",4,19992,499800,499800,TRUE,"legacy"
"PROJ_002",17,"R K Puram, Delhi - DPCC","Delhi",394,"o3","µg/m³","µg/m³","canonical","2016-02-05T14:55:00Z","2018-01-24T09:30:00Z",4,20787,519675,519675,TRUE,"legacy"
"PROJ_002",17,"R K Puram, Delhi - DPCC","Delhi",36,"no2","µg/m³","µg/m³","canonical","2016-02-05T14:55:00Z","2018-02-21T20:45:00Z",4,22237,555925,555925,TRUE,"legacy"
"PROJ_002",17,"R K Puram, Delhi - DPCC","Delhi",392,"co","µg/m³","mg/m³","conversion_required_later","2016-02-05T14:55:00Z","2018-02-21T20:45:00Z",4,21647,541175,541175,TRUE,"legacy"
"PROJ_002",17,"R K Puram, Delhi - DPCC","Delhi",393,"so2","µg/m³","µg/m³","canonical","2016-02-05T14:55:00Z","2018-02-21T21:15:00Z",4,7989,199725,199725,TRUE,"legacy"
"PROJ_003",50,"Punjabi Bagh, Delhi - DPCC","Delhi",12234792,"no","ppb",NA,"unsupported_or_uncertain","2025-02-18T20:15:00Z","2026-09-21T12:15:00Z",4,43158,1078950,1078950,TRUE,"preferred_current"
"PROJ_003",50,"Punjabi Bagh, Delhi - DPCC","Delhi",12234798,"so2","ppb","µg/m³","conversion_required_later","2025-02-18T20:15:00Z","2026-09-21T12:15:00Z",4,41496,1037400,1037400,TRUE,"preferred_current"
"PROJ_003",50,"Punjabi Bagh, Delhi - DPCC","Delhi",12234796,"pm2_5","µg/m³","µg/m³","canonical","2025-02-18T20:15:00Z","2026-09-21T12:15:00Z",4,43823,1095575,1095575,TRUE,"preferred_current"
"PROJ_003",50,"Punjabi Bagh, Delhi - DPCC","Delhi",12234794,"o3","µg/m³","µg/m³","canonical","2025-02-18T20:30:00Z","2026-09-21T12:15:00Z",4,42648,1066200,1066200,TRUE,"preferred_current"
"PROJ_003",50,"Punjabi Bagh, Delhi - DPCC","Delhi",12234797,"relativehumidity","%","%","canonical","2025-02-18T20:15:00Z","2026-09-21T12:15:00Z",4,44858,1121450,1121450,TRUE,"preferred_current"
"PROJ_003",50,"Punjabi Bagh, Delhi - DPCC","Delhi",12234793,"no2","ppb","µg/m³","conversion_required_later","2025-02-18T20:15:00Z","2026-09-21T12:15:00Z",4,44139,1103475,1103475,TRUE,"preferred_current"
"PROJ_003",50,"Punjabi Bagh, Delhi - DPCC","Delhi",12234791,"co","ppb","mg/m³","conversion_required_later","2025-02-18T20:15:00Z","2026-09-21T12:15:00Z",4,44060,1101500,1101500,TRUE,"preferred_current"
"PROJ_003",50,"Punjabi Bagh, Delhi - DPCC","Delhi",12234795,"pm10","µg/m³","µg/m³","canonical","2025-02-18T20:15:00Z","2026-09-21T12:15:00Z",4,44178,1104450,1104450,TRUE,"preferred_current"
"PROJ_003",50,"Punjabi Bagh, Delhi - DPCC","Delhi",12234799,"temperature","c","°C","not_applicable_to_pollutant_aqi","2025-02-18T20:15:00Z","2026-09-21T12:15:00Z",4,44911,1122775,1122775,TRUE,"preferred_current"
"PROJ_003",50,"Punjabi Bagh, Delhi - DPCC","Delhi",14340717,"wind_direction","deg","°","not_applicable_to_pollutant_aqi","2025-10-10T18:15:00Z","2026-09-21T12:15:00Z",4,26144,653600,653600,TRUE,"preferred_current"
"PROJ_003",50,"Punjabi Bagh, Delhi - DPCC","Delhi",14340716,"nox","ppb",NA,"unsupported_or_uncertain","2025-10-10T18:15:00Z","2026-09-21T12:15:00Z",4,25989,649725,649725,TRUE,"preferred_current"
"PROJ_003",50,"Punjabi Bagh, Delhi - DPCC","Delhi",14340718,"wind_speed","m/s","m/s","canonical","2025-10-10T18:15:00Z","2026-09-21T12:15:00Z",4,26144,653600,653600,TRUE,"preferred_current"
"PROJ_003",50,"Punjabi Bagh, Delhi - DPCC","Delhi",395,"pm10","µg/m³","µg/m³","canonical","2016-02-05T14:55:00Z","2018-02-21T21:15:00Z",4,22086,552150,552150,TRUE,"legacy"
"PROJ_003",50,"Punjabi Bagh, Delhi - DPCC","Delhi",71,"o3","µg/m³","µg/m³","canonical","2016-02-05T15:00:00Z","2018-01-24T09:30:00Z",4,21180,529500,529500,TRUE,"legacy"
"PROJ_003",50,"Punjabi Bagh, Delhi - DPCC","Delhi",397,"so2","µg/m³","µg/m³","canonical","2016-02-05T15:00:00Z","2018-02-21T21:15:00Z",4,8692,217300,217300,TRUE,"legacy"
"PROJ_003",50,"Punjabi Bagh, Delhi - DPCC","Delhi",400,"no2","µg/m³","µg/m³","canonical","2016-02-05T15:00:00Z","2018-02-21T20:45:00Z",4,21823,545575,545575,TRUE,"legacy"
"PROJ_003",50,"Punjabi Bagh, Delhi - DPCC","Delhi",398,"co","µg/m³","mg/m³","conversion_required_later","2016-02-05T15:00:00Z","2018-02-21T21:15:00Z",4,21801,545025,545025,TRUE,"legacy"
"PROJ_003",50,"Punjabi Bagh, Delhi - DPCC","Delhi",396,"pm2_5","µg/m³","µg/m³","canonical","2016-02-05T14:55:00Z","2018-02-21T21:15:00Z",4,21846,546150,546150,TRUE,"legacy"
"PROJ_005",235,"Anand Vihar, New Delhi - DPCC","Delhi",380,"o3","µg/m³","µg/m³","canonical","2016-02-05T14:15:00Z","2018-01-23T04:30:00Z",4,19772,494300,494300,TRUE,"legacy"
"PROJ_005",235,"Anand Vihar, New Delhi - DPCC","Delhi",383,"so2","µg/m³","µg/m³","canonical","2016-02-05T14:15:00Z","2018-02-21T21:15:00Z",4,7203,180075,180075,TRUE,"legacy"
"PROJ_005",235,"Anand Vihar, New Delhi - DPCC","Delhi",382,"no2","µg/m³","µg/m³","canonical","2016-02-05T14:15:00Z","2018-02-21T21:15:00Z",4,19986,499650,499650,TRUE,"legacy"
"PROJ_005",235,"Anand Vihar, New Delhi - DPCC","Delhi",381,"pm10","µg/m³","µg/m³","canonical","2016-02-05T14:15:00Z","2018-02-21T21:15:00Z",4,19460,486500,486500,TRUE,"legacy"
"PROJ_005",235,"Anand Vihar, New Delhi - DPCC","Delhi",385,"co","µg/m³","mg/m³","conversion_required_later","2016-02-05T14:15:00Z","2016-03-21T14:45:00Z",4,126,3150,3150,TRUE,"legacy"
"PROJ_005",235,"Anand Vihar, New Delhi - DPCC","Delhi",384,"pm2_5","µg/m³","µg/m³","canonical","2016-02-05T14:15:00Z","2018-02-21T21:15:00Z",4,20911,522775,522775,TRUE,"legacy"
"PROJ_005",235,"Anand Vihar, New Delhi - DPCC","Delhi",12235608,"o3","µg/m³","µg/m³","canonical","2025-02-18T22:30:00Z","2026-09-21T15:30:00Z",4,40959,1023975,1023975,TRUE,"preferred_current"
"PROJ_005",235,"Anand Vihar, New Delhi - DPCC","Delhi",12235606,"no","ppb",NA,"unsupported_or_uncertain","2025-02-18T22:30:00Z","2026-09-21T15:30:00Z",4,40817,1020425,1020425,TRUE,"preferred_current"
"PROJ_005",235,"Anand Vihar, New Delhi - DPCC","Delhi",12235613,"temperature","c","°C","not_applicable_to_pollutant_aqi","2025-02-18T22:30:00Z","2026-09-21T15:30:00Z",4,44893,1122325,1122325,TRUE,"preferred_current"
"PROJ_005",235,"Anand Vihar, New Delhi - DPCC","Delhi",12235611,"relativehumidity","%","%","canonical","2025-02-18T22:30:00Z","2026-09-21T15:30:00Z",4,44885,1122125,1122125,TRUE,"preferred_current"
"PROJ_005",235,"Anand Vihar, New Delhi - DPCC","Delhi",12235605,"co","ppb","mg/m³","conversion_required_later","2025-02-18T22:15:00Z","2026-09-21T15:30:00Z",4,42729,1068225,1068225,TRUE,"preferred_current"
"PROJ_005",235,"Anand Vihar, New Delhi - DPCC","Delhi",12235612,"so2","ppb","µg/m³","conversion_required_later","2025-02-18T22:30:00Z","2026-09-21T15:30:00Z",4,41968,1049200,1049200,TRUE,"preferred_current"
"PROJ_005",235,"Anand Vihar, New Delhi - DPCC","Delhi",12235607,"no2","ppb","µg/m³","conversion_required_later","2025-02-18T22:30:00Z","2026-09-21T15:30:00Z",4,43718,1092950,1092950,TRUE,"preferred_current"
"PROJ_005",235,"Anand Vihar, New Delhi - DPCC","Delhi",12235609,"pm10","µg/m³","µg/m³","canonical","2025-02-18T22:15:00Z","2026-09-21T14:00:00Z",4,43220,1080500,1080500,TRUE,"preferred_current"
"PROJ_005",235,"Anand Vihar, New Delhi - DPCC","Delhi",12235610,"pm2_5","µg/m³","µg/m³","canonical","2025-02-18T22:15:00Z","2026-09-21T15:30:00Z",4,43293,1082325,1082325,TRUE,"preferred_current"
"PROJ_005",235,"Anand Vihar, New Delhi - DPCC","Delhi",14340866,"wind_speed","m/s","m/s","canonical","2025-10-10T18:15:00Z","2026-09-21T15:30:00Z",4,25619,640475,640475,TRUE,"preferred_current"
"PROJ_005",235,"Anand Vihar, New Delhi - DPCC","Delhi",14340864,"nox","ppb",NA,"unsupported_or_uncertain","2025-10-10T18:15:00Z","2026-09-21T15:30:00Z",4,24912,622800,622800,TRUE,"preferred_current"
"PROJ_005",235,"Anand Vihar, New Delhi - DPCC","Delhi",14340865,"wind_direction","deg","°","not_applicable_to_pollutant_aqi","2025-10-10T18:15:00Z","2026-09-21T15:30:00Z",4,25538,638450,638450,TRUE,"preferred_current"
"PROJ_007",407,"Zoo Park, Hyderabad - TSPCB","Hyderabad",712,"no2","µg/m³","µg/m³","canonical","2016-03-21T19:00:00Z","2022-10-31T02:00:00Z",4,58624,1465600,1465600,TRUE,"legacy"
"PROJ_007",407,"Zoo Park, Hyderabad - TSPCB","Hyderabad",711,"o3","µg/m³","µg/m³","canonical","2016-03-21T19:00:00Z","2022-10-31T02:00:00Z",4,54143,1353575,1353575,TRUE,"legacy"
"PROJ_007",407,"Zoo Park, Hyderabad - TSPCB","Hyderabad",710,"co","µg/m³","mg/m³","conversion_required_later","2016-03-21T19:00:00Z","2022-10-31T02:00:00Z",4,58985,1474625,1474625,TRUE,"legacy"
"PROJ_007",407,"Zoo Park, Hyderabad - TSPCB","Hyderabad",715,"pm10","µg/m³","µg/m³","canonical","2016-03-21T19:00:00Z","2022-10-31T02:00:00Z",4,53654,1341350,1341350,TRUE,"legacy"
"PROJ_007",407,"Zoo Park, Hyderabad - TSPCB","Hyderabad",714,"pm2_5","µg/m³","µg/m³","canonical","2016-03-21T19:00:00Z","2022-10-31T02:00:00Z",4,57115,1427875,1427875,TRUE,"legacy"
"PROJ_007",407,"Zoo Park, Hyderabad - TSPCB","Hyderabad",713,"so2","µg/m³","µg/m³","canonical","2016-03-21T19:00:00Z","2022-10-31T02:00:00Z",4,58994,1474850,1474850,TRUE,"legacy"
"PROJ_007",407,"Zoo Park, Hyderabad - TSPCB","Hyderabad",12235585,"so2","ppb","µg/m³","conversion_required_later","2025-02-18T20:15:00Z","2026-09-21T15:30:00Z",4,42922,1073050,1073050,TRUE,"preferred_current"
"PROJ_007",407,"Zoo Park, Hyderabad - TSPCB","Hyderabad",12235581,"o3","µg/m³","µg/m³","canonical","2025-02-18T20:15:00Z","2026-09-21T15:30:00Z",4,42597,1064925,1064925,TRUE,"preferred_current"
"PROJ_007",407,"Zoo Park, Hyderabad - TSPCB","Hyderabad",12235579,"no","ppb",NA,"unsupported_or_uncertain","2025-02-18T20:15:00Z","2026-09-21T15:30:00Z",4,42718,1067950,1067950,TRUE,"preferred_current"
"PROJ_007",407,"Zoo Park, Hyderabad - TSPCB","Hyderabad",12235584,"relativehumidity","%","%","canonical","2025-02-18T20:15:00Z","2026-09-21T15:30:00Z",4,43189,1079725,1079725,TRUE,"preferred_current"
"PROJ_007",407,"Zoo Park, Hyderabad - TSPCB","Hyderabad",12235578,"co","ppb","mg/m³","conversion_required_later","2025-02-18T20:15:00Z","2026-09-21T15:30:00Z",4,43000,1075000,1075000,TRUE,"preferred_current"
"PROJ_007",407,"Zoo Park, Hyderabad - TSPCB","Hyderabad",12235580,"no2","ppb","µg/m³","conversion_required_later","2025-02-18T20:15:00Z","2026-09-21T15:30:00Z",4,42742,1068550,1068550,TRUE,"preferred_current"
"PROJ_007",407,"Zoo Park, Hyderabad - TSPCB","Hyderabad",12235586,"temperature","c","°C","not_applicable_to_pollutant_aqi","2025-02-18T20:15:00Z","2026-09-21T15:30:00Z",4,50573,1264325,1264325,TRUE,"preferred_current"
"PROJ_007",407,"Zoo Park, Hyderabad - TSPCB","Hyderabad",12235583,"pm2_5","µg/m³","µg/m³","canonical","2025-02-18T20:15:00Z","2026-09-21T15:30:00Z",4,41272,1031800,1031800,TRUE,"preferred_current"
"PROJ_007",407,"Zoo Park, Hyderabad - TSPCB","Hyderabad",12235582,"pm10","µg/m³","µg/m³","canonical","2025-02-18T20:15:00Z","2026-09-21T15:30:00Z",4,41033,1025825,1025825,TRUE,"preferred_current"
"PROJ_007",407,"Zoo Park, Hyderabad - TSPCB","Hyderabad",14340862,"wind_direction","deg","°","not_applicable_to_pollutant_aqi","2025-10-10T18:15:00Z","2026-09-21T15:30:00Z",4,24921,623025,623025,TRUE,"preferred_current"
"PROJ_007",407,"Zoo Park, Hyderabad - TSPCB","Hyderabad",14340861,"nox","ppb",NA,"unsupported_or_uncertain","2025-10-10T18:15:00Z","2026-09-21T15:30:00Z",4,24692,617300,617300,TRUE,"preferred_current"
"PROJ_007",407,"Zoo Park, Hyderabad - TSPCB","Hyderabad",14340863,"wind_speed","m/s","m/s","canonical","2025-10-10T18:15:00Z","2026-09-21T15:30:00Z",4,24933,623325,623325,TRUE,"preferred_current"
"PROJ_036",5599,"Bollaram Industrial Area, Hyderabad - TSPCB","Hyderabad",12235400,"pm2_5","µg/m³","µg/m³","canonical","2025-02-18T20:15:00Z","2026-09-21T15:30:00Z",4,25499,637475,637475,TRUE,"preferred_current"
"PROJ_036",5599,"Bollaram Industrial Area, Hyderabad - TSPCB","Hyderabad",12235399,"pm10","µg/m³","µg/m³","canonical","2025-02-18T20:15:00Z","2026-09-21T15:30:00Z",4,26115,652875,652875,TRUE,"preferred_current"
"PROJ_036",5599,"Bollaram Industrial Area, Hyderabad - TSPCB","Hyderabad",12235402,"so2","ppb","µg/m³","conversion_required_later","2025-02-18T20:15:00Z","2026-09-21T15:30:00Z",4,29266,731650,731650,TRUE,"preferred_current"
"PROJ_036",5599,"Bollaram Industrial Area, Hyderabad - TSPCB","Hyderabad",12235403,"temperature","c","°C","not_applicable_to_pollutant_aqi","2025-02-18T20:15:00Z","2026-09-21T15:30:00Z",4,29285,732125,732125,TRUE,"preferred_current"
"PROJ_036",5599,"Bollaram Industrial Area, Hyderabad - TSPCB","Hyderabad",12235401,"relativehumidity","%","%","canonical","2025-02-18T20:15:00Z","2026-09-21T15:30:00Z",4,29285,732125,732125,TRUE,"preferred_current"
"PROJ_036",5599,"Bollaram Industrial Area, Hyderabad - TSPCB","Hyderabad",12235398,"o3","µg/m³","µg/m³","canonical","2025-02-18T20:15:00Z","2026-09-21T15:30:00Z",4,29224,730600,730600,TRUE,"preferred_current"
"PROJ_036",5599,"Bollaram Industrial Area, Hyderabad - TSPCB","Hyderabad",12235395,"co","ppb","mg/m³","conversion_required_later","2025-02-18T20:15:00Z","2026-09-21T15:30:00Z",4,29268,731700,731700,TRUE,"preferred_current"
"PROJ_036",5599,"Bollaram Industrial Area, Hyderabad - TSPCB","Hyderabad",12235396,"no","ppb",NA,"unsupported_or_uncertain","2025-02-18T20:15:00Z","2026-09-21T15:30:00Z",4,29185,729625,729625,TRUE,"preferred_current"
"PROJ_036",5599,"Bollaram Industrial Area, Hyderabad - TSPCB","Hyderabad",12235397,"no2","ppb","µg/m³","conversion_required_later","2025-02-18T20:15:00Z","2026-09-21T15:30:00Z",4,29258,731450,731450,TRUE,"preferred_current"
"PROJ_036",5599,"Bollaram Industrial Area, Hyderabad - TSPCB","Hyderabad",14340835,"wind_speed","m/s","m/s","canonical","2025-10-10T18:15:00Z","2026-09-21T15:30:00Z",4,11537,288425,288425,TRUE,"preferred_current"
"PROJ_036",5599,"Bollaram Industrial Area, Hyderabad - TSPCB","Hyderabad",14340834,"wind_direction","deg","°","not_applicable_to_pollutant_aqi","2025-10-10T18:15:00Z","2026-09-21T15:30:00Z",4,11536,288400,288400,TRUE,"preferred_current"
"PROJ_036",5599,"Bollaram Industrial Area, Hyderabad - TSPCB","Hyderabad",14340833,"nox","ppb",NA,"unsupported_or_uncertain","2025-10-10T18:15:00Z","2026-08-15T05:00:00Z",4,9747,243675,243675,TRUE,"preferred_current"
"PROJ_036",5599,"Bollaram Industrial Area, Hyderabad - TSPCB","Hyderabad",14820,"co","µg/m³","mg/m³","conversion_required_later","2018-03-09T06:00:00Z","2022-10-31T02:00:00Z",4,41649,1041225,1041225,TRUE,"legacy"
"PROJ_036",5599,"Bollaram Industrial Area, Hyderabad - TSPCB","Hyderabad",14842,"no2","µg/m³","µg/m³","canonical","2018-03-09T06:00:00Z","2022-10-31T02:00:00Z",4,42035,1050875,1050875,TRUE,"legacy"
"PROJ_036",5599,"Bollaram Industrial Area, Hyderabad - TSPCB","Hyderabad",14843,"o3","µg/m³","µg/m³","canonical","2018-03-09T06:00:00Z","2022-10-31T02:00:00Z",4,42110,1052750,1052750,TRUE,"legacy"
"PROJ_036",5599,"Bollaram Industrial Area, Hyderabad - TSPCB","Hyderabad",14813,"pm10","µg/m³","µg/m³","canonical","2018-03-09T06:00:00Z","2022-10-31T02:00:00Z",4,41648,1041200,1041200,TRUE,"legacy"
"PROJ_036",5599,"Bollaram Industrial Area, Hyderabad - TSPCB","Hyderabad",15217,"pm2_5","µg/m³","µg/m³","canonical","2018-03-09T06:00:00Z","2022-10-31T02:00:00Z",4,41809,1045225,1045225,TRUE,"legacy"
"PROJ_036",5599,"Bollaram Industrial Area, Hyderabad - TSPCB","Hyderabad",15221,"so2","µg/m³","µg/m³","canonical","2018-03-09T06:00:00Z","2022-10-31T02:00:00Z",4,42132,1053300,1053300,TRUE,"legacy"
"PROJ_044",5623,"Central University, Hyderabad - TSPCB","Hyderabad",12242116,"co","ppb","mg/m³","conversion_required_later","2025-02-19T04:45:00Z","2026-09-21T15:30:00Z",4,39897,997425,997425,TRUE,"preferred_current"
"PROJ_044",5623,"Central University, Hyderabad - TSPCB","Hyderabad",12242118,"no2","ppb","µg/m³","conversion_required_later","2025-02-19T04:45:00Z","2026-09-21T15:30:00Z",4,39485,987125,987125,TRUE,"preferred_current"
"PROJ_044",5623,"Central University, Hyderabad - TSPCB","Hyderabad",12242119,"o3","µg/m³","µg/m³","canonical","2025-02-19T04:45:00Z","2026-09-21T15:30:00Z",4,39874,996850,996850,TRUE,"preferred_current"
"PROJ_044",5623,"Central University, Hyderabad - TSPCB","Hyderabad",12242121,"pm2_5","µg/m³","µg/m³","canonical","2025-02-19T06:15:00Z","2026-09-21T15:30:00Z",4,36918,922950,922950,TRUE,"preferred_current"
"PROJ_044",5623,"Central University, Hyderabad - TSPCB","Hyderabad",14340846,"wind_direction","deg","°","not_applicable_to_pollutant_aqi","2025-10-10T18:15:00Z","2026-09-21T15:30:00Z",4,23561,589025,589025,TRUE,"preferred_current"
"PROJ_044",5623,"Central University, Hyderabad - TSPCB","Hyderabad",12242124,"temperature","c","°C","not_applicable_to_pollutant_aqi","2025-02-19T04:45:00Z","2026-09-21T15:30:00Z",4,46328,1158200,1158200,TRUE,"preferred_current"
"PROJ_044",5623,"Central University, Hyderabad - TSPCB","Hyderabad",14340845,"nox","ppb",NA,"unsupported_or_uncertain","2025-10-10T18:15:00Z","2026-09-21T15:30:00Z",4,23914,597850,597850,TRUE,"preferred_current"
"PROJ_044",5623,"Central University, Hyderabad - TSPCB","Hyderabad",12242120,"pm10","µg/m³","µg/m³","canonical","2025-02-19T06:15:00Z","2026-09-21T15:30:00Z",4,34450,861250,861250,TRUE,"preferred_current"
"PROJ_044",5623,"Central University, Hyderabad - TSPCB","Hyderabad",14340847,"wind_speed","m/s","m/s","canonical","2025-10-10T18:15:00Z","2026-09-21T15:30:00Z",4,22919,572975,572975,TRUE,"preferred_current"
"PROJ_044",5623,"Central University, Hyderabad - TSPCB","Hyderabad",12242123,"so2","ppb","µg/m³","conversion_required_later","2025-02-19T04:45:00Z","2026-09-21T15:00:00Z",4,39376,984400,984400,TRUE,"preferred_current"
"PROJ_044",5623,"Central University, Hyderabad - TSPCB","Hyderabad",12242122,"relativehumidity","%","%","canonical","2025-02-19T04:45:00Z","2026-09-21T15:30:00Z",4,39416,985400,985400,TRUE,"preferred_current"
"PROJ_044",5623,"Central University, Hyderabad - TSPCB","Hyderabad",12242117,"no","ppb",NA,"unsupported_or_uncertain","2025-02-19T04:45:00Z","2026-09-21T15:30:00Z",4,39477,986925,986925,TRUE,"preferred_current"
"PROJ_044",5623,"Central University, Hyderabad - TSPCB","Hyderabad",15046,"pm10","µg/m³","µg/m³","canonical","2018-03-09T06:00:00Z","2022-10-31T02:00:00Z",4,33402,835050,835050,TRUE,"legacy"
"PROJ_044",5623,"Central University, Hyderabad - TSPCB","Hyderabad",15167,"so2","µg/m³","µg/m³","canonical","2018-03-09T06:00:00Z","2022-10-31T02:00:00Z",4,34618,865450,865450,TRUE,"legacy"
"PROJ_044",5623,"Central University, Hyderabad - TSPCB","Hyderabad",14918,"no2","µg/m³","µg/m³","canonical","2018-03-09T06:00:00Z","2022-10-31T02:00:00Z",4,34498,862450,862450,TRUE,"legacy"
"PROJ_044",5623,"Central University, Hyderabad - TSPCB","Hyderabad",15178,"pm2_5","µg/m³","µg/m³","canonical","2018-03-09T06:00:00Z","2022-10-31T02:00:00Z",4,33598,839950,839950,TRUE,"legacy"
"PROJ_044",5623,"Central University, Hyderabad - TSPCB","Hyderabad",15034,"o3","µg/m³","µg/m³","canonical","2018-03-09T06:00:00Z","2022-10-31T02:00:00Z",4,34379,859475,859475,TRUE,"legacy"
"PROJ_044",5623,"Central University, Hyderabad - TSPCB","Hyderabad",15193,"co","µg/m³","mg/m³","conversion_required_later","2018-03-09T06:00:00Z","2022-10-31T02:00:00Z",4,34550,863750,863750,TRUE,"legacy"
"PROJ_030",5548,"BTM Layout, Bengaluru - CPCB","Bengaluru",12235359,"o3","µg/m³","µg/m³","canonical","2025-02-18T20:15:00Z","2026-09-21T15:30:00Z",4,31939,798475,798475,TRUE,"preferred_current"
"PROJ_030",5548,"BTM Layout, Bengaluru - CPCB","Bengaluru",12235356,"co","ppb","mg/m³","conversion_required_later","2025-02-18T20:15:00Z","2026-08-06T17:45:00Z",4,31029,775725,775725,TRUE,"preferred_current"
"PROJ_030",5548,"BTM Layout, Bengaluru - CPCB","Bengaluru",12235363,"so2","ppb","µg/m³","conversion_required_later","2025-02-18T20:15:00Z","2026-09-21T15:30:00Z",4,31970,799250,799250,TRUE,"preferred_current"
"PROJ_030",5548,"BTM Layout, Bengaluru - CPCB","Bengaluru",12235364,"temperature","c","°C","not_applicable_to_pollutant_aqi","2025-02-18T20:15:00Z","2026-08-06T11:15:00Z",4,31666,791650,791650,TRUE,"preferred_current"
"PROJ_030",5548,"BTM Layout, Bengaluru - CPCB","Bengaluru",12235360,"pm10","µg/m³","µg/m³","canonical","2025-02-18T20:15:00Z","2026-09-21T15:30:00Z",4,32048,801200,801200,TRUE,"preferred_current"
"PROJ_030",5548,"BTM Layout, Bengaluru - CPCB","Bengaluru",12235361,"pm2_5","µg/m³","µg/m³","canonical","2025-02-18T20:15:00Z","2026-09-21T15:30:00Z",4,32013,800325,800325,TRUE,"preferred_current"
"PROJ_030",5548,"BTM Layout, Bengaluru - CPCB","Bengaluru",12235357,"no","ppb",NA,"unsupported_or_uncertain","2025-02-18T20:15:00Z","2026-09-21T15:30:00Z",4,32011,800275,800275,TRUE,"preferred_current"
"PROJ_030",5548,"BTM Layout, Bengaluru - CPCB","Bengaluru",12235358,"no2","ppb","µg/m³","conversion_required_later","2025-02-18T20:15:00Z","2026-09-21T15:30:00Z",4,31992,799800,799800,TRUE,"preferred_current"
"PROJ_030",5548,"BTM Layout, Bengaluru - CPCB","Bengaluru",12235362,"relativehumidity","%","%","canonical","2025-02-18T20:15:00Z","2026-09-21T15:30:00Z",4,32030,800750,800750,TRUE,"preferred_current"
"PROJ_030",5548,"BTM Layout, Bengaluru - CPCB","Bengaluru",14341818,"wind_speed","m/s","m/s","canonical","2025-10-12T15:00:00Z","2026-09-21T15:30:00Z",4,16043,401075,401075,TRUE,"preferred_current"
"PROJ_030",5548,"BTM Layout, Bengaluru - CPCB","Bengaluru",14341817,"wind_direction","deg","°","not_applicable_to_pollutant_aqi","2025-10-12T15:00:00Z","2026-09-21T15:30:00Z",4,16032,400800,400800,TRUE,"preferred_current"
"PROJ_030",5548,"BTM Layout, Bengaluru - CPCB","Bengaluru",14341816,"nox","ppb",NA,"unsupported_or_uncertain","2025-10-12T15:00:00Z","2026-09-21T15:30:00Z",4,19153,478825,478825,TRUE,"preferred_current"
"PROJ_030",5548,"BTM Layout, Bengaluru - CPCB","Bengaluru",14639,"no2","µg/m³","µg/m³","canonical","2018-03-09T06:00:00Z","2022-10-16T16:00:00Z",4,39846,996150,996150,TRUE,"legacy"
"PROJ_030",5548,"BTM Layout, Bengaluru - CPCB","Bengaluru",14635,"pm2_5","µg/m³","µg/m³","canonical","2018-03-09T06:00:00Z","2022-10-16T16:00:00Z",4,40192,1004800,1004800,TRUE,"legacy"
"PROJ_030",5548,"BTM Layout, Bengaluru - CPCB","Bengaluru",1305377,"pm10","µg/m³","µg/m³","canonical","2021-05-10T08:00:00Z","2022-10-16T16:00:00Z",4,4802,120050,120050,TRUE,"legacy"
"PROJ_030",5548,"BTM Layout, Bengaluru - CPCB","Bengaluru",14642,"so2","µg/m³","µg/m³","canonical","2018-03-09T06:00:00Z","2022-10-16T16:00:00Z",4,40931,1023275,1023275,TRUE,"legacy"
"PROJ_030",5548,"BTM Layout, Bengaluru - CPCB","Bengaluru",14657,"co","µg/m³","mg/m³","conversion_required_later","2018-03-09T06:00:00Z","2022-10-16T16:00:00Z",4,41766,1044150,1044150,TRUE,"legacy"
"PROJ_030",5548,"BTM Layout, Bengaluru - CPCB","Bengaluru",14658,"o3","µg/m³","µg/m³","canonical","2018-03-09T06:00:00Z","2022-10-16T16:00:00Z",4,41265,1031625,1031625,TRUE,"legacy"
"PROJ_038",5607,"Peenya, Bengaluru - CPCB","Bengaluru",14859,"pm2_5","µg/m³","µg/m³","canonical","2018-03-09T05:30:00Z","2022-10-31T01:45:00Z",4,42636,1065900,1065900,TRUE,"legacy"
"PROJ_038",5607,"Peenya, Bengaluru - CPCB","Bengaluru",14862,"so2","µg/m³","µg/m³","canonical","2018-03-09T05:30:00Z","2022-10-31T01:45:00Z",4,43780,1094500,1094500,TRUE,"legacy"
"PROJ_038",5607,"Peenya, Bengaluru - CPCB","Bengaluru",14850,"no2","µg/m³","µg/m³","canonical","2018-03-09T05:30:00Z","2022-10-31T01:45:00Z",4,44504,1112600,1112600,TRUE,"legacy"
"PROJ_038",5607,"Peenya, Bengaluru - CPCB","Bengaluru",40537,"o3","µg/m³","µg/m³","canonical","2020-11-30T15:15:00Z","2022-10-31T01:45:00Z",4,8215,205375,205375,TRUE,"legacy"
"PROJ_038",5607,"Peenya, Bengaluru - CPCB","Bengaluru",15270,"co","µg/m³","mg/m³","conversion_required_later","2018-03-09T05:30:00Z","2022-10-31T01:45:00Z",4,44302,1107550,1107550,TRUE,"legacy"
"PROJ_038",5607,"Peenya, Bengaluru - CPCB","Bengaluru",1303005,"pm10","µg/m³","µg/m³","canonical","2021-04-27T19:30:00Z","2022-10-31T01:45:00Z",4,6592,164800,164800,TRUE,"legacy"
"PROJ_038",5607,"Peenya, Bengaluru - CPCB","Bengaluru",12235373,"temperature","c","°C","not_applicable_to_pollutant_aqi","2025-02-18T20:15:00Z","2026-08-08T18:15:00Z",4,31260,781500,781500,TRUE,"preferred_current"
"PROJ_038",5607,"Peenya, Bengaluru - CPCB","Bengaluru",12235365,"co","ppb","mg/m³","conversion_required_later","2025-02-18T20:15:00Z","2026-09-21T15:30:00Z",4,34433,860825,860825,TRUE,"preferred_current"
"PROJ_038",5607,"Peenya, Bengaluru - CPCB","Bengaluru",12235370,"pm2_5","µg/m³","µg/m³","canonical","2025-02-18T20:15:00Z","2026-09-21T12:30:00Z",4,33424,835600,835600,TRUE,"preferred_current"
"PROJ_038",5607,"Peenya, Bengaluru - CPCB","Bengaluru",12235371,"relativehumidity","%","%","canonical","2025-02-18T20:15:00Z","2026-09-21T15:30:00Z",4,34459,861475,861475,TRUE,"preferred_current"
"PROJ_038",5607,"Peenya, Bengaluru - CPCB","Bengaluru",12235368,"o3","µg/m³","µg/m³","canonical","2025-02-18T20:15:00Z","2026-09-21T15:30:00Z",4,32986,824650,824650,TRUE,"preferred_current"
"PROJ_038",5607,"Peenya, Bengaluru - CPCB","Bengaluru",12235367,"no2","ppb","µg/m³","conversion_required_later","2025-02-18T20:15:00Z","2026-09-21T15:30:00Z",4,34227,855675,855675,TRUE,"preferred_current"
"PROJ_038",5607,"Peenya, Bengaluru - CPCB","Bengaluru",12235369,"pm10","µg/m³","µg/m³","canonical","2025-02-18T20:15:00Z","2026-09-15T19:15:00Z",4,31988,799700,799700,TRUE,"preferred_current"
"PROJ_038",5607,"Peenya, Bengaluru - CPCB","Bengaluru",12235372,"so2","ppb","µg/m³","conversion_required_later","2025-02-18T20:15:00Z","2026-09-21T15:30:00Z",4,34440,861000,861000,TRUE,"preferred_current"
"PROJ_038",5607,"Peenya, Bengaluru - CPCB","Bengaluru",12235366,"no","ppb",NA,"unsupported_or_uncertain","2025-02-18T20:15:00Z","2026-09-21T15:30:00Z",4,34230,855750,855750,TRUE,"preferred_current"
"PROJ_038",5607,"Peenya, Bengaluru - CPCB","Bengaluru",14340829,"nox","ppb",NA,"unsupported_or_uncertain","2025-10-10T18:15:00Z","2026-09-21T15:30:00Z",4,17197,429925,429925,TRUE,"preferred_current"
"PROJ_038",5607,"Peenya, Bengaluru - CPCB","Bengaluru",14340830,"wind_direction","deg","°","not_applicable_to_pollutant_aqi","2025-10-10T18:15:00Z","2026-08-08T18:15:00Z",4,14507,362675,362675,TRUE,"preferred_current"
"PROJ_038",5607,"Peenya, Bengaluru - CPCB","Bengaluru",14340831,"wind_speed","m/s","m/s","canonical","2025-10-10T18:15:00Z","2026-08-08T18:15:00Z",4,14513,362825,362825,TRUE,"preferred_current"
"PROJ_101",6973,"Jayanagar 5th Block, Bengaluru - KSPCB","Bengaluru",12235269,"so2","ppb","µg/m³","conversion_required_later","2025-02-18T20:15:00Z","2026-09-21T15:30:00Z",4,39085,977125,977125,TRUE,"preferred_current"
"PROJ_101",6973,"Jayanagar 5th Block, Bengaluru - KSPCB","Bengaluru",12235268,"relativehumidity","%","%","canonical","2025-02-18T20:15:00Z","2026-09-21T15:30:00Z",4,42156,1053900,1053900,TRUE,"preferred_current"
"PROJ_101",6973,"Jayanagar 5th Block, Bengaluru - KSPCB","Bengaluru",12235264,"no2","ppb","µg/m³","conversion_required_later","2025-02-18T20:15:00Z","2026-09-21T15:30:00Z",4,35744,893600,893600,TRUE,"preferred_current"
"PROJ_101",6973,"Jayanagar 5th Block, Bengaluru - KSPCB","Bengaluru",12235266,"pm10","µg/m³","µg/m³","canonical","2025-02-18T20:15:00Z","2026-09-21T15:30:00Z",4,41079,1026975,1026975,TRUE,"preferred_current"
"PROJ_101",6973,"Jayanagar 5th Block, Bengaluru - KSPCB","Bengaluru",12235267,"pm2_5","µg/m³","µg/m³","canonical","2025-02-18T20:15:00Z","2026-09-21T15:30:00Z",4,41457,1036425,1036425,TRUE,"preferred_current"
"PROJ_101",6973,"Jayanagar 5th Block, Bengaluru - KSPCB","Bengaluru",12235265,"o3","µg/m³","µg/m³","canonical","2025-02-18T20:15:00Z","2026-09-21T15:30:00Z",4,40382,1009550,1009550,TRUE,"preferred_current"
"PROJ_101",6973,"Jayanagar 5th Block, Bengaluru - KSPCB","Bengaluru",12235262,"co","ppb","mg/m³","conversion_required_later","2025-02-18T20:15:00Z","2026-09-21T15:30:00Z",4,37656,941400,941400,TRUE,"preferred_current"
"PROJ_101",6973,"Jayanagar 5th Block, Bengaluru - KSPCB","Bengaluru",12235263,"no","ppb",NA,"unsupported_or_uncertain","2025-02-18T20:15:00Z","2026-09-21T15:30:00Z",4,34774,869350,869350,TRUE,"preferred_current"
"PROJ_101",6973,"Jayanagar 5th Block, Bengaluru - KSPCB","Bengaluru",12235270,"temperature","c","°C","not_applicable_to_pollutant_aqi","2025-02-18T20:15:00Z","2026-09-21T15:30:00Z",4,48237,1205925,1205925,TRUE,"preferred_current"
"PROJ_101",6973,"Jayanagar 5th Block, Bengaluru - KSPCB","Bengaluru",14340804,"wind_speed","m/s","m/s","canonical","2025-10-10T18:15:00Z","2026-06-23T11:00:00Z",4,18271,456775,456775,TRUE,"preferred_current"
"PROJ_101",6973,"Jayanagar 5th Block, Bengaluru - KSPCB","Bengaluru",14340803,"wind_direction","deg","°","not_applicable_to_pollutant_aqi","2025-10-10T18:15:00Z","2026-09-21T15:30:00Z",4,24781,619525,619525,TRUE,"preferred_current"
"PROJ_101",6973,"Jayanagar 5th Block, Bengaluru - KSPCB","Bengaluru",14340802,"nox","ppb",NA,"unsupported_or_uncertain","2025-10-10T18:15:00Z","2026-09-21T15:30:00Z",4,22890,572250,572250,TRUE,"preferred_current"
"PROJ_101",6973,"Jayanagar 5th Block, Bengaluru - KSPCB","Bengaluru",20175,"no2","µg/m³","µg/m³","canonical","2018-08-10T06:00:00Z","2022-10-31T02:00:00Z",4,31162,779050,779050,TRUE,"legacy"
"PROJ_101",6973,"Jayanagar 5th Block, Bengaluru - KSPCB","Bengaluru",20173,"co","µg/m³","mg/m³","conversion_required_later","2018-08-10T06:00:00Z","2022-10-31T02:00:00Z",4,27524,688100,688100,TRUE,"legacy"
"PROJ_101",6973,"Jayanagar 5th Block, Bengaluru - KSPCB","Bengaluru",20155,"o3","µg/m³","µg/m³","canonical","2018-08-10T06:00:00Z","2022-10-31T02:00:00Z",4,31096,777400,777400,TRUE,"legacy"
"PROJ_101",6973,"Jayanagar 5th Block, Bengaluru - KSPCB","Bengaluru",20162,"pm2_5","µg/m³","µg/m³","canonical","2018-08-10T06:00:00Z","2022-10-31T02:00:00Z",4,31517,787925,787925,TRUE,"legacy"
"PROJ_101",6973,"Jayanagar 5th Block, Bengaluru - KSPCB","Bengaluru",20152,"so2","µg/m³","µg/m³","canonical","2018-08-10T06:00:00Z","2022-10-31T02:00:00Z",4,23658,591450,591450,TRUE,"legacy"
"PROJ_101",6973,"Jayanagar 5th Block, Bengaluru - KSPCB","Bengaluru",20172,"pm10","µg/m³","µg/m³","canonical","2018-08-10T06:00:00Z","2022-10-31T02:00:00Z",4,31578,789450,789450,TRUE,"legacy"
"PROJ_094",6950,"Jadavpur, Kolkata - WBPCB","Kolkata",12235890,"temperature","c","°C","not_applicable_to_pollutant_aqi","2025-02-18T20:15:00Z","2026-09-21T15:30:00Z",4,45220,1130500,1130500,TRUE,"preferred_current"
"PROJ_094",6950,"Jadavpur, Kolkata - WBPCB","Kolkata",12235885,"o3","µg/m³","µg/m³","canonical","2025-02-18T20:15:00Z","2026-09-21T15:30:00Z",4,45149,1128725,1128725,TRUE,"preferred_current"
"PROJ_094",6950,"Jadavpur, Kolkata - WBPCB","Kolkata",12235889,"so2","ppb","µg/m³","conversion_required_later","2025-02-18T20:15:00Z","2026-09-21T15:30:00Z",4,45184,1129600,1129600,TRUE,"preferred_current"
"PROJ_094",6950,"Jadavpur, Kolkata - WBPCB","Kolkata",12235888,"relativehumidity","%","%","canonical","2025-02-18T20:15:00Z","2026-09-21T15:30:00Z",4,45206,1130150,1130150,TRUE,"preferred_current"
"PROJ_094",6950,"Jadavpur, Kolkata - WBPCB","Kolkata",12235884,"no2","ppb","µg/m³","conversion_required_later","2025-02-18T20:15:00Z","2026-09-21T15:30:00Z",4,45112,1127800,1127800,TRUE,"preferred_current"
"PROJ_094",6950,"Jadavpur, Kolkata - WBPCB","Kolkata",12235883,"no","ppb",NA,"unsupported_or_uncertain","2025-02-18T20:15:00Z","2026-09-21T15:30:00Z",4,45201,1130025,1130025,TRUE,"preferred_current"
"PROJ_094",6950,"Jadavpur, Kolkata - WBPCB","Kolkata",12235886,"pm10","µg/m³","µg/m³","canonical","2025-02-18T20:15:00Z","2026-09-21T15:30:00Z",4,45156,1128900,1128900,TRUE,"preferred_current"
"PROJ_094",6950,"Jadavpur, Kolkata - WBPCB","Kolkata",12235882,"co","ppb","mg/m³","conversion_required_later","2025-02-18T20:15:00Z","2026-09-21T15:30:00Z",4,44681,1117025,1117025,TRUE,"preferred_current"
"PROJ_094",6950,"Jadavpur, Kolkata - WBPCB","Kolkata",12235887,"pm2_5","µg/m³","µg/m³","canonical","2025-02-18T20:15:00Z","2026-09-21T15:30:00Z",4,45145,1128625,1128625,TRUE,"preferred_current"
"PROJ_094",6950,"Jadavpur, Kolkata - WBPCB","Kolkata",14341947,"wind_direction","deg","°","not_applicable_to_pollutant_aqi","2025-10-10T20:15:00Z","2026-09-21T15:30:00Z",4,25826,645650,645650,TRUE,"preferred_current"
"PROJ_094",6950,"Jadavpur, Kolkata - WBPCB","Kolkata",14341946,"nox","ppb",NA,"unsupported_or_uncertain","2025-10-10T20:15:00Z","2026-09-21T15:30:00Z",4,25760,644000,644000,TRUE,"preferred_current"
"PROJ_094",6950,"Jadavpur, Kolkata - WBPCB","Kolkata",14341948,"wind_speed","m/s","m/s","canonical","2025-10-10T20:15:00Z","2026-09-21T15:30:00Z",4,25773,644325,644325,TRUE,"preferred_current"
"PROJ_094",6950,"Jadavpur, Kolkata - WBPCB","Kolkata",19997,"pm2_5","µg/m³","µg/m³","canonical","2019-06-18T23:00:00Z","2022-10-31T02:00:00Z",4,29166,729150,729150,TRUE,"legacy"
"PROJ_094",6950,"Jadavpur, Kolkata - WBPCB","Kolkata",19991,"o3","µg/m³","µg/m³","canonical","2019-06-18T23:00:00Z","2022-10-31T02:00:00Z",4,29176,729400,729400,TRUE,"legacy"
"PROJ_094",6950,"Jadavpur, Kolkata - WBPCB","Kolkata",20002,"so2","µg/m³","µg/m³","canonical","2019-06-18T23:00:00Z","2022-10-31T02:00:00Z",4,29185,729625,729625,TRUE,"legacy"
"PROJ_094",6950,"Jadavpur, Kolkata - WBPCB","Kolkata",19994,"pm10","µg/m³","µg/m³","canonical","2019-06-18T23:00:00Z","2022-10-31T02:00:00Z",4,29172,729300,729300,TRUE,"legacy"
"PROJ_094",6950,"Jadavpur, Kolkata - WBPCB","Kolkata",19986,"co","µg/m³","mg/m³","conversion_required_later","2019-06-18T23:00:00Z","2022-10-31T02:00:00Z",4,29179,729475,729475,TRUE,"legacy"
"PROJ_094",6950,"Jadavpur, Kolkata - WBPCB","Kolkata",19988,"no2","µg/m³","µg/m³","canonical","2019-06-18T23:00:00Z","2022-10-31T02:00:00Z",4,29153,728825,728825,TRUE,"legacy"
"PROJ_104",6981,"Fort William, Kolkata - WBPCB","Kolkata",12235874,"no","ppb",NA,"unsupported_or_uncertain","2025-02-18T20:15:00Z","2026-09-21T15:30:00Z",4,40897,1022425,1022425,TRUE,"preferred_current"
"PROJ_104",6981,"Fort William, Kolkata - WBPCB","Kolkata",12235877,"pm10","µg/m³","µg/m³","canonical","2025-02-18T20:15:00Z","2026-09-21T15:30:00Z",4,40685,1017125,1017125,TRUE,"preferred_current"
"PROJ_104",6981,"Fort William, Kolkata - WBPCB","Kolkata",12235876,"o3","µg/m³","µg/m³","canonical","2025-02-18T20:15:00Z","2026-09-21T15:30:00Z",4,40902,1022550,1022550,TRUE,"preferred_current"
"PROJ_104",6981,"Fort William, Kolkata - WBPCB","Kolkata",12235881,"temperature","c","°C","not_applicable_to_pollutant_aqi","2025-02-18T20:15:00Z","2026-09-21T15:30:00Z",4,40954,1023850,1023850,TRUE,"preferred_current"
"PROJ_104",6981,"Fort William, Kolkata - WBPCB","Kolkata",12235880,"so2","ppb","µg/m³","conversion_required_later","2025-02-18T20:15:00Z","2026-09-21T15:30:00Z",4,40957,1023925,1023925,TRUE,"preferred_current"
"PROJ_104",6981,"Fort William, Kolkata - WBPCB","Kolkata",12235879,"relativehumidity","%","%","canonical","2025-02-18T20:15:00Z","2026-09-21T15:30:00Z",4,40945,1023625,1023625,TRUE,"preferred_current"
"PROJ_104",6981,"Fort William, Kolkata - WBPCB","Kolkata",12235873,"co","ppb","mg/m³","conversion_required_later","2025-02-18T20:15:00Z","2026-09-21T15:30:00Z",4,40887,1022175,1022175,TRUE,"preferred_current"
"PROJ_104",6981,"Fort William, Kolkata - WBPCB","Kolkata",12235878,"pm2_5","µg/m³","µg/m³","canonical","2025-02-18T20:15:00Z","2026-09-21T15:30:00Z",4,40698,1017450,1017450,TRUE,"preferred_current"
"PROJ_104",6981,"Fort William, Kolkata - WBPCB","Kolkata",12235875,"no2","ppb","µg/m³","conversion_required_later","2025-02-18T20:15:00Z","2026-09-21T15:30:00Z",4,40886,1022150,1022150,TRUE,"preferred_current"
"PROJ_104",6981,"Fort William, Kolkata - WBPCB","Kolkata",14341945,"wind_speed","m/s","m/s","canonical","2025-10-10T20:15:00Z","2026-09-21T15:30:00Z",4,25581,639525,639525,TRUE,"preferred_current"
"PROJ_104",6981,"Fort William, Kolkata - WBPCB","Kolkata",14341943,"nox","ppb",NA,"unsupported_or_uncertain","2025-10-10T20:15:00Z","2026-09-21T15:30:00Z",4,25585,639625,639625,TRUE,"preferred_current"
"PROJ_104",6981,"Fort William, Kolkata - WBPCB","Kolkata",14341944,"wind_direction","deg","°","not_applicable_to_pollutant_aqi","2025-10-10T20:15:00Z","2026-09-21T15:30:00Z",4,25620,640500,640500,TRUE,"preferred_current"
"PROJ_104",6981,"Fort William, Kolkata - WBPCB","Kolkata",20190,"so2","µg/m³","µg/m³","canonical","2019-06-18T23:15:00Z","2022-10-31T01:45:00Z",4,28462,711550,711550,TRUE,"legacy"
"PROJ_104",6981,"Fort William, Kolkata - WBPCB","Kolkata",20203,"pm2_5","µg/m³","µg/m³","canonical","2019-06-18T23:15:00Z","2022-10-31T01:45:00Z",4,28464,711600,711600,TRUE,"legacy"
"PROJ_104",6981,"Fort William, Kolkata - WBPCB","Kolkata",20211,"pm10","µg/m³","µg/m³","canonical","2019-06-18T23:15:00Z","2022-10-31T01:45:00Z",4,28468,711700,711700,TRUE,"legacy"
"PROJ_104",6981,"Fort William, Kolkata - WBPCB","Kolkata",20228,"co","µg/m³","mg/m³","conversion_required_later","2019-06-18T23:15:00Z","2022-10-31T01:45:00Z",4,28475,711875,711875,TRUE,"legacy"
"PROJ_104",6981,"Fort William, Kolkata - WBPCB","Kolkata",20226,"no2","µg/m³","µg/m³","canonical","2019-06-18T23:15:00Z","2022-10-31T01:45:00Z",4,28452,711300,711300,TRUE,"legacy"
"PROJ_104",6981,"Fort William, Kolkata - WBPCB","Kolkata",20214,"o3","µg/m³","µg/m³","canonical","2019-06-18T23:15:00Z","2022-10-31T01:45:00Z",4,28473,711825,711825,TRUE,"legacy"
"PROJ_135",10633,"Victoria, Kolkata - WBPCB","Kolkata",12235675,"co","ppb","mg/m³","conversion_required_later","2025-02-18T20:15:00Z","2026-09-21T15:30:00Z",4,44358,1108950,1108950,TRUE,"preferred_current"
"PROJ_135",10633,"Victoria, Kolkata - WBPCB","Kolkata",12235677,"no2","ppb","µg/m³","conversion_required_later","2025-02-18T20:15:00Z","2026-09-21T15:30:00Z",4,44300,1107500,1107500,TRUE,"preferred_current"
"PROJ_135",10633,"Victoria, Kolkata - WBPCB","Kolkata",12235679,"pm10","µg/m³","µg/m³","canonical","2025-02-18T20:15:00Z","2026-09-21T15:30:00Z",4,44276,1106900,1106900,TRUE,"preferred_current"
"PROJ_135",10633,"Victoria, Kolkata - WBPCB","Kolkata",12235678,"o3","µg/m³","µg/m³","canonical","2025-02-18T20:15:00Z","2026-09-21T15:30:00Z",4,44334,1108350,1108350,TRUE,"preferred_current"
"PROJ_135",10633,"Victoria, Kolkata - WBPCB","Kolkata",12235676,"no","ppb",NA,"unsupported_or_uncertain","2025-02-18T20:15:00Z","2026-09-21T15:30:00Z",4,44355,1108875,1108875,TRUE,"preferred_current"
"PROJ_135",10633,"Victoria, Kolkata - WBPCB","Kolkata",12235682,"so2","ppb","µg/m³","conversion_required_later","2025-02-18T20:15:00Z","2026-09-21T15:30:00Z",4,44260,1106500,1106500,TRUE,"preferred_current"
"PROJ_135",10633,"Victoria, Kolkata - WBPCB","Kolkata",12235680,"pm2_5","µg/m³","µg/m³","canonical","2025-02-18T20:15:00Z","2026-09-21T15:30:00Z",4,44291,1107275,1107275,TRUE,"preferred_current"
"PROJ_135",10633,"Victoria, Kolkata - WBPCB","Kolkata",12235683,"temperature","c","°C","not_applicable_to_pollutant_aqi","2025-02-18T20:15:00Z","2026-09-21T15:30:00Z",4,44341,1108525,1108525,TRUE,"preferred_current"
"PROJ_135",10633,"Victoria, Kolkata - WBPCB","Kolkata",12235681,"relativehumidity","%","%","canonical","2025-02-18T20:15:00Z","2026-09-21T15:30:00Z",4,44334,1108350,1108350,TRUE,"preferred_current"
"PROJ_135",10633,"Victoria, Kolkata - WBPCB","Kolkata",14341883,"wind_speed","m/s","m/s","canonical","2025-10-10T20:15:00Z","2026-09-21T15:30:00Z",4,25499,637475,637475,TRUE,"preferred_current"
"PROJ_135",10633,"Victoria, Kolkata - WBPCB","Kolkata",14341882,"wind_direction","deg","°","not_applicable_to_pollutant_aqi","2025-10-10T20:15:00Z","2026-09-21T15:30:00Z",4,25516,637900,637900,TRUE,"preferred_current"
"PROJ_135",10633,"Victoria, Kolkata - WBPCB","Kolkata",14341881,"nox","ppb",NA,"unsupported_or_uncertain","2025-10-10T20:15:00Z","2026-09-21T15:30:00Z",4,25467,636675,636675,TRUE,"preferred_current"
"PROJ_135",10633,"Victoria, Kolkata - WBPCB","Kolkata",35356,"pm2_5","µg/m³","µg/m³","canonical","2018-04-15T22:45:00Z","2022-10-31T01:45:00Z",4,35365,884125,884125,TRUE,"legacy"
"PROJ_135",10633,"Victoria, Kolkata - WBPCB","Kolkata",35354,"o3","µg/m³","µg/m³","canonical","2018-04-15T22:45:00Z","2022-10-31T01:45:00Z",4,35337,883425,883425,TRUE,"legacy"
"PROJ_135",10633,"Victoria, Kolkata - WBPCB","Kolkata",35355,"pm10","µg/m³","µg/m³","canonical","2018-04-15T22:45:00Z","2022-10-31T01:45:00Z",4,35369,884225,884225,TRUE,"legacy"
"PROJ_135",10633,"Victoria, Kolkata - WBPCB","Kolkata",35352,"co","µg/m³","mg/m³","conversion_required_later","2018-04-15T22:45:00Z","2022-10-31T01:45:00Z",4,35358,883950,883950,TRUE,"legacy"
"PROJ_135",10633,"Victoria, Kolkata - WBPCB","Kolkata",35353,"no2","µg/m³","µg/m³","canonical","2018-04-15T22:45:00Z","2022-10-31T01:45:00Z",4,35355,883875,883875,TRUE,"legacy"
"PROJ_135",10633,"Victoria, Kolkata - WBPCB","Kolkata",35447,"so2","µg/m³","µg/m³","canonical","2018-04-15T22:45:00Z","2022-10-31T01:45:00Z",4,35344,883600,883600,TRUE,"legacy"
"PROJ_040",5612,"Shastri Nagar, Jaipur - RSPCB","Jaipur",12234875,"pm10","µg/m³","µg/m³","canonical","2025-02-18T20:15:00Z","2026-09-21T15:30:00Z",4,43977,1099425,1099425,TRUE,"preferred_current"
"PROJ_040",5612,"Shastri Nagar, Jaipur - RSPCB","Jaipur",12234873,"no2","ppb","µg/m³","conversion_required_later","2025-02-18T20:15:00Z","2026-09-21T15:30:00Z",4,43886,1097150,1097150,TRUE,"preferred_current"
"PROJ_040",5612,"Shastri Nagar, Jaipur - RSPCB","Jaipur",12234874,"o3","µg/m³","µg/m³","canonical","2025-02-18T20:15:00Z","2026-09-21T15:30:00Z",4,44124,1103100,1103100,TRUE,"preferred_current"
"PROJ_040",5612,"Shastri Nagar, Jaipur - RSPCB","Jaipur",12234879,"temperature","c","°C","not_applicable_to_pollutant_aqi","2025-02-18T20:15:00Z","2026-06-23T11:00:00Z",4,37270,931750,931750,TRUE,"preferred_current"
"PROJ_040",5612,"Shastri Nagar, Jaipur - RSPCB","Jaipur",12234871,"co","ppb","mg/m³","conversion_required_later","2025-02-18T20:15:00Z","2026-09-21T15:30:00Z",4,43722,1093050,1093050,TRUE,"preferred_current"
"PROJ_040",5612,"Shastri Nagar, Jaipur - RSPCB","Jaipur",12234877,"relativehumidity","%","%","canonical","2025-02-18T20:15:00Z","2026-09-21T15:30:00Z",4,42677,1066925,1066925,TRUE,"preferred_current"
"PROJ_040",5612,"Shastri Nagar, Jaipur - RSPCB","Jaipur",12234876,"pm2_5","µg/m³","µg/m³","canonical","2025-02-18T20:15:00Z","2026-09-21T15:30:00Z",4,44015,1100375,1100375,TRUE,"preferred_current"
"PROJ_040",5612,"Shastri Nagar, Jaipur - RSPCB","Jaipur",12234872,"no","ppb",NA,"unsupported_or_uncertain","2025-02-18T20:15:00Z","2026-09-21T15:30:00Z",4,43877,1096925,1096925,TRUE,"preferred_current"
"PROJ_040",5612,"Shastri Nagar, Jaipur - RSPCB","Jaipur",12234878,"so2","ppb","µg/m³","conversion_required_later","2025-02-18T20:15:00Z","2026-09-21T15:15:00Z",4,43223,1080575,1080575,TRUE,"preferred_current"
"PROJ_040",5612,"Shastri Nagar, Jaipur - RSPCB","Jaipur",14341748,"nox","ppb",NA,"unsupported_or_uncertain","2025-10-10T20:15:00Z","2026-09-21T15:30:00Z",4,25224,630600,630600,TRUE,"preferred_current"
"PROJ_040",5612,"Shastri Nagar, Jaipur - RSPCB","Jaipur",14341749,"wind_direction","deg","°","not_applicable_to_pollutant_aqi","2025-10-10T20:15:00Z","2026-09-21T15:30:00Z",4,25543,638575,638575,TRUE,"preferred_current"
"PROJ_040",5612,"Shastri Nagar, Jaipur - RSPCB","Jaipur",14341750,"wind_speed","m/s","m/s","canonical","2025-10-10T20:15:00Z","2026-09-21T15:30:00Z",4,25533,638325,638325,TRUE,"preferred_current"
"PROJ_040",5612,"Shastri Nagar, Jaipur - RSPCB","Jaipur",14888,"o3","µg/m³","µg/m³","canonical","2018-03-09T05:30:00Z","2022-10-31T01:45:00Z",4,45643,1141075,1141075,TRUE,"legacy"
"PROJ_040",5612,"Shastri Nagar, Jaipur - RSPCB","Jaipur",15005,"pm2_5","µg/m³","µg/m³","canonical","2018-03-09T05:30:00Z","2022-10-31T01:45:00Z",4,45579,1139475,1139475,TRUE,"legacy"
"PROJ_040",5612,"Shastri Nagar, Jaipur - RSPCB","Jaipur",14864,"co","µg/m³","mg/m³","conversion_required_later","2018-03-09T05:30:00Z","2022-10-31T01:45:00Z",4,45473,1136825,1136825,TRUE,"legacy"
"PROJ_040",5612,"Shastri Nagar, Jaipur - RSPCB","Jaipur",15134,"so2","µg/m³","µg/m³","canonical","2018-03-09T05:30:00Z","2022-10-31T01:45:00Z",4,45505,1137625,1137625,TRUE,"legacy"
"PROJ_040",5612,"Shastri Nagar, Jaipur - RSPCB","Jaipur",14873,"no2","µg/m³","µg/m³","canonical","2018-03-09T05:30:00Z","2022-10-31T01:45:00Z",4,45516,1137900,1137900,TRUE,"legacy"
"PROJ_040",5612,"Shastri Nagar, Jaipur - RSPCB","Jaipur",14894,"pm10","µg/m³","µg/m³","canonical","2018-03-09T05:30:00Z","2022-10-31T01:45:00Z",4,45556,1138900,1138900,TRUE,"legacy"
"PROJ_051",5633,"Police Commissionerate, Jaipur - RSPCB","Jaipur",12234804,"pm10","µg/m³","µg/m³","canonical","2025-02-18T20:15:00Z","2026-09-21T15:30:00Z",4,44074,1101850,1101850,TRUE,"preferred_current"
"PROJ_051",5633,"Police Commissionerate, Jaipur - RSPCB","Jaipur",12234807,"so2","ppb","µg/m³","conversion_required_later","2025-02-18T20:15:00Z","2026-09-21T15:15:00Z",4,43305,1082625,1082625,TRUE,"preferred_current"
"PROJ_051",5633,"Police Commissionerate, Jaipur - RSPCB","Jaipur",12234805,"pm2_5","µg/m³","µg/m³","canonical","2025-02-18T20:15:00Z","2026-09-21T15:30:00Z",4,44022,1100550,1100550,TRUE,"preferred_current"
"PROJ_051",5633,"Police Commissionerate, Jaipur - RSPCB","Jaipur",12234806,"relativehumidity","%","%","canonical","2025-02-18T20:15:00Z","2026-09-21T15:30:00Z",4,43570,1089250,1089250,TRUE,"preferred_current"
"PROJ_051",5633,"Police Commissionerate, Jaipur - RSPCB","Jaipur",12234801,"no","ppb",NA,"unsupported_or_uncertain","2025-02-18T20:15:00Z","2026-09-21T15:30:00Z",4,44187,1104675,1104675,TRUE,"preferred_current"
"PROJ_051",5633,"Police Commissionerate, Jaipur - RSPCB","Jaipur",12234800,"co","ppb","mg/m³","conversion_required_later","2025-02-18T20:15:00Z","2026-09-21T15:30:00Z",4,44239,1105975,1105975,TRUE,"preferred_current"
"PROJ_051",5633,"Police Commissionerate, Jaipur - RSPCB","Jaipur",12234803,"o3","µg/m³","µg/m³","canonical","2025-02-18T20:15:00Z","2026-09-21T15:30:00Z",4,44240,1106000,1106000,TRUE,"preferred_current"
"PROJ_051",5633,"Police Commissionerate, Jaipur - RSPCB","Jaipur",12234808,"temperature","c","°C","not_applicable_to_pollutant_aqi","2025-02-18T20:15:00Z","2026-06-23T11:00:00Z",4,37433,935825,935825,TRUE,"preferred_current"
"PROJ_051",5633,"Police Commissionerate, Jaipur - RSPCB","Jaipur",12234802,"no2","ppb","µg/m³","conversion_required_later","2025-02-18T20:15:00Z","2026-09-21T15:30:00Z",4,43995,1099875,1099875,TRUE,"preferred_current"
"PROJ_051",5633,"Police Commissionerate, Jaipur - RSPCB","Jaipur",14341726,"wind_speed","m/s","m/s","canonical","2025-10-10T20:15:00Z","2026-09-21T15:30:00Z",4,25873,646825,646825,TRUE,"preferred_current"
"PROJ_051",5633,"Police Commissionerate, Jaipur - RSPCB","Jaipur",14341725,"wind_direction","deg","°","not_applicable_to_pollutant_aqi","2025-10-10T20:15:00Z","2026-09-21T15:30:00Z",4,25853,646325,646325,TRUE,"preferred_current"
"PROJ_051",5633,"Police Commissionerate, Jaipur - RSPCB","Jaipur",14341724,"nox","ppb",NA,"unsupported_or_uncertain","2025-10-10T20:15:00Z","2026-09-21T15:30:00Z",4,25698,642450,642450,TRUE,"preferred_current"
"PROJ_051",5633,"Police Commissionerate, Jaipur - RSPCB","Jaipur",14977,"no2","µg/m³","µg/m³","canonical","2018-03-09T05:30:00Z","2022-10-31T01:45:00Z",4,33793,844825,844825,TRUE,"legacy"
"PROJ_051",5633,"Police Commissionerate, Jaipur - RSPCB","Jaipur",14973,"pm10","µg/m³","µg/m³","canonical","2018-03-09T05:30:00Z","2022-10-31T01:45:00Z",4,33862,846550,846550,TRUE,"legacy"
"PROJ_051",5633,"Police Commissionerate, Jaipur - RSPCB","Jaipur",14982,"co","µg/m³","mg/m³","conversion_required_later","2018-03-09T05:30:00Z","2022-10-31T01:45:00Z",4,33875,846875,846875,TRUE,"legacy"
"PROJ_051",5633,"Police Commissionerate, Jaipur - RSPCB","Jaipur",14975,"o3","µg/m³","µg/m³","canonical","2018-03-11T20:30:00Z","2022-10-31T01:45:00Z",4,33893,847325,847325,TRUE,"legacy"
"PROJ_051",5633,"Police Commissionerate, Jaipur - RSPCB","Jaipur",14970,"so2","µg/m³","µg/m³","canonical","2018-03-09T05:30:00Z","2022-10-31T01:45:00Z",4,33730,843250,843250,TRUE,"legacy"
"PROJ_051",5633,"Police Commissionerate, Jaipur - RSPCB","Jaipur",14971,"pm2_5","µg/m³","µg/m³","canonical","2018-03-09T05:30:00Z","2022-10-31T01:45:00Z",4,33793,844825,844825,TRUE,"legacy"
"PROJ_053",5635,"Adarsh Nagar, Jaipur - RSPCB","Jaipur",15705691,"relativehumidity","%","%","canonical","2026-03-17T07:15:00Z","2026-09-21T15:30:00Z",4,13765,344125,344125,TRUE,"preferred_current"
"PROJ_053",5635,"Adarsh Nagar, Jaipur - RSPCB","Jaipur",12234846,"no","ppb",NA,"unsupported_or_uncertain","2025-02-18T20:15:00Z","2026-09-21T15:30:00Z",4,43369,1084225,1084225,TRUE,"preferred_current"
"PROJ_053",5635,"Adarsh Nagar, Jaipur - RSPCB","Jaipur",12234849,"pm10","µg/m³","µg/m³","canonical","2025-02-18T20:15:00Z","2026-09-21T15:30:00Z",4,43407,1085175,1085175,TRUE,"preferred_current"
"PROJ_053",5635,"Adarsh Nagar, Jaipur - RSPCB","Jaipur",12234845,"co","ppb","mg/m³","conversion_required_later","2025-02-18T20:15:00Z","2026-09-21T15:30:00Z",4,42752,1068800,1068800,TRUE,"preferred_current"
"PROJ_053",5635,"Adarsh Nagar, Jaipur - RSPCB","Jaipur",12234848,"o3","µg/m³","µg/m³","canonical","2025-02-18T20:15:00Z","2026-09-21T15:30:00Z",4,43508,1087700,1087700,TRUE,"preferred_current"
"PROJ_053",5635,"Adarsh Nagar, Jaipur - RSPCB","Jaipur",12234847,"no2","ppb","µg/m³","conversion_required_later","2025-02-18T20:15:00Z","2026-09-21T15:30:00Z",4,43339,1083475,1083475,TRUE,"preferred_current"
"PROJ_053",5635,"Adarsh Nagar, Jaipur - RSPCB","Jaipur",12234851,"so2","ppb","µg/m³","conversion_required_later","2025-02-18T20:15:00Z","2026-09-21T15:30:00Z",4,42659,1066475,1066475,TRUE,"preferred_current"
"PROJ_053",5635,"Adarsh Nagar, Jaipur - RSPCB","Jaipur",12234850,"pm2_5","µg/m³","µg/m³","canonical","2025-02-18T20:15:00Z","2026-09-21T15:30:00Z",4,43388,1084700,1084700,TRUE,"preferred_current"
"PROJ_053",5635,"Adarsh Nagar, Jaipur - RSPCB","Jaipur",12234852,"temperature","c","°C","not_applicable_to_pollutant_aqi","2025-02-18T20:15:00Z","2026-09-21T15:30:00Z",4,43644,1091100,1091100,TRUE,"preferred_current"
"PROJ_053",5635,"Adarsh Nagar, Jaipur - RSPCB","Jaipur",14341740,"wind_direction","deg","°","not_applicable_to_pollutant_aqi","2025-10-10T20:15:00Z","2026-09-21T15:30:00Z",4,25133,628325,628325,TRUE,"preferred_current"
"PROJ_053",5635,"Adarsh Nagar, Jaipur - RSPCB","Jaipur",14341739,"nox","ppb",NA,"unsupported_or_uncertain","2025-10-10T20:15:00Z","2026-09-21T15:30:00Z",4,24845,621125,621125,TRUE,"preferred_current"
"PROJ_053",5635,"Adarsh Nagar, Jaipur - RSPCB","Jaipur",14341741,"wind_speed","m/s","m/s","canonical","2025-10-10T20:15:00Z","2026-09-21T15:30:00Z",4,25122,628050,628050,TRUE,"preferred_current"
"PROJ_053",5635,"Adarsh Nagar, Jaipur - RSPCB","Jaipur",15122,"no2","µg/m³","µg/m³","canonical","2018-03-09T06:00:00Z","2022-10-31T02:00:00Z",4,38764,969100,969100,TRUE,"legacy"
"PROJ_053",5635,"Adarsh Nagar, Jaipur - RSPCB","Jaipur",15186,"so2","µg/m³","µg/m³","canonical","2018-03-09T06:00:00Z","2022-10-31T02:00:00Z",4,38774,969350,969350,TRUE,"legacy"
"PROJ_053",5635,"Adarsh Nagar, Jaipur - RSPCB","Jaipur",15127,"o3","µg/m³","µg/m³","canonical","2018-03-09T06:00:00Z","2022-10-31T02:00:00Z",4,38796,969900,969900,TRUE,"legacy"
"PROJ_053",5635,"Adarsh Nagar, Jaipur - RSPCB","Jaipur",15162,"pm10","µg/m³","µg/m³","canonical","2018-03-09T06:00:00Z","2022-10-31T02:00:00Z",4,38759,968975,968975,TRUE,"legacy"
"PROJ_053",5635,"Adarsh Nagar, Jaipur - RSPCB","Jaipur",14988,"co","µg/m³","mg/m³","conversion_required_later","2018-03-09T06:00:00Z","2022-10-31T02:00:00Z",4,38777,969425,969425,TRUE,"legacy"
"PROJ_053",5635,"Adarsh Nagar, Jaipur - RSPCB","Jaipur",15195,"pm2_5","µg/m³","µg/m³","canonical","2018-03-09T06:00:00Z","2022-10-31T02:00:00Z",4,38784,969600,969600,TRUE,"legacy"
"PROJ_013",2456,"Talkatora District Industries Center, Lucknow - CPCB","Lucknow",12235572,"o3","µg/m³","µg/m³","canonical","2025-02-18T20:15:00Z","2026-09-21T15:30:00Z",4,44452,1111300,1111300,TRUE,"preferred_current"
"PROJ_013",2456,"Talkatora District Industries Center, Lucknow - CPCB","Lucknow",12235576,"so2","ppb","µg/m³","conversion_required_later","2025-02-18T20:15:00Z","2026-09-21T15:30:00Z",4,43258,1081450,1081450,TRUE,"preferred_current"
"PROJ_013",2456,"Talkatora District Industries Center, Lucknow - CPCB","Lucknow",12235577,"temperature","c","°C","not_applicable_to_pollutant_aqi","2025-02-18T20:15:00Z","2026-06-23T11:15:00Z",4,37408,935200,935200,TRUE,"preferred_current"
"PROJ_013",2456,"Talkatora District Industries Center, Lucknow - CPCB","Lucknow",12235571,"no2","ppb","µg/m³","conversion_required_later","2025-02-18T20:15:00Z","2026-09-21T15:30:00Z",4,44470,1111750,1111750,TRUE,"preferred_current"
"PROJ_013",2456,"Talkatora District Industries Center, Lucknow - CPCB","Lucknow",12235575,"relativehumidity","%","%","canonical","2025-02-18T20:15:00Z","2026-09-21T15:30:00Z",4,44551,1113775,1113775,TRUE,"preferred_current"
"PROJ_013",2456,"Talkatora District Industries Center, Lucknow - CPCB","Lucknow",12235569,"co","ppb","mg/m³","conversion_required_later","2025-02-18T20:15:00Z","2026-09-21T15:30:00Z",4,43759,1093975,1093975,TRUE,"preferred_current"
"PROJ_013",2456,"Talkatora District Industries Center, Lucknow - CPCB","Lucknow",12235570,"no","ppb",NA,"unsupported_or_uncertain","2025-02-18T20:15:00Z","2026-09-21T15:30:00Z",4,44442,1111050,1111050,TRUE,"preferred_current"
"PROJ_013",2456,"Talkatora District Industries Center, Lucknow - CPCB","Lucknow",12235573,"pm10","µg/m³","µg/m³","canonical","2025-02-18T20:15:00Z","2026-09-21T15:30:00Z",4,44256,1106400,1106400,TRUE,"preferred_current"
"PROJ_013",2456,"Talkatora District Industries Center, Lucknow - CPCB","Lucknow",12235574,"pm2_5","µg/m³","µg/m³","canonical","2025-02-18T20:15:00Z","2026-09-21T15:30:00Z",4,44287,1107175,1107175,TRUE,"preferred_current"
"PROJ_013",2456,"Talkatora District Industries Center, Lucknow - CPCB","Lucknow",14341865,"wind_speed","m/s","m/s","canonical","2025-10-10T20:15:00Z","2026-09-21T15:30:00Z",4,26022,650550,650550,TRUE,"preferred_current"
"PROJ_013",2456,"Talkatora District Industries Center, Lucknow - CPCB","Lucknow",14341864,"wind_direction","deg","°","not_applicable_to_pollutant_aqi","2025-10-10T20:15:00Z","2026-09-21T15:30:00Z",4,26044,651100,651100,TRUE,"preferred_current"
"PROJ_013",2456,"Talkatora District Industries Center, Lucknow - CPCB","Lucknow",14341863,"nox","ppb",NA,"unsupported_or_uncertain","2025-10-10T20:15:00Z","2026-09-21T15:30:00Z",4,25964,649100,649100,TRUE,"preferred_current"
"PROJ_013",2456,"Talkatora District Industries Center, Lucknow - CPCB","Lucknow",4712,"co","µg/m³","mg/m³","conversion_required_later","2016-03-30T10:00:00Z","2022-10-31T02:00:00Z",4,62613,1565325,1565325,TRUE,"legacy"
"PROJ_013",2456,"Talkatora District Industries Center, Lucknow - CPCB","Lucknow",36695,"o3","µg/m³","µg/m³","canonical","2020-07-23T09:00:00Z","2022-10-31T02:00:00Z",4,9700,242500,242500,TRUE,"legacy"
"PROJ_013",2456,"Talkatora District Industries Center, Lucknow - CPCB","Lucknow",14237,"pm2_5","µg/m³","µg/m³","canonical","2017-02-18T22:00:00Z","2022-10-31T02:00:00Z",4,55234,1380850,1380850,TRUE,"legacy"
"PROJ_013",2456,"Talkatora District Industries Center, Lucknow - CPCB","Lucknow",5231,"no2","µg/m³","µg/m³","canonical","2016-03-21T10:00:00Z","2022-10-31T02:00:00Z",4,65176,1629400,1629400,TRUE,"legacy"
"PROJ_013",2456,"Talkatora District Industries Center, Lucknow - CPCB","Lucknow",14238,"so2","µg/m³","µg/m³","canonical","2017-06-19T20:00:00Z","2022-10-31T02:00:00Z",4,50904,1272600,1272600,TRUE,"legacy"
"PROJ_013",2456,"Talkatora District Industries Center, Lucknow - CPCB","Lucknow",36696,"pm10","µg/m³","µg/m³","canonical","2020-07-23T09:00:00Z","2022-10-31T02:00:00Z",4,9701,242525,242525,TRUE,"legacy"
"PROJ_063",5659,"Lalbagh, Lucknow - CPCB","Lucknow",12235521,"pm10","µg/m³","µg/m³","canonical","2025-02-18T20:15:00Z","2026-09-21T15:30:00Z",4,43636,1090900,1090900,TRUE,"preferred_current"
"PROJ_063",5659,"Lalbagh, Lucknow - CPCB","Lucknow",12235520,"o3","µg/m³","µg/m³","canonical","2025-02-18T20:15:00Z","2026-09-21T15:30:00Z",4,44379,1109475,1109475,TRUE,"preferred_current"
"PROJ_063",5659,"Lalbagh, Lucknow - CPCB","Lucknow",12235517,"co","ppb","mg/m³","conversion_required_later","2025-02-18T20:15:00Z","2026-09-21T15:15:00Z",4,43582,1089550,1089550,TRUE,"preferred_current"
"PROJ_063",5659,"Lalbagh, Lucknow - CPCB","Lucknow",12235523,"relativehumidity","%","%","canonical","2025-02-18T20:15:00Z","2026-09-21T15:30:00Z",4,44384,1109600,1109600,TRUE,"preferred_current"
"PROJ_063",5659,"Lalbagh, Lucknow - CPCB","Lucknow",12235518,"no","ppb",NA,"unsupported_or_uncertain","2025-02-18T20:15:00Z","2026-09-21T15:30:00Z",4,44331,1108275,1108275,TRUE,"preferred_current"
"PROJ_063",5659,"Lalbagh, Lucknow - CPCB","Lucknow",12235524,"so2","ppb","µg/m³","conversion_required_later","2025-02-18T20:15:00Z","2026-09-21T15:30:00Z",4,44066,1101650,1101650,TRUE,"preferred_current"
"PROJ_063",5659,"Lalbagh, Lucknow - CPCB","Lucknow",12235519,"no2","ppb","µg/m³","conversion_required_later","2025-02-18T20:15:00Z","2026-09-21T15:30:00Z",4,44369,1109225,1109225,TRUE,"preferred_current"
"PROJ_063",5659,"Lalbagh, Lucknow - CPCB","Lucknow",12235525,"temperature","c","°C","not_applicable_to_pollutant_aqi","2025-02-18T20:15:00Z","2026-08-06T11:15:00Z",4,41121,1028025,1028025,TRUE,"preferred_current"
"PROJ_063",5659,"Lalbagh, Lucknow - CPCB","Lucknow",12235522,"pm2_5","µg/m³","µg/m³","canonical","2025-02-18T20:15:00Z","2026-09-21T15:30:00Z",4,43598,1089950,1089950,TRUE,"preferred_current"
"PROJ_063",5659,"Lalbagh, Lucknow - CPCB","Lucknow",14341853,"wind_speed","m/s","m/s","canonical","2025-10-10T20:15:00Z","2026-09-21T15:30:00Z",4,26051,651275,651275,TRUE,"preferred_current"
"PROJ_063",5659,"Lalbagh, Lucknow - CPCB","Lucknow",14341851,"nox","ppb",NA,"unsupported_or_uncertain","2025-10-10T20:15:00Z","2026-09-21T15:30:00Z",4,26017,650425,650425,TRUE,"preferred_current"
"PROJ_063",5659,"Lalbagh, Lucknow - CPCB","Lucknow",14341852,"wind_direction","deg","°","not_applicable_to_pollutant_aqi","2025-10-10T20:15:00Z","2026-09-21T15:30:00Z",4,26061,651525,651525,TRUE,"preferred_current"
"PROJ_063",5659,"Lalbagh, Lucknow - CPCB","Lucknow",15149,"no2","µg/m³","µg/m³","canonical","2018-03-09T03:30:00Z","2022-10-31T01:45:00Z",4,44016,1100400,1100400,TRUE,"legacy"
"PROJ_063",5659,"Lalbagh, Lucknow - CPCB","Lucknow",15151,"co","µg/m³","mg/m³","conversion_required_later","2018-03-09T03:30:00Z","2022-10-31T01:45:00Z",4,43844,1096100,1096100,TRUE,"legacy"
"PROJ_063",5659,"Lalbagh, Lucknow - CPCB","Lucknow",15142,"so2","µg/m³","µg/m³","canonical","2018-03-09T03:30:00Z","2022-10-31T01:45:00Z",4,44044,1101100,1101100,TRUE,"legacy"
"PROJ_063",5659,"Lalbagh, Lucknow - CPCB","Lucknow",36168,"pm10","µg/m³","µg/m³","canonical","2020-07-23T09:15:00Z","2022-10-31T01:45:00Z",4,9615,240375,240375,TRUE,"legacy"
"PROJ_063",5659,"Lalbagh, Lucknow - CPCB","Lucknow",15148,"o3","µg/m³","µg/m³","canonical","2018-03-09T03:30:00Z","2022-10-31T01:45:00Z",4,44135,1103375,1103375,TRUE,"legacy"
"PROJ_063",5659,"Lalbagh, Lucknow - CPCB","Lucknow",15143,"pm2_5","µg/m³","µg/m³","canonical","2018-03-09T03:30:00Z","2022-10-31T01:45:00Z",4,44144,1103600,1103600,TRUE,"legacy"
"PROJ_109",7140,"Gomti Nagar, Lucknow - UPPCB","Lucknow",12235986,"relativehumidity","%","%","canonical","2025-02-18T20:15:00Z","2026-09-21T15:30:00Z",4,44840,1121000,1121000,TRUE,"preferred_current"
"PROJ_109",7140,"Gomti Nagar, Lucknow - UPPCB","Lucknow",12235980,"co","ppb","mg/m³","conversion_required_later","2025-02-18T20:15:00Z","2026-09-21T15:30:00Z",4,46747,1168675,1168675,TRUE,"preferred_current"
"PROJ_109",7140,"Gomti Nagar, Lucknow - UPPCB","Lucknow",12235987,"so2","ppb","µg/m³","conversion_required_later","2025-02-18T20:30:00Z","2026-09-21T15:30:00Z",4,37642,941050,941050,TRUE,"preferred_current"
"PROJ_109",7140,"Gomti Nagar, Lucknow - UPPCB","Lucknow",12235983,"o3","µg/m³","µg/m³","canonical","2025-02-18T20:15:00Z","2026-09-21T15:30:00Z",4,46747,1168675,1168675,TRUE,"preferred_current"
"PROJ_109",7140,"Gomti Nagar, Lucknow - UPPCB","Lucknow",12235988,"temperature","c","°C","not_applicable_to_pollutant_aqi","2025-02-18T20:15:00Z","2026-09-21T15:30:00Z",4,55252,1381300,1381300,TRUE,"preferred_current"
"PROJ_109",7140,"Gomti Nagar, Lucknow - UPPCB","Lucknow",12235982,"no2","ppb","µg/m³","conversion_required_later","2025-02-18T20:15:00Z","2026-09-21T15:30:00Z",4,46747,1168675,1168675,TRUE,"preferred_current"
"PROJ_109",7140,"Gomti Nagar, Lucknow - UPPCB","Lucknow",12235984,"pm10","µg/m³","µg/m³","canonical","2025-02-18T20:15:00Z","2026-09-21T15:30:00Z",4,46295,1157375,1157375,TRUE,"preferred_current"
"PROJ_109",7140,"Gomti Nagar, Lucknow - UPPCB","Lucknow",12235985,"pm2_5","µg/m³","µg/m³","canonical","2025-02-18T20:15:00Z","2026-09-21T15:30:00Z",4,45860,1146500,1146500,TRUE,"preferred_current"
"PROJ_109",7140,"Gomti Nagar, Lucknow - UPPCB","Lucknow",12235981,"no","ppb",NA,"unsupported_or_uncertain","2025-02-18T20:15:00Z","2026-09-21T15:30:00Z",4,46747,1168675,1168675,TRUE,"preferred_current"
"PROJ_109",7140,"Gomti Nagar, Lucknow - UPPCB","Lucknow",14340954,"wind_direction","deg","°","not_applicable_to_pollutant_aqi","2025-10-10T18:15:00Z","2026-09-21T15:30:00Z",4,26814,670350,670350,TRUE,"preferred_current"
"PROJ_109",7140,"Gomti Nagar, Lucknow - UPPCB","Lucknow",14340953,"nox","ppb",NA,"unsupported_or_uncertain","2025-10-10T18:15:00Z","2026-09-21T15:30:00Z",4,26816,670400,670400,TRUE,"preferred_current"
"PROJ_109",7140,"Gomti Nagar, Lucknow - UPPCB","Lucknow",14340955,"wind_speed","m/s","m/s","canonical","2025-10-10T18:15:00Z","2026-09-21T15:30:00Z",4,26814,670350,670350,TRUE,"preferred_current"
"PROJ_109",7140,"Gomti Nagar, Lucknow - UPPCB","Lucknow",20574,"co","µg/m³","mg/m³","conversion_required_later","2019-08-07T10:00:00Z","2022-10-16T16:00:00Z",4,10536,263400,263400,TRUE,"legacy"
"PROJ_109",7140,"Gomti Nagar, Lucknow - UPPCB","Lucknow",36687,"pm2_5","µg/m³","µg/m³","canonical","2019-08-07T10:00:00Z","2022-10-16T16:00:00Z",4,21350,533750,533750,TRUE,"legacy"
"PROJ_109",7140,"Gomti Nagar, Lucknow - UPPCB","Lucknow",36671,"so2","µg/m³","µg/m³","canonical","2019-08-07T10:00:00Z","2022-10-16T16:00:00Z",4,21590,539750,539750,TRUE,"legacy"
"PROJ_109",7140,"Gomti Nagar, Lucknow - UPPCB","Lucknow",36690,"no2","µg/m³","µg/m³","canonical","2019-08-07T10:00:00Z","2022-10-16T16:00:00Z",4,21585,539625,539625,TRUE,"legacy"
"PROJ_109",7140,"Gomti Nagar, Lucknow - UPPCB","Lucknow",36688,"o3","µg/m³","µg/m³","canonical","2019-09-03T11:00:00Z","2022-10-16T16:00:00Z",4,21750,543750,543750,TRUE,"legacy"
"PROJ_109",7140,"Gomti Nagar, Lucknow - UPPCB","Lucknow",1348528,"pm10","µg/m³","µg/m³","canonical","2021-09-01T16:00:00Z","2022-10-16T16:00:00Z",4,6515,162875,162875,TRUE,"legacy"
"PROJ_019",2586,"Manali, Chennai - CPCB","Chennai",12235655,"so2","ppb","µg/m³","conversion_required_later","2025-02-18T20:15:00Z","2026-09-21T15:30:00Z",4,40405,1010125,1010125,TRUE,"preferred_current"
"PROJ_019",2586,"Manali, Chennai - CPCB","Chennai",12235648,"co","ppb","mg/m³","conversion_required_later","2025-02-18T20:15:00Z","2026-09-21T15:30:00Z",4,41735,1043375,1043375,TRUE,"preferred_current"
"PROJ_019",2586,"Manali, Chennai - CPCB","Chennai",12235653,"pm2_5","µg/m³","µg/m³","canonical","2025-02-18T20:15:00Z","2026-09-21T15:30:00Z",4,40765,1019125,1019125,TRUE,"preferred_current"
"PROJ_019",2586,"Manali, Chennai - CPCB","Chennai",12235656,"temperature","c","°C","not_applicable_to_pollutant_aqi","2025-02-18T20:15:00Z","2026-08-13T14:45:00Z",4,38778,969450,969450,TRUE,"preferred_current"
"PROJ_019",2586,"Manali, Chennai - CPCB","Chennai",12235654,"relativehumidity","%","%","canonical","2025-02-18T20:15:00Z","2026-09-21T15:30:00Z",4,41607,1040175,1040175,TRUE,"preferred_current"
"PROJ_019",2586,"Manali, Chennai - CPCB","Chennai",12235652,"pm10","µg/m³","µg/m³","canonical","2025-02-18T20:15:00Z","2026-09-21T15:30:00Z",4,40224,1005600,1005600,TRUE,"preferred_current"
"PROJ_019",2586,"Manali, Chennai - CPCB","Chennai",12235650,"no2","ppb","µg/m³","conversion_required_later","2025-02-18T20:15:00Z","2026-09-21T15:30:00Z",4,40802,1020050,1020050,TRUE,"preferred_current"
"PROJ_019",2586,"Manali, Chennai - CPCB","Chennai",12235651,"o3","µg/m³","µg/m³","canonical","2025-02-18T20:15:00Z","2026-09-21T15:30:00Z",4,41704,1042600,1042600,TRUE,"preferred_current"
"PROJ_019",2586,"Manali, Chennai - CPCB","Chennai",12235649,"no","ppb",NA,"unsupported_or_uncertain","2025-02-18T20:15:00Z","2026-09-21T15:30:00Z",4,40814,1020350,1020350,TRUE,"preferred_current"
"PROJ_019",2586,"Manali, Chennai - CPCB","Chennai",14340871,"wind_direction","deg","°","not_applicable_to_pollutant_aqi","2025-10-10T18:15:00Z","2026-09-21T15:30:00Z",4,23257,581425,581425,TRUE,"preferred_current"
"PROJ_019",2586,"Manali, Chennai - CPCB","Chennai",14340872,"wind_speed","m/s","m/s","canonical","2025-10-10T18:15:00Z","2026-09-21T15:30:00Z",4,23261,581525,581525,TRUE,"preferred_current"
"PROJ_019",2586,"Manali, Chennai - CPCB","Chennai",14340870,"nox","ppb",NA,"unsupported_or_uncertain","2025-10-10T18:15:00Z","2026-09-21T15:30:00Z",4,23823,595575,595575,TRUE,"preferred_current"
"PROJ_019",2586,"Manali, Chennai - CPCB","Chennai",14311,"so2","µg/m³","µg/m³","canonical","2017-06-19T20:00:00Z","2022-10-16T15:00:00Z",4,50168,1254200,1254200,TRUE,"legacy"
"PROJ_019",2586,"Manali, Chennai - CPCB","Chennai",5340,"no2","µg/m³","µg/m³","canonical","2016-03-21T10:00:00Z","2022-10-16T15:00:00Z",4,70494,1762350,1762350,TRUE,"legacy"
"PROJ_019",2586,"Manali, Chennai - CPCB","Chennai",1305375,"o3","µg/m³","µg/m³","canonical","2021-05-05T03:00:00Z","2022-10-16T15:00:00Z",4,6753,168825,168825,TRUE,"legacy"
"PROJ_019",2586,"Manali, Chennai - CPCB","Chennai",5339,"co","µg/m³","mg/m³","conversion_required_later","2016-03-21T10:00:00Z","2022-10-16T15:00:00Z",4,69931,1748275,1748275,TRUE,"legacy"
"PROJ_019",2586,"Manali, Chennai - CPCB","Chennai",14319,"pm2_5","µg/m³","µg/m³","canonical","2017-02-18T22:00:00Z","2022-10-16T15:00:00Z",4,58456,1461400,1461400,TRUE,"legacy"
"PROJ_019",2586,"Manali, Chennai - CPCB","Chennai",1305374,"pm10","µg/m³","µg/m³","canonical","2021-05-05T03:00:00Z","2022-10-16T15:00:00Z",4,6715,167875,167875,TRUE,"legacy"
"PROJ_061",5655,"Velachery Res. Area, Chennai - CPCB","Chennai",12235532,"relativehumidity","%","%","canonical","2025-02-18T20:15:00Z","2026-09-21T15:30:00Z",4,42775,1069375,1069375,TRUE,"preferred_current"
"PROJ_061",5655,"Velachery Res. Area, Chennai - CPCB","Chennai",12235527,"no","ppb",NA,"unsupported_or_uncertain","2025-02-18T20:15:00Z","2026-09-21T13:45:00Z",4,42539,1063475,1063475,TRUE,"preferred_current"
"PROJ_061",5655,"Velachery Res. Area, Chennai - CPCB","Chennai",12235530,"pm10","µg/m³","µg/m³","canonical","2025-02-18T20:15:00Z","2026-09-21T15:30:00Z",4,42745,1068625,1068625,TRUE,"preferred_current"
"PROJ_061",5655,"Velachery Res. Area, Chennai - CPCB","Chennai",12235526,"co","ppb","mg/m³","conversion_required_later","2025-02-18T20:15:00Z","2026-09-21T15:30:00Z",4,42686,1067150,1067150,TRUE,"preferred_current"
"PROJ_061",5655,"Velachery Res. Area, Chennai - CPCB","Chennai",12235534,"temperature","c","°C","not_applicable_to_pollutant_aqi","2025-02-18T20:15:00Z","2026-08-06T11:15:00Z",4,39384,984600,984600,TRUE,"preferred_current"
"PROJ_061",5655,"Velachery Res. Area, Chennai - CPCB","Chennai",12235529,"o3","µg/m³","µg/m³","canonical","2025-02-18T20:15:00Z","2026-09-21T15:30:00Z",4,42669,1066725,1066725,TRUE,"preferred_current"
"PROJ_061",5655,"Velachery Res. Area, Chennai - CPCB","Chennai",12235528,"no2","ppb","µg/m³","conversion_required_later","2025-02-18T20:15:00Z","2026-09-21T13:45:00Z",4,42507,1062675,1062675,TRUE,"preferred_current"
"PROJ_061",5655,"Velachery Res. Area, Chennai - CPCB","Chennai",12235533,"so2","ppb","µg/m³","conversion_required_later","2025-02-18T20:15:00Z","2026-09-21T15:30:00Z",4,42619,1065475,1065475,TRUE,"preferred_current"
"PROJ_061",5655,"Velachery Res. Area, Chennai - CPCB","Chennai",12235531,"pm2_5","µg/m³","µg/m³","canonical","2025-02-18T20:15:00Z","2026-09-21T15:30:00Z",4,42759,1068975,1068975,TRUE,"preferred_current"
"PROJ_061",5655,"Velachery Res. Area, Chennai - CPCB","Chennai",14340852,"nox","ppb",NA,"unsupported_or_uncertain","2025-10-10T18:15:00Z","2026-09-21T13:45:00Z",4,25750,643750,643750,TRUE,"preferred_current"
"PROJ_061",5655,"Velachery Res. Area, Chennai - CPCB","Chennai",14340853,"wind_direction","deg","°","not_applicable_to_pollutant_aqi","2025-10-10T18:15:00Z","2026-09-19T06:00:00Z",4,20714,517850,517850,TRUE,"preferred_current"
"PROJ_061",5655,"Velachery Res. Area, Chennai - CPCB","Chennai",14340854,"wind_speed","m/s","m/s","canonical","2025-10-10T18:15:00Z","2026-09-19T06:00:00Z",4,20747,518675,518675,TRUE,"preferred_current"
"PROJ_061",5655,"Velachery Res. Area, Chennai - CPCB","Chennai",15117,"no2","µg/m³","µg/m³","canonical","2018-03-09T05:30:00Z","2022-10-31T01:45:00Z",4,38096,952400,952400,TRUE,"legacy"
"PROJ_061",5655,"Velachery Res. Area, Chennai - CPCB","Chennai",15136,"pm2_5","µg/m³","µg/m³","canonical","2018-03-09T05:30:00Z","2022-10-31T01:45:00Z",4,37691,942275,942275,TRUE,"legacy"
"PROJ_061",5655,"Velachery Res. Area, Chennai - CPCB","Chennai",15138,"so2","µg/m³","µg/m³","canonical","2018-03-09T05:30:00Z","2022-10-31T01:45:00Z",4,38144,953600,953600,TRUE,"legacy"
"PROJ_061",5655,"Velachery Res. Area, Chennai - CPCB","Chennai",1305376,"pm10","µg/m³","µg/m³","canonical","2021-05-05T02:30:00Z","2022-10-31T01:45:00Z",4,6837,170925,170925,TRUE,"legacy"
"PROJ_061",5655,"Velachery Res. Area, Chennai - CPCB","Chennai",15110,"co","µg/m³","mg/m³","conversion_required_later","2018-03-09T05:30:00Z","2022-10-31T01:45:00Z",4,38134,953350,953350,TRUE,"legacy"
"PROJ_061",5655,"Velachery Res. Area, Chennai - CPCB","Chennai",15132,"o3","µg/m³","µg/m³","canonical","2018-03-09T05:30:00Z","2022-10-31T01:45:00Z",4,38012,950300,950300,TRUE,"legacy"
"PROJ_138",10780,"Manali Village, Chennai - TNPCB","Chennai",12235794,"o3","µg/m³","µg/m³","canonical","2025-02-18T20:15:00Z","2026-09-18T04:45:00Z",4,44087,1102175,1102175,TRUE,"preferred_current"
"PROJ_138",10780,"Manali Village, Chennai - TNPCB","Chennai",12235796,"pm2_5","µg/m³","µg/m³","canonical","2025-02-18T20:15:00Z","2026-09-21T15:30:00Z",4,44845,1121125,1121125,TRUE,"preferred_current"
"PROJ_138",10780,"Manali Village, Chennai - TNPCB","Chennai",12235799,"temperature","c","°C","not_applicable_to_pollutant_aqi","2025-02-18T20:15:00Z","2026-09-21T15:30:00Z",4,45152,1128800,1128800,TRUE,"preferred_current"
"PROJ_138",10780,"Manali Village, Chennai - TNPCB","Chennai",12235792,"no","ppb",NA,"unsupported_or_uncertain","2025-02-18T20:15:00Z","2026-09-21T15:30:00Z",4,45007,1125175,1125175,TRUE,"preferred_current"
"PROJ_138",10780,"Manali Village, Chennai - TNPCB","Chennai",12235795,"pm10","µg/m³","µg/m³","canonical","2025-02-18T20:15:00Z","2026-09-21T15:30:00Z",4,44597,1114925,1114925,TRUE,"preferred_current"
"PROJ_138",10780,"Manali Village, Chennai - TNPCB","Chennai",12235793,"no2","ppb","µg/m³","conversion_required_later","2025-02-18T20:15:00Z","2026-09-21T15:30:00Z",4,44880,1122000,1122000,TRUE,"preferred_current"
"PROJ_138",10780,"Manali Village, Chennai - TNPCB","Chennai",12235797,"relativehumidity","%","%","canonical","2025-02-18T20:15:00Z","2026-09-21T15:30:00Z",4,45152,1128800,1128800,TRUE,"preferred_current"
"PROJ_138",10780,"Manali Village, Chennai - TNPCB","Chennai",12235791,"co","ppb","mg/m³","conversion_required_later","2025-02-18T20:15:00Z","2026-09-21T15:30:00Z",4,45249,1131225,1131225,TRUE,"preferred_current"
"PROJ_138",10780,"Manali Village, Chennai - TNPCB","Chennai",12235798,"so2","ppb","µg/m³","conversion_required_later","2025-02-18T20:15:00Z","2026-09-21T15:30:00Z",4,45067,1126675,1126675,TRUE,"preferred_current"
"PROJ_138",10780,"Manali Village, Chennai - TNPCB","Chennai",14340913,"nox","ppb",NA,"unsupported_or_uncertain","2025-10-10T18:15:00Z","2026-09-21T15:30:00Z",4,25633,640825,640825,TRUE,"preferred_current"
"PROJ_138",10780,"Manali Village, Chennai - TNPCB","Chennai",14340914,"wind_direction","deg","°","not_applicable_to_pollutant_aqi","2025-10-10T18:15:00Z","2026-09-21T15:30:00Z",4,25536,638400,638400,TRUE,"preferred_current"
"PROJ_138",10780,"Manali Village, Chennai - TNPCB","Chennai",14340915,"wind_speed","m/s","m/s","canonical","2025-10-10T18:15:00Z","2026-09-21T15:30:00Z",4,25536,638400,638400,TRUE,"preferred_current"
"PROJ_138",10780,"Manali Village, Chennai - TNPCB","Chennai",36019,"pm10","µg/m³","µg/m³","canonical","2019-07-19T06:00:00Z","2022-10-31T02:00:00Z",4,22719,567975,567975,TRUE,"legacy"
"PROJ_138",10780,"Manali Village, Chennai - TNPCB","Chennai",36018,"pm2_5","µg/m³","µg/m³","canonical","2019-07-19T06:00:00Z","2022-10-31T02:00:00Z",4,22712,567800,567800,TRUE,"legacy"
"PROJ_138",10780,"Manali Village, Chennai - TNPCB","Chennai",36023,"no2","µg/m³","µg/m³","canonical","2019-07-19T06:00:00Z","2022-10-31T02:00:00Z",4,22726,568150,568150,TRUE,"legacy"
"PROJ_138",10780,"Manali Village, Chennai - TNPCB","Chennai",36021,"o3","µg/m³","µg/m³","canonical","2019-07-19T06:00:00Z","2022-10-31T02:00:00Z",4,22726,568150,568150,TRUE,"legacy"
"PROJ_138",10780,"Manali Village, Chennai - TNPCB","Chennai",36017,"so2","µg/m³","µg/m³","canonical","2019-07-19T06:00:00Z","2022-10-31T02:00:00Z",4,22726,568150,568150,TRUE,"legacy"
"PROJ_138",10780,"Manali Village, Chennai - TNPCB","Chennai",36026,"co","µg/m³","mg/m³","conversion_required_later","2019-07-19T06:00:00Z","2022-10-31T02:00:00Z",4,22727,568175,568175,TRUE,"legacy"
"PROJ_158",11613,"Revenue Colony-Shivajinagar, Pune - IITM","Pune",12236459,"no","ppb",NA,"unsupported_or_uncertain","2025-02-18T20:15:00Z","2026-09-21T15:30:00Z",4,38358,958950,958950,TRUE,"preferred_current"
"PROJ_158",11613,"Revenue Colony-Shivajinagar, Pune - IITM","Pune",12236463,"pm2_5","µg/m³","µg/m³","canonical","2025-02-18T20:15:00Z","2026-09-21T15:30:00Z",4,38158,953950,953950,TRUE,"preferred_current"
"PROJ_158",11613,"Revenue Colony-Shivajinagar, Pune - IITM","Pune",12236458,"co","ppb","mg/m³","conversion_required_later","2025-02-18T20:15:00Z","2026-09-21T15:30:00Z",4,38327,958175,958175,TRUE,"preferred_current"
"PROJ_158",11613,"Revenue Colony-Shivajinagar, Pune - IITM","Pune",12236464,"relativehumidity","%","%","canonical","2025-02-18T20:15:00Z","2026-08-21T04:15:00Z",4,35481,887025,887025,TRUE,"preferred_current"
"PROJ_158",11613,"Revenue Colony-Shivajinagar, Pune - IITM","Pune",12236460,"no2","ppb","µg/m³","conversion_required_later","2025-02-18T20:15:00Z","2026-09-21T15:30:00Z",4,38361,959025,959025,TRUE,"preferred_current"
"PROJ_158",11613,"Revenue Colony-Shivajinagar, Pune - IITM","Pune",12236461,"o3","µg/m³","µg/m³","canonical","2025-02-18T20:15:00Z","2026-09-21T15:30:00Z",4,38467,961675,961675,TRUE,"preferred_current"
"PROJ_158",11613,"Revenue Colony-Shivajinagar, Pune - IITM","Pune",12236466,"temperature","c","°C","not_applicable_to_pollutant_aqi","2025-02-18T20:15:00Z","2026-08-21T04:15:00Z",4,35467,886675,886675,TRUE,"preferred_current"
"PROJ_158",11613,"Revenue Colony-Shivajinagar, Pune - IITM","Pune",12236465,"so2","ppb","µg/m³","conversion_required_later","2025-02-18T20:15:00Z","2026-09-21T15:30:00Z",4,36932,923300,923300,TRUE,"preferred_current"
"PROJ_158",11613,"Revenue Colony-Shivajinagar, Pune - IITM","Pune",12236462,"pm10","µg/m³","µg/m³","canonical","2025-02-18T20:15:00Z","2026-09-21T15:30:00Z",4,38181,954525,954525,TRUE,"preferred_current"
"PROJ_158",11613,"Revenue Colony-Shivajinagar, Pune - IITM","Pune",14341024,"wind_speed","m/s","m/s","canonical","2025-10-10T18:15:00Z","2026-08-21T04:15:00Z",4,21146,528650,528650,TRUE,"preferred_current"
"PROJ_158",11613,"Revenue Colony-Shivajinagar, Pune - IITM","Pune",14341023,"wind_direction","deg","°","not_applicable_to_pollutant_aqi","2025-10-10T18:15:00Z","2026-08-21T04:15:00Z",4,21165,529125,529125,TRUE,"preferred_current"
"PROJ_158",11613,"Revenue Colony-Shivajinagar, Pune - IITM","Pune",14341022,"nox","ppb",NA,"unsupported_or_uncertain","2025-10-10T18:15:00Z","2026-09-21T15:30:00Z",4,24142,603550,603550,TRUE,"preferred_current"
"PROJ_158",11613,"Revenue Colony-Shivajinagar, Pune - IITM","Pune",39468,"no2","µg/m³","µg/m³","canonical","2020-11-13T12:15:00Z","2022-07-07T07:15:00Z",4,6720,168000,168000,TRUE,"legacy"
"PROJ_158",11613,"Revenue Colony-Shivajinagar, Pune - IITM","Pune",39471,"o3","µg/m³","µg/m³","canonical","2020-11-13T12:15:00Z","2022-07-07T07:15:00Z",4,6720,168000,168000,TRUE,"legacy"
"PROJ_158",11613,"Revenue Colony-Shivajinagar, Pune - IITM","Pune",39467,"pm10","µg/m³","µg/m³","canonical","2020-11-13T12:15:00Z","2022-07-07T07:15:00Z",4,6502,162550,162550,TRUE,"legacy"
"PROJ_158",11613,"Revenue Colony-Shivajinagar, Pune - IITM","Pune",39469,"so2","µg/m³","µg/m³","canonical","2020-11-13T12:15:00Z","2022-07-07T07:15:00Z",4,6720,168000,168000,TRUE,"legacy"
"PROJ_158",11613,"Revenue Colony-Shivajinagar, Pune - IITM","Pune",39466,"pm2_5","µg/m³","µg/m³","canonical","2020-11-13T12:15:00Z","2022-07-07T07:15:00Z",4,6500,162500,162500,TRUE,"legacy"
"PROJ_158",11613,"Revenue Colony-Shivajinagar, Pune - IITM","Pune",39470,"co","µg/m³","mg/m³","conversion_required_later","2020-11-13T12:15:00Z","2022-07-07T07:15:00Z",4,6720,168000,168000,TRUE,"legacy"
"PROJ_207",3409438,"Katraj Dairy, Pune - MPCB","Pune",12248373,"temperature","c","°C","not_applicable_to_pollutant_aqi","2025-02-19T21:30:00Z","2026-09-21T15:30:00Z",4,37537,938425,938425,TRUE,"preferred_current"
"PROJ_207",3409438,"Katraj Dairy, Pune - MPCB","Pune",12248365,"co","ppb","mg/m³","conversion_required_later","2025-02-19T22:00:00Z","2026-09-21T15:30:00Z",4,37000,925000,925000,TRUE,"preferred_current"
"PROJ_207",3409438,"Katraj Dairy, Pune - MPCB","Pune",14341458,"wind_speed","m/s","m/s","canonical","2025-10-10T18:15:00Z","2026-09-21T15:30:00Z",4,20757,518925,518925,TRUE,"preferred_current"
"PROJ_207",3409438,"Katraj Dairy, Pune - MPCB","Pune",12248366,"no","ppb",NA,"unsupported_or_uncertain","2025-02-19T22:00:00Z","2026-09-21T15:30:00Z",4,37195,929875,929875,TRUE,"preferred_current"
"PROJ_207",3409438,"Katraj Dairy, Pune - MPCB","Pune",12248368,"o3","µg/m³","µg/m³","canonical","2025-02-19T22:00:00Z","2026-09-21T15:30:00Z",4,37211,930275,930275,TRUE,"preferred_current"
"PROJ_207",3409438,"Katraj Dairy, Pune - MPCB","Pune",14341457,"wind_direction","deg","°","not_applicable_to_pollutant_aqi","2025-10-10T18:15:00Z","2026-09-21T15:30:00Z",4,20740,518500,518500,TRUE,"preferred_current"
"PROJ_207",3409438,"Katraj Dairy, Pune - MPCB","Pune",14341456,"nox","ppb",NA,"unsupported_or_uncertain","2025-10-10T18:15:00Z","2026-09-21T15:30:00Z",4,20905,522625,522625,TRUE,"preferred_current"
"PROJ_207",3409438,"Katraj Dairy, Pune - MPCB","Pune",12248372,"so2","ppb","µg/m³","conversion_required_later","2025-02-19T22:00:00Z","2026-09-21T15:30:00Z",4,37224,930600,930600,TRUE,"preferred_current"
"PROJ_207",3409438,"Katraj Dairy, Pune - MPCB","Pune",12248367,"no2","ppb","µg/m³","conversion_required_later","2025-02-19T22:00:00Z","2026-09-21T15:30:00Z",4,37009,925225,925225,TRUE,"preferred_current"
"PROJ_207",3409438,"Katraj Dairy, Pune - MPCB","Pune",12248371,"relativehumidity","%","%","canonical","2025-02-19T21:30:00Z","2026-09-21T15:30:00Z",4,37498,937450,937450,TRUE,"preferred_current"
"PROJ_207",3409438,"Katraj Dairy, Pune - MPCB","Pune",12248370,"pm2_5","µg/m³","µg/m³","canonical","2025-02-19T21:30:00Z","2026-09-21T15:30:00Z",4,37371,934275,934275,TRUE,"preferred_current"
"PROJ_207",3409438,"Katraj Dairy, Pune - MPCB","Pune",12248369,"pm10","µg/m³","µg/m³","canonical","2025-02-19T21:30:00Z","2026-09-21T15:30:00Z",4,37260,931500,931500,TRUE,"preferred_current"
"PROJ_208",3409439,"Savitribai Phule Pune University, Pune - MPCB","Pune",12238001,"no","ppb",NA,"unsupported_or_uncertain","2025-02-18T20:15:00Z","2026-09-21T15:30:00Z",4,17803,445075,445075,TRUE,"preferred_current"
"PROJ_208",3409439,"Savitribai Phule Pune University, Pune - MPCB","Pune",12238005,"pm2_5","µg/m³","µg/m³","canonical","2025-02-18T20:15:00Z","2026-09-21T15:30:00Z",4,20551,513775,513775,TRUE,"preferred_current"
"PROJ_208",3409439,"Savitribai Phule Pune University, Pune - MPCB","Pune",12238002,"no2","ppb","µg/m³","conversion_required_later","2025-02-18T20:15:00Z","2026-09-21T15:30:00Z",4,17696,442400,442400,TRUE,"preferred_current"
"PROJ_208",3409439,"Savitribai Phule Pune University, Pune - MPCB","Pune",12238004,"pm10","µg/m³","µg/m³","canonical","2025-02-18T20:15:00Z","2026-09-21T15:30:00Z",4,21067,526675,526675,TRUE,"preferred_current"
"PROJ_208",3409439,"Savitribai Phule Pune University, Pune - MPCB","Pune",12238003,"o3","µg/m³","µg/m³","canonical","2025-02-18T20:15:00Z","2026-09-21T15:30:00Z",4,18411,460275,460275,TRUE,"preferred_current"
"PROJ_208",3409439,"Savitribai Phule Pune University, Pune - MPCB","Pune",12238007,"so2","ppb","µg/m³","conversion_required_later","2025-02-18T20:15:00Z","2026-09-21T15:30:00Z",4,18337,458425,458425,TRUE,"preferred_current"
"PROJ_208",3409439,"Savitribai Phule Pune University, Pune - MPCB","Pune",12238000,"co","ppb","mg/m³","conversion_required_later","2025-02-18T20:15:00Z","2026-09-21T15:30:00Z",4,18608,465200,465200,TRUE,"preferred_current"
"PROJ_208",3409439,"Savitribai Phule Pune University, Pune - MPCB","Pune",12238006,"relativehumidity","%","%","canonical","2025-02-18T20:15:00Z","2026-09-21T15:30:00Z",4,19026,475650,475650,TRUE,"preferred_current"
"PROJ_208",3409439,"Savitribai Phule Pune University, Pune - MPCB","Pune",12238008,"temperature","c","°C","not_applicable_to_pollutant_aqi","2025-02-18T20:15:00Z","2026-09-21T15:30:00Z",4,19408,485200,485200,TRUE,"preferred_current"
"PROJ_208",3409439,"Savitribai Phule Pune University, Pune - MPCB","Pune",14342238,"wind_direction","deg","°","not_applicable_to_pollutant_aqi","2025-10-12T17:00:00Z","2026-09-21T15:30:00Z",4,8356,208900,208900,TRUE,"preferred_current"
"PROJ_208",3409439,"Savitribai Phule Pune University, Pune - MPCB","Pune",14342239,"wind_speed","m/s","m/s","canonical","2025-10-12T17:00:00Z","2026-09-21T15:30:00Z",4,8723,218075,218075,TRUE,"preferred_current"
"PROJ_208",3409439,"Savitribai Phule Pune University, Pune - MPCB","Pune",14341459,"nox","ppb",NA,"unsupported_or_uncertain","2025-10-10T18:15:00Z","2026-09-21T15:30:00Z",4,20446,511150,511150,TRUE,"preferred_current"
"PROJ_111",7495,"DRM Office Danapur, Patna - BSPCB","Patna",12236191,"pm2_5","µg/m³","µg/m³","canonical","2025-02-18T20:15:00Z","2026-09-21T15:30:00Z",4,42538,1063450,1063450,TRUE,"preferred_current"
"PROJ_111",7495,"DRM Office Danapur, Patna - BSPCB","Patna",12236193,"so2","ppb","µg/m³","conversion_required_later","2025-02-18T20:15:00Z","2026-09-21T15:30:00Z",4,42334,1058350,1058350,TRUE,"preferred_current"
"PROJ_111",7495,"DRM Office Danapur, Patna - BSPCB","Patna",12236194,"temperature","c","°C","not_applicable_to_pollutant_aqi","2025-02-18T20:15:00Z","2026-09-21T15:30:00Z",4,43206,1080150,1080150,TRUE,"preferred_current"
"PROJ_111",7495,"DRM Office Danapur, Patna - BSPCB","Patna",12236190,"pm10","µg/m³","µg/m³","canonical","2025-02-18T20:15:00Z","2026-09-21T15:30:00Z",4,42691,1067275,1067275,TRUE,"preferred_current"
"PROJ_111",7495,"DRM Office Danapur, Patna - BSPCB","Patna",12236186,"co","ppb","mg/m³","conversion_required_later","2025-02-18T20:15:00Z","2026-09-21T15:30:00Z",4,43137,1078425,1078425,TRUE,"preferred_current"
"PROJ_111",7495,"DRM Office Danapur, Patna - BSPCB","Patna",12236188,"no2","ppb","µg/m³","conversion_required_later","2025-02-18T20:15:00Z","2026-09-21T15:30:00Z",4,43208,1080200,1080200,TRUE,"preferred_current"
"PROJ_111",7495,"DRM Office Danapur, Patna - BSPCB","Patna",12236189,"o3","µg/m³","µg/m³","canonical","2025-02-18T20:15:00Z","2026-09-21T15:30:00Z",4,43174,1079350,1079350,TRUE,"preferred_current"
"PROJ_111",7495,"DRM Office Danapur, Patna - BSPCB","Patna",12236192,"relativehumidity","%","%","canonical","2025-02-18T20:15:00Z","2026-09-21T15:30:00Z",4,43204,1080100,1080100,TRUE,"preferred_current"
"PROJ_111",7495,"DRM Office Danapur, Patna - BSPCB","Patna",12236187,"no","ppb",NA,"unsupported_or_uncertain","2025-02-18T20:15:00Z","2026-09-21T15:30:00Z",4,43209,1080225,1080225,TRUE,"preferred_current"
"PROJ_111",7495,"DRM Office Danapur, Patna - BSPCB","Patna",14342014,"nox","ppb",NA,"unsupported_or_uncertain","2025-10-10T20:15:00Z","2026-09-21T15:30:00Z",4,25255,631375,631375,TRUE,"preferred_current"
"PROJ_111",7495,"DRM Office Danapur, Patna - BSPCB","Patna",14342016,"wind_speed","m/s","m/s","canonical","2025-10-10T20:15:00Z","2026-09-21T15:30:00Z",4,25227,630675,630675,TRUE,"preferred_current"
"PROJ_111",7495,"DRM Office Danapur, Patna - BSPCB","Patna",14342015,"wind_direction","deg","°","not_applicable_to_pollutant_aqi","2025-10-10T20:15:00Z","2026-09-21T15:30:00Z",4,25215,630375,630375,TRUE,"preferred_current"
"PROJ_111",7495,"DRM Office Danapur, Patna - BSPCB","Patna",21730,"no2","µg/m³","µg/m³","canonical","2020-03-02T10:00:00Z","2022-10-16T16:00:00Z",4,13000,325000,325000,TRUE,"legacy"
"PROJ_111",7495,"DRM Office Danapur, Patna - BSPCB","Patna",21731,"o3","µg/m³","µg/m³","canonical","2020-03-02T10:00:00Z","2022-10-16T16:00:00Z",4,13057,326425,326425,TRUE,"legacy"
"PROJ_111",7495,"DRM Office Danapur, Patna - BSPCB","Patna",21734,"so2","µg/m³","µg/m³","canonical","2020-03-02T10:00:00Z","2022-10-16T16:00:00Z",4,13035,325875,325875,TRUE,"legacy"
"PROJ_111",7495,"DRM Office Danapur, Patna - BSPCB","Patna",21733,"pm2_5","µg/m³","µg/m³","canonical","2020-03-02T10:00:00Z","2022-10-16T16:00:00Z",4,13004,325100,325100,TRUE,"legacy"
"PROJ_111",7495,"DRM Office Danapur, Patna - BSPCB","Patna",21732,"pm10","µg/m³","µg/m³","canonical","2020-03-02T10:00:00Z","2022-10-16T16:00:00Z",4,12772,319300,319300,TRUE,"legacy"
"PROJ_111",7495,"DRM Office Danapur, Patna - BSPCB","Patna",21729,"co","µg/m³","mg/m³","conversion_required_later","2020-03-02T10:00:00Z","2022-10-16T16:00:00Z",4,13065,326625,326625,TRUE,"legacy"
"PROJ_133",10599,"Rajbansi Nagar, Patna - BSPCB","Patna",12236105,"temperature","c","°C","not_applicable_to_pollutant_aqi","2025-02-18T20:15:00Z","2026-09-21T15:30:00Z",4,43342,1083550,1083550,TRUE,"preferred_current"
"PROJ_133",10599,"Rajbansi Nagar, Patna - BSPCB","Patna",12236100,"o3","µg/m³","µg/m³","canonical","2025-02-18T20:15:00Z","2026-09-21T15:30:00Z",4,43363,1084075,1084075,TRUE,"preferred_current"
"PROJ_133",10599,"Rajbansi Nagar, Patna - BSPCB","Patna",12236101,"pm10","µg/m³","µg/m³","canonical","2025-02-18T20:15:00Z","2026-09-21T15:30:00Z",4,43296,1082400,1082400,TRUE,"preferred_current"
"PROJ_133",10599,"Rajbansi Nagar, Patna - BSPCB","Patna",12236097,"co","ppb","mg/m³","conversion_required_later","2025-02-18T20:15:00Z","2026-09-21T15:30:00Z",4,42984,1074600,1074600,TRUE,"preferred_current"
"PROJ_133",10599,"Rajbansi Nagar, Patna - BSPCB","Patna",12236103,"relativehumidity","%","%","canonical","2025-02-18T20:15:00Z","2026-09-21T15:30:00Z",4,43342,1083550,1083550,TRUE,"preferred_current"
"PROJ_133",10599,"Rajbansi Nagar, Patna - BSPCB","Patna",12236104,"so2","ppb","µg/m³","conversion_required_later","2025-02-18T20:15:00Z","2026-09-21T15:30:00Z",4,42806,1070150,1070150,TRUE,"preferred_current"
"PROJ_133",10599,"Rajbansi Nagar, Patna - BSPCB","Patna",12236102,"pm2_5","µg/m³","µg/m³","canonical","2025-02-18T20:15:00Z","2026-09-21T15:30:00Z",4,43271,1081775,1081775,TRUE,"preferred_current"
"PROJ_133",10599,"Rajbansi Nagar, Patna - BSPCB","Patna",12236099,"no2","ppb","µg/m³","conversion_required_later","2025-02-18T20:15:00Z","2026-09-21T15:30:00Z",4,43342,1083550,1083550,TRUE,"preferred_current"
"PROJ_133",10599,"Rajbansi Nagar, Patna - BSPCB","Patna",12236098,"no","ppb",NA,"unsupported_or_uncertain","2025-02-18T20:15:00Z","2026-09-21T15:30:00Z",4,43378,1084450,1084450,TRUE,"preferred_current"
"PROJ_133",10599,"Rajbansi Nagar, Patna - BSPCB","Patna",14341984,"nox","ppb",NA,"unsupported_or_uncertain","2025-10-10T20:15:00Z","2026-09-21T15:30:00Z",4,25082,627050,627050,TRUE,"preferred_current"
"PROJ_133",10599,"Rajbansi Nagar, Patna - BSPCB","Patna",14341986,"wind_speed","m/s","m/s","canonical","2025-10-10T20:15:00Z","2026-09-21T15:30:00Z",4,25039,625975,625975,TRUE,"preferred_current"
"PROJ_133",10599,"Rajbansi Nagar, Patna - BSPCB","Patna",14341985,"wind_direction","deg","°","not_applicable_to_pollutant_aqi","2025-10-10T20:15:00Z","2026-09-21T15:30:00Z",4,25043,626075,626075,TRUE,"preferred_current"
"PROJ_133",10599,"Rajbansi Nagar, Patna - BSPCB","Patna",35386,"so2","µg/m³","µg/m³","canonical","2019-12-26T10:45:00Z","2022-10-16T15:45:00Z",4,18781,469525,469525,TRUE,"legacy"
"PROJ_133",10599,"Rajbansi Nagar, Patna - BSPCB","Patna",35189,"co","µg/m³","mg/m³","conversion_required_later","2019-12-26T05:15:00Z","2022-10-16T15:45:00Z",4,18793,469825,469825,TRUE,"legacy"
"PROJ_133",10599,"Rajbansi Nagar, Patna - BSPCB","Patna",35373,"pm2_5","µg/m³","µg/m³","canonical","2019-12-26T05:15:00Z","2022-10-16T15:45:00Z",4,18782,469550,469550,TRUE,"legacy"
"PROJ_133",10599,"Rajbansi Nagar, Patna - BSPCB","Patna",35223,"o3","µg/m³","µg/m³","canonical","2019-12-26T05:15:00Z","2022-10-16T15:45:00Z",4,18788,469700,469700,TRUE,"legacy"
"PROJ_133",10599,"Rajbansi Nagar, Patna - BSPCB","Patna",35204,"no2","µg/m³","µg/m³","canonical","2019-12-26T10:45:00Z","2022-10-16T15:45:00Z",4,18764,469100,469100,TRUE,"legacy"
"PROJ_133",10599,"Rajbansi Nagar, Patna - BSPCB","Patna",35349,"pm10","µg/m³","µg/m³","canonical","2019-12-26T05:15:00Z","2022-10-16T15:45:00Z",4,18785,469625,469625,TRUE,"legacy"
"PROJ_134",10630,"Govt. High School Shikarpur, Patna - BSPCB","Patna",12236178,"no","ppb",NA,"unsupported_or_uncertain","2025-02-18T20:15:00Z","2026-09-21T15:30:00Z",4,42816,1070400,1070400,TRUE,"preferred_current"
"PROJ_134",10630,"Govt. High School Shikarpur, Patna - BSPCB","Patna",12236184,"so2","ppb","µg/m³","conversion_required_later","2025-02-18T20:15:00Z","2026-09-21T15:30:00Z",4,42570,1064250,1064250,TRUE,"preferred_current"
"PROJ_134",10630,"Govt. High School Shikarpur, Patna - BSPCB","Patna",12236183,"relativehumidity","%","%","canonical","2025-02-18T20:15:00Z","2026-09-21T15:30:00Z",4,42799,1069975,1069975,TRUE,"preferred_current"
"PROJ_134",10630,"Govt. High School Shikarpur, Patna - BSPCB","Patna",12236181,"pm10","µg/m³","µg/m³","canonical","2025-02-18T20:15:00Z","2026-09-21T15:30:00Z",4,42354,1058850,1058850,TRUE,"preferred_current"
"PROJ_134",10630,"Govt. High School Shikarpur, Patna - BSPCB","Patna",12236179,"no2","ppb","µg/m³","conversion_required_later","2025-02-18T20:15:00Z","2026-09-21T15:30:00Z",4,42810,1070250,1070250,TRUE,"preferred_current"
"PROJ_134",10630,"Govt. High School Shikarpur, Patna - BSPCB","Patna",12236180,"o3","µg/m³","µg/m³","canonical","2025-02-18T20:15:00Z","2026-09-21T15:30:00Z",4,42859,1071475,1071475,TRUE,"preferred_current"
"PROJ_134",10630,"Govt. High School Shikarpur, Patna - BSPCB","Patna",12236177,"co","ppb","mg/m³","conversion_required_later","2025-02-18T20:15:00Z","2026-09-21T15:30:00Z",4,42845,1071125,1071125,TRUE,"preferred_current"
"PROJ_134",10630,"Govt. High School Shikarpur, Patna - BSPCB","Patna",12236185,"temperature","c","°C","not_applicable_to_pollutant_aqi","2025-02-18T20:15:00Z","2026-09-21T15:30:00Z",4,42836,1070900,1070900,TRUE,"preferred_current"
"PROJ_134",10630,"Govt. High School Shikarpur, Patna - BSPCB","Patna",12236182,"pm2_5","µg/m³","µg/m³","canonical","2025-02-18T20:15:00Z","2026-09-21T15:30:00Z",4,42375,1059375,1059375,TRUE,"preferred_current"
"PROJ_134",10630,"Govt. High School Shikarpur, Patna - BSPCB","Patna",14342011,"nox","ppb",NA,"unsupported_or_uncertain","2025-10-10T20:15:00Z","2026-09-21T15:30:00Z",4,25646,641150,641150,TRUE,"preferred_current"
"PROJ_134",10630,"Govt. High School Shikarpur, Patna - BSPCB","Patna",14342012,"wind_direction","deg","°","not_applicable_to_pollutant_aqi","2025-10-10T20:15:00Z","2026-09-21T15:30:00Z",4,25636,640900,640900,TRUE,"preferred_current"
"PROJ_134",10630,"Govt. High School Shikarpur, Patna - BSPCB","Patna",14342013,"wind_speed","m/s","m/s","canonical","2025-10-10T20:15:00Z","2026-09-21T15:30:00Z",4,25584,639600,639600,TRUE,"preferred_current"
"PROJ_134",10630,"Govt. High School Shikarpur, Patna - BSPCB","Patna",35336,"so2","µg/m³","µg/m³","canonical","2020-03-31T11:15:00Z","2022-10-16T15:45:00Z",4,12865,321625,321625,TRUE,"legacy"
"PROJ_134",10630,"Govt. High School Shikarpur, Patna - BSPCB","Patna",35348,"o3","µg/m³","µg/m³","canonical","2020-03-31T11:15:00Z","2022-10-16T15:45:00Z",4,12878,321950,321950,TRUE,"legacy"
"PROJ_134",10630,"Govt. High School Shikarpur, Patna - BSPCB","Patna",35341,"pm10","µg/m³","µg/m³","canonical","2020-03-31T11:15:00Z","2022-10-16T15:45:00Z",4,12875,321875,321875,TRUE,"legacy"
"PROJ_134",10630,"Govt. High School Shikarpur, Patna - BSPCB","Patna",35360,"co","µg/m³","mg/m³","conversion_required_later","2020-03-31T11:15:00Z","2022-10-16T15:45:00Z",4,12886,322150,322150,TRUE,"legacy"
"PROJ_134",10630,"Govt. High School Shikarpur, Patna - BSPCB","Patna",35337,"pm2_5","µg/m³","µg/m³","canonical","2020-03-31T11:15:00Z","2022-10-16T15:45:00Z",4,12872,321800,321800,TRUE,"legacy"
"PROJ_134",10630,"Govt. High School Shikarpur, Patna - BSPCB","Patna",35350,"no2","µg/m³","µg/m³","canonical","2020-03-31T11:15:00Z","2022-10-16T15:45:00Z",4,12871,321775,321775,TRUE,"legacy"
"PROJ_084",6927,"Colaba, Mumbai - MPCB","Mumbai",20144,"so2","µg/m³","µg/m³","canonical","2019-06-28T05:30:00Z","2022-10-31T01:45:00Z",4,22450,561250,561250,TRUE,"legacy"
"PROJ_084",6927,"Colaba, Mumbai - MPCB","Mumbai",20137,"co","µg/m³","mg/m³","conversion_required_later","2019-06-28T05:30:00Z","2022-10-31T01:45:00Z",4,23895,597375,597375,TRUE,"legacy"
"PROJ_084",6927,"Colaba, Mumbai - MPCB","Mumbai",19892,"no2","µg/m³","µg/m³","canonical","2019-06-28T05:30:00Z","2022-10-31T01:45:00Z",4,24229,605725,605725,TRUE,"legacy"
"PROJ_084",6927,"Colaba, Mumbai - MPCB","Mumbai",20143,"pm2_5","µg/m³","µg/m³","canonical","2019-06-28T05:30:00Z","2022-10-31T01:45:00Z",4,26618,665450,665450,TRUE,"legacy"
"PROJ_084",6927,"Colaba, Mumbai - MPCB","Mumbai",20139,"o3","µg/m³","µg/m³","canonical","2019-06-28T05:30:00Z","2022-10-31T01:45:00Z",4,23146,578650,578650,TRUE,"legacy"
"PROJ_084",6927,"Colaba, Mumbai - MPCB","Mumbai",20142,"pm10","µg/m³","µg/m³","canonical","2019-06-28T05:30:00Z","2022-10-31T01:45:00Z",4,25425,635625,635625,TRUE,"legacy"
"PROJ_084",6927,"Colaba, Mumbai - MPCB","Mumbai",12235927,"relativehumidity","%","%","canonical","2025-02-18T20:15:00Z","2026-03-06T07:15:00Z",4,958,23950,23950,TRUE,"preferred_current"
"PROJ_084",6927,"Colaba, Mumbai - MPCB","Mumbai",12235926,"pm2_5","µg/m³","µg/m³","canonical","2025-02-18T20:15:00Z","2026-06-22T00:15:00Z",4,35463,886575,886575,TRUE,"preferred_current"
"PROJ_084",6927,"Colaba, Mumbai - MPCB","Mumbai",12235924,"o3","µg/m³","µg/m³","canonical","2025-02-18T20:15:00Z","2026-06-22T00:00:00Z",4,9273,231825,231825,TRUE,"preferred_current"
"PROJ_084",6927,"Colaba, Mumbai - MPCB","Mumbai",12235928,"so2","ppb","µg/m³","conversion_required_later","2025-02-18T20:15:00Z","2026-05-30T06:15:00Z",4,5439,135975,135975,TRUE,"preferred_current"
"PROJ_084",6927,"Colaba, Mumbai - MPCB","Mumbai",12235925,"pm10","µg/m³","µg/m³","canonical","2025-02-18T20:15:00Z","2026-05-28T18:15:00Z",4,27533,688325,688325,TRUE,"preferred_current"
"PROJ_084",6927,"Colaba, Mumbai - MPCB","Mumbai",12235922,"no","ppb",NA,"unsupported_or_uncertain","2025-02-18T20:15:00Z","2026-06-22T00:00:00Z",4,19422,485550,485550,TRUE,"preferred_current"
"PROJ_084",6927,"Colaba, Mumbai - MPCB","Mumbai",12235921,"co","ppb","mg/m³","conversion_required_later","2025-02-18T20:15:00Z","2026-05-27T00:15:00Z",4,15529,388225,388225,TRUE,"preferred_current"
"PROJ_084",6927,"Colaba, Mumbai - MPCB","Mumbai",12235929,"temperature","c","°C","not_applicable_to_pollutant_aqi","2025-02-18T20:15:00Z","2026-03-06T07:15:00Z",4,958,23950,23950,TRUE,"preferred_current"
"PROJ_084",6927,"Colaba, Mumbai - MPCB","Mumbai",12235923,"no2","ppb","µg/m³","conversion_required_later","2025-02-18T20:15:00Z","2026-06-22T00:00:00Z",4,19422,485550,485550,TRUE,"preferred_current"
"PROJ_084",6927,"Colaba, Mumbai - MPCB","Mumbai",14341962,"wind_speed","m/s","m/s","canonical","2025-10-12T05:00:00Z","2026-03-06T07:15:00Z",4,9,225,225,TRUE,"preferred_current"
"PROJ_084",6927,"Colaba, Mumbai - MPCB","Mumbai",14341960,"nox","ppb",NA,"unsupported_or_uncertain","2025-10-10T20:30:00Z","2026-06-22T00:00:00Z",4,7819,195475,195475,TRUE,"preferred_current"
"PROJ_084",6927,"Colaba, Mumbai - MPCB","Mumbai",14341961,"wind_direction","deg","°","not_applicable_to_pollutant_aqi","2025-10-12T05:00:00Z","2026-03-06T07:15:00Z",4,9,225,225,TRUE,"preferred_current"
"PROJ_085",6928,"Vasai West, Mumbai - MPCB","Mumbai",12235825,"so2","ppb","µg/m³","conversion_required_later","2025-02-18T20:15:00Z","2026-05-13T09:15:00Z",4,16471,411775,411775,TRUE,"preferred_current"
"PROJ_085",6928,"Vasai West, Mumbai - MPCB","Mumbai",12235820,"no2","ppb","µg/m³","conversion_required_later","2025-02-18T20:15:00Z","2026-05-13T09:15:00Z",4,16920,423000,423000,TRUE,"preferred_current"
"PROJ_085",6928,"Vasai West, Mumbai - MPCB","Mumbai",12235819,"no","ppb",NA,"unsupported_or_uncertain","2025-02-18T20:15:00Z","2026-05-13T09:15:00Z",4,16920,423000,423000,TRUE,"preferred_current"
"PROJ_085",6928,"Vasai West, Mumbai - MPCB","Mumbai",12235824,"relativehumidity","%","%","canonical","2025-02-18T20:15:00Z","2026-05-13T09:15:00Z",4,16612,415300,415300,TRUE,"preferred_current"
"PROJ_085",6928,"Vasai West, Mumbai - MPCB","Mumbai",12235826,"temperature","c","°C","not_applicable_to_pollutant_aqi","2025-02-18T20:15:00Z","2026-05-13T09:15:00Z",4,16612,415300,415300,TRUE,"preferred_current"
"PROJ_085",6928,"Vasai West, Mumbai - MPCB","Mumbai",12235821,"o3","µg/m³","µg/m³","canonical","2025-02-18T20:15:00Z","2026-05-13T09:15:00Z",4,11200,280000,280000,TRUE,"preferred_current"
"PROJ_085",6928,"Vasai West, Mumbai - MPCB","Mumbai",12235822,"pm10","µg/m³","µg/m³","canonical","2025-02-18T20:15:00Z","2025-11-25T04:00:00Z",4,16039,400975,400975,TRUE,"preferred_current"
"PROJ_085",6928,"Vasai West, Mumbai - MPCB","Mumbai",12235818,"co","ppb","mg/m³","conversion_required_later","2025-02-18T20:15:00Z","2026-05-13T09:15:00Z",4,16315,407875,407875,TRUE,"preferred_current"
"PROJ_085",6928,"Vasai West, Mumbai - MPCB","Mumbai",12235823,"pm2_5","µg/m³","µg/m³","canonical","2025-02-18T20:15:00Z","2026-05-13T09:15:00Z",4,17120,428000,428000,TRUE,"preferred_current"
"PROJ_085",6928,"Vasai West, Mumbai - MPCB","Mumbai",14340920,"wind_direction","deg","°","not_applicable_to_pollutant_aqi","2025-10-10T18:15:00Z","2026-05-13T09:15:00Z",4,3016,75400,75400,TRUE,"preferred_current"
"PROJ_085",6928,"Vasai West, Mumbai - MPCB","Mumbai",14340919,"nox","ppb",NA,"unsupported_or_uncertain","2025-10-10T18:15:00Z","2026-05-13T09:15:00Z",4,3080,77000,77000,TRUE,"preferred_current"
"PROJ_085",6928,"Vasai West, Mumbai - MPCB","Mumbai",14340921,"wind_speed","m/s","m/s","canonical","2025-10-10T18:15:00Z","2026-05-13T09:15:00Z",4,3016,75400,75400,TRUE,"preferred_current"
"PROJ_085",6928,"Vasai West, Mumbai - MPCB","Mumbai",19896,"co","µg/m³","mg/m³","conversion_required_later","2019-06-19T00:00:00Z","2022-10-31T02:00:00Z",4,19206,480150,480150,TRUE,"legacy"
"PROJ_085",6928,"Vasai West, Mumbai - MPCB","Mumbai",19897,"so2","µg/m³","µg/m³","canonical","2019-06-19T00:00:00Z","2022-10-31T02:00:00Z",4,18704,467600,467600,TRUE,"legacy"
"PROJ_085",6928,"Vasai West, Mumbai - MPCB","Mumbai",19895,"o3","µg/m³","µg/m³","canonical","2019-06-19T00:00:00Z","2022-10-31T02:00:00Z",4,8641,216025,216025,TRUE,"legacy"
"PROJ_085",6928,"Vasai West, Mumbai - MPCB","Mumbai",19894,"pm2_5","µg/m³","µg/m³","canonical","2019-06-19T00:00:00Z","2022-10-31T02:00:00Z",4,20812,520300,520300,TRUE,"legacy"
"PROJ_085",6928,"Vasai West, Mumbai - MPCB","Mumbai",19898,"pm10","µg/m³","µg/m³","canonical","2019-06-19T00:00:00Z","2022-10-31T02:00:00Z",4,17351,433775,433775,TRUE,"legacy"
"PROJ_085",6928,"Vasai West, Mumbai - MPCB","Mumbai",19893,"no2","µg/m³","µg/m³","canonical","2019-06-19T00:00:00Z","2022-10-31T02:00:00Z",4,20451,511275,511275,TRUE,"legacy"
"PROJ_092",6945,"Kurla, Mumbai - MPCB","Mumbai",12289836,"so2","ppb","µg/m³","conversion_required_later","2025-02-24T02:30:00Z","2026-09-21T15:30:00Z",4,35866,896650,896650,TRUE,"preferred_current"
"PROJ_092",6945,"Kurla, Mumbai - MPCB","Mumbai",12235830,"no","ppb",NA,"unsupported_or_uncertain","2025-02-18T20:15:00Z","2026-09-21T15:30:00Z",4,39127,978175,978175,TRUE,"preferred_current"
"PROJ_092",6945,"Kurla, Mumbai - MPCB","Mumbai",12235834,"pm2_5","µg/m³","µg/m³","canonical","2025-02-18T20:15:00Z","2026-09-21T15:30:00Z",4,38335,958375,958375,TRUE,"preferred_current"
"PROJ_092",6945,"Kurla, Mumbai - MPCB","Mumbai",12235836,"temperature","c","°C","not_applicable_to_pollutant_aqi","2025-02-18T20:15:00Z","2026-09-21T15:30:00Z",4,38732,968300,968300,TRUE,"preferred_current"
"PROJ_092",6945,"Kurla, Mumbai - MPCB","Mumbai",12235835,"relativehumidity","%","%","canonical","2025-02-18T20:15:00Z","2026-09-21T15:30:00Z",4,38735,968375,968375,TRUE,"preferred_current"
"PROJ_092",6945,"Kurla, Mumbai - MPCB","Mumbai",12235829,"co","ppb","mg/m³","conversion_required_later","2025-02-18T20:15:00Z","2026-09-21T15:30:00Z",4,37671,941775,941775,TRUE,"preferred_current"
"PROJ_092",6945,"Kurla, Mumbai - MPCB","Mumbai",12235833,"pm10","µg/m³","µg/m³","canonical","2025-02-18T20:15:00Z","2026-09-21T15:30:00Z",4,36875,921875,921875,TRUE,"preferred_current"
"PROJ_092",6945,"Kurla, Mumbai - MPCB","Mumbai",12235831,"no2","ppb","µg/m³","conversion_required_later","2025-02-18T20:15:00Z","2026-09-21T15:30:00Z",4,39125,978125,978125,TRUE,"preferred_current"
"PROJ_092",6945,"Kurla, Mumbai - MPCB","Mumbai",12235832,"o3","µg/m³","µg/m³","canonical","2025-02-18T20:15:00Z","2026-09-21T15:30:00Z",4,37394,934850,934850,TRUE,"preferred_current"
"PROJ_092",6945,"Kurla, Mumbai - MPCB","Mumbai",14340924,"wind_speed","m/s","m/s","canonical","2025-10-10T18:15:00Z","2026-09-21T15:30:00Z",4,21765,544125,544125,TRUE,"preferred_current"
"PROJ_092",6945,"Kurla, Mumbai - MPCB","Mumbai",14340922,"nox","ppb",NA,"unsupported_or_uncertain","2025-10-10T18:15:00Z","2026-09-21T15:30:00Z",4,21984,549600,549600,TRUE,"preferred_current"
"PROJ_092",6945,"Kurla, Mumbai - MPCB","Mumbai",14340923,"wind_direction","deg","°","not_applicable_to_pollutant_aqi","2025-10-10T18:15:00Z","2026-09-21T15:30:00Z",4,21788,544700,544700,TRUE,"preferred_current"
"PROJ_092",6945,"Kurla, Mumbai - MPCB","Mumbai",19993,"co","µg/m³","mg/m³","conversion_required_later","2019-06-19T00:00:00Z","2022-10-31T02:00:00Z",4,25325,633125,633125,TRUE,"legacy"
"PROJ_092",6945,"Kurla, Mumbai - MPCB","Mumbai",19987,"so2","µg/m³","µg/m³","canonical","2019-06-19T00:00:00Z","2022-10-31T02:00:00Z",4,25076,626900,626900,TRUE,"legacy"
"PROJ_092",6945,"Kurla, Mumbai - MPCB","Mumbai",19968,"o3","µg/m³","µg/m³","canonical","2019-06-19T00:00:00Z","2022-10-31T02:00:00Z",4,24859,621475,621475,TRUE,"legacy"
"PROJ_092",6945,"Kurla, Mumbai - MPCB","Mumbai",19978,"pm2_5","µg/m³","µg/m³","canonical","2019-06-19T00:00:00Z","2022-10-31T02:00:00Z",4,29589,739725,739725,TRUE,"legacy"
"PROJ_092",6945,"Kurla, Mumbai - MPCB","Mumbai",20076,"no2","µg/m³","µg/m³","canonical","2019-06-19T00:00:00Z","2022-10-31T02:00:00Z",4,27491,687275,687275,TRUE,"legacy"
"PROJ_092",6945,"Kurla, Mumbai - MPCB","Mumbai",19975,"pm10","µg/m³","µg/m³","canonical","2019-06-19T00:00:00Z","2022-10-31T02:00:00Z",4,26287,657175,657175,TRUE,"legacy"
"PROJ_042",5621,"Opp GPO Civil Lines, Nagpur - MPCB","Nagpur",12235629,"temperature","c","°C","not_applicable_to_pollutant_aqi","2025-02-18T20:15:00Z","2026-06-23T11:30:00Z",4,36161,904025,904025,TRUE,"preferred_current"
"PROJ_042",5621,"Opp GPO Civil Lines, Nagpur - MPCB","Nagpur",12235625,"pm10","µg/m³","µg/m³","canonical","2025-02-18T20:15:00Z","2026-09-21T15:30:00Z",4,42393,1059825,1059825,TRUE,"preferred_current"
"PROJ_042",5621,"Opp GPO Civil Lines, Nagpur - MPCB","Nagpur",12235627,"relativehumidity","%","%","canonical","2025-02-18T20:15:00Z","2026-09-21T15:30:00Z",4,43371,1084275,1084275,TRUE,"preferred_current"
"PROJ_042",5621,"Opp GPO Civil Lines, Nagpur - MPCB","Nagpur",12235623,"no2","ppb","µg/m³","conversion_required_later","2025-02-18T20:15:00Z","2026-09-21T15:30:00Z",4,43374,1084350,1084350,TRUE,"preferred_current"
"PROJ_042",5621,"Opp GPO Civil Lines, Nagpur - MPCB","Nagpur",12235626,"pm2_5","µg/m³","µg/m³","canonical","2025-02-18T20:15:00Z","2026-09-21T15:30:00Z",4,42392,1059800,1059800,TRUE,"preferred_current"
"PROJ_042",5621,"Opp GPO Civil Lines, Nagpur - MPCB","Nagpur",12235621,"co","ppb","mg/m³","conversion_required_later","2025-02-18T20:15:00Z","2026-09-21T15:30:00Z",4,43382,1084550,1084550,TRUE,"preferred_current"
"PROJ_042",5621,"Opp GPO Civil Lines, Nagpur - MPCB","Nagpur",12235622,"no","ppb",NA,"unsupported_or_uncertain","2025-02-18T20:15:00Z","2026-09-21T15:30:00Z",4,43403,1085075,1085075,TRUE,"preferred_current"
"PROJ_042",5621,"Opp GPO Civil Lines, Nagpur - MPCB","Nagpur",12235628,"so2","ppb","µg/m³","conversion_required_later","2025-02-18T20:15:00Z","2026-09-21T15:30:00Z",4,43368,1084200,1084200,TRUE,"preferred_current"
"PROJ_042",5621,"Opp GPO Civil Lines, Nagpur - MPCB","Nagpur",12235624,"o3","µg/m³","µg/m³","canonical","2025-02-18T20:15:00Z","2026-09-21T15:30:00Z",4,43378,1084450,1084450,TRUE,"preferred_current"
"PROJ_042",5621,"Opp GPO Civil Lines, Nagpur - MPCB","Nagpur",14341875,"nox","ppb",NA,"unsupported_or_uncertain","2025-10-10T20:15:00Z","2026-09-21T15:30:00Z",4,24277,606925,606925,TRUE,"preferred_current"
"PROJ_042",5621,"Opp GPO Civil Lines, Nagpur - MPCB","Nagpur",14341876,"wind_direction","deg","°","not_applicable_to_pollutant_aqi","2025-10-10T20:15:00Z","2026-09-21T15:30:00Z",4,24292,607300,607300,TRUE,"preferred_current"
"PROJ_042",5621,"Opp GPO Civil Lines, Nagpur - MPCB","Nagpur",14341877,"wind_speed","m/s","m/s","canonical","2025-10-10T20:15:00Z","2026-09-21T15:30:00Z",4,24285,607125,607125,TRUE,"preferred_current"
"PROJ_042",5621,"Opp GPO Civil Lines, Nagpur - MPCB","Nagpur",15259,"pm10","µg/m³","µg/m³","canonical","2018-03-09T05:30:00Z","2022-10-31T00:45:00Z",4,24898,622450,622450,TRUE,"legacy"
"PROJ_042",5621,"Opp GPO Civil Lines, Nagpur - MPCB","Nagpur",14908,"o3","µg/m³","µg/m³","canonical","2018-03-09T05:30:00Z","2022-10-31T00:45:00Z",4,24768,619200,619200,TRUE,"legacy"
"PROJ_042",5621,"Opp GPO Civil Lines, Nagpur - MPCB","Nagpur",14927,"no2","µg/m³","µg/m³","canonical","2018-03-09T05:30:00Z","2022-10-31T00:45:00Z",4,23982,599550,599550,TRUE,"legacy"
"PROJ_042",5621,"Opp GPO Civil Lines, Nagpur - MPCB","Nagpur",15258,"pm2_5","µg/m³","µg/m³","canonical","2018-03-09T05:30:00Z","2022-10-31T00:45:00Z",4,24934,623350,623350,TRUE,"legacy"
"PROJ_042",5621,"Opp GPO Civil Lines, Nagpur - MPCB","Nagpur",14940,"co","µg/m³","mg/m³","conversion_required_later","2018-03-09T05:30:00Z","2022-10-31T00:45:00Z",4,24921,623025,623025,TRUE,"legacy"
"PROJ_042",5621,"Opp GPO Civil Lines, Nagpur - MPCB","Nagpur",15245,"so2","µg/m³","µg/m³","canonical","2018-03-09T05:30:00Z","2022-10-31T00:45:00Z",4,24933,623325,623325,TRUE,"legacy"
"PROJ_209",3409464,"Ambazari, Nagpur - MPCB","Nagpur",12238216,"temperature","c","°C","not_applicable_to_pollutant_aqi","2025-02-18T20:15:00Z","2026-09-21T15:30:00Z",4,45807,1145175,1145175,TRUE,"preferred_current"
"PROJ_209",3409464,"Ambazari, Nagpur - MPCB","Nagpur",12238212,"pm10","µg/m³","µg/m³","canonical","2025-02-18T20:15:00Z","2026-09-21T15:30:00Z",4,45632,1140800,1140800,TRUE,"preferred_current"
"PROJ_209",3409464,"Ambazari, Nagpur - MPCB","Nagpur",12238210,"no2","ppb","µg/m³","conversion_required_later","2025-02-18T20:15:00Z","2026-09-21T15:30:00Z",4,45366,1134150,1134150,TRUE,"preferred_current"
"PROJ_209",3409464,"Ambazari, Nagpur - MPCB","Nagpur",12238213,"pm2_5","µg/m³","µg/m³","canonical","2025-02-18T20:15:00Z","2026-09-21T15:30:00Z",4,45737,1143425,1143425,TRUE,"preferred_current"
"PROJ_209",3409464,"Ambazari, Nagpur - MPCB","Nagpur",12238215,"so2","ppb","µg/m³","conversion_required_later","2025-02-18T20:15:00Z","2026-09-21T15:30:00Z",4,45561,1139025,1139025,TRUE,"preferred_current"
"PROJ_209",3409464,"Ambazari, Nagpur - MPCB","Nagpur",12238209,"no","ppb",NA,"unsupported_or_uncertain","2025-02-18T20:15:00Z","2026-09-21T15:30:00Z",4,45317,1132925,1132925,TRUE,"preferred_current"
"PROJ_209",3409464,"Ambazari, Nagpur - MPCB","Nagpur",12238214,"relativehumidity","%","%","canonical","2025-02-18T20:15:00Z","2026-09-21T15:30:00Z",4,45782,1144550,1144550,TRUE,"preferred_current"
"PROJ_209",3409464,"Ambazari, Nagpur - MPCB","Nagpur",12238211,"o3","µg/m³","µg/m³","canonical","2025-02-18T20:15:00Z","2026-09-21T15:30:00Z",4,45618,1140450,1140450,TRUE,"preferred_current"
"PROJ_209",3409464,"Ambazari, Nagpur - MPCB","Nagpur",12238208,"co","ppb","mg/m³","conversion_required_later","2025-02-18T20:15:00Z","2026-09-21T15:30:00Z",4,45669,1141725,1141725,TRUE,"preferred_current"
"PROJ_209",3409464,"Ambazari, Nagpur - MPCB","Nagpur",14341524,"wind_speed","m/s","m/s","canonical","2025-10-10T18:15:00Z","2026-09-21T15:30:00Z",4,26228,655700,655700,TRUE,"preferred_current"
"PROJ_209",3409464,"Ambazari, Nagpur - MPCB","Nagpur",14341523,"wind_direction","deg","°","not_applicable_to_pollutant_aqi","2025-10-10T18:15:00Z","2026-09-21T15:30:00Z",4,26230,655750,655750,TRUE,"preferred_current"
"PROJ_209",3409464,"Ambazari, Nagpur - MPCB","Nagpur",14341522,"nox","ppb",NA,"unsupported_or_uncertain","2025-10-10T18:15:00Z","2026-09-21T15:30:00Z",4,26014,650350,650350,TRUE,"preferred_current"
"PROJ_210",3409465,"Ram Nagar, Nagpur - MPCB","Nagpur",12238218,"no","ppb",NA,"unsupported_or_uncertain","2025-02-18T20:15:00Z","2026-09-21T15:30:00Z",4,45031,1125775,1125775,TRUE,"preferred_current"
"PROJ_210",3409465,"Ram Nagar, Nagpur - MPCB","Nagpur",12238223,"relativehumidity","%","%","canonical","2025-02-18T20:15:00Z","2026-09-21T15:30:00Z",4,45084,1127100,1127100,TRUE,"preferred_current"
"PROJ_210",3409465,"Ram Nagar, Nagpur - MPCB","Nagpur",12238221,"pm10","µg/m³","µg/m³","canonical","2025-02-18T20:15:00Z","2026-09-21T15:30:00Z",4,44813,1120325,1120325,TRUE,"preferred_current"
"PROJ_210",3409465,"Ram Nagar, Nagpur - MPCB","Nagpur",12238224,"so2","ppb","µg/m³","conversion_required_later","2025-02-18T20:15:00Z","2026-09-21T15:30:00Z",4,44934,1123350,1123350,TRUE,"preferred_current"
"PROJ_210",3409465,"Ram Nagar, Nagpur - MPCB","Nagpur",12238217,"co","ppb","mg/m³","conversion_required_later","2025-02-18T20:15:00Z","2026-09-21T15:30:00Z",4,45173,1129325,1129325,TRUE,"preferred_current"
"PROJ_210",3409465,"Ram Nagar, Nagpur - MPCB","Nagpur",12238219,"no2","ppb","µg/m³","conversion_required_later","2025-02-18T20:15:00Z","2026-09-21T15:30:00Z",4,45205,1130125,1130125,TRUE,"preferred_current"
"PROJ_210",3409465,"Ram Nagar, Nagpur - MPCB","Nagpur",12238222,"pm2_5","µg/m³","µg/m³","canonical","2025-02-18T20:15:00Z","2026-09-21T15:30:00Z",4,44839,1120975,1120975,TRUE,"preferred_current"
"PROJ_210",3409465,"Ram Nagar, Nagpur - MPCB","Nagpur",12238220,"o3","µg/m³","µg/m³","canonical","2025-02-18T20:15:00Z","2026-09-21T15:30:00Z",4,44888,1122200,1122200,TRUE,"preferred_current"
"PROJ_210",3409465,"Ram Nagar, Nagpur - MPCB","Nagpur",12238225,"temperature","c","°C","not_applicable_to_pollutant_aqi","2025-02-18T20:15:00Z","2026-09-21T15:30:00Z",4,45191,1129775,1129775,TRUE,"preferred_current"
"PROJ_210",3409465,"Ram Nagar, Nagpur - MPCB","Nagpur",14341526,"wind_direction","deg","°","not_applicable_to_pollutant_aqi","2025-10-10T18:15:00Z","2026-09-21T15:30:00Z",4,26035,650875,650875,TRUE,"preferred_current"
"PROJ_210",3409465,"Ram Nagar, Nagpur - MPCB","Nagpur",14341527,"wind_speed","m/s","m/s","canonical","2025-10-10T18:15:00Z","2026-09-21T15:30:00Z",4,26049,651225,651225,TRUE,"preferred_current"
"PROJ_210",3409465,"Ram Nagar, Nagpur - MPCB","Nagpur",14341525,"nox","ppb",NA,"unsupported_or_uncertain","2025-10-10T18:15:00Z","2026-09-21T15:30:00Z",4,26313,657825,657825,TRUE,"preferred_current"
"PROJ_048",5628,"GVM Corporation, Visakhapatnam - APPCB","Visakhapatnam",14950,"o3","µg/m³","µg/m³","canonical","2018-03-09T06:00:00Z","2022-10-31T02:00:00Z",4,40944,1023600,1023600,TRUE,"legacy"
"PROJ_048",5628,"GVM Corporation, Visakhapatnam - APPCB","Visakhapatnam",14969,"co","µg/m³","mg/m³","conversion_required_later","2018-03-09T06:00:00Z","2022-10-31T02:00:00Z",4,41117,1027925,1027925,TRUE,"legacy"
"PROJ_048",5628,"GVM Corporation, Visakhapatnam - APPCB","Visakhapatnam",14947,"pm10","µg/m³","µg/m³","canonical","2018-03-09T06:00:00Z","2022-10-31T02:00:00Z",4,39414,985350,985350,TRUE,"legacy"
"PROJ_048",5628,"GVM Corporation, Visakhapatnam - APPCB","Visakhapatnam",14944,"pm2_5","µg/m³","µg/m³","canonical","2018-03-09T06:00:00Z","2022-10-31T02:00:00Z",4,40134,1003350,1003350,TRUE,"legacy"
"PROJ_048",5628,"GVM Corporation, Visakhapatnam - APPCB","Visakhapatnam",14957,"no2","µg/m³","µg/m³","canonical","2018-03-09T06:00:00Z","2022-10-31T02:00:00Z",4,41081,1027025,1027025,TRUE,"legacy"
"PROJ_048",5628,"GVM Corporation, Visakhapatnam - APPCB","Visakhapatnam",14939,"so2","µg/m³","µg/m³","canonical","2018-03-09T06:00:00Z","2022-10-31T02:00:00Z",4,40963,1024075,1024075,TRUE,"legacy"
"PROJ_048",5628,"GVM Corporation, Visakhapatnam - APPCB","Visakhapatnam",12235460,"pm2_5","µg/m³","µg/m³","canonical","2025-02-18T20:15:00Z","2026-09-21T15:30:00Z",4,43691,1092275,1092275,TRUE,"preferred_current"
"PROJ_048",5628,"GVM Corporation, Visakhapatnam - APPCB","Visakhapatnam",12235458,"o3","µg/m³","µg/m³","canonical","2025-02-18T20:15:00Z","2026-09-21T14:45:00Z",4,42252,1056300,1056300,TRUE,"preferred_current"
"PROJ_048",5628,"GVM Corporation, Visakhapatnam - APPCB","Visakhapatnam",12235455,"co","ppb","mg/m³","conversion_required_later","2025-02-18T20:15:00Z","2026-09-21T15:15:00Z",4,38745,968625,968625,TRUE,"preferred_current"
"PROJ_048",5628,"GVM Corporation, Visakhapatnam - APPCB","Visakhapatnam",12235459,"pm10","µg/m³","µg/m³","canonical","2025-02-18T20:15:00Z","2026-09-21T15:30:00Z",4,44145,1103625,1103625,TRUE,"preferred_current"
"PROJ_048",5628,"GVM Corporation, Visakhapatnam - APPCB","Visakhapatnam",12235461,"relativehumidity","%","%","canonical","2025-02-18T20:15:00Z","2026-09-21T15:30:00Z",4,44429,1110725,1110725,TRUE,"preferred_current"
"PROJ_048",5628,"GVM Corporation, Visakhapatnam - APPCB","Visakhapatnam",12235463,"temperature","c","°C","not_applicable_to_pollutant_aqi","2025-02-18T20:15:00Z","2026-09-21T15:30:00Z",4,52814,1320350,1320350,TRUE,"preferred_current"
"PROJ_048",5628,"GVM Corporation, Visakhapatnam - APPCB","Visakhapatnam",12235462,"so2","ppb","µg/m³","conversion_required_later","2025-02-18T20:15:00Z","2026-09-21T15:15:00Z",4,39911,997775,997775,TRUE,"preferred_current"
"PROJ_048",5628,"GVM Corporation, Visakhapatnam - APPCB","Visakhapatnam",12235456,"no","ppb",NA,"unsupported_or_uncertain","2025-02-18T20:15:00Z","2026-09-21T15:30:00Z",4,37662,941550,941550,TRUE,"preferred_current"
"PROJ_048",5628,"GVM Corporation, Visakhapatnam - APPCB","Visakhapatnam",12235457,"no2","ppb","µg/m³","conversion_required_later","2025-02-18T20:15:00Z","2026-09-21T15:30:00Z",4,42966,1074150,1074150,TRUE,"preferred_current"
"PROJ_048",5628,"GVM Corporation, Visakhapatnam - APPCB","Visakhapatnam",14340842,"nox","ppb",NA,"unsupported_or_uncertain","2025-10-10T18:15:00Z","2026-09-21T15:30:00Z",4,24764,619100,619100,TRUE,"preferred_current"
"PROJ_048",5628,"GVM Corporation, Visakhapatnam - APPCB","Visakhapatnam",14340844,"wind_speed","m/s","m/s","canonical","2025-10-10T18:15:00Z","2026-09-21T15:30:00Z",4,25587,639675,639675,TRUE,"preferred_current"
"PROJ_048",5628,"GVM Corporation, Visakhapatnam - APPCB","Visakhapatnam",14340843,"wind_direction","deg","°","not_applicable_to_pollutant_aqi","2025-10-10T18:15:00Z","2026-09-21T15:30:00Z",4,25590,639750,639750,TRUE,"preferred_current"
"PROJ_050",5631,"Maninagar, Ahmedabad - GPCB","Ahmedabad",14963,"so2","µg/m³","µg/m³","canonical","2018-03-09T05:30:00Z","2022-10-31T01:45:00Z",4,42529,1063225,1063225,TRUE,"legacy"
"PROJ_050",5631,"Maninagar, Ahmedabad - GPCB","Ahmedabad",14991,"no2","µg/m³","µg/m³","canonical","2018-03-09T05:30:00Z","2022-10-31T01:45:00Z",4,43430,1085750,1085750,TRUE,"legacy"
"PROJ_050",5631,"Maninagar, Ahmedabad - GPCB","Ahmedabad",14964,"pm2_5","µg/m³","µg/m³","canonical","2018-03-09T05:30:00Z","2022-10-31T01:45:00Z",4,43437,1085925,1085925,TRUE,"legacy"
"PROJ_050",5631,"Maninagar, Ahmedabad - GPCB","Ahmedabad",14986,"o3","µg/m³","µg/m³","canonical","2018-03-09T05:30:00Z","2022-10-31T01:45:00Z",4,43215,1080375,1080375,TRUE,"legacy"
"PROJ_050",5631,"Maninagar, Ahmedabad - GPCB","Ahmedabad",35977,"pm10","µg/m³","µg/m³","canonical","2019-08-01T07:15:00Z","2022-10-31T01:45:00Z",4,32556,813900,813900,TRUE,"legacy"
"PROJ_050",5631,"Maninagar, Ahmedabad - GPCB","Ahmedabad",14996,"co","µg/m³","mg/m³","conversion_required_later","2018-03-09T05:30:00Z","2022-10-31T01:45:00Z",4,43130,1078250,1078250,TRUE,"legacy"
"PROJ_050",5631,"Maninagar, Ahmedabad - GPCB","Ahmedabad",12235666,"co","ppb","mg/m³","conversion_required_later","2025-02-18T20:15:00Z","2026-09-21T15:30:00Z",4,44094,1102350,1102350,TRUE,"preferred_current"
"PROJ_050",5631,"Maninagar, Ahmedabad - GPCB","Ahmedabad",12235668,"no2","ppb","µg/m³","conversion_required_later","2025-02-18T20:15:00Z","2026-09-21T15:30:00Z",4,43876,1096900,1096900,TRUE,"preferred_current"
"PROJ_050",5631,"Maninagar, Ahmedabad - GPCB","Ahmedabad",12235670,"pm10","µg/m³","µg/m³","canonical","2025-02-18T20:15:00Z","2026-09-21T15:30:00Z",4,43372,1084300,1084300,TRUE,"preferred_current"
"PROJ_050",5631,"Maninagar, Ahmedabad - GPCB","Ahmedabad",12235673,"so2","ppb","µg/m³","conversion_required_later","2025-02-18T20:15:00Z","2026-09-21T15:30:00Z",4,43615,1090375,1090375,TRUE,"preferred_current"
"PROJ_050",5631,"Maninagar, Ahmedabad - GPCB","Ahmedabad",12235671,"pm2_5","µg/m³","µg/m³","canonical","2025-02-18T20:15:00Z","2026-09-21T15:30:00Z",4,43357,1083925,1083925,TRUE,"preferred_current"
"PROJ_050",5631,"Maninagar, Ahmedabad - GPCB","Ahmedabad",12235674,"temperature","c","°C","not_applicable_to_pollutant_aqi","2025-02-18T20:15:00Z","2026-09-21T15:30:00Z",4,44150,1103750,1103750,TRUE,"preferred_current"
"PROJ_050",5631,"Maninagar, Ahmedabad - GPCB","Ahmedabad",12235669,"o3","µg/m³","µg/m³","canonical","2025-02-18T20:15:00Z","2026-09-21T15:30:00Z",4,44074,1101850,1101850,TRUE,"preferred_current"
"PROJ_050",5631,"Maninagar, Ahmedabad - GPCB","Ahmedabad",12235667,"no","ppb",NA,"unsupported_or_uncertain","2025-02-18T20:15:00Z","2026-09-21T15:30:00Z",4,43545,1088625,1088625,TRUE,"preferred_current"
"PROJ_050",5631,"Maninagar, Ahmedabad - GPCB","Ahmedabad",12235672,"relativehumidity","%","%","canonical","2025-02-18T20:15:00Z","2026-09-21T15:30:00Z",4,44146,1103650,1103650,TRUE,"preferred_current"
"PROJ_050",5631,"Maninagar, Ahmedabad - GPCB","Ahmedabad",14340876,"nox","ppb",NA,"unsupported_or_uncertain","2025-10-10T18:15:00Z","2026-09-21T15:30:00Z",4,25962,649050,649050,TRUE,"preferred_current"
"PROJ_050",5631,"Maninagar, Ahmedabad - GPCB","Ahmedabad",14340877,"wind_direction","deg","°","not_applicable_to_pollutant_aqi","2025-10-10T18:15:00Z","2026-09-21T15:30:00Z",4,26034,650850,650850,TRUE,"preferred_current"
"PROJ_050",5631,"Maninagar, Ahmedabad - GPCB","Ahmedabad",14340878,"wind_speed","m/s","m/s","canonical","2025-10-10T18:15:00Z","2026-09-21T15:30:00Z",4,26041,651025,651025,TRUE,"preferred_current"
"PROJ_170",227533,"Rakhial, Ahmedabad - IITM","Ahmedabad",12236538,"o3","µg/m³","µg/m³","canonical","2025-02-18T20:15:00Z","2026-09-21T15:15:00Z",4,43220,1080500,1080500,TRUE,"preferred_current"
"PROJ_170",227533,"Rakhial, Ahmedabad - IITM","Ahmedabad",12236537,"no2","ppb","µg/m³","conversion_required_later","2025-02-18T20:15:00Z","2026-09-21T15:15:00Z",4,43216,1080400,1080400,TRUE,"preferred_current"
"PROJ_170",227533,"Rakhial, Ahmedabad - IITM","Ahmedabad",12236540,"pm2_5","µg/m³","µg/m³","canonical","2025-02-18T20:15:00Z","2026-09-21T15:15:00Z",4,42935,1073375,1073375,TRUE,"preferred_current"
"PROJ_170",227533,"Rakhial, Ahmedabad - IITM","Ahmedabad",12236542,"so2","ppb","µg/m³","conversion_required_later","2025-02-18T20:15:00Z","2026-09-21T15:15:00Z",4,43307,1082675,1082675,TRUE,"preferred_current"
"PROJ_170",227533,"Rakhial, Ahmedabad - IITM","Ahmedabad",12236543,"temperature","c","°C","not_applicable_to_pollutant_aqi","2025-02-18T20:15:00Z","2026-09-21T15:15:00Z",4,43425,1085625,1085625,TRUE,"preferred_current"
"PROJ_170",227533,"Rakhial, Ahmedabad - IITM","Ahmedabad",12236541,"relativehumidity","%","%","canonical","2025-02-18T20:15:00Z","2026-09-21T15:15:00Z",4,43423,1085575,1085575,TRUE,"preferred_current"
"PROJ_170",227533,"Rakhial, Ahmedabad - IITM","Ahmedabad",12236536,"no","ppb",NA,"unsupported_or_uncertain","2025-02-18T20:15:00Z","2026-09-21T15:15:00Z",4,43176,1079400,1079400,TRUE,"preferred_current"
"PROJ_170",227533,"Rakhial, Ahmedabad - IITM","Ahmedabad",12236535,"co","ppb","mg/m³","conversion_required_later","2025-02-18T20:15:00Z","2026-09-21T15:15:00Z",4,43244,1081100,1081100,TRUE,"preferred_current"
"PROJ_170",227533,"Rakhial, Ahmedabad - IITM","Ahmedabad",12236539,"pm10","µg/m³","µg/m³","canonical","2025-02-18T20:15:00Z","2026-09-21T15:15:00Z",4,42941,1073525,1073525,TRUE,"preferred_current"
"PROJ_170",227533,"Rakhial, Ahmedabad - IITM","Ahmedabad",14342121,"wind_speed","m/s","m/s","canonical","2025-10-10T20:15:00Z","2026-09-21T15:15:00Z",4,25264,631600,631600,TRUE,"preferred_current"
"PROJ_170",227533,"Rakhial, Ahmedabad - IITM","Ahmedabad",14342119,"nox","ppb",NA,"unsupported_or_uncertain","2025-10-10T20:15:00Z","2026-09-21T15:15:00Z",4,25140,628500,628500,TRUE,"preferred_current"
"PROJ_170",227533,"Rakhial, Ahmedabad - IITM","Ahmedabad",14342120,"wind_direction","deg","°","not_applicable_to_pollutant_aqi","2025-10-10T20:15:00Z","2026-09-21T15:15:00Z",4,25270,631750,631750,TRUE,"preferred_current"
"PROJ_170",227533,"Rakhial, Ahmedabad - IITM","Ahmedabad",1312464,"co","µg/m³","mg/m³","conversion_required_later","2021-06-04T17:30:00Z","2022-07-13T06:30:00Z",4,3388,84700,84700,TRUE,"legacy"
"PROJ_170",227533,"Rakhial, Ahmedabad - IITM","Ahmedabad",1312468,"pm10","µg/m³","µg/m³","canonical","2021-06-04T17:30:00Z","2022-07-13T06:30:00Z",4,3386,84650,84650,TRUE,"legacy"
"PROJ_170",227533,"Rakhial, Ahmedabad - IITM","Ahmedabad",1312453,"o3","µg/m³","µg/m³","canonical","2021-06-04T17:30:00Z","2022-07-13T06:30:00Z",4,3387,84675,84675,TRUE,"legacy"
"PROJ_170",227533,"Rakhial, Ahmedabad - IITM","Ahmedabad",1312467,"so2","µg/m³","µg/m³","canonical","2021-06-04T17:30:00Z","2022-07-13T06:30:00Z",4,3388,84700,84700,TRUE,"legacy"
"PROJ_170",227533,"Rakhial, Ahmedabad - IITM","Ahmedabad",1312460,"pm2_5","µg/m³","µg/m³","canonical","2021-06-04T17:30:00Z","2022-07-13T06:30:00Z",4,3387,84675,84675,TRUE,"legacy"
"PROJ_170",227533,"Rakhial, Ahmedabad - IITM","Ahmedabad",1312466,"no2","µg/m³","µg/m³","canonical","2021-06-04T17:30:00Z","2022-07-13T06:30:00Z",4,3388,84700,84700,TRUE,"legacy"
"PROJ_171",227534,"Gyaspur, Ahmedabad - IITM","Ahmedabad",12236534,"temperature","c","°C","not_applicable_to_pollutant_aqi","2025-02-18T20:15:00Z","2026-06-22T18:00:00Z",4,38176,954400,954400,TRUE,"preferred_current"
"PROJ_171",227534,"Gyaspur, Ahmedabad - IITM","Ahmedabad",12236531,"pm2_5","µg/m³","µg/m³","canonical","2025-02-18T20:15:00Z","2026-09-21T15:30:00Z",4,43955,1098875,1098875,TRUE,"preferred_current"
"PROJ_171",227534,"Gyaspur, Ahmedabad - IITM","Ahmedabad",12236530,"pm10","µg/m³","µg/m³","canonical","2025-02-18T20:15:00Z","2026-09-21T15:30:00Z",4,44387,1109675,1109675,TRUE,"preferred_current"
"PROJ_171",227534,"Gyaspur, Ahmedabad - IITM","Ahmedabad",12236529,"o3","µg/m³","µg/m³","canonical","2025-02-18T20:15:00Z","2026-09-21T15:30:00Z",4,43863,1096575,1096575,TRUE,"preferred_current"
"PROJ_171",227534,"Gyaspur, Ahmedabad - IITM","Ahmedabad",12236533,"so2","ppb","µg/m³","conversion_required_later","2025-02-18T20:15:00Z","2026-09-21T15:30:00Z",4,44450,1111250,1111250,TRUE,"preferred_current"
"PROJ_171",227534,"Gyaspur, Ahmedabad - IITM","Ahmedabad",12236528,"no2","ppb","µg/m³","conversion_required_later","2025-02-18T20:15:00Z","2026-09-21T15:30:00Z",4,44411,1110275,1110275,TRUE,"preferred_current"
"PROJ_171",227534,"Gyaspur, Ahmedabad - IITM","Ahmedabad",12236532,"relativehumidity","%","%","canonical","2025-02-18T20:15:00Z","2026-09-21T15:30:00Z",4,44608,1115200,1115200,TRUE,"preferred_current"
"PROJ_171",227534,"Gyaspur, Ahmedabad - IITM","Ahmedabad",12236526,"co","ppb","mg/m³","conversion_required_later","2025-02-18T20:15:00Z","2026-09-21T15:30:00Z",4,44514,1112850,1112850,TRUE,"preferred_current"
"PROJ_171",227534,"Gyaspur, Ahmedabad - IITM","Ahmedabad",12236527,"no","ppb",NA,"unsupported_or_uncertain","2025-02-18T20:15:00Z","2026-09-21T15:30:00Z",4,44421,1110525,1110525,TRUE,"preferred_current"
"PROJ_171",227534,"Gyaspur, Ahmedabad - IITM","Ahmedabad",14342116,"nox","ppb",NA,"unsupported_or_uncertain","2025-10-10T20:15:00Z","2026-09-21T15:30:00Z",4,25241,631025,631025,TRUE,"preferred_current"
"PROJ_171",227534,"Gyaspur, Ahmedabad - IITM","Ahmedabad",14342118,"wind_speed","m/s","m/s","canonical","2025-10-10T20:15:00Z","2026-09-21T15:30:00Z",4,25306,632650,632650,TRUE,"preferred_current"
"PROJ_171",227534,"Gyaspur, Ahmedabad - IITM","Ahmedabad",14342117,"wind_direction","deg","°","not_applicable_to_pollutant_aqi","2025-10-10T20:15:00Z","2026-09-21T15:30:00Z",4,25375,634375,634375,TRUE,"preferred_current"
"PROJ_171",227534,"Gyaspur, Ahmedabad - IITM","Ahmedabad",1312462,"so2","µg/m³","µg/m³","canonical","2021-06-04T17:30:00Z","2022-07-07T08:45:00Z",4,5419,135475,135475,TRUE,"legacy"
"PROJ_171",227534,"Gyaspur, Ahmedabad - IITM","Ahmedabad",1312469,"no2","µg/m³","µg/m³","canonical","2021-06-04T17:30:00Z","2022-07-07T08:45:00Z",4,5419,135475,135475,TRUE,"legacy"
"PROJ_171",227534,"Gyaspur, Ahmedabad - IITM","Ahmedabad",1312472,"o3","µg/m³","µg/m³","canonical","2021-06-04T17:30:00Z","2022-07-07T08:45:00Z",4,5420,135500,135500,TRUE,"legacy"
"PROJ_171",227534,"Gyaspur, Ahmedabad - IITM","Ahmedabad",1312452,"pm2_5","µg/m³","µg/m³","canonical","2021-06-04T17:30:00Z","2022-07-07T08:45:00Z",4,5418,135450,135450,TRUE,"legacy"
"PROJ_171",227534,"Gyaspur, Ahmedabad - IITM","Ahmedabad",1312470,"pm10","µg/m³","µg/m³","canonical","2021-06-04T17:30:00Z","2022-07-07T08:45:00Z",4,5419,135475,135475,TRUE,"legacy"
"PROJ_171",227534,"Gyaspur, Ahmedabad - IITM","Ahmedabad",1312455,"co","µg/m³","mg/m³","conversion_required_later","2021-06-04T17:30:00Z","2022-07-07T08:45:00Z",4,5417,135425,135425,TRUE,"legacy"
"PROJ_142",10903,"Railway Colony, Guwahati - APCB","Guwahati",36575,"pm10","µg/m³","µg/m³","canonical","2019-12-24T09:45:00Z","2022-10-31T01:45:00Z",4,17595,439875,439875,TRUE,"legacy"
"PROJ_142",10903,"Railway Colony, Guwahati - APCB","Guwahati",36563,"o3","µg/m³","µg/m³","canonical","2019-12-24T09:45:00Z","2022-10-31T01:45:00Z",4,17595,439875,439875,TRUE,"legacy"
"PROJ_142",10903,"Railway Colony, Guwahati - APCB","Guwahati",36635,"so2","µg/m³","µg/m³","canonical","2019-12-24T09:45:00Z","2022-10-31T01:45:00Z",4,17595,439875,439875,TRUE,"legacy"
"PROJ_142",10903,"Railway Colony, Guwahati - APCB","Guwahati",36550,"no2","µg/m³","µg/m³","canonical","2019-12-24T09:45:00Z","2022-10-31T01:45:00Z",4,17595,439875,439875,TRUE,"legacy"
"PROJ_142",10903,"Railway Colony, Guwahati - APCB","Guwahati",36592,"pm2_5","µg/m³","µg/m³","canonical","2019-12-24T09:45:00Z","2022-10-31T01:45:00Z",4,17595,439875,439875,TRUE,"legacy"
"PROJ_142",10903,"Railway Colony, Guwahati - APCB","Guwahati",36548,"co","µg/m³","mg/m³","conversion_required_later","2019-12-24T09:45:00Z","2022-10-31T01:45:00Z",4,17595,439875,439875,TRUE,"legacy"
"PROJ_142",10903,"Railway Colony, Guwahati - APCB","Guwahati",12235758,"no2","ppb","µg/m³","conversion_required_later","2025-02-18T20:15:00Z","2026-09-21T15:30:00Z",4,41125,1028125,1028125,TRUE,"preferred_current"
"PROJ_142",10903,"Railway Colony, Guwahati - APCB","Guwahati",12235757,"no","ppb",NA,"unsupported_or_uncertain","2025-02-18T20:15:00Z","2026-09-21T15:30:00Z",4,41127,1028175,1028175,TRUE,"preferred_current"
"PROJ_142",10903,"Railway Colony, Guwahati - APCB","Guwahati",12235763,"so2","ppb","µg/m³","conversion_required_later","2025-02-18T20:15:00Z","2026-09-21T15:30:00Z",4,41503,1037575,1037575,TRUE,"preferred_current"
"PROJ_142",10903,"Railway Colony, Guwahati - APCB","Guwahati",12235764,"temperature","c","°C","not_applicable_to_pollutant_aqi","2025-02-18T20:15:00Z","2026-09-21T15:30:00Z",4,41427,1035675,1035675,TRUE,"preferred_current"
"PROJ_142",10903,"Railway Colony, Guwahati - APCB","Guwahati",12235762,"relativehumidity","%","%","canonical","2025-02-18T20:15:00Z","2026-09-21T15:30:00Z",4,41427,1035675,1035675,TRUE,"preferred_current"
"PROJ_142",10903,"Railway Colony, Guwahati - APCB","Guwahati",12235756,"co","ppb","mg/m³","conversion_required_later","2025-02-18T20:15:00Z","2026-09-21T15:30:00Z",4,41536,1038400,1038400,TRUE,"preferred_current"
"PROJ_142",10903,"Railway Colony, Guwahati - APCB","Guwahati",12235760,"pm10","µg/m³","µg/m³","canonical","2025-02-18T20:15:00Z","2026-09-21T15:30:00Z",4,40938,1023450,1023450,TRUE,"preferred_current"
"PROJ_142",10903,"Railway Colony, Guwahati - APCB","Guwahati",12235759,"o3","µg/m³","µg/m³","canonical","2025-02-18T20:15:00Z","2026-09-21T15:30:00Z",4,40774,1019350,1019350,TRUE,"preferred_current"
"PROJ_142",10903,"Railway Colony, Guwahati - APCB","Guwahati",12235761,"pm2_5","µg/m³","µg/m³","canonical","2025-02-18T20:15:00Z","2026-09-21T15:30:00Z",4,40979,1024475,1024475,TRUE,"preferred_current"
"PROJ_142",10903,"Railway Colony, Guwahati - APCB","Guwahati",14340902,"nox","ppb",NA,"unsupported_or_uncertain","2025-10-10T18:15:00Z","2026-09-21T15:30:00Z",4,24778,619450,619450,TRUE,"preferred_current"
"PROJ_142",10903,"Railway Colony, Guwahati - APCB","Guwahati",14340903,"wind_direction","deg","°","not_applicable_to_pollutant_aqi","2025-10-10T18:15:00Z","2026-09-21T15:30:00Z",4,24669,616725,616725,TRUE,"preferred_current"
"PROJ_142",10903,"Railway Colony, Guwahati - APCB","Guwahati",14340904,"wind_speed","m/s","m/s","canonical","2025-10-10T18:15:00Z","2026-09-21T15:30:00Z",4,24669,616725,616725,TRUE,"preferred_current"
"PROJ_197",3409360,"IITG, Guwahati - PCBA","Guwahati",12237363,"no","ppb",NA,"unsupported_or_uncertain","2025-02-18T20:15:00Z","2026-09-21T15:30:00Z",4,42825,1070625,1070625,TRUE,"preferred_current"
"PROJ_197",3409360,"IITG, Guwahati - PCBA","Guwahati",12237370,"temperature","c","°C","not_applicable_to_pollutant_aqi","2025-02-18T20:15:00Z","2026-06-23T11:00:00Z",4,35937,898425,898425,TRUE,"preferred_current"
"PROJ_197",3409360,"IITG, Guwahati - PCBA","Guwahati",12237366,"pm10","µg/m³","µg/m³","canonical","2025-02-18T20:15:00Z","2026-09-20T01:00:00Z",4,40278,1006950,1006950,TRUE,"preferred_current"
"PROJ_197",3409360,"IITG, Guwahati - PCBA","Guwahati",12237367,"pm2_5","µg/m³","µg/m³","canonical","2025-02-18T20:15:00Z","2026-09-21T15:30:00Z",4,40511,1012775,1012775,TRUE,"preferred_current"
"PROJ_197",3409360,"IITG, Guwahati - PCBA","Guwahati",12237369,"so2","ppb","µg/m³","conversion_required_later","2025-02-18T20:15:00Z","2026-09-21T15:30:00Z",4,42932,1073300,1073300,TRUE,"preferred_current"
"PROJ_197",3409360,"IITG, Guwahati - PCBA","Guwahati",12237368,"relativehumidity","%","%","canonical","2025-02-18T20:15:00Z","2026-09-21T15:30:00Z",4,39741,993525,993525,TRUE,"preferred_current"
"PROJ_197",3409360,"IITG, Guwahati - PCBA","Guwahati",12237365,"o3","µg/m³","µg/m³","canonical","2025-02-18T20:15:00Z","2026-09-21T15:30:00Z",4,42928,1073200,1073200,TRUE,"preferred_current"
"PROJ_197",3409360,"IITG, Guwahati - PCBA","Guwahati",12237364,"no2","ppb","µg/m³","conversion_required_later","2025-02-18T20:15:00Z","2026-09-21T15:30:00Z",4,42813,1070325,1070325,TRUE,"preferred_current"
"PROJ_197",3409360,"IITG, Guwahati - PCBA","Guwahati",12237362,"co","ppb","mg/m³","conversion_required_later","2025-02-18T20:15:00Z","2026-09-21T15:30:00Z",4,42992,1074800,1074800,TRUE,"preferred_current"
"PROJ_197",3409360,"IITG, Guwahati - PCBA","Guwahati",14341282,"wind_direction","deg","°","not_applicable_to_pollutant_aqi","2025-10-10T18:15:00Z","2026-09-21T15:30:00Z",4,25802,645050,645050,TRUE,"preferred_current"
"PROJ_197",3409360,"IITG, Guwahati - PCBA","Guwahati",14341281,"nox","ppb",NA,"unsupported_or_uncertain","2025-10-10T18:15:00Z","2026-09-21T15:30:00Z",4,25798,644950,644950,TRUE,"preferred_current"
"PROJ_197",3409360,"IITG, Guwahati - PCBA","Guwahati",14341283,"wind_speed","m/s","m/s","canonical","2025-10-10T18:15:00Z","2026-09-21T15:30:00Z",4,25802,645050,645050,TRUE,"preferred_current"
"PROJ_144",10913,"T T Nagar, Bhopal - MPPCB","Bhopal",12236019,"o3","µg/m³","µg/m³","canonical","2025-02-18T20:15:00Z","2026-09-21T15:30:00Z",4,43825,1095625,1095625,TRUE,"preferred_current"
"PROJ_144",10913,"T T Nagar, Bhopal - MPPCB","Bhopal",12236023,"so2","ppb","µg/m³","conversion_required_later","2025-02-18T20:15:00Z","2026-09-21T15:30:00Z",4,39944,998600,998600,TRUE,"preferred_current"
"PROJ_144",10913,"T T Nagar, Bhopal - MPPCB","Bhopal",12236021,"pm2_5","µg/m³","µg/m³","canonical","2025-02-18T20:15:00Z","2026-09-21T15:30:00Z",4,44410,1110250,1110250,TRUE,"preferred_current"
"PROJ_144",10913,"T T Nagar, Bhopal - MPPCB","Bhopal",12236020,"pm10","µg/m³","µg/m³","canonical","2025-02-18T20:15:00Z","2026-09-21T15:30:00Z",4,44369,1109225,1109225,TRUE,"preferred_current"
"PROJ_144",10913,"T T Nagar, Bhopal - MPPCB","Bhopal",12236022,"relativehumidity","%","%","canonical","2025-02-18T20:15:00Z","2026-09-21T15:30:00Z",4,45397,1134925,1134925,TRUE,"preferred_current"
"PROJ_144",10913,"T T Nagar, Bhopal - MPPCB","Bhopal",12236017,"no","ppb",NA,"unsupported_or_uncertain","2025-02-18T20:15:00Z","2026-09-21T15:30:00Z",4,43744,1093600,1093600,TRUE,"preferred_current"
"PROJ_144",10913,"T T Nagar, Bhopal - MPPCB","Bhopal",12236016,"co","ppb","mg/m³","conversion_required_later","2025-02-18T20:15:00Z","2026-09-21T15:30:00Z",4,40935,1023375,1023375,TRUE,"preferred_current"
"PROJ_144",10913,"T T Nagar, Bhopal - MPPCB","Bhopal",12236018,"no2","ppb","µg/m³","conversion_required_later","2025-02-18T20:15:00Z","2026-09-21T15:30:00Z",4,44021,1100525,1100525,TRUE,"preferred_current"
"PROJ_144",10913,"T T Nagar, Bhopal - MPPCB","Bhopal",12236024,"temperature","c","°C","not_applicable_to_pollutant_aqi","2025-02-18T20:15:00Z","2026-09-21T15:30:00Z",4,53568,1339200,1339200,TRUE,"preferred_current"
"PROJ_144",10913,"T T Nagar, Bhopal - MPPCB","Bhopal",14340960,"wind_direction","deg","°","not_applicable_to_pollutant_aqi","2025-10-10T18:15:00Z","2026-09-21T15:30:00Z",4,26563,664075,664075,TRUE,"preferred_current"
"PROJ_144",10913,"T T Nagar, Bhopal - MPPCB","Bhopal",14340959,"nox","ppb",NA,"unsupported_or_uncertain","2025-10-10T18:15:00Z","2026-09-21T15:30:00Z",4,25778,644450,644450,TRUE,"preferred_current"
"PROJ_144",10913,"T T Nagar, Bhopal - MPPCB","Bhopal",14340961,"wind_speed","m/s","m/s","canonical","2025-10-10T18:15:00Z","2026-09-21T15:30:00Z",4,26586,664650,664650,TRUE,"preferred_current"
"PROJ_144",10913,"T T Nagar, Bhopal - MPPCB","Bhopal",36617,"so2","µg/m³","µg/m³","canonical","2019-09-23T10:00:00Z","2022-10-16T16:00:00Z",4,22332,558300,558300,TRUE,"legacy"
"PROJ_144",10913,"T T Nagar, Bhopal - MPPCB","Bhopal",36614,"o3","µg/m³","µg/m³","canonical","2019-09-23T10:00:00Z","2022-10-16T16:00:00Z",4,22603,565075,565075,TRUE,"legacy"
"PROJ_144",10913,"T T Nagar, Bhopal - MPPCB","Bhopal",36616,"pm2_5","µg/m³","µg/m³","canonical","2019-09-23T10:00:00Z","2022-10-16T16:00:00Z",4,22772,569300,569300,TRUE,"legacy"
"PROJ_144",10913,"T T Nagar, Bhopal - MPPCB","Bhopal",36615,"pm10","µg/m³","µg/m³","canonical","2019-09-23T10:00:00Z","2022-10-16T16:00:00Z",4,22998,574950,574950,TRUE,"legacy"
"PROJ_144",10913,"T T Nagar, Bhopal - MPPCB","Bhopal",36612,"co","µg/m³","mg/m³","conversion_required_later","2019-09-23T10:00:00Z","2022-10-16T16:00:00Z",4,21449,536225,536225,TRUE,"legacy"
"PROJ_144",10913,"T T Nagar, Bhopal - MPPCB","Bhopal",36613,"no2","µg/m³","µg/m³","canonical","2019-09-23T10:00:00Z","2022-10-16T16:00:00Z",4,22196,554900,554900,TRUE,"legacy"
"PROJ_187",361378,"Paryavaran Parisar, Bhopal - MPPCB","Bhopal",12237357,"pm10","µg/m³","µg/m³","canonical","2025-02-18T20:15:00Z","2026-09-21T15:30:00Z",4,45216,1130400,1130400,TRUE,"preferred_current"
"PROJ_187",361378,"Paryavaran Parisar, Bhopal - MPPCB","Bhopal",12237354,"no","ppb",NA,"unsupported_or_uncertain","2025-02-18T20:15:00Z","2026-09-21T15:30:00Z",4,43952,1098800,1098800,TRUE,"preferred_current"
"PROJ_187",361378,"Paryavaran Parisar, Bhopal - MPPCB","Bhopal",12237360,"so2","ppb","µg/m³","conversion_required_later","2025-02-18T20:15:00Z","2026-09-21T15:30:00Z",4,43555,1088875,1088875,TRUE,"preferred_current"
"PROJ_187",361378,"Paryavaran Parisar, Bhopal - MPPCB","Bhopal",12237353,"co","ppb","mg/m³","conversion_required_later","2025-02-18T20:15:00Z","2026-09-21T15:30:00Z",4,44006,1100150,1100150,TRUE,"preferred_current"
"PROJ_187",361378,"Paryavaran Parisar, Bhopal - MPPCB","Bhopal",12237356,"o3","µg/m³","µg/m³","canonical","2025-02-18T20:15:00Z","2026-09-21T15:30:00Z",4,44560,1114000,1114000,TRUE,"preferred_current"
"PROJ_187",361378,"Paryavaran Parisar, Bhopal - MPPCB","Bhopal",12237355,"no2","ppb","µg/m³","conversion_required_later","2025-02-18T20:15:00Z","2026-09-21T15:30:00Z",4,43925,1098125,1098125,TRUE,"preferred_current"
"PROJ_187",361378,"Paryavaran Parisar, Bhopal - MPPCB","Bhopal",12237358,"pm2_5","µg/m³","µg/m³","canonical","2025-02-18T20:15:00Z","2026-09-21T15:30:00Z",4,44934,1123350,1123350,TRUE,"preferred_current"
"PROJ_187",361378,"Paryavaran Parisar, Bhopal - MPPCB","Bhopal",12237361,"temperature","c","°C","not_applicable_to_pollutant_aqi","2025-02-18T20:15:00Z","2026-09-21T15:30:00Z",4,54036,1350900,1350900,TRUE,"preferred_current"
"PROJ_187",361378,"Paryavaran Parisar, Bhopal - MPPCB","Bhopal",12237359,"relativehumidity","%","%","canonical","2025-02-18T20:15:00Z","2026-09-21T15:30:00Z",4,45477,1136925,1136925,TRUE,"preferred_current"
"PROJ_187",361378,"Paryavaran Parisar, Bhopal - MPPCB","Bhopal",14341279,"wind_direction","deg","°","not_applicable_to_pollutant_aqi","2025-10-10T18:15:00Z","2026-09-21T15:30:00Z",4,26069,651725,651725,TRUE,"preferred_current"
"PROJ_187",361378,"Paryavaran Parisar, Bhopal - MPPCB","Bhopal",14341280,"wind_speed","m/s","m/s","canonical","2025-10-10T18:15:00Z","2026-09-21T15:30:00Z",4,26144,653600,653600,TRUE,"preferred_current"
"PROJ_187",361378,"Paryavaran Parisar, Bhopal - MPPCB","Bhopal",14341278,"nox","ppb",NA,"unsupported_or_uncertain","2025-10-10T18:15:00Z","2026-09-21T15:30:00Z",4,25228,630700,630700,TRUE,"preferred_current"
"PROJ_187",361378,"Paryavaran Parisar, Bhopal - MPPCB","Bhopal",2042810,"o3","µg/m³","µg/m³","canonical","2022-09-19T06:45:00Z","2022-10-31T01:45:00Z",4,391,9775,9775,TRUE,"legacy"
"PROJ_187",361378,"Paryavaran Parisar, Bhopal - MPPCB","Bhopal",2042812,"pm2_5","µg/m³","µg/m³","canonical","2022-09-19T06:45:00Z","2022-10-31T01:45:00Z",4,403,10075,10075,TRUE,"legacy"
"PROJ_187",361378,"Paryavaran Parisar, Bhopal - MPPCB","Bhopal",2042813,"pm10","µg/m³","µg/m³","canonical","2022-09-19T06:45:00Z","2022-10-31T01:45:00Z",4,400,10000,10000,TRUE,"legacy"
"PROJ_187",361378,"Paryavaran Parisar, Bhopal - MPPCB","Bhopal",2042814,"so2","µg/m³","µg/m³","canonical","2022-09-19T06:45:00Z","2022-10-31T01:45:00Z",4,389,9725,9725,TRUE,"legacy"
"PROJ_187",361378,"Paryavaran Parisar, Bhopal - MPPCB","Bhopal",2042811,"no2","µg/m³","µg/m³","canonical","2022-09-19T06:45:00Z","2022-10-31T01:45:00Z",4,393,9825,9825,TRUE,"legacy"
"PROJ_187",361378,"Paryavaran Parisar, Bhopal - MPPCB","Bhopal",2042942,"co","µg/m³","mg/m³","conversion_required_later","2022-09-19T12:45:00Z","2022-10-31T01:45:00Z",4,388,9700,9700,TRUE,"legacy"
"PROJ_202",3409413,"Idgah Hills, Bhopal - MPPCB","Bhopal",12237808,"no2","ppb","µg/m³","conversion_required_later","2025-02-18T20:15:00Z","2026-09-21T15:30:00Z",4,41207,1030175,1030175,TRUE,"preferred_current"
"PROJ_202",3409413,"Idgah Hills, Bhopal - MPPCB","Bhopal",12237809,"o3","µg/m³","µg/m³","canonical","2025-02-18T20:15:00Z","2026-09-21T15:30:00Z",4,41039,1025975,1025975,TRUE,"preferred_current"
"PROJ_202",3409413,"Idgah Hills, Bhopal - MPPCB","Bhopal",12237806,"co","ppb","mg/m³","conversion_required_later","2025-02-18T20:15:00Z","2026-09-21T15:30:00Z",4,40179,1004475,1004475,TRUE,"preferred_current"
"PROJ_202",3409413,"Idgah Hills, Bhopal - MPPCB","Bhopal",12237807,"no","ppb",NA,"unsupported_or_uncertain","2025-02-18T20:15:00Z","2026-09-21T15:30:00Z",4,40920,1023000,1023000,TRUE,"preferred_current"
"PROJ_202",3409413,"Idgah Hills, Bhopal - MPPCB","Bhopal",12237810,"pm10","µg/m³","µg/m³","canonical","2025-02-18T20:15:00Z","2026-09-21T15:30:00Z",4,41679,1041975,1041975,TRUE,"preferred_current"
"PROJ_202",3409413,"Idgah Hills, Bhopal - MPPCB","Bhopal",12237811,"pm2_5","µg/m³","µg/m³","canonical","2025-02-18T20:45:00Z","2026-09-21T15:30:00Z",4,41158,1028950,1028950,TRUE,"preferred_current"
"PROJ_202",3409413,"Idgah Hills, Bhopal - MPPCB","Bhopal",12237812,"relativehumidity","%","%","canonical","2025-02-18T20:15:00Z","2026-09-21T15:30:00Z",4,42675,1066875,1066875,TRUE,"preferred_current"
"PROJ_202",3409413,"Idgah Hills, Bhopal - MPPCB","Bhopal",12237814,"temperature","c","°C","not_applicable_to_pollutant_aqi","2025-02-18T20:15:00Z","2026-09-21T15:30:00Z",4,50899,1272475,1272475,TRUE,"preferred_current"
"PROJ_202",3409413,"Idgah Hills, Bhopal - MPPCB","Bhopal",12237813,"so2","ppb","µg/m³","conversion_required_later","2025-02-18T20:15:00Z","2026-09-21T15:30:00Z",4,40289,1007225,1007225,TRUE,"preferred_current"
"PROJ_202",3409413,"Idgah Hills, Bhopal - MPPCB","Bhopal",14341397,"nox","ppb",NA,"unsupported_or_uncertain","2025-10-10T18:15:00Z","2026-09-21T15:30:00Z",4,23532,588300,588300,TRUE,"preferred_current"
"PROJ_202",3409413,"Idgah Hills, Bhopal - MPPCB","Bhopal",14341399,"wind_speed","m/s","m/s","canonical","2025-10-10T18:15:00Z","2026-09-21T15:30:00Z",4,24311,607775,607775,TRUE,"preferred_current"
"PROJ_202",3409413,"Idgah Hills, Bhopal - MPPCB","Bhopal",14341398,"wind_direction","deg","°","not_applicable_to_pollutant_aqi","2025-10-10T18:15:00Z","2026-09-21T15:30:00Z",4,24219,605475,605475,TRUE,"preferred_current"
"PROJ_045",5624,"IDA Pashamylaram, Hyderabad - TSPCB","Hyderabad",12235500,"co","ppb","mg/m³","conversion_required_later","2025-02-18T20:15:00Z","2026-09-21T15:30:00Z",4,38158,953950,953950,TRUE,"preferred_current"
"PROJ_045",5624,"IDA Pashamylaram, Hyderabad - TSPCB","Hyderabad",12235502,"no2","ppb","µg/m³","conversion_required_later","2025-02-18T20:15:00Z","2026-09-21T15:30:00Z",4,37536,938400,938400,TRUE,"preferred_current"
"PROJ_045",5624,"IDA Pashamylaram, Hyderabad - TSPCB","Hyderabad",12235504,"pm10","µg/m³","µg/m³","canonical","2025-02-18T20:15:00Z","2026-09-21T15:30:00Z",4,34554,863850,863850,TRUE,"preferred_current"
"PROJ_045",5624,"IDA Pashamylaram, Hyderabad - TSPCB","Hyderabad",12235507,"so2","ppb","µg/m³","conversion_required_later","2025-02-18T20:15:00Z","2026-09-21T15:30:00Z",4,37504,937600,937600,TRUE,"preferred_current"
"PROJ_045",5624,"IDA Pashamylaram, Hyderabad - TSPCB","Hyderabad",12235508,"temperature","c","°C","not_applicable_to_pollutant_aqi","2025-02-18T20:15:00Z","2026-09-21T15:30:00Z",4,46002,1150050,1150050,TRUE,"preferred_current"
"PROJ_045",5624,"IDA Pashamylaram, Hyderabad - TSPCB","Hyderabad",12235506,"relativehumidity","%","%","canonical","2025-02-18T20:15:00Z","2026-09-21T15:30:00Z",4,36301,907525,907525,TRUE,"preferred_current"
"PROJ_045",5624,"IDA Pashamylaram, Hyderabad - TSPCB","Hyderabad",12235503,"o3","µg/m³","µg/m³","canonical","2025-02-18T20:15:00Z","2026-09-21T15:30:00Z",4,37692,942300,942300,TRUE,"preferred_current"
"PROJ_045",5624,"IDA Pashamylaram, Hyderabad - TSPCB","Hyderabad",12235501,"no","ppb",NA,"unsupported_or_uncertain","2025-02-18T20:15:00Z","2026-09-21T15:30:00Z",4,37513,937825,937825,TRUE,"preferred_current"
"PROJ_045",5624,"IDA Pashamylaram, Hyderabad - TSPCB","Hyderabad",12235505,"pm2_5","µg/m³","µg/m³","canonical","2025-02-18T20:15:00Z","2026-09-21T15:30:00Z",4,34372,859300,859300,TRUE,"preferred_current"
"PROJ_045",5624,"IDA Pashamylaram, Hyderabad - TSPCB","Hyderabad",14341846,"wind_direction","deg","°","not_applicable_to_pollutant_aqi","2025-10-10T20:15:00Z","2026-09-21T15:30:00Z",4,22189,554725,554725,TRUE,"preferred_current"
"PROJ_045",5624,"IDA Pashamylaram, Hyderabad - TSPCB","Hyderabad",14341845,"nox","ppb",NA,"unsupported_or_uncertain","2025-10-10T20:15:00Z","2026-09-21T15:30:00Z",4,21817,545425,545425,TRUE,"preferred_current"
"PROJ_045",5624,"IDA Pashamylaram, Hyderabad - TSPCB","Hyderabad",14341847,"wind_speed","m/s","m/s","canonical","2025-10-10T20:15:00Z","2026-09-21T15:30:00Z",4,22189,554725,554725,TRUE,"preferred_current"
"PROJ_045",5624,"IDA Pashamylaram, Hyderabad - TSPCB","Hyderabad",15226,"no2","µg/m³","µg/m³","canonical","2018-03-09T06:00:00Z","2022-10-31T02:00:00Z",4,39689,992225,992225,TRUE,"legacy"
"PROJ_045",5624,"IDA Pashamylaram, Hyderabad - TSPCB","Hyderabad",14928,"so2","µg/m³","µg/m³","canonical","2018-03-09T06:00:00Z","2022-10-31T02:00:00Z",4,40973,1024325,1024325,TRUE,"legacy"
"PROJ_045",5624,"IDA Pashamylaram, Hyderabad - TSPCB","Hyderabad",15220,"o3","µg/m³","µg/m³","canonical","2018-03-09T06:00:00Z","2022-10-31T02:00:00Z",4,40914,1022850,1022850,TRUE,"legacy"
"PROJ_045",5624,"IDA Pashamylaram, Hyderabad - TSPCB","Hyderabad",15213,"pm2_5","µg/m³","µg/m³","canonical","2018-03-09T06:00:00Z","2022-10-31T02:00:00Z",4,36834,920850,920850,TRUE,"legacy"
"PROJ_045",5624,"IDA Pashamylaram, Hyderabad - TSPCB","Hyderabad",15230,"pm10","µg/m³","µg/m³","canonical","2018-03-09T06:00:00Z","2022-10-31T02:00:00Z",4,39649,991225,991225,TRUE,"legacy"
"PROJ_045",5624,"IDA Pashamylaram, Hyderabad - TSPCB","Hyderabad",15228,"co","µg/m³","mg/m³","conversion_required_later","2018-03-09T06:00:00Z","2022-10-31T02:00:00Z",4,40952,1023800,1023800,TRUE,"legacy"
"PROJ_057",5645,"ICRISAT Patancheru, Hyderabad - TSPCB","Hyderabad",12235406,"no2","ppb","µg/m³","conversion_required_later","2025-02-18T20:15:00Z","2026-09-21T15:30:00Z",4,41674,1041850,1041850,TRUE,"preferred_current"
"PROJ_057",5645,"ICRISAT Patancheru, Hyderabad - TSPCB","Hyderabad",12235405,"no","ppb",NA,"unsupported_or_uncertain","2025-02-18T20:15:00Z","2026-09-21T15:30:00Z",4,41621,1040525,1040525,TRUE,"preferred_current"
"PROJ_057",5645,"ICRISAT Patancheru, Hyderabad - TSPCB","Hyderabad",12235411,"so2","ppb","µg/m³","conversion_required_later","2025-02-18T20:15:00Z","2026-09-21T15:30:00Z",4,41413,1035325,1035325,TRUE,"preferred_current"
"PROJ_057",5645,"ICRISAT Patancheru, Hyderabad - TSPCB","Hyderabad",12235404,"co","ppb","mg/m³","conversion_required_later","2025-02-18T20:15:00Z","2026-09-21T15:30:00Z",4,41720,1043000,1043000,TRUE,"preferred_current"
"PROJ_057",5645,"ICRISAT Patancheru, Hyderabad - TSPCB","Hyderabad",12235412,"temperature","c","°C","not_applicable_to_pollutant_aqi","2025-02-18T20:15:00Z","2026-09-21T15:30:00Z",4,48563,1214075,1214075,TRUE,"preferred_current"
"PROJ_057",5645,"ICRISAT Patancheru, Hyderabad - TSPCB","Hyderabad",12235408,"pm10","µg/m³","µg/m³","canonical","2025-02-18T20:15:00Z","2026-09-21T15:30:00Z",4,40271,1006775,1006775,TRUE,"preferred_current"
"PROJ_057",5645,"ICRISAT Patancheru, Hyderabad - TSPCB","Hyderabad",12235409,"pm2_5","µg/m³","µg/m³","canonical","2025-02-18T20:15:00Z","2026-09-21T15:30:00Z",4,39961,999025,999025,TRUE,"preferred_current"
"PROJ_057",5645,"ICRISAT Patancheru, Hyderabad - TSPCB","Hyderabad",12235407,"o3","µg/m³","µg/m³","canonical","2025-02-18T20:15:00Z","2026-09-21T15:30:00Z",4,41399,1034975,1034975,TRUE,"preferred_current"
"PROJ_057",5645,"ICRISAT Patancheru, Hyderabad - TSPCB","Hyderabad",12235410,"relativehumidity","%","%","canonical","2025-02-18T20:15:00Z","2026-09-21T15:30:00Z",4,41791,1044775,1044775,TRUE,"preferred_current"
"PROJ_057",5645,"ICRISAT Patancheru, Hyderabad - TSPCB","Hyderabad",14340837,"wind_direction","deg","°","not_applicable_to_pollutant_aqi","2025-10-10T18:15:00Z","2026-09-21T15:30:00Z",4,22886,572150,572150,TRUE,"preferred_current"
"PROJ_057",5645,"ICRISAT Patancheru, Hyderabad - TSPCB","Hyderabad",14340838,"wind_speed","m/s","m/s","canonical","2025-10-10T18:15:00Z","2026-09-21T15:30:00Z",4,22902,572550,572550,TRUE,"preferred_current"
"PROJ_057",5645,"ICRISAT Patancheru, Hyderabad - TSPCB","Hyderabad",14340836,"nox","ppb",NA,"unsupported_or_uncertain","2025-10-10T18:15:00Z","2026-09-21T15:30:00Z",4,22792,569800,569800,TRUE,"preferred_current"
"PROJ_057",5645,"ICRISAT Patancheru, Hyderabad - TSPCB","Hyderabad",15254,"pm2_5","µg/m³","µg/m³","canonical","2018-03-10T19:30:00Z","2020-04-28T06:15:00Z",4,33153,828825,828825,TRUE,"legacy"
"PROJ_057",5645,"ICRISAT Patancheru, Hyderabad - TSPCB","Hyderabad",15233,"so2","µg/m³","µg/m³","canonical","2018-03-10T19:30:00Z","2020-04-28T06:15:00Z",4,33703,842575,842575,TRUE,"legacy"
"PROJ_057",5645,"ICRISAT Patancheru, Hyderabad - TSPCB","Hyderabad",15267,"pm10","µg/m³","µg/m³","canonical","2018-03-10T19:30:00Z","2020-04-28T06:15:00Z",4,33154,828850,828850,TRUE,"legacy"
"PROJ_057",5645,"ICRISAT Patancheru, Hyderabad - TSPCB","Hyderabad",15173,"no2","µg/m³","µg/m³","canonical","2018-03-10T19:30:00Z","2020-04-28T06:15:00Z",4,33719,842975,842975,TRUE,"legacy"
"PROJ_057",5645,"ICRISAT Patancheru, Hyderabad - TSPCB","Hyderabad",15037,"co","µg/m³","mg/m³","conversion_required_later","2018-03-10T20:30:00Z","2022-03-24T23:30:00Z",4,33728,843200,843200,TRUE,"legacy"
"PROJ_057",5645,"ICRISAT Patancheru, Hyderabad - TSPCB","Hyderabad",15188,"o3","µg/m³","µg/m³","canonical","2018-03-10T20:30:00Z","2022-03-24T23:30:00Z",4,33734,843350,843350,TRUE,"legacy"
"PROJ_058",5647,"Sanathnagar, Hyderabad - TSPCB","Hyderabad",15065,"pm2_5","µg/m³","µg/m³","canonical","2018-03-09T06:00:00Z","2022-10-31T02:00:00Z",4,38575,964375,964375,TRUE,"legacy"
"PROJ_058",5647,"Sanathnagar, Hyderabad - TSPCB","Hyderabad",15061,"so2","µg/m³","µg/m³","canonical","2018-03-09T06:00:00Z","2022-10-31T02:00:00Z",4,40622,1015550,1015550,TRUE,"legacy"
"PROJ_058",5647,"Sanathnagar, Hyderabad - TSPCB","Hyderabad",15049,"co","µg/m³","mg/m³","conversion_required_later","2018-03-09T06:00:00Z","2022-10-31T02:00:00Z",4,40210,1005250,1005250,TRUE,"legacy"
"PROJ_058",5647,"Sanathnagar, Hyderabad - TSPCB","Hyderabad",15051,"no2","µg/m³","µg/m³","canonical","2018-03-09T06:00:00Z","2022-10-31T02:00:00Z",4,40474,1011850,1011850,TRUE,"legacy"
"PROJ_058",5647,"Sanathnagar, Hyderabad - TSPCB","Hyderabad",15058,"o3","µg/m³","µg/m³","canonical","2018-03-09T06:00:00Z","2022-10-31T02:00:00Z",4,40925,1023125,1023125,TRUE,"legacy"
"PROJ_058",5647,"Sanathnagar, Hyderabad - TSPCB","Hyderabad",14340855,"nox","ppb",NA,"unsupported_or_uncertain","2025-10-10T18:15:00Z","2026-09-21T15:30:00Z",4,21603,540075,540075,TRUE,"preferred_current"
"PROJ_058",5647,"Sanathnagar, Hyderabad - TSPCB","Hyderabad",14340856,"wind_direction","deg","°","not_applicable_to_pollutant_aqi","2025-10-10T18:15:00Z","2026-09-21T15:30:00Z",4,25066,626650,626650,TRUE,"preferred_current"
"PROJ_058",5647,"Sanathnagar, Hyderabad - TSPCB","Hyderabad",12242126,"no","ppb",NA,"unsupported_or_uncertain","2025-02-19T06:00:00Z","2026-09-21T15:30:00Z",4,41170,1029250,1029250,TRUE,"preferred_current"
"PROJ_058",5647,"Sanathnagar, Hyderabad - TSPCB","Hyderabad",12242125,"co","ppb","mg/m³","conversion_required_later","2025-02-19T06:00:00Z","2026-09-21T15:30:00Z",4,43521,1088025,1088025,TRUE,"preferred_current"
"PROJ_058",5647,"Sanathnagar, Hyderabad - TSPCB","Hyderabad",14340857,"wind_speed","m/s","m/s","canonical","2025-10-10T18:15:00Z","2026-09-21T15:30:00Z",4,25068,626700,626700,TRUE,"preferred_current"
"PROJ_058",5647,"Sanathnagar, Hyderabad - TSPCB","Hyderabad",12242129,"pm2_5","µg/m³","µg/m³","canonical","2025-02-19T06:00:00Z","2026-09-21T15:30:00Z",4,43635,1090875,1090875,TRUE,"preferred_current"
"PROJ_058",5647,"Sanathnagar, Hyderabad - TSPCB","Hyderabad",12242127,"no2","ppb","µg/m³","conversion_required_later","2025-02-19T06:00:00Z","2026-09-21T15:30:00Z",4,40867,1021675,1021675,TRUE,"preferred_current"
"PROJ_058",5647,"Sanathnagar, Hyderabad - TSPCB","Hyderabad",12242130,"relativehumidity","%","%","canonical","2025-02-19T06:00:00Z","2026-09-21T15:30:00Z",4,44180,1104500,1104500,TRUE,"preferred_current"
"PROJ_058",5647,"Sanathnagar, Hyderabad - TSPCB","Hyderabad",12242132,"temperature","c","°C","not_applicable_to_pollutant_aqi","2025-02-19T06:00:00Z","2026-09-21T15:30:00Z",4,52026,1300650,1300650,TRUE,"preferred_current"
"PROJ_058",5647,"Sanathnagar, Hyderabad - TSPCB","Hyderabad",12242128,"o3","µg/m³","µg/m³","canonical","2025-02-19T06:00:00Z","2026-09-21T15:30:00Z",4,41946,1048650,1048650,TRUE,"preferred_current"
"PROJ_058",5647,"Sanathnagar, Hyderabad - TSPCB","Hyderabad",12242131,"so2","ppb","µg/m³","conversion_required_later","2025-02-19T06:00:00Z","2026-09-21T15:30:00Z",4,42290,1057250,1057250,TRUE,"preferred_current"
"PROJ_123",8557,"Hyderabad","Hyderabad",24857,"pm2_5","µg/m³","µg/m³","canonical","2016-11-09T19:00:00Z","2026-04-06T04:30:00Z",1,74062,7406200,7406200,TRUE,"preferred_current"
"PROJ_179",344103,"ECIL Kapra, Hyderabad - TSPCB","Hyderabad",12237100,"so2","ppb","µg/m³","conversion_required_later","2025-02-18T20:15:00Z","2026-09-21T15:30:00Z",4,42211,1055275,1055275,TRUE,"preferred_current"
"PROJ_179",344103,"ECIL Kapra, Hyderabad - TSPCB","Hyderabad",12237093,"co","ppb","mg/m³","conversion_required_later","2025-02-18T20:15:00Z","2026-09-21T15:30:00Z",4,42588,1064700,1064700,TRUE,"preferred_current"
"PROJ_179",344103,"ECIL Kapra, Hyderabad - TSPCB","Hyderabad",12237096,"o3","µg/m³","µg/m³","canonical","2025-02-18T20:15:00Z","2026-09-21T15:30:00Z",4,42594,1064850,1064850,TRUE,"preferred_current"
"PROJ_179",344103,"ECIL Kapra, Hyderabad - TSPCB","Hyderabad",12237097,"pm10","µg/m³","µg/m³","canonical","2025-02-18T20:15:00Z","2026-09-21T15:30:00Z",4,42508,1062700,1062700,TRUE,"preferred_current"
"PROJ_179",344103,"ECIL Kapra, Hyderabad - TSPCB","Hyderabad",12237094,"no","ppb",NA,"unsupported_or_uncertain","2025-02-18T20:15:00Z","2026-09-21T15:30:00Z",4,42332,1058300,1058300,TRUE,"preferred_current"
"PROJ_179",344103,"ECIL Kapra, Hyderabad - TSPCB","Hyderabad",12237101,"temperature","c","°C","not_applicable_to_pollutant_aqi","2025-02-18T20:15:00Z","2026-09-21T15:30:00Z",4,42712,1067800,1067800,TRUE,"preferred_current"
"PROJ_179",344103,"ECIL Kapra, Hyderabad - TSPCB","Hyderabad",12237098,"pm2_5","µg/m³","µg/m³","canonical","2025-02-18T20:15:00Z","2026-09-21T15:30:00Z",4,42476,1061900,1061900,TRUE,"preferred_current"
"PROJ_179",344103,"ECIL Kapra, Hyderabad - TSPCB","Hyderabad",12237099,"relativehumidity","%","%","canonical","2025-02-18T20:15:00Z","2026-09-21T15:30:00Z",4,42687,1067175,1067175,TRUE,"preferred_current"
"PROJ_179",344103,"ECIL Kapra, Hyderabad - TSPCB","Hyderabad",12237095,"no2","ppb","µg/m³","conversion_required_later","2025-02-18T20:15:00Z","2026-09-21T15:30:00Z",4,42425,1060625,1060625,TRUE,"preferred_current"
"PROJ_179",344103,"ECIL Kapra, Hyderabad - TSPCB","Hyderabad",14341202,"nox","ppb",NA,"unsupported_or_uncertain","2025-10-10T18:15:00Z","2026-09-21T15:30:00Z",4,24082,602050,602050,TRUE,"preferred_current"
"PROJ_179",344103,"ECIL Kapra, Hyderabad - TSPCB","Hyderabad",14341203,"wind_direction","deg","°","not_applicable_to_pollutant_aqi","2025-10-10T18:15:00Z","2026-09-21T15:30:00Z",4,24211,605275,605275,TRUE,"preferred_current"
"PROJ_179",344103,"ECIL Kapra, Hyderabad - TSPCB","Hyderabad",14341204,"wind_speed","m/s","m/s","canonical","2025-10-10T18:15:00Z","2026-09-21T15:30:00Z",4,24222,605550,605550,TRUE,"preferred_current"
"PROJ_179",344103,"ECIL Kapra, Hyderabad - TSPCB","Hyderabad",1960395,"o3","µg/m³","µg/m³","canonical","2022-05-26T12:00:00Z","2022-10-16T14:15:00Z",4,1549,38725,38725,TRUE,"legacy"
"PROJ_179",344103,"ECIL Kapra, Hyderabad - TSPCB","Hyderabad",1960397,"co","µg/m³","mg/m³","conversion_required_later","2022-05-26T12:00:00Z","2022-10-16T14:15:00Z",4,1549,38725,38725,TRUE,"legacy"
"PROJ_179",344103,"ECIL Kapra, Hyderabad - TSPCB","Hyderabad",1960403,"no2","µg/m³","µg/m³","canonical","2022-05-26T12:00:00Z","2022-10-16T14:15:00Z",4,1550,38750,38750,TRUE,"legacy"
"PROJ_179",344103,"ECIL Kapra, Hyderabad - TSPCB","Hyderabad",1960401,"so2","µg/m³","µg/m³","canonical","2022-05-26T12:00:00Z","2022-10-16T14:15:00Z",4,1549,38725,38725,TRUE,"legacy"
"PROJ_179",344103,"ECIL Kapra, Hyderabad - TSPCB","Hyderabad",1960400,"pm10","µg/m³","µg/m³","canonical","2022-05-26T12:00:00Z","2022-10-16T14:15:00Z",4,1553,38825,38825,TRUE,"legacy"
"PROJ_179",344103,"ECIL Kapra, Hyderabad - TSPCB","Hyderabad",1960399,"pm2_5","µg/m³","µg/m³","canonical","2022-05-26T12:00:00Z","2022-10-16T14:15:00Z",4,1550,38750,38750,TRUE,"legacy"
"PROJ_180",344104,"Kompally Municipal Office, Hyderabad - TSPCB","Hyderabad",12237125,"pm2_5","µg/m³","µg/m³","canonical","2025-02-18T20:15:00Z","2026-09-21T15:30:00Z",4,40545,1013625,1013625,TRUE,"preferred_current"
"PROJ_180",344104,"Kompally Municipal Office, Hyderabad - TSPCB","Hyderabad",12237126,"relativehumidity","%","%","canonical","2025-02-18T20:15:00Z","2026-09-21T15:30:00Z",4,40547,1013675,1013675,TRUE,"preferred_current"
"PROJ_180",344104,"Kompally Municipal Office, Hyderabad - TSPCB","Hyderabad",12237128,"temperature","c","°C","not_applicable_to_pollutant_aqi","2025-02-18T20:15:00Z","2026-09-21T15:30:00Z",4,40583,1014575,1014575,TRUE,"preferred_current"
"PROJ_180",344104,"Kompally Municipal Office, Hyderabad - TSPCB","Hyderabad",12237121,"no","ppb",NA,"unsupported_or_uncertain","2025-02-18T20:15:00Z","2026-09-21T15:30:00Z",4,38449,961225,961225,TRUE,"preferred_current"
"PROJ_180",344104,"Kompally Municipal Office, Hyderabad - TSPCB","Hyderabad",12237122,"no2","ppb","µg/m³","conversion_required_later","2025-02-18T20:15:00Z","2026-09-21T15:30:00Z",4,40422,1010550,1010550,TRUE,"preferred_current"
"PROJ_180",344104,"Kompally Municipal Office, Hyderabad - TSPCB","Hyderabad",12237124,"pm10","µg/m³","µg/m³","canonical","2025-02-18T20:15:00Z","2026-09-21T15:30:00Z",4,40146,1003650,1003650,TRUE,"preferred_current"
"PROJ_180",344104,"Kompally Municipal Office, Hyderabad - TSPCB","Hyderabad",12237127,"so2","ppb","µg/m³","conversion_required_later","2025-02-18T20:15:00Z","2026-09-21T15:30:00Z",4,39896,997400,997400,TRUE,"preferred_current"
"PROJ_180",344104,"Kompally Municipal Office, Hyderabad - TSPCB","Hyderabad",12237123,"o3","µg/m³","µg/m³","canonical","2025-02-18T20:15:00Z","2026-09-21T15:30:00Z",4,40370,1009250,1009250,TRUE,"preferred_current"
"PROJ_180",344104,"Kompally Municipal Office, Hyderabad - TSPCB","Hyderabad",12237120,"co","ppb","mg/m³","conversion_required_later","2025-02-18T20:15:00Z","2026-09-21T15:30:00Z",4,40328,1008200,1008200,TRUE,"preferred_current"
"PROJ_180",344104,"Kompally Municipal Office, Hyderabad - TSPCB","Hyderabad",14341209,"wind_direction","deg","°","not_applicable_to_pollutant_aqi","2025-10-10T18:15:00Z","2026-09-21T15:30:00Z",4,24592,614800,614800,TRUE,"preferred_current"
"PROJ_180",344104,"Kompally Municipal Office, Hyderabad - TSPCB","Hyderabad",14341208,"nox","ppb",NA,"unsupported_or_uncertain","2025-10-10T18:15:00Z","2026-09-21T15:30:00Z",4,24549,613725,613725,TRUE,"preferred_current"
"PROJ_180",344104,"Kompally Municipal Office, Hyderabad - TSPCB","Hyderabad",14341210,"wind_speed","m/s","m/s","canonical","2025-10-10T18:15:00Z","2026-09-21T15:30:00Z",4,24600,615000,615000,TRUE,"preferred_current"
"PROJ_180",344104,"Kompally Municipal Office, Hyderabad - TSPCB","Hyderabad",1960398,"no2","µg/m³","µg/m³","canonical","2022-05-26T12:00:00Z","2022-10-31T02:00:00Z",4,1759,43975,43975,TRUE,"legacy"
"PROJ_180",344104,"Kompally Municipal Office, Hyderabad - TSPCB","Hyderabad",1960405,"so2","µg/m³","µg/m³","canonical","2022-05-26T12:00:00Z","2022-10-31T02:00:00Z",4,1759,43975,43975,TRUE,"legacy"
"PROJ_180",344104,"Kompally Municipal Office, Hyderabad - TSPCB","Hyderabad",1960396,"co","µg/m³","mg/m³","conversion_required_later","2022-05-26T12:00:00Z","2022-10-31T02:00:00Z",4,1759,43975,43975,TRUE,"legacy"
"PROJ_180",344104,"Kompally Municipal Office, Hyderabad - TSPCB","Hyderabad",1960394,"pm2_5","µg/m³","µg/m³","canonical","2022-05-26T12:00:00Z","2022-10-31T02:00:00Z",4,1764,44100,44100,TRUE,"legacy"
"PROJ_180",344104,"Kompally Municipal Office, Hyderabad - TSPCB","Hyderabad",1960404,"pm10","µg/m³","µg/m³","canonical","2022-05-26T12:00:00Z","2022-10-31T02:00:00Z",4,1767,44175,44175,TRUE,"legacy"
"PROJ_180",344104,"Kompally Municipal Office, Hyderabad - TSPCB","Hyderabad",1960402,"o3","µg/m³","µg/m³","canonical","2022-05-26T12:00:00Z","2022-10-31T02:00:00Z",4,1758,43950,43950,TRUE,"legacy"
"PROJ_181",344140,"Somajiguda, Hyderabad - TSPCB","Hyderabad",12237117,"relativehumidity","%","%","canonical","2025-02-18T20:15:00Z","2026-09-21T15:30:00Z",4,43132,1078300,1078300,TRUE,"preferred_current"
"PROJ_181",344140,"Somajiguda, Hyderabad - TSPCB","Hyderabad",12237111,"co","ppb","mg/m³","conversion_required_later","2025-02-18T20:15:00Z","2026-09-21T15:30:00Z",4,43222,1080550,1080550,TRUE,"preferred_current"
"PROJ_181",344140,"Somajiguda, Hyderabad - TSPCB","Hyderabad",12237112,"no","ppb",NA,"unsupported_or_uncertain","2025-02-18T20:15:00Z","2026-09-21T15:30:00Z",4,43304,1082600,1082600,TRUE,"preferred_current"
"PROJ_181",344140,"Somajiguda, Hyderabad - TSPCB","Hyderabad",12237114,"o3","µg/m³","µg/m³","canonical","2025-02-18T20:15:00Z","2026-09-21T15:30:00Z",4,43011,1075275,1075275,TRUE,"preferred_current"
"PROJ_181",344140,"Somajiguda, Hyderabad - TSPCB","Hyderabad",12237113,"no2","ppb","µg/m³","conversion_required_later","2025-02-18T20:15:00Z","2026-09-21T15:30:00Z",4,43286,1082150,1082150,TRUE,"preferred_current"
"PROJ_181",344140,"Somajiguda, Hyderabad - TSPCB","Hyderabad",12237115,"pm10","µg/m³","µg/m³","canonical","2025-02-18T20:15:00Z","2026-09-21T14:45:00Z",4,42503,1062575,1062575,TRUE,"preferred_current"
"PROJ_181",344140,"Somajiguda, Hyderabad - TSPCB","Hyderabad",12237118,"so2","ppb","µg/m³","conversion_required_later","2025-02-18T20:15:00Z","2026-09-21T15:30:00Z",4,43250,1081250,1081250,TRUE,"preferred_current"
"PROJ_181",344140,"Somajiguda, Hyderabad - TSPCB","Hyderabad",12237116,"pm2_5","µg/m³","µg/m³","canonical","2025-02-18T20:15:00Z","2026-09-21T14:45:00Z",4,42616,1065400,1065400,TRUE,"preferred_current"
"PROJ_181",344140,"Somajiguda, Hyderabad - TSPCB","Hyderabad",12237119,"temperature","c","°C","not_applicable_to_pollutant_aqi","2025-02-18T20:15:00Z","2026-09-21T15:30:00Z",4,43408,1085200,1085200,TRUE,"preferred_current"
"PROJ_181",344140,"Somajiguda, Hyderabad - TSPCB","Hyderabad",14341205,"nox","ppb",NA,"unsupported_or_uncertain","2025-10-10T18:15:00Z","2026-09-21T15:30:00Z",4,26262,656550,656550,TRUE,"preferred_current"
"PROJ_181",344140,"Somajiguda, Hyderabad - TSPCB","Hyderabad",14341207,"wind_speed","m/s","m/s","canonical","2025-10-10T18:15:00Z","2026-09-21T15:30:00Z",4,26234,655850,655850,TRUE,"preferred_current"
"PROJ_181",344140,"Somajiguda, Hyderabad - TSPCB","Hyderabad",14341206,"wind_direction","deg","°","not_applicable_to_pollutant_aqi","2025-10-10T18:15:00Z","2026-09-21T15:30:00Z",4,26235,655875,655875,TRUE,"preferred_current"
"PROJ_181",344140,"Somajiguda, Hyderabad - TSPCB","Hyderabad",1960599,"so2","µg/m³","µg/m³","canonical","2022-05-26T13:00:00Z","2022-10-16T16:00:00Z",4,1865,46625,46625,TRUE,"legacy"
"PROJ_181",344140,"Somajiguda, Hyderabad - TSPCB","Hyderabad",1960600,"o3","µg/m³","µg/m³","canonical","2022-05-26T13:00:00Z","2022-10-16T16:00:00Z",4,1864,46600,46600,TRUE,"legacy"
"PROJ_181",344140,"Somajiguda, Hyderabad - TSPCB","Hyderabad",1960587,"pm2_5","µg/m³","µg/m³","canonical","2022-05-26T13:00:00Z","2022-10-16T16:00:00Z",4,1868,46700,46700,TRUE,"legacy"
"PROJ_181",344140,"Somajiguda, Hyderabad - TSPCB","Hyderabad",1960606,"pm10","µg/m³","µg/m³","canonical","2022-05-26T13:00:00Z","2022-10-16T16:00:00Z",4,1868,46700,46700,TRUE,"legacy"
"PROJ_181",344140,"Somajiguda, Hyderabad - TSPCB","Hyderabad",1960604,"co","µg/m³","mg/m³","conversion_required_later","2022-05-26T13:00:00Z","2022-10-16T16:00:00Z",4,1865,46625,46625,TRUE,"legacy"
"PROJ_181",344140,"Somajiguda, Hyderabad - TSPCB","Hyderabad",1960586,"no2","µg/m³","µg/m³","canonical","2022-05-26T13:00:00Z","2022-10-16T16:00:00Z",4,1865,46625,46625,TRUE,"legacy"
"PROJ_182",344142,"Nacharam_TSIIC IALA, Hyderabad - TSPCB","Hyderabad",12237136,"so2","ppb","µg/m³","conversion_required_later","2025-02-18T20:15:00Z","2026-09-21T15:30:00Z",4,39884,997100,997100,TRUE,"preferred_current"
"PROJ_182",344142,"Nacharam_TSIIC IALA, Hyderabad - TSPCB","Hyderabad",12237134,"pm2_5","µg/m³","µg/m³","canonical","2025-02-18T20:15:00Z","2026-09-21T15:30:00Z",4,40109,1002725,1002725,TRUE,"preferred_current"
"PROJ_182",344142,"Nacharam_TSIIC IALA, Hyderabad - TSPCB","Hyderabad",12237130,"no","ppb",NA,"unsupported_or_uncertain","2025-02-18T20:15:00Z","2026-09-21T15:30:00Z",4,39907,997675,997675,TRUE,"preferred_current"
"PROJ_182",344142,"Nacharam_TSIIC IALA, Hyderabad - TSPCB","Hyderabad",12237133,"pm10","µg/m³","µg/m³","canonical","2025-02-18T20:15:00Z","2026-09-21T15:30:00Z",4,40137,1003425,1003425,TRUE,"preferred_current"
"PROJ_182",344142,"Nacharam_TSIIC IALA, Hyderabad - TSPCB","Hyderabad",12237132,"o3","µg/m³","µg/m³","canonical","2025-02-18T20:15:00Z","2026-09-21T15:30:00Z",4,39867,996675,996675,TRUE,"preferred_current"
"PROJ_182",344142,"Nacharam_TSIIC IALA, Hyderabad - TSPCB","Hyderabad",12237129,"co","ppb","mg/m³","conversion_required_later","2025-02-18T20:15:00Z","2026-09-21T15:30:00Z",4,39865,996625,996625,TRUE,"preferred_current"
"PROJ_182",344142,"Nacharam_TSIIC IALA, Hyderabad - TSPCB","Hyderabad",12237137,"temperature","c","°C","not_applicable_to_pollutant_aqi","2025-02-18T20:15:00Z","2026-06-26T07:30:00Z",4,33785,844625,844625,TRUE,"preferred_current"
"PROJ_182",344142,"Nacharam_TSIIC IALA, Hyderabad - TSPCB","Hyderabad",12237131,"no2","ppb","µg/m³","conversion_required_later","2025-02-18T20:15:00Z","2026-09-21T15:30:00Z",4,39891,997275,997275,TRUE,"preferred_current"
"PROJ_182",344142,"Nacharam_TSIIC IALA, Hyderabad - TSPCB","Hyderabad",12237135,"relativehumidity","%","%","canonical","2025-02-18T20:15:00Z","2026-09-15T12:15:00Z",4,36158,903950,903950,TRUE,"preferred_current"
"PROJ_182",344142,"Nacharam_TSIIC IALA, Hyderabad - TSPCB","Hyderabad",14341211,"nox","ppb",NA,"unsupported_or_uncertain","2025-10-10T18:15:00Z","2026-09-21T15:30:00Z",4,23212,580300,580300,TRUE,"preferred_current"
"PROJ_182",344142,"Nacharam_TSIIC IALA, Hyderabad - TSPCB","Hyderabad",14341212,"wind_direction","deg","°","not_applicable_to_pollutant_aqi","2025-10-10T18:15:00Z","2026-09-15T12:15:00Z",4,19302,482550,482550,TRUE,"preferred_current"
"PROJ_182",344142,"Nacharam_TSIIC IALA, Hyderabad - TSPCB","Hyderabad",14341213,"wind_speed","m/s","m/s","canonical","2025-10-10T18:15:00Z","2026-07-24T05:00:00Z",4,19279,481975,481975,TRUE,"preferred_current"
"PROJ_182",344142,"Nacharam_TSIIC IALA, Hyderabad - TSPCB","Hyderabad",1960601,"co","µg/m³","mg/m³","conversion_required_later","2022-05-26T13:00:00Z","2022-10-31T02:00:00Z",4,1643,41075,41075,TRUE,"legacy"
"PROJ_182",344142,"Nacharam_TSIIC IALA, Hyderabad - TSPCB","Hyderabad",1960613,"no2","µg/m³","µg/m³","canonical","2022-05-26T13:00:00Z","2022-10-31T02:00:00Z",4,1644,41100,41100,TRUE,"legacy"
"PROJ_182",344142,"Nacharam_TSIIC IALA, Hyderabad - TSPCB","Hyderabad",1960597,"pm10","µg/m³","µg/m³","canonical","2022-05-26T13:00:00Z","2022-10-31T02:00:00Z",4,1648,41200,41200,TRUE,"legacy"
"PROJ_182",344142,"Nacharam_TSIIC IALA, Hyderabad - TSPCB","Hyderabad",1960594,"o3","µg/m³","µg/m³","canonical","2022-05-26T13:00:00Z","2022-10-31T02:00:00Z",4,1642,41050,41050,TRUE,"legacy"
"PROJ_182",344142,"Nacharam_TSIIC IALA, Hyderabad - TSPCB","Hyderabad",1960609,"pm2_5","µg/m³","µg/m³","canonical","2022-05-26T13:00:00Z","2022-10-31T02:00:00Z",4,1648,41200,41200,TRUE,"legacy"
"PROJ_182",344142,"Nacharam_TSIIC IALA, Hyderabad - TSPCB","Hyderabad",1960596,"so2","µg/m³","µg/m³","canonical","2022-05-26T13:00:00Z","2022-10-31T02:00:00Z",4,1644,41100,41100,TRUE,"legacy"
"PROJ_183",344144,"IITH Kandi, Hyderabad - TSPCB","Hyderabad",12237106,"pm10","µg/m³","µg/m³","canonical","2025-02-18T20:15:00Z","2026-09-21T15:30:00Z",4,38260,956500,956500,TRUE,"preferred_current"
"PROJ_183",344144,"IITH Kandi, Hyderabad - TSPCB","Hyderabad",12237109,"so2","ppb","µg/m³","conversion_required_later","2025-02-18T20:15:00Z","2026-09-21T15:30:00Z",4,38284,957100,957100,TRUE,"preferred_current"
"PROJ_183",344144,"IITH Kandi, Hyderabad - TSPCB","Hyderabad",12237108,"relativehumidity","%","%","canonical","2025-02-18T20:15:00Z","2026-09-21T14:45:00Z",4,36052,901300,901300,TRUE,"preferred_current"
"PROJ_183",344144,"IITH Kandi, Hyderabad - TSPCB","Hyderabad",12237107,"pm2_5","µg/m³","µg/m³","canonical","2025-02-18T20:15:00Z","2026-09-21T15:30:00Z",4,38410,960250,960250,TRUE,"preferred_current"
"PROJ_183",344144,"IITH Kandi, Hyderabad - TSPCB","Hyderabad",12237104,"no2","ppb","µg/m³","conversion_required_later","2025-02-18T20:15:00Z","2026-09-21T15:30:00Z",4,38275,956875,956875,TRUE,"preferred_current"
"PROJ_183",344144,"IITH Kandi, Hyderabad - TSPCB","Hyderabad",12237110,"temperature","c","°C","not_applicable_to_pollutant_aqi","2025-02-18T20:15:00Z","2026-09-21T14:30:00Z",4,35939,898475,898475,TRUE,"preferred_current"
"PROJ_183",344144,"IITH Kandi, Hyderabad - TSPCB","Hyderabad",12237103,"no","ppb",NA,"unsupported_or_uncertain","2025-02-18T20:15:00Z","2026-09-21T15:30:00Z",4,38306,957650,957650,TRUE,"preferred_current"
"PROJ_183",344144,"IITH Kandi, Hyderabad - TSPCB","Hyderabad",12237105,"o3","µg/m³","µg/m³","canonical","2025-02-18T20:15:00Z","2026-09-21T15:30:00Z",4,38242,956050,956050,TRUE,"preferred_current"
"PROJ_183",344144,"IITH Kandi, Hyderabad - TSPCB","Hyderabad",12237102,"co","ppb","mg/m³","conversion_required_later","2025-02-18T20:15:00Z","2026-09-21T15:30:00Z",4,38087,952175,952175,TRUE,"preferred_current"
"PROJ_183",344144,"IITH Kandi, Hyderabad - TSPCB","Hyderabad",14342158,"wind_direction","deg","°","not_applicable_to_pollutant_aqi","2025-10-15T08:45:00Z","2026-09-21T15:30:00Z",4,21734,543350,543350,TRUE,"preferred_current"
"PROJ_183",344144,"IITH Kandi, Hyderabad - TSPCB","Hyderabad",14342159,"wind_speed","m/s","m/s","canonical","2025-10-15T08:45:00Z","2026-09-21T15:30:00Z",4,21759,543975,543975,TRUE,"preferred_current"
"PROJ_183",344144,"IITH Kandi, Hyderabad - TSPCB","Hyderabad",14342157,"nox","ppb",NA,"unsupported_or_uncertain","2025-10-15T08:45:00Z","2026-09-21T15:30:00Z",4,21869,546725,546725,TRUE,"preferred_current"
"PROJ_183",344144,"IITH Kandi, Hyderabad - TSPCB","Hyderabad",1960591,"co","µg/m³","mg/m³","conversion_required_later","2022-05-26T13:00:00Z","2022-10-31T02:00:00Z",4,1783,44575,44575,TRUE,"legacy"
"PROJ_183",344144,"IITH Kandi, Hyderabad - TSPCB","Hyderabad",1960603,"pm10","µg/m³","µg/m³","canonical","2022-05-26T13:00:00Z","2022-10-31T02:00:00Z",4,1789,44725,44725,TRUE,"legacy"
"PROJ_183",344144,"IITH Kandi, Hyderabad - TSPCB","Hyderabad",1960612,"o3","µg/m³","µg/m³","canonical","2022-05-26T13:00:00Z","2022-10-31T02:00:00Z",4,1783,44575,44575,TRUE,"legacy"
"PROJ_183",344144,"IITH Kandi, Hyderabad - TSPCB","Hyderabad",1960589,"no2","µg/m³","µg/m³","canonical","2022-05-26T13:00:00Z","2022-10-31T02:00:00Z",4,1786,44650,44650,TRUE,"legacy"
"PROJ_183",344144,"IITH Kandi, Hyderabad - TSPCB","Hyderabad",1960590,"pm2_5","µg/m³","µg/m³","canonical","2022-05-26T13:00:00Z","2022-10-31T02:00:00Z",4,1789,44725,44725,TRUE,"legacy"
"PROJ_183",344144,"IITH Kandi, Hyderabad - TSPCB","Hyderabad",1960593,"so2","µg/m³","µg/m³","canonical","2022-05-26T13:00:00Z","2022-10-31T02:00:00Z",4,1783,44575,44575,TRUE,"legacy"
"PROJ_184",346257,"Ramachandrapuram, Hyderabad - TSPCB","Hyderabad",12242161,"no2","ppb","µg/m³","conversion_required_later","2025-02-19T06:15:00Z","2026-09-21T15:30:00Z",4,40927,1023175,1023175,TRUE,"preferred_current"
"PROJ_184",346257,"Ramachandrapuram, Hyderabad - TSPCB","Hyderabad",12242162,"o3","µg/m³","µg/m³","canonical","2025-02-19T06:15:00Z","2026-09-21T15:30:00Z",4,40750,1018750,1018750,TRUE,"preferred_current"
"PROJ_184",346257,"Ramachandrapuram, Hyderabad - TSPCB","Hyderabad",12242165,"relativehumidity","%","%","canonical","2025-02-19T06:15:00Z","2026-09-21T15:00:00Z",4,38178,954450,954450,TRUE,"preferred_current"
"PROJ_184",346257,"Ramachandrapuram, Hyderabad - TSPCB","Hyderabad",12242163,"pm10","µg/m³","µg/m³","canonical","2025-02-19T06:15:00Z","2026-09-21T15:30:00Z",4,41067,1026675,1026675,TRUE,"preferred_current"
"PROJ_184",346257,"Ramachandrapuram, Hyderabad - TSPCB","Hyderabad",12242167,"temperature","c","°C","not_applicable_to_pollutant_aqi","2025-02-19T06:15:00Z","2026-09-21T15:30:00Z",4,41027,1025675,1025675,TRUE,"preferred_current"
"PROJ_184",346257,"Ramachandrapuram, Hyderabad - TSPCB","Hyderabad",12242160,"no","ppb",NA,"unsupported_or_uncertain","2025-02-19T06:15:00Z","2026-09-21T15:30:00Z",4,40934,1023350,1023350,TRUE,"preferred_current"
"PROJ_184",346257,"Ramachandrapuram, Hyderabad - TSPCB","Hyderabad",14341217,"nox","ppb",NA,"unsupported_or_uncertain","2025-10-10T18:15:00Z","2026-09-21T15:30:00Z",4,26776,669400,669400,TRUE,"preferred_current"
"PROJ_184",346257,"Ramachandrapuram, Hyderabad - TSPCB","Hyderabad",14341218,"wind_direction","deg","°","not_applicable_to_pollutant_aqi","2025-10-10T18:15:00Z","2026-09-21T15:30:00Z",4,26716,667900,667900,TRUE,"preferred_current"
"PROJ_184",346257,"Ramachandrapuram, Hyderabad - TSPCB","Hyderabad",12242166,"so2","ppb","µg/m³","conversion_required_later","2025-02-19T06:15:00Z","2026-09-21T15:30:00Z",4,40711,1017775,1017775,TRUE,"preferred_current"
"PROJ_184",346257,"Ramachandrapuram, Hyderabad - TSPCB","Hyderabad",12242159,"co","ppb","mg/m³","conversion_required_later","2025-02-19T06:15:00Z","2026-09-21T15:30:00Z",4,40746,1018650,1018650,TRUE,"preferred_current"
"PROJ_184",346257,"Ramachandrapuram, Hyderabad - TSPCB","Hyderabad",12242164,"pm2_5","µg/m³","µg/m³","canonical","2025-02-19T06:15:00Z","2026-09-21T15:30:00Z",4,41052,1026300,1026300,TRUE,"preferred_current"
"PROJ_184",346257,"Ramachandrapuram, Hyderabad - TSPCB","Hyderabad",14341219,"wind_speed","m/s","m/s","canonical","2025-10-10T18:15:00Z","2026-09-21T15:30:00Z",4,26716,667900,667900,TRUE,"preferred_current"
"PROJ_184",346257,"Ramachandrapuram, Hyderabad - TSPCB","Hyderabad",1970973,"pm10","µg/m³","µg/m³","canonical","2022-06-02T08:00:00Z","2022-10-31T02:00:00Z",4,1509,37725,37725,TRUE,"legacy"
"PROJ_184",346257,"Ramachandrapuram, Hyderabad - TSPCB","Hyderabad",1970965,"so2","µg/m³","µg/m³","canonical","2022-06-02T08:00:00Z","2022-10-31T02:00:00Z",4,1506,37650,37650,TRUE,"legacy"
"PROJ_184",346257,"Ramachandrapuram, Hyderabad - TSPCB","Hyderabad",1970971,"no2","µg/m³","µg/m³","canonical","2022-06-02T08:00:00Z","2022-10-31T02:00:00Z",4,1506,37650,37650,TRUE,"legacy"
"PROJ_184",346257,"Ramachandrapuram, Hyderabad - TSPCB","Hyderabad",1970974,"o3","µg/m³","µg/m³","canonical","2022-06-02T08:00:00Z","2022-10-31T02:00:00Z",4,1506,37650,37650,TRUE,"legacy"
"PROJ_184",346257,"Ramachandrapuram, Hyderabad - TSPCB","Hyderabad",1970972,"co","µg/m³","mg/m³","conversion_required_later","2022-06-02T08:00:00Z","2022-10-31T02:00:00Z",4,1506,37650,37650,TRUE,"legacy"
"PROJ_184",346257,"Ramachandrapuram, Hyderabad - TSPCB","Hyderabad",1970968,"pm2_5","µg/m³","µg/m³","canonical","2022-06-02T08:00:00Z","2022-10-31T02:00:00Z",4,1509,37725,37725,TRUE,"legacy"
"PROJ_185",346258,"Kokapet, Hyderabad - TSPCB","Hyderabad",12237161,"pm2_5","µg/m³","µg/m³","canonical","2025-02-18T20:15:00Z","2026-09-21T15:30:00Z",4,39687,992175,992175,TRUE,"preferred_current"
"PROJ_185",346258,"Kokapet, Hyderabad - TSPCB","Hyderabad",12237157,"no","ppb",NA,"unsupported_or_uncertain","2025-02-18T20:15:00Z","2026-09-21T15:30:00Z",4,39561,989025,989025,TRUE,"preferred_current"
"PROJ_185",346258,"Kokapet, Hyderabad - TSPCB","Hyderabad",12237163,"so2","ppb","µg/m³","conversion_required_later","2025-02-18T20:15:00Z","2026-09-21T15:30:00Z",4,39578,989450,989450,TRUE,"preferred_current"
"PROJ_185",346258,"Kokapet, Hyderabad - TSPCB","Hyderabad",12237156,"co","ppb","mg/m³","conversion_required_later","2025-02-18T20:15:00Z","2026-09-21T15:30:00Z",4,39570,989250,989250,TRUE,"preferred_current"
"PROJ_185",346258,"Kokapet, Hyderabad - TSPCB","Hyderabad",12237164,"temperature","c","°C","not_applicable_to_pollutant_aqi","2025-02-18T20:15:00Z","2026-09-21T15:30:00Z",4,39628,990700,990700,TRUE,"preferred_current"
"PROJ_185",346258,"Kokapet, Hyderabad - TSPCB","Hyderabad",12237162,"relativehumidity","%","%","canonical","2025-02-18T20:15:00Z","2026-09-21T15:30:00Z",4,39620,990500,990500,TRUE,"preferred_current"
"PROJ_185",346258,"Kokapet, Hyderabad - TSPCB","Hyderabad",12237160,"pm10","µg/m³","µg/m³","canonical","2025-02-18T20:15:00Z","2026-09-21T15:30:00Z",4,39696,992400,992400,TRUE,"preferred_current"
"PROJ_185",346258,"Kokapet, Hyderabad - TSPCB","Hyderabad",12237158,"no2","ppb","µg/m³","conversion_required_later","2025-02-18T20:15:00Z","2026-09-21T15:30:00Z",4,39551,988775,988775,TRUE,"preferred_current"
"PROJ_185",346258,"Kokapet, Hyderabad - TSPCB","Hyderabad",12237159,"o3","µg/m³","µg/m³","canonical","2025-02-18T20:15:00Z","2026-09-21T15:30:00Z",4,39538,988450,988450,TRUE,"preferred_current"
"PROJ_185",346258,"Kokapet, Hyderabad - TSPCB","Hyderabad",14341223,"nox","ppb",NA,"unsupported_or_uncertain","2025-10-10T18:15:00Z","2026-09-21T15:30:00Z",4,23552,588800,588800,TRUE,"preferred_current"
"PROJ_185",346258,"Kokapet, Hyderabad - TSPCB","Hyderabad",14341224,"wind_direction","deg","°","not_applicable_to_pollutant_aqi","2025-10-10T18:15:00Z","2026-09-21T15:30:00Z",4,15758,393950,393950,TRUE,"preferred_current"
"PROJ_185",346258,"Kokapet, Hyderabad - TSPCB","Hyderabad",14341225,"wind_speed","m/s","m/s","canonical","2025-10-10T18:15:00Z","2026-09-21T15:30:00Z",4,23489,587225,587225,TRUE,"preferred_current"
"PROJ_185",346258,"Kokapet, Hyderabad - TSPCB","Hyderabad",1970969,"no2","µg/m³","µg/m³","canonical","2022-06-02T08:00:00Z","2022-10-31T02:00:00Z",4,1529,38225,38225,TRUE,"legacy"
"PROJ_185",346258,"Kokapet, Hyderabad - TSPCB","Hyderabad",1970970,"pm2_5","µg/m³","µg/m³","canonical","2022-06-02T08:00:00Z","2022-10-31T02:00:00Z",4,1530,38250,38250,TRUE,"legacy"
"PROJ_185",346258,"Kokapet, Hyderabad - TSPCB","Hyderabad",1970975,"so2","µg/m³","µg/m³","canonical","2022-06-02T08:00:00Z","2022-10-31T02:00:00Z",4,1529,38225,38225,TRUE,"legacy"
"PROJ_185",346258,"Kokapet, Hyderabad - TSPCB","Hyderabad",1970966,"pm10","µg/m³","µg/m³","canonical","2022-06-02T08:00:00Z","2022-10-31T02:00:00Z",4,1530,38250,38250,TRUE,"legacy"
"PROJ_185",346258,"Kokapet, Hyderabad - TSPCB","Hyderabad",1970967,"co","µg/m³","mg/m³","conversion_required_later","2022-06-02T08:00:00Z","2022-10-31T02:00:00Z",4,1529,38225,38225,TRUE,"legacy"
"PROJ_186",352465,"New Malakpet, Hyderabad - TSPCB","Hyderabad",12237091,"so2","ppb","µg/m³","conversion_required_later","2025-02-18T20:15:00Z","2026-09-21T15:30:00Z",4,41685,1042125,1042125,TRUE,"preferred_current"
"PROJ_186",352465,"New Malakpet, Hyderabad - TSPCB","Hyderabad",12237092,"temperature","c","°C","not_applicable_to_pollutant_aqi","2025-02-18T20:15:00Z","2026-06-23T11:15:00Z",4,35309,882725,882725,TRUE,"preferred_current"
"PROJ_186",352465,"New Malakpet, Hyderabad - TSPCB","Hyderabad",12237088,"pm10","µg/m³","µg/m³","canonical","2025-02-18T20:15:00Z","2026-09-21T15:30:00Z",4,41779,1044475,1044475,TRUE,"preferred_current"
"PROJ_186",352465,"New Malakpet, Hyderabad - TSPCB","Hyderabad",12237089,"pm2_5","µg/m³","µg/m³","canonical","2025-02-18T20:15:00Z","2026-09-21T15:30:00Z",4,41735,1043375,1043375,TRUE,"preferred_current"
"PROJ_186",352465,"New Malakpet, Hyderabad - TSPCB","Hyderabad",12237085,"no","ppb",NA,"unsupported_or_uncertain","2025-02-18T20:15:00Z","2026-09-21T15:30:00Z",4,41725,1043125,1043125,TRUE,"preferred_current"
"PROJ_186",352465,"New Malakpet, Hyderabad - TSPCB","Hyderabad",12237086,"no2","ppb","µg/m³","conversion_required_later","2025-02-18T20:15:00Z","2026-09-21T15:30:00Z",4,41698,1042450,1042450,TRUE,"preferred_current"
"PROJ_186",352465,"New Malakpet, Hyderabad - TSPCB","Hyderabad",12237090,"relativehumidity","%","%","canonical","2025-02-18T20:15:00Z","2026-09-21T15:30:00Z",4,41795,1044875,1044875,TRUE,"preferred_current"
"PROJ_186",352465,"New Malakpet, Hyderabad - TSPCB","Hyderabad",12237087,"o3","µg/m³","µg/m³","canonical","2025-02-18T20:15:00Z","2026-09-21T15:30:00Z",4,41634,1040850,1040850,TRUE,"preferred_current"
"PROJ_186",352465,"New Malakpet, Hyderabad - TSPCB","Hyderabad",12237084,"co","ppb","mg/m³","conversion_required_later","2025-02-18T20:15:00Z","2026-09-21T15:30:00Z",4,41659,1041475,1041475,TRUE,"preferred_current"
"PROJ_186",352465,"New Malakpet, Hyderabad - TSPCB","Hyderabad",14341201,"wind_speed","m/s","m/s","canonical","2025-10-10T18:15:00Z","2026-09-21T15:30:00Z",4,24715,617875,617875,TRUE,"preferred_current"
"PROJ_186",352465,"New Malakpet, Hyderabad - TSPCB","Hyderabad",14341199,"nox","ppb",NA,"unsupported_or_uncertain","2025-10-10T18:15:00Z","2026-09-21T15:30:00Z",4,24826,620650,620650,TRUE,"preferred_current"
"PROJ_186",352465,"New Malakpet, Hyderabad - TSPCB","Hyderabad",14341200,"wind_direction","deg","°","not_applicable_to_pollutant_aqi","2025-10-10T18:15:00Z","2026-09-21T15:30:00Z",4,24703,617575,617575,TRUE,"preferred_current"
"PROJ_186",352465,"New Malakpet, Hyderabad - TSPCB","Hyderabad",2002324,"co","µg/m³","mg/m³","conversion_required_later","2022-06-16T07:00:00Z","2022-10-31T02:00:00Z",4,1451,36275,36275,TRUE,"legacy"
"PROJ_186",352465,"New Malakpet, Hyderabad - TSPCB","Hyderabad",2002329,"pm10","µg/m³","µg/m³","canonical","2022-06-16T07:00:00Z","2022-10-31T02:00:00Z",4,1455,36375,36375,TRUE,"legacy"
"PROJ_186",352465,"New Malakpet, Hyderabad - TSPCB","Hyderabad",2002327,"pm2_5","µg/m³","µg/m³","canonical","2022-06-16T07:00:00Z","2022-10-31T02:00:00Z",4,1455,36375,36375,TRUE,"legacy"
"PROJ_186",352465,"New Malakpet, Hyderabad - TSPCB","Hyderabad",2002328,"no2","µg/m³","µg/m³","canonical","2022-06-16T07:00:00Z","2022-10-31T02:00:00Z",4,1451,36275,36275,TRUE,"legacy"
"PROJ_186",352465,"New Malakpet, Hyderabad - TSPCB","Hyderabad",2002326,"so2","µg/m³","µg/m³","canonical","2022-06-16T07:00:00Z","2022-10-31T02:00:00Z",4,1451,36275,36275,TRUE,"legacy"
"PROJ_186",352465,"New Malakpet, Hyderabad - TSPCB","Hyderabad",2002325,"o3","µg/m³","µg/m³","canonical","2022-06-16T07:00:00Z","2022-10-31T02:00:00Z",4,1451,36275,36275,TRUE,"legacy"
"PROJ_200",3409390,"LGBI Airport, Guwahati - PCBA","Guwahati",12237618,"pm2_5","µg/m³","µg/m³","canonical","2025-02-18T20:15:00Z","2026-09-21T15:30:00Z",4,40659,1016475,1016475,TRUE,"preferred_current"
"PROJ_200",3409390,"LGBI Airport, Guwahati - PCBA","Guwahati",12237619,"relativehumidity","%","%","canonical","2025-02-18T20:15:00Z","2025-12-25T07:45:00Z",4,15072,376800,376800,TRUE,"preferred_current"
"PROJ_200",3409390,"LGBI Airport, Guwahati - PCBA","Guwahati",12237615,"no2","ppb","µg/m³","conversion_required_later","2025-02-18T20:15:00Z","2026-09-21T15:30:00Z",4,40662,1016550,1016550,TRUE,"preferred_current"
"PROJ_200",3409390,"LGBI Airport, Guwahati - PCBA","Guwahati",12237621,"temperature","c","°C","not_applicable_to_pollutant_aqi","2025-02-18T20:15:00Z","2026-06-23T10:30:00Z",4,37235,930875,930875,TRUE,"preferred_current"
"PROJ_200",3409390,"LGBI Airport, Guwahati - PCBA","Guwahati",12237616,"o3","µg/m³","µg/m³","canonical","2025-02-18T20:15:00Z","2026-09-21T15:30:00Z",4,42690,1067250,1067250,TRUE,"preferred_current"
"PROJ_200",3409390,"LGBI Airport, Guwahati - PCBA","Guwahati",12237620,"so2","ppb","µg/m³","conversion_required_later","2025-02-18T20:15:00Z","2026-09-21T15:30:00Z",4,41493,1037325,1037325,TRUE,"preferred_current"
"PROJ_200",3409390,"LGBI Airport, Guwahati - PCBA","Guwahati",12237613,"co","ppb","mg/m³","conversion_required_later","2025-02-18T20:15:00Z","2026-09-21T15:30:00Z",4,40603,1015075,1015075,TRUE,"preferred_current"
"PROJ_200",3409390,"LGBI Airport, Guwahati - PCBA","Guwahati",12237614,"no","ppb",NA,"unsupported_or_uncertain","2025-02-18T20:15:00Z","2026-09-21T15:30:00Z",4,39981,999525,999525,TRUE,"preferred_current"
"PROJ_200",3409390,"LGBI Airport, Guwahati - PCBA","Guwahati",12237617,"pm10","µg/m³","µg/m³","canonical","2025-02-18T20:15:00Z","2026-09-21T15:30:00Z",4,40730,1018250,1018250,TRUE,"preferred_current"
"PROJ_200",3409390,"LGBI Airport, Guwahati - PCBA","Guwahati",14342206,"wind_speed","m/s","m/s","canonical","2025-10-10T20:15:00Z","2026-09-21T15:30:00Z",4,23718,592950,592950,TRUE,"preferred_current"
"PROJ_200",3409390,"LGBI Airport, Guwahati - PCBA","Guwahati",14342204,"nox","ppb",NA,"unsupported_or_uncertain","2025-10-10T20:15:00Z","2026-09-21T15:30:00Z",4,22951,573775,573775,TRUE,"preferred_current"
"PROJ_200",3409390,"LGBI Airport, Guwahati - PCBA","Guwahati",14342205,"wind_direction","deg","°","not_applicable_to_pollutant_aqi","2025-10-10T20:15:00Z","2026-09-21T15:30:00Z",4,23618,590450,590450,TRUE,"preferred_current"
