project_station_id,station_name,city,date,season,pm2_5_aqi_input,pm10_aqi_input,o3_8h_max,temperature,humidity,wind_speed,aqi_verified,aqi_category,dominant_pollutant,PC1,PC2,PC3,PC4,PC5,PC6,pca_fit_period,initial_cluster,distance_to_centroid
PROJ_007,"Zoo Park, Hyderabad - TSPCB",Hyderabad,2025-03-01,Summer / Pre-monsoon,50,143,25,26.8083333333333,44.5,2.75958333333333,128,Moderately Polluted,pm10,-2.105499896277939,-0.5094211848992168,0.7890748687749162,-0.881539797894308,-0.7131112522855422,-0.8811458723008492,MODELING_HISTORY,Cluster 3,1.9017102000611208
PROJ_007,"Zoo Park, Hyderabad - TSPCB",Hyderabad,2025-03-02,Summer / Pre-monsoon,36,119,26,27.9958333333333,36.875,2.19166666666667,112,Moderately Polluted,pm10,-1.6827757100402487,0.5496772980267334,0.5413351677218126,-0.11845918533564154,-0.7328576832275241,-0.762398803005731,MODELING_HISTORY,Cluster 1,1.3660876983006962
PROJ_007,"Zoo Park, Hyderabad - TSPCB",Hyderabad,2025-03-03,Summer / Pre-monsoon,46,126,25,29.475,28.625,1.92083333333333,117,Moderately Polluted,pm10,-2.471924789215185,0.8694701812510905,0.7650184931477528,-0.36809987016101864,-0.6104550822587147,-0.5468415913525619,MODELING_HISTORY,Cluster 1,1.9709136158061737
PROJ_007,"Zoo Park, Hyderabad - TSPCB",Hyderabad,2025-03-04,Summer / Pre-monsoon,65,168,26,29.4708333333333,33.9166666666667,1.70583333333333,145,Moderately Polluted,pm10,-3.819845902008271,-0.08019042367692124,0.949682621103907,-1.052573093073461,-0.2442201927109523,-0.9877497876672844,MODELING_HISTORY,Cluster 3,3.4310879316679874
PROJ_007,"Zoo Park, Hyderabad - TSPCB",Hyderabad,2025-03-05,Summer / Pre-monsoon,57,169,25,28.375,31.5416666666667,2.19208333333333,146,Moderately Polluted,pm10,-3.4197874030084665,-0.14316494964040655,0.939146746971315,-1.048378547188917,-0.8215085342972004,-1.1860116376882388,MODELING_HISTORY,Cluster 3,3.0835224815784015
PROJ_007,"Zoo Park, Hyderabad - TSPCB",Hyderabad,2025-03-06,Summer / Pre-monsoon,22,131,26,26.9583333333333,23.3333333333333,2.15541666666667,120,Moderately Polluted,pm10,-1.814612434455661,0.8754729624667201,0.42074394355372585,0.28677632414558785,-1.723344220844548,-1.3012354418257173,MODELING_HISTORY,Cluster 1,1.306136076551637
PROJ_007,"Zoo Park, Hyderabad - TSPCB",Hyderabad,2025-03-07,Summer / Pre-monsoon,49,148,26,27.0458333333333,25.8333333333333,1.79166666666667,132,Moderately Polluted,pm10,-3.0453174933862384,0.13500010072107846,0.7339958046723704,-0.22986243778248103,-1.1126960916014508,-0.808832610661735,MODELING_HISTORY,Cluster 3,2.5267964707323625
PROJ_007,"Zoo Park, Hyderabad - TSPCB",Hyderabad,2025-03-08,Summer / Pre-monsoon,82,166,26,28.1291666666667,24.5416666666667,1.24208333333333,172,Moderately Polluted,pm2_5,-4.676209268334164,-0.389435688293038,1.1356451540322652,-0.8761141171442426,-0.33896395999311235,-0.12871884081442397,MODELING_HISTORY,Cluster 3,4.101205598087314
PROJ_007,"Zoo Park, Hyderabad - TSPCB",Hyderabad,2025-03-09,Summer / Pre-monsoon,82,147,26,28.4125,34.6666666666667,2.49166666666667,172,Moderately Polluted,pm2_5,-3.5592430719867565,-0.5320212630179463,1.1484935464739774,-1.6048431134351824,-0.23490763741047513,0.23838926971457625,MODELING_HISTORY,Cluster 3,3.4651813852864275
PROJ_007,"Zoo Park, Hyderabad - TSPCB",Hyderabad,2025-03-10,Summer / Pre-monsoon,74,111,25,26.8458333333333,53.625,2.93083333333333,145,Moderately Polluted,pm2_5,-1.9150166163653488,-0.9381980451186008,1.0104025935338776,-1.2549056416536255,0.19871165562203957,0.6468732154928152,MODELING_HISTORY,Cluster 3,2.106516875651414
PROJ_007,"Zoo Park, Hyderabad - TSPCB",Hyderabad,2025-03-12,Summer / Pre-monsoon,78,163,26,28.7125,38.7083333333333,2.09083333333333,159,Moderately Polluted,pm2_5,-3.8175341741000137,-0.631589351468346,1.0907793446510354,-1.4591140024993998,-0.05076329853531849,-0.40525396127747554,MODELING_HISTORY,Cluster 3,3.5577326896101047
PROJ_007,"Zoo Park, Hyderabad - TSPCB",Hyderabad,2025-03-13,Summer / Pre-monsoon,80,120,26,30.0708333333333,33.7916666666667,2.4125,166,Moderately Polluted,pm2_5,-3.0803821155883377,0.184540024122397,1.1119723613972676,-1.473763568217906,0.1311037984770603,0.7552766459807708,MODELING_HISTORY,Cluster 1,3.1571443140185567
PROJ_007,"Zoo Park, Hyderabad - TSPCB",Hyderabad,2025-03-14,Summer / Pre-monsoon,80,120,26,31.1916666666667,30.4583333333333,2.32166666666667,166,Moderately Polluted,pm2_5,-3.2340002633328675,0.5382490166610636,1.1336422143004248,-1.5468380259635228,0.1982910706900327,0.7417635777603683,MODELING_HISTORY,Cluster 1,3.2010346657512105
PROJ_007,"Zoo Park, Hyderabad - TSPCB",Hyderabad,2025-03-15,Summer / Pre-monsoon,80,122,26,30.8791666666667,27.0833333333333,2.79958333333333,166,Moderately Polluted,pm2_5,-3.1547221180669567,0.5062153480573188,1.168854803324742,-1.82567882132673,-0.1659547363877544,0.7885050695714847,MODELING_HISTORY,Cluster 1,3.300203644838265
PROJ_007,"Zoo Park, Hyderabad - TSPCB",Hyderabad,2025-03-16,Summer / Pre-monsoon,77,116,26,30.975,21.625,3.29166666666667,155,Moderately Polluted,pm2_5,-2.888850133421357,0.7664235500074454,1.1718550132423822,-2.020480991051345,-0.5615394722371325,0.936314816028153,MODELING_HISTORY,Cluster 1,3.169980738422772
PROJ_007,"Zoo Park, Hyderabad - TSPCB",Hyderabad,2025-03-17,Summer / Pre-monsoon,78,110,25,30.875,25.4583333333333,2.47833333333333,159,Moderately Polluted,pm2_5,-3.024549478123337,0.7437524999660663,1.18162716665348,-1.4427616162444754,-0.07846191249580252,1.0143389716601203,MODELING_HISTORY,Cluster 1,2.967657635915472
PROJ_007,"Zoo Park, Hyderabad - TSPCB",Hyderabad,2025-03-18,Summer / Pre-monsoon,79,129,26,30.9208333333333,28.75,2.43375,162,Moderately Polluted,pm2_5,-3.3671690820237266,0.4465960948873105,1.1413346980473495,-1.640046181385585,-0.02086207878836055,0.529910722299897,MODELING_HISTORY,Cluster 1,3.371813113772812
PROJ_007,"Zoo Park, Hyderabad - TSPCB",Hyderabad,2025-03-19,Summer / Pre-monsoon,67,109,26,29.8041666666667,33.2916666666667,3.45291666666667,121,Moderately Polluted,pm2_5,-2.0595531811425474,0.426575655211517,0.9985652014072924,-1.743668179433135,-0.4641384134336439,0.6373468090113013,MODELING_HISTORY,Cluster 1,2.52682224075167
PROJ_007,"Zoo Park, Hyderabad - TSPCB",Hyderabad,2025-03-20,Summer / Pre-monsoon,58,74,25,28.4291666666667,52.7916666666667,2.84625,97,Satisfactory,pm2_5,-0.8191113479682661,0.1452662630402168,0.7946438342181322,-0.7186134152257783,0.3737255032054425,0.9076925911474242,MODELING_HISTORY,Cluster 1,1.6345040585895836
PROJ_007,"Zoo Park, Hyderabad - TSPCB",Hyderabad,2025-03-21,Summer / Pre-monsoon,61,87,25,28.8958333333333,48.875,2.46541666666667,100,Satisfactory,pm2_5,-1.4267847926421535,0.2017786615423532,0.8456467662709206,-0.6964691141437249,0.40025270175939914,0.7087553934979626,MODELING_HISTORY,Cluster 1,1.7328230918952883
PROJ_007,"Zoo Park, Hyderabad - TSPCB",Hyderabad,2025-03-24,Summer / Pre-monsoon,76,155,25,28.5416666666667,54.2083333333333,1.94833333333333,152,Moderately Polluted,pm2_5,-3.2589508386902373,-0.9846003453709428,1.058595374623366,-1.2812714242294247,0.6004249898873264,-0.5277312484299052,MODELING_HISTORY,Cluster 3,2.995547832432396
PROJ_007,"Zoo Park, Hyderabad - TSPCB",Hyderabad,2025-03-25,Summer / Pre-monsoon,78,146,25,29.1291666666667,43.0833333333333,1.7725,159,Moderately Polluted,pm2_5,-3.5123386759592368,-0.46441311208985575,1.106598201097568,-1.1550164345224856,0.3997087714488166,-0.09944733431800766,MODELING_HISTORY,Cluster 3,3.1884948294091946
PROJ_007,"Zoo Park, Hyderabad - TSPCB",Hyderabad,2025-03-26,Summer / Pre-monsoon,79,154,25,29.8083333333333,35.125,2.48,162,Moderately Polluted,pm2_5,-3.630839887749457,-0.24347543479603517,1.2025210701675864,-1.7731842441835424,-0.1000319422603693,-0.13442432509138866,MODELING_HISTORY,Cluster 3,3.6800204950441455
PROJ_007,"Zoo Park, Hyderabad - TSPCB",Hyderabad,2025-03-27,Summer / Pre-monsoon,78,144,26,30.6,32.9583333333333,2.54583333333333,159,Moderately Polluted,pm2_5,-3.4667678301959013,0.11068391440428828,1.136164820743517,-1.8070779392436,-0.04935623278811787,0.0793112445454315,MODELING_HISTORY,Cluster 1,3.6255394340451295
PROJ_007,"Zoo Park, Hyderabad - TSPCB",Hyderabad,2025-03-28,Summer / Pre-monsoon,81,157,26,31.4,31.2083333333333,2.01333333333333,169,Moderately Polluted,pm2_5,-4.091453352770545,0.19111160775209807,1.176345050177317,-1.7376375479283233,0.16698561331273087,-0.1800202545265734,MODELING_HISTORY,Cluster 1,4.067775995477179
PROJ_007,"Zoo Park, Hyderabad - TSPCB",Hyderabad,2025-03-29,Summer / Pre-monsoon,78,154,25,31.4416666666667,31.8333333333333,2.08083333333333,159,Moderately Polluted,pm2_5,-3.8931015719241966,0.2690873327442844,1.2027467518973285,-1.6887332429037685,0.13876489512755438,-0.22971829843596947,MODELING_HISTORY,Cluster 1,3.8748486542839355
PROJ_007,"Zoo Park, Hyderabad - TSPCB",Hyderabad,2025-03-30,Summer / Pre-monsoon,79,148,25,31.6083333333333,29.4166666666667,2.33958333333333,162,Moderately Polluted,pm2_5,-3.768239439555965,0.3956326440133433,1.2311638119106103,-1.837111758048072,0.02762534639973635,-0.0014246629141457,MODELING_HISTORY,Cluster 1,3.81640206781425
PROJ_007,"Zoo Park, Hyderabad - TSPCB",Hyderabad,2025-03-31,Summer / Pre-monsoon,80,159,24,30.7958333333333,28.125,2.42041666666667,166,Moderately Polluted,pm2_5,-3.978316849778544,0.11479175812912644,1.3179622587464357,-1.8920405845166144,-0.22175359188453725,-0.17653653320827223,MODELING_HISTORY,Cluster 1,4.112335256485742
PROJ_007,"Zoo Park, Hyderabad - TSPCB",Hyderabad,2025-04-01,Summer / Pre-monsoon,81,165,24,29.0208333333333,47.8333333333333,2.50583333333333,169,Moderately Polluted,pm2_5,-3.543726245739143,-0.9411252099827244,1.2516095509718237,-1.8752606495542508,0.24482510051275144,-0.4968638571574211,MODELING_HISTORY,Cluster 3,3.6193198706733876
PROJ_007,"Zoo Park, Hyderabad - TSPCB",Hyderabad,2025-04-02,Summer / Pre-monsoon,76,165,25,27.7541666666667,55.625,2.53583333333333,152,Moderately Polluted,pm2_5,-3.155944578738048,-1.3523197646920389,1.0873097032626846,-1.6643120858263485,0.2678845115066045,-0.7226452938609877,MODELING_HISTORY,Cluster 3,3.180849057221794
PROJ_007,"Zoo Park, Hyderabad - TSPCB",Hyderabad,2025-04-03,Summer / Pre-monsoon,71,105,24,25.55,72.0833333333333,1.86208333333333,134,Moderately Polluted,pm2_5,-1.63140148328472,-1.549574500424853,0.893917639200984,-0.32756724391250036,1.105359667430192,0.40150804447152005,MODELING_HISTORY,Cluster 3,1.389401557996816
PROJ_007,"Zoo Park, Hyderabad - TSPCB",Hyderabad,2025-04-04,Summer / Pre-monsoon,50,77,23,25.7833333333333,73.75,1.50458333333333,83,Satisfactory,pm2_5,-0.5577246432575065,-0.805466259892755,0.6526159762125089,0.5887443143454628,1.1366980633486132,0.2694623058165407,MODELING_HISTORY,Cluster 3,0.763832172613464
PROJ_007,"Zoo Park, Hyderabad - TSPCB",Hyderabad,2025-04-05,Summer / Pre-monsoon,54,117,23,27.8041666666667,60.875,1.69125,111,Moderately Polluted,pm10,-1.7589297486243662,-0.48645641492170433,0.8315788574296596,-0.20131296947035304,0.6909539835080503,-0.47524782653023817,MODELING_HISTORY,Cluster 3,1.3369098344722923
PROJ_007,"Zoo Park, Hyderabad - TSPCB",Hyderabad,2025-04-06,Summer / Pre-monsoon,49,94,24,28.5458333333333,52.5,2.03833333333333,94,Satisfactory,pm10,-1.263054186588058,0.22660328907709237,0.7367153119756312,-0.182367205477867,0.395306404456235,0.03159502589145656,MODELING_HISTORY,Cluster 1,1.4915485948838059
PROJ_007,"Zoo Park, Hyderabad - TSPCB",Hyderabad,2025-04-07,Summer / Pre-monsoon,60,115,24,29.9416666666667,39.375,2.29416666666667,109,Moderately Polluted,pm10,-2.267915207301177,0.4607633697374806,0.9699787413451044,-0.9088826761089832,0.0568757382521744,0.05339490619252722,MODELING_HISTORY,Cluster 1,2.1883152737591822
PROJ_007,"Zoo Park, Hyderabad - TSPCB",Hyderabad,2025-04-08,Summer / Pre-monsoon,49,108,24,29.4916666666667,47.625,2.14166666666667,105,Moderately Polluted,pm10,-1.642221937799636,0.4270416152248291,0.7893958484809849,-0.48377617501642145,0.2220410683799552,-0.2847918404499012,MODELING_HISTORY,Cluster 1,1.593416483843378
PROJ_007,"Zoo Park, Hyderabad - TSPCB",Hyderabad,2025-04-17,Summer / Pre-monsoon,48,69,62,29.675,54.875,2.38375,79,Satisfactory,pm2_5,-0.8934029816105055,0.5994945529229956,-1.6933439435844648,-0.6815205973877903,0.6826887067457812,0.8080747616276771,MODELING_HISTORY,Cluster 1,1.8491774111263826
PROJ_007,"Zoo Park, Hyderabad - TSPCB",Hyderabad,2025-04-20,Summer / Pre-monsoon,57,71,63,32.25,40.875,2.23875,95,Satisfactory,pm2_5,-1.6977961670223716,1.387691136221347,-1.5737413203621904,-1.0854260957313877,0.708258343381001,1.1634615432623714,MODELING_HISTORY,Cluster 1,1.978124116693665
PROJ_007,"Zoo Park, Hyderabad - TSPCB",Hyderabad,2025-04-21,Summer / Pre-monsoon,49,68,62,31.8875,44.625,2.29791666666667,81,Satisfactory,pm2_5,-1.2615837343666454,1.386526377095467,-1.6227439306006597,-0.884190492283155,0.6598317684512996,0.9050917062158972,MODELING_HISTORY,Cluster 1,1.7629913715753496
PROJ_007,"Zoo Park, Hyderabad - TSPCB",Hyderabad,2025-04-22,Summer / Pre-monsoon,64,72,62,32.6291666666667,40.375,1.99541666666667,110,Moderately Polluted,pm2_5,-2.0424566173456893,1.3570974469164854,-1.4326407770476672,-1.121765955554677,0.94766480839603,1.358887353987226,MODELING_HISTORY,Cluster 1,2.0813839752404917
PROJ_007,"Zoo Park, Hyderabad - TSPCB",Hyderabad,2025-04-23,Summer / Pre-monsoon,62,77,62,32.4333333333333,39.125,2.46166666666667,103,Moderately Polluted,pm2_5,-1.9158190202512368,1.2999608944926129,-1.4233281693652684,-1.4021288372971017,0.6362961703478213,1.21852464478933,MODELING_HISTORY,Cluster 1,2.158891465676153
PROJ_007,"Zoo Park, Hyderabad - TSPCB",Hyderabad,2025-04-26,Summer / Pre-monsoon,53,66,23,31.5208333333333,45.2083333333333,1.875,88,Satisfactory,pm2_5,-1.1717988373255932,1.3201141597599886,0.8681831298901286,-0.2509416779065541,0.8429008646392993,0.8080562495381322,MODELING_HISTORY,Cluster 1,1.060416893510999
PROJ_007,"Zoo Park, Hyderabad - TSPCB",Hyderabad,2025-04-27,Summer / Pre-monsoon,40,67,23,29.0916666666667,61.125,1.75208333333333,66,Satisfactory,"pm10,pm2_5",-0.37739992711787096,0.5797993615896332,0.622960375663148,0.3507996589870862,0.9246343475248924,0.18765982911358653,MODELING_HISTORY,Cluster 1,1.236437669511958
PROJ_007,"Zoo Park, Hyderabad - TSPCB",Hyderabad,2025-04-28,Summer / Pre-monsoon,45,66,24,30.3041666666667,49.5,2.02666666666667,74,Satisfactory,pm2_5,-0.7333858090539358,1.0720001722432115,0.6874552710318332,-0.04801344942751645,0.6390075576843132,0.5324398740269559,MODELING_HISTORY,Cluster 1,0.8533234616940867
PROJ_007,"Zoo Park, Hyderabad - TSPCB",Hyderabad,2025-04-29,Summer / Pre-monsoon,32,63,25,30.7416666666667,45.2916666666667,2.42041666666667,62,Satisfactory,pm10,-0.2504130340844727,1.549723332459866,0.5081240295917915,-0.0515016236962591,0.187965058393325,0.2071421408008765,MODELING_HISTORY,Cluster 1,0.849829241937614
PROJ_007,"Zoo Park, Hyderabad - TSPCB",Hyderabad,2025-05-02,Summer / Pre-monsoon,37,72,24,31.7083333333333,47.2083333333333,2.29458333333333,71,Satisfactory,pm10,-0.5989707957377606,1.52835427421237,0.6421082239179008,-0.2839043390710012,0.4850969561948696,0.06859255414733491,MODELING_HISTORY,Cluster 1,0.817881935611631
PROJ_007,"Zoo Park, Hyderabad - TSPCB",Hyderabad,2025-05-04,Summer / Pre-monsoon,47,72,24,31.0125,39.375,2.14875,78,Satisfactory,pm2_5,-1.1349850630183087,1.4118970605628085,0.7688573587509817,-0.27732130152872136,0.2986984844371071,0.583035102481834,MODELING_HISTORY,Cluster 1,0.9608501952587235
PROJ_007,"Zoo Park, Hyderabad - TSPCB",Hyderabad,2025-05-05,Summer / Pre-monsoon,40,68,24,30.9208333333333,43.625,2.23875,67,Satisfactory,pm10,-0.7008917692976657,1.4424038763973914,0.6705797235779054,-0.15582598146183052,0.3228673939436426,0.3720895625569513,MODELING_HISTORY,Cluster 1,0.7945252342803446
PROJ_007,"Zoo Park, Hyderabad - TSPCB",Hyderabad,2025-05-06,Summer / Pre-monsoon,41,72,24,30.7291666666667,41.0833333333333,1.69125,71,Satisfactory,pm10,-1.0874419892907254,1.4587621198826728,0.6639599249666681,0.1830106992024263,0.3852876223859958,0.3287520027674401,MODELING_HISTORY,Cluster 1,0.8826775394247944
PROJ_007,"Zoo Park, Hyderabad - TSPCB",Hyderabad,2025-05-07,Summer / Pre-monsoon,36,66,24,30.6,39,2.365,65,Satisfactory,pm10,-0.5966238878339473,1.595910098272053,0.638741215520458,-0.07360150695052753,-0.01060490952322412,0.37356098091370094,MODELING_HISTORY,Cluster 1,0.812963981121989
PROJ_007,"Zoo Park, Hyderabad - TSPCB",Hyderabad,2025-05-08,Summer / Pre-monsoon,39,70,24,30.4208333333333,38.25,2.21791666666667,69,Satisfactory,pm10,-0.8373396255160581,1.4889477087375034,0.6713606374284591,-0.0510357295397027,0.0145744307560193,0.396267829509479,MODELING_HISTORY,Cluster 1,0.7969413826309628
PROJ_007,"Zoo Park, Hyderabad - TSPCB",Hyderabad,2025-05-09,Summer / Pre-monsoon,44,73,24,30.2541666666667,42.7083333333333,2.51291666666667,72,Satisfactory,"pm10,pm2_5",-0.8105577515584208,1.1660727368181592,0.7327387840037648,-0.3773383111092806,0.12845561252072424,0.4586649544025298,MODELING_HISTORY,Cluster 1,0.9084864146916928
PROJ_007,"Zoo Park, Hyderabad - TSPCB",Hyderabad,2025-05-10,Summer / Pre-monsoon,46,69,24,30.9833333333333,41.7916666666667,2.43916666666667,76,Satisfactory,pm2_5,-0.8681408937969756,1.36151038242599,0.760340904416272,-0.42620630902735746,0.2855064264293747,0.6011489577368644,MODELING_HISTORY,Cluster 1,0.932640487714333
PROJ_007,"Zoo Park, Hyderabad - TSPCB",Hyderabad,2025-05-11,Summer / Pre-monsoon,49,72,23,31.5291666666667,43.5416666666667,2.32625,81,Satisfactory,pm2_5,-1.026706195761325,1.3518713656825203,0.8585835519536096,-0.5129192432060363,0.5100531777961989,0.565067759338561,MODELING_HISTORY,Cluster 1,1.0780156599751023
PROJ_007,"Zoo Park, Hyderabad - TSPCB",Hyderabad,2025-05-12,Summer / Pre-monsoon,43,66,24,31.8666666666667,43.75,1.99041666666667,71,Satisfactory,pm2_5,-0.8782593607732723,1.6298702506720877,0.7026318231061601,-0.16213941424023237,0.6216996903489787,0.4634419147077305,MODELING_HISTORY,Cluster 1,0.8644871617704113
PROJ_007,"Zoo Park, Hyderabad - TSPCB",Hyderabad,2025-05-13,Summer / Pre-monsoon,44,74,24,30.9208333333333,49.9583333333333,2.11416666666667,73,Satisfactory,pm10,-0.8294684394746559,1.1269769133128336,0.6974769191995801,-0.24126100951302515,0.6518594497534937,0.2621005547603067,MODELING_HISTORY,Cluster 1,0.8535822228770553
PROJ_007,"Zoo Park, Hyderabad - TSPCB",Hyderabad,2025-05-14,Summer / Pre-monsoon,40,69,25,30.6875,51.4166666666667,1.71416666666667,68,Satisfactory,pm10,-0.7383020881363382,1.1966045136328232,0.5509125439734341,0.16948429508656704,0.78024965922179,0.2158685939808524,MODELING_HISTORY,Cluster 1,0.7373950977873002
PROJ_007,"Zoo Park, Hyderabad - TSPCB",Hyderabad,2025-05-15,Summer / Pre-monsoon,26,61,23,29.2791666666667,59.8333333333333,1.69541666666667,60,Satisfactory,pm10,0.10040292506990588,1.0073191855168733,0.4541336253263307,0.7239833512900656,0.7145135432088834,-0.16381676406248025,MODELING_HISTORY,Cluster 1,1.3906376577776398
PROJ_007,"Zoo Park, Hyderabad - TSPCB",Hyderabad,2025-05-16,Summer / Pre-monsoon,39,65,24,29.9375,54.7083333333333,1.52833333333333,64,Satisfactory,"pm10,pm2_5",-0.5929287564041904,1.0122680401521127,0.5662268333944409,0.4447654049737567,0.8722812578758844,0.25041070454556563,MODELING_HISTORY,Cluster 1,0.9603840389805663
PROJ_007,"Zoo Park, Hyderabad - TSPCB",Hyderabad,2025-05-17,Summer / Pre-monsoon,49,86,23,30.3791666666667,55.0416666666667,1.38833333333333,86,Satisfactory,pm10,-1.354050221080414,0.6981324459077265,0.7717744742332892,0.07922835627209768,1.0494328955542227,0.04773532343254462,MODELING_HISTORY,Cluster 1,1.2494601502039129
PROJ_007,"Zoo Park, Hyderabad - TSPCB",Hyderabad,2025-05-20,Summer / Pre-monsoon,40,90,25,29.6291666666667,65.6666666666667,1.92666666666667,90,Satisfactory,pm10,-0.6701743259292772,0.31509097857026064,0.5268085855223179,-0.08618037472701257,0.9846409997827998,-0.4590324067565717,MODELING_HISTORY,Cluster 1,1.229887582573431
PROJ_007,"Zoo Park, Hyderabad - TSPCB",Hyderabad,2025-05-21,Summer / Pre-monsoon,32,83,24,26.3708333333333,82,1.28,83,Satisfactory,pm10,-0.0402879029191554,-0.5953617178876511,0.35294626117718336,0.9450812563190986,1.2831321053965878,-0.6978133700292164,MODELING_HISTORY,Cluster 3,1.1893298388848248
PROJ_007,"Zoo Park, Hyderabad - TSPCB",Hyderabad,2025-05-22,Summer / Pre-monsoon,9,59,26,26.6916666666667,76.0833333333333,2.85958333333333,58,Satisfactory,pm10,1.5821469995293511,0.2206824551928765,0.03326337074025429,0.5798640964853101,0.2710079647679187,-0.7582391302859492,MODELING_HISTORY,Cluster 2,0.9823754619493733
PROJ_007,"Zoo Park, Hyderabad - TSPCB",Hyderabad,2025-05-23,Summer / Pre-monsoon,14,64,25,27.6,67.7083333333333,3.12,63,Satisfactory,pm10,1.2111396555286862,0.49370718902132427,0.21655364639739885,0.18037363808317547,0.03708276543603517,-0.6117976929425161,MODELING_HISTORY,Cluster 2,1.0067968530593576
PROJ_007,"Zoo Park, Hyderabad - TSPCB",Hyderabad,2025-05-24,Summer / Pre-monsoon,14,64,24,26.9958333333333,71.625,2.79791666666667,63,Satisfactory,pm10,1.2052419108498234,0.27412961471895037,0.2413456148794216,0.4654331251028633,0.2181624508537429,-0.6655107357937116,MODELING_HISTORY,Cluster 2,1.0351488889007427
PROJ_007,"Zoo Park, Hyderabad - TSPCB",Hyderabad,2025-05-27,Summer / Pre-monsoon,4,54,24,26.0958333333333,79.625,3.22375,53,Satisfactory,pm10,2.0995570982259077,0.10938162364830133,0.09443329863430062,0.5752185355776351,0.13310645704253207,-0.8325783493233389,MODELING_HISTORY,Cluster 2,1.0337120386825145
PROJ_007,"Zoo Park, Hyderabad - TSPCB",Hyderabad,2025-05-29,Summer / Pre-monsoon,18,68,24,26.0541666666667,82.1666666666667,3.1825,67,Satisfactory,pm10,1.4544720074609971,-0.395407672500072,0.2660065241343942,0.16824470853051143,0.40192226493892713,-0.7124607784084981,MODELING_HISTORY,Cluster 2,0.5377528878241139
PROJ_007,"Zoo Park, Hyderabad - TSPCB",Hyderabad,2025-05-30,Summer / Pre-monsoon,26,76,24,27.8875,69.7916666666667,3.89291666666667,76,Satisfactory,pm10,0.9807986687078828,0.06908023906013033,0.47523879127224455,-0.7344156075109951,0.01917925520862456,-0.48695774649615664,MODELING_HISTORY,Cluster 2,0.9874444452580818
PROJ_007,"Zoo Park, Hyderabad - TSPCB",Hyderabad,2025-06-01,Monsoon,20,70,23,28.3041666666667,59.8333333333333,4.16458333333333,69,Satisfactory,pm10,1.1341270308755729,0.6118919088925504,0.5140040825969598,-0.7331153516816016,-0.47968644105615493,-0.4141814371126449,MODELING_HISTORY,Cluster 2,1.2262023342456176
PROJ_007,"Zoo Park, Hyderabad - TSPCB",Hyderabad,2025-06-02,Monsoon,19,69,24,27.6875,63.375,4.08541666666667,68,Satisfactory,pm10,1.2506005735762242,0.4074438150990267,0.4128813472969661,-0.5938131957194945,-0.4134102458332747,-0.4449491313570617,MODELING_HISTORY,Cluster 2,0.936940751791986
PROJ_007,"Zoo Park, Hyderabad - TSPCB",Hyderabad,2025-06-04,Monsoon,21,72,23,28.8791666666667,54.7916666666667,3.48791666666667,71,Satisfactory,pm10,0.6485788162939232,0.9026291440175443,0.516798821077303,-0.38057340611261614,-0.34386667462309956,-0.417440710804264,MODELING_HISTORY,Cluster 2,1.6219187265354784
PROJ_007,"Zoo Park, Hyderabad - TSPCB",Hyderabad,2025-06-05,Monsoon,18,68,25,28.3208333333333,58.9583333333333,1.9925,67,Satisfactory,pm10,0.3170897692440914,0.8816775556499181,0.24748658528842724,0.7443018210473049,0.25096844193848605,-0.5309304998149373,MODELING_HISTORY,Cluster 1,1.5219558477722146
PROJ_007,"Zoo Park, Hyderabad - TSPCB",Hyderabad,2025-06-06,Monsoon,28,78,25,29.2541666666667,58.2083333333333,1.80333333333333,78,Satisfactory,pm10,-0.3011918767589229,0.8232356846805425,0.3832761326650887,0.44346385629925894,0.5420113448477158,-0.4659680135379361,MODELING_HISTORY,Cluster 1,1.0376602337115788
PROJ_007,"Zoo Park, Hyderabad - TSPCB",Hyderabad,2025-06-07,Monsoon,41,95,24,29.9291666666667,53.75,2.7225,95,Satisfactory,pm10,-0.774586859354065,0.5913771123096141,0.6951938955613202,-0.6589032524388965,0.25773538526731415,-0.3393463868746466,MODELING_HISTORY,Cluster 1,1.2441995740552332
PROJ_007,"Zoo Park, Hyderabad - TSPCB",Hyderabad,2025-06-08,Monsoon,34,84,24,29.3208333333333,59.625,3.04583333333333,84,Satisfactory,pm10,-0.05480785657237755,0.511559454727004,0.5879931541329431,-0.5656945390020031,0.22699949801238337,-0.36113892645019535,MODELING_HISTORY,Cluster 1,1.4036692169917786
PROJ_007,"Zoo Park, Hyderabad - TSPCB",Hyderabad,2025-06-09,Monsoon,21,71,24,26.3083333333333,75.5,3.68291666666667,70,Satisfactory,pm10,1.3336283655454113,-0.27839084530216957,0.3578675491308376,-0.25938020933259165,0.02957328637636808,-0.559708000647257,MODELING_HISTORY,Cluster 2,0.4475186091301218
PROJ_007,"Zoo Park, Hyderabad - TSPCB",Hyderabad,2025-06-10,Monsoon,30,80,25,27.4458333333333,69.6666666666667,3.55916666666667,80,Satisfactory,pm10,0.6498467473401168,-0.12031488619493956,0.4404457958537321,-0.5878241099536521,0.1154500885877559,-0.4268543478558219,MODELING_HISTORY,Cluster 2,1.1311620004871965
PROJ_007,"Zoo Park, Hyderabad - TSPCB",Hyderabad,2025-06-11,Monsoon,35,86,25,26.7208333333333,74.8333333333333,2.89416666666667,86,Satisfactory,pm10,0.265260156460059,-0.5377089707670091,0.4440858254156883,-0.23788286681886284,0.503445664982067,-0.4732342084380075,MODELING_HISTORY,Cluster 2,1.459440188435917
PROJ_007,"Zoo Park, Hyderabad - TSPCB",Hyderabad,2025-06-12,Monsoon,48,113,24,26.7208333333333,79.3333333333333,1.54833333333333,108,Moderately Polluted,pm10,-1.0720376268870693,-1.0913305467624148,0.6079060431712415,0.11335503592013174,1.2316850644766977,-0.8245500508116355,MODELING_HISTORY,Cluster 3,0.6152556945005085
PROJ_007,"Zoo Park, Hyderabad - TSPCB",Hyderabad,2025-06-13,Monsoon,54,106,25,27.7291666666667,74.7083333333333,1.24458333333333,103,Moderately Polluted,pm10,-1.3945674414412563,-0.75821664262064,0.6192630375820785,0.1278670260606014,1.4544738605046876,-0.4254426377231939,MODELING_HISTORY,Cluster 3,0.7724689439719901
PROJ_007,"Zoo Park, Hyderabad - TSPCB",Hyderabad,2025-06-14,Monsoon,20,70,24,27.7333333333333,72.875,2.62791666666667,69,Satisfactory,pm10,0.8486845499021062,0.23388349626508753,0.3165288991754336,0.2918048183163905,0.5066894756551306,-0.6658922374124548,MODELING_HISTORY,Cluster 2,1.1316711362036698
PROJ_007,"Zoo Park, Hyderabad - TSPCB",Hyderabad,2025-06-15,Monsoon,7,57,24,26.7291666666667,75.3333333333333,4.10166666666667,56,Satisfactory,pm10,2.17930235292012,0.2099091252703979,0.20380369589700503,-0.16132626620372847,-0.225536652638574,-0.7164850005031153,MODELING_HISTORY,Cluster 2,0.754008350248433
PROJ_007,"Zoo Park, Hyderabad - TSPCB",Hyderabad,2025-06-16,Monsoon,9,59,25,26.6083333333333,73.25,5.69416666666667,58,Satisfactory,pm10,2.6669027705993464,0.04735216285086013,0.25723156132744573,-1.2589248791329188,-0.8776804211213949,-0.5586378339034255,MODELING_HISTORY,Cluster 2,1.4830909279771098
PROJ_007,"Zoo Park, Hyderabad - TSPCB",Hyderabad,2025-06-17,Monsoon,32,90,24,27.6916666666667,64.9583333333333,4.9075,90,Satisfactory,pm10,0.8237785418824137,-0.18321862290763705,0.6317540965380952,-1.61611032856555,-0.5466038199323768,-0.47409594718741105,MODELING_HISTORY,Cluster 2,1.6927740703229677
PROJ_007,"Zoo Park, Hyderabad - TSPCB",Hyderabad,2025-06-18,Monsoon,17,67,25,27.6791666666667,64.625,4.97625,66,Satisfactory,pm10,1.7328909147845908,0.3535634371276664,0.36678052261142874,-1.13439261454029,-0.7093117053887878,-0.4301469776843227,MODELING_HISTORY,Cluster 2,1.1308341185109818
PROJ_007,"Zoo Park, Hyderabad - TSPCB",Hyderabad,2025-06-19,Monsoon,10,60,24,27.5125,66.125,5.80333333333333,59,Satisfactory,pm10,2.464280717275936,0.4173253664826661,0.37591126249587287,-1.4406995577148822,-1.053801479053187,-0.4856610338429319,MODELING_HISTORY,Cluster 2,1.632758934676745
PROJ_007,"Zoo Park, Hyderabad - TSPCB",Hyderabad,2025-06-20,Monsoon,15,66,25,27.8875,64,5.10208333333333,65,Satisfactory,pm10,1.841560121060779,0.4579861162462016,0.35363515456499545,-1.190137556138904,-0.7773539208987047,-0.4722800285134184,MODELING_HISTORY,Cluster 2,1.2430547900986944
PROJ_007,"Zoo Park, Hyderabad - TSPCB",Hyderabad,2025-06-22,Monsoon,54,94,24,28.3041666666667,59.8333333333333,5.00375,94,Satisfactory,pm10,-0.02537114626320014,-0.3906619273128394,0.9269387628793524,-2.246006536639988,-0.33497667842800194,0.2762108916495978,MODELING_HISTORY,Cluster 2,2.742151058836946
PROJ_007,"Zoo Park, Hyderabad - TSPCB",Hyderabad,2025-06-23,Monsoon,55,95,25,26.8708333333333,65.875,5.84833333333333,95,Satisfactory,pm10,0.4521921325358026,-0.9878185045567308,0.8819391657056646,-2.6811663638197754,-0.6017864559953907,0.32479081265944476,MODELING_HISTORY,Cluster 2,2.912256839109656
PROJ_007,"Zoo Park, Hyderabad - TSPCB",Hyderabad,2025-06-24,Monsoon,52,92,25,25.9333333333333,72.7916666666667,5.88041666666667,92,Satisfactory,pm10,0.8148265152476712,-1.3088495554916144,0.8084435451466241,-2.516477839052178,-0.5131718895157688,0.23474992059782843,MODELING_HISTORY,Cluster 2,2.723899571480672
PROJ_007,"Zoo Park, Hyderabad - TSPCB",Hyderabad,2025-06-29,Monsoon,54,94,24,26.8041666666667,65.0416666666667,5.59333333333333,94,Satisfactory,pm10,0.3879753591483852,-0.9251393431150808,0.9205542700884216,-2.4603140792310425,-0.5644054855587317,0.3086661253325269,MODELING_HISTORY,Cluster 2,2.757027923649549
PROJ_007,"Zoo Park, Hyderabad - TSPCB",Hyderabad,2025-07-01,Monsoon,49,89,25,24.6,82.8333333333333,5.31083333333333,89,Satisfactory,pm10,1.0244529566038154,-1.7580548057213703,0.686757529703177,-1.915795691988822,-0.14239603208955842,0.08369188664022945,MODELING_HISTORY,Cluster 2,2.3924995924078623
PROJ_007,"Zoo Park, Hyderabad - TSPCB",Hyderabad,2025-07-02,Monsoon,51,91,24,24.6666666666667,84.8333333333333,4.19583333333333,91,Satisfactory,pm10,0.5311959209288784,-1.7667793823824829,0.710742414371085,-1.2485330052979569,0.3715648473779835,0.00237547506861601,MODELING_HISTORY,Cluster 2,2.2077314419892398
PROJ_007,"Zoo Park, Hyderabad - TSPCB",Hyderabad,2025-07-03,Monsoon,49,89,41,25.3,76.9583333333333,4.73375,89,Satisfactory,pm10,0.4932769220648025,-1.4063947783359243,-0.3307279904470983,-1.7560213202861246,-0.05428238480866487,0.21998948712675676,MODELING_HISTORY,Cluster 2,2.2243243970689077
PROJ_007,"Zoo Park, Hyderabad - TSPCB",Hyderabad,2025-07-08,Monsoon,60,92,25,25.9458333333333,72.8333333333333,5.23291666666667,100,Satisfactory,pm2_5,0.3124304984209758,-1.4141054194544802,0.8680345138204265,-2.2619385604526903,-0.1368835966728178,0.4872027181448878,MODELING_HISTORY,Cluster 2,2.78283183017291
PROJ_007,"Zoo Park, Hyderabad - TSPCB",Hyderabad,2025-07-09,Monsoon,64,95,25,26.1791666666667,72.375,4.59,110,Moderately Polluted,pm2_5,-0.1444691955521853,-1.4060600436399353,0.8892412226854716,-1.9795177203199976,0.16337889139201178,0.5164489922310381,MODELING_HISTORY,Cluster 3,2.6562700683679936
PROJ_007,"Zoo Park, Hyderabad - TSPCB",Hyderabad,2025-07-10,Monsoon,66,106,25,26.9708333333333,68.4583333333333,3.67833333333333,117,Moderately Polluted,pm2_5,-0.907439979932632,-1.1920397119145054,0.9018779775060716,-1.6096805662868745,0.42436906131439,0.28374468421155447,MODELING_HISTORY,Cluster 3,2.16063972485948
PROJ_007,"Zoo Park, Hyderabad - TSPCB",Hyderabad,2025-07-11,Monsoon,74,111,25,27.5416666666667,67.5833333333333,3.08041666666667,145,Moderately Polluted,pm2_5,-1.526094695546937,-1.2017018173730931,0.9812290386624992,-1.503549747136142,0.7994642362526025,0.3990742724948031,MODELING_HISTORY,Cluster 3,2.170730808058508
PROJ_007,"Zoo Park, Hyderabad - TSPCB",Hyderabad,2025-07-12,Monsoon,58,95,25,27.6333333333333,67,3.78708333333333,97,Satisfactory,pm2_5,-0.4656629008811214,-0.7379789846353891,0.8133719592944567,-1.4893470129161543,0.35230032590080873,0.25981318370042084,MODELING_HISTORY,Cluster 3,2.0811455880863288
PROJ_007,"Zoo Park, Hyderabad - TSPCB",Hyderabad,2025-07-13,Monsoon,54,90,24,27.9541666666667,63,4.16375,90,Satisfactory,"pm10,pm2_5",-0.19765728694443052,-0.44899034636409674,0.8613526005095056,-1.6218403280897715,0.06555437955435961,0.2980117304616098,MODELING_HISTORY,Cluster 3,2.341359644007697
PROJ_007,"Zoo Park, Hyderabad - TSPCB",Hyderabad,2025-07-14,Monsoon,47,78,25,28.0791666666667,62.2083333333333,4.62916666666667,78,Satisfactory,"pm10,pm2_5",0.40195987515900977,-0.17524685861023667,0.729408748933855,-1.691004836947613,-0.16482463203619369,0.3807709982347761,MODELING_HISTORY,Cluster 2,2.017279416804051
PROJ_007,"Zoo Park, Hyderabad - TSPCB",Hyderabad,2025-07-15,Monsoon,36,67,24,26.8541666666667,71.4166666666667,4.26791666666667,66,Satisfactory,pm10,1.075937736035696,-0.3492950023237704,0.582170989716658,-0.9837974559485808,0.0220917597096576,0.14995697715864262,MODELING_HISTORY,Cluster 2,1.0699866576461243
PROJ_007,"Zoo Park, Hyderabad - TSPCB",Hyderabad,2025-07-16,Monsoon,47,78,24,27.4791666666667,70.2916666666667,3.03958333333333,78,Satisfactory,"pm10,pm2_5",-0.01180230081033009,-0.40829102315161214,0.6722745738766785,-0.5872507747874568,0.639367137965551,0.1910102111032828,MODELING_HISTORY,Cluster 3,1.5894516847249176
PROJ_007,"Zoo Park, Hyderabad - TSPCB",Hyderabad,2025-07-17,Monsoon,55,87,24,26.9125,77.9166666666667,1.94916666666667,91,Satisfactory,pm2_5,-0.66001008814595,-0.917212880813082,0.6862079420299216,-0.07949349864401778,1.335855529148697,0.10816299573613768,MODELING_HISTORY,Cluster 3,0.8254939398653308
PROJ_007,"Zoo Park, Hyderabad - TSPCB",Hyderabad,2025-07-18,Monsoon,39,70,24,25.8958333333333,82.5416666666667,1.9475,69,Satisfactory,pm10,0.2970935371790915,-0.7814375786014982,0.4464071794015187,0.5350950706738891,1.1920801802526502,-0.06731899577622141,MODELING_HISTORY,Cluster 3,1.3426242285983618
PROJ_007,"Zoo Park, Hyderabad - TSPCB",Hyderabad,2025-07-19,Monsoon,46,77,25,25.7625,82.125,2.18375,77,Satisfactory,pm10,0.03131851641915603,-1.032883158241095,0.4866014250498435,0.1742502412634492,1.1508459031934042,0.04669476705311726,MODELING_HISTORY,Cluster 3,1.0991176121802042
PROJ_007,"Zoo Park, Hyderabad - TSPCB",Hyderabad,2025-07-20,Monsoon,59,90,24,26.1125,78.25,2.66958333333333,98,Satisfactory,pm2_5,-0.5154831441326184,-1.27667164405364,0.7637546074655331,-0.5648425203736613,1.0218208085378524,0.25685376298882534,MODELING_HISTORY,Cluster 3,1.283452164927976
PROJ_007,"Zoo Park, Hyderabad - TSPCB",Hyderabad,2025-07-21,Monsoon,44,75,24,26.2416666666667,79.4583333333333,3.11208333333333,74,Satisfactory,pm10,0.432433150794024,-0.8648076373375813,0.5892955008336684,-0.4193363632944681,0.7578441139445229,0.08422941758095012,MODELING_HISTORY,Cluster 2,1.4621441998471036
PROJ_007,"Zoo Park, Hyderabad - TSPCB",Hyderabad,2025-07-23,Monsoon,23,54,24,24.35,88,4.66375,53,Satisfactory,pm10,2.3694482129814425,-1.026503020407641,0.34370047618613536,-0.5878820328563781,0.0151386512472712,-0.10063538731774266,MODELING_HISTORY,Cluster 2,1.135780001331922
PROJ_007,"Zoo Park, Hyderabad - TSPCB",Hyderabad,2025-07-24,Monsoon,29,60,25,23.9041666666667,87.5,4.91166666666667,59,Satisfactory,pm10,2.16516310915231,-1.3156212093286406,0.36744943223796606,-0.8844409336770234,-0.0913210420867956,0.02081229771135381,MODELING_HISTORY,Cluster 2,1.3584612081175693
PROJ_007,"Zoo Park, Hyderabad - TSPCB",Hyderabad,2025-07-25,Monsoon,32,63,25,24.1125,87.2916666666667,5.25958333333333,62,Satisfactory,pm10,2.1457042155582196,-1.3836334939086974,0.4288658821810626,-1.2325008367816972,-0.1601368774187638,0.06645732791104456,MODELING_HISTORY,Cluster 2,1.6028608016004222
PROJ_007,"Zoo Park, Hyderabad - TSPCB",Hyderabad,2025-07-26,Monsoon,26,57,24,23.5708333333333,90.5416666666667,6.12833333333333,56,Satisfactory,pm10,2.899410654756746,-1.487974701632373,0.4422879740874805,-1.5551113466477902,-0.4946891465934067,0.0175812995181083,MODELING_HISTORY,Cluster 2,2.20882131536916
PROJ_007,"Zoo Park, Hyderabad - TSPCB",Hyderabad,2025-07-27,Monsoon,35,66,45,25.8541666666667,72.625,6.38875,65,Satisfactory,pm10,1.8715327162668804,-0.7854327304819686,-0.6680655558118304,-2.4292713620177935,-0.8451607138319847,0.4419242979182016,MODELING_HISTORY,Cluster 2,2.3431919021307714
PROJ_007,"Zoo Park, Hyderabad - TSPCB",Hyderabad,2025-07-31,Monsoon,49,80,24,26.0875,73.5833333333333,4.48916666666667,81,Satisfactory,pm2_5,0.5987012031117593,-0.996106934208395,0.7460777224137711,-1.4367343673419462,0.0624180987811922,0.31835944972691926,MODELING_HISTORY,Cluster 2,1.8669434519850125
PROJ_007,"Zoo Park, Hyderabad - TSPCB",Hyderabad,2025-08-01,Monsoon,53,84,25,26.4541666666667,72.8333333333333,3.76833333333333,88,Satisfactory,pm2_5,0.07157841109403978,-0.9550388543614596,0.7036952770901181,-1.1380263411046507,0.3936042120754447,0.3229589918278303,MODELING_HISTORY,Cluster 3,1.9391656495934189
PROJ_007,"Zoo Park, Hyderabad - TSPCB",Hyderabad,2025-08-02,Monsoon,62,95,25,27.1291666666667,69.7916666666667,2.62125,103,Moderately Polluted,pm2_5,-0.9724226707970124,-0.9137286935141348,0.7816874816046503,-0.7508543299129238,0.8784650312498128,0.3233729981306711,MODELING_HISTORY,Cluster 3,1.3318695522918917
PROJ_007,"Zoo Park, Hyderabad - TSPCB",Hyderabad,2025-08-03,Monsoon,62,95,24,26.9375,75.25,2.16833333333333,103,Moderately Polluted,pm2_5,-1.0049241118952832,-1.0753810455363997,0.799954564077975,-0.4400127118366016,1.2288665605276383,0.21592680993696148,MODELING_HISTORY,Cluster 3,1.096593835978928
PROJ_007,"Zoo Park, Hyderabad - TSPCB",Hyderabad,2025-08-04,Monsoon,62,94,24,26.5583333333333,79.9583333333333,1.24625,103,Moderately Polluted,pm2_5,-1.228909843717149,-1.2086889650787986,0.7282193719625507,0.20792442759570173,1.6977693564109375,0.136182741944523,MODELING_HISTORY,Cluster 3,0.7607739618379009
PROJ_007,"Zoo Park, Hyderabad - TSPCB",Hyderabad,2025-08-05,Monsoon,72,123,25,26.8166666666667,78.5,1.15,138,Moderately Polluted,pm2_5,-2.1826263462509705,-1.5997231937686591,0.8228128172672142,-0.24822311918520912,1.7144638308475857,-0.21025009599202144,MODELING_HISTORY,Cluster 3,1.6765341538738099
PROJ_007,"Zoo Park, Hyderabad - TSPCB",Hyderabad,2025-08-06,Monsoon,70,115,24,26.8958333333333,77,1.1725,131,Moderately Polluted,pm2_5,-1.9902833036585732,-1.417030066460305,0.8598530445177035,-0.14071362818880773,1.6712407823179298,-0.07095832214784349,MODELING_HISTORY,Cluster 3,1.457191995326141
PROJ_007,"Zoo Park, Hyderabad - TSPCB",Hyderabad,2025-08-07,Monsoon,65,105,24,26.4083333333333,82.4166666666667,0.891666666666667,114,Moderately Polluted,pm2_5,-1.6093484928442896,-1.4563424885432388,0.7482704488660242,0.28537878667979677,1.8872915752608,-0.07811004063566548,MODELING_HISTORY,Cluster 3,1.0503171866828553
PROJ_007,"Zoo Park, Hyderabad - TSPCB",Hyderabad,2025-08-08,Monsoon,39,70,24,26.05,80.6666666666667,1.46875,69,Satisfactory,pm10,0.05217124888194446,-0.6523776421062116,0.4291076669269349,0.8387905169556565,1.313750895937298,-0.07297598318957205,MODELING_HISTORY,Cluster 3,1.221224775148546
PROJ_007,"Zoo Park, Hyderabad - TSPCB",Hyderabad,2025-08-09,Monsoon,48,79,24,24.9958333333333,84.4583333333333,1.88541666666667,79,Satisfactory,"pm10,pm2_5",-0.09878806404164477,-1.305312407628227,0.5418657288304123,0.410312036930451,1.2594934665392,0.05072835521294091,MODELING_HISTORY,Cluster 3,1.0375869020713124
PROJ_007,"Zoo Park, Hyderabad - TSPCB",Hyderabad,2025-08-10,Monsoon,39,70,24,24.7333333333333,86.0416666666667,2.28666666666667,69,Satisfactory,pm10,0.5564428988233091,-1.1701563431952378,0.4369356327078575,0.4489988030069834,1.0356063514175085,-0.04032838012947767,MODELING_HISTORY,Cluster 3,1.5779228602587774
PROJ_007,"Zoo Park, Hyderabad - TSPCB",Hyderabad,2025-08-11,Monsoon,38,69,24,24.8,84.2916666666667,3.09666666666667,68,Satisfactory,pm10,0.8873770946090229,-1.1422923157497622,0.4741229469976028,-0.05647559423834342,0.6723489024047364,0.01715146033716776,MODELING_HISTORY,Cluster 2,1.2451934449774185
PROJ_007,"Zoo Park, Hyderabad - TSPCB",Hyderabad,2025-08-12,Monsoon,38,69,24,24.8583333333333,83.25,3.6275,68,Satisfactory,pm10,1.0739968728717653,-1.1437338567918174,0.506902611930093,-0.4101825419799445,0.448088866244403,0.05986930639334759,MODELING_HISTORY,Cluster 2,1.146733967305454
PROJ_007,"Zoo Park, Hyderabad - TSPCB",Hyderabad,2025-08-13,Monsoon,33,64,24,23.9291666666667,87.4583333333333,3.80333333333333,63,Satisfactory,pm10,1.525714128947789,-1.335575349648898,0.4241830025723473,-0.26882515004291735,0.35617268152997855,-0.00307109080065121,MODELING_HISTORY,Cluster 2,1.1322082262957378
PROJ_007,"Zoo Park, Hyderabad - TSPCB",Hyderabad,2025-08-14,Monsoon,26,57,24,24.0958333333333,85.25,3.63166666666667,56,Satisfactory,pm10,1.742759446451102,-1.007328386576414,0.3332170669162814,0.04640859547049525,0.2757829121628639,-0.06705473398537964,MODELING_HISTORY,Cluster 2,0.8522860144838001
PROJ_007,"Zoo Park, Hyderabad - TSPCB",Hyderabad,2025-08-15,Monsoon,26,57,24,24.55,84.0416666666667,4.22125,56,Satisfactory,pm10,1.9371060363935992,-0.9208647548106306,0.3751399555707551,-0.3973092182152037,0.08238111077867238,-0.03986781336435914,MODELING_HISTORY,Cluster 2,0.7961737875268918
PROJ_007,"Zoo Park, Hyderabad - TSPCB",Hyderabad,2025-08-16,Monsoon,31,62,24,24.3125,85.2916666666667,4.72916666666667,61,Satisfactory,pm10,1.9330642532622824,-1.2045805003566703,0.46026594859900705,-0.8599159619929442,-0.02986151288027894,0.03882841544381604,MODELING_HISTORY,Cluster 2,1.2162217104797026
PROJ_007,"Zoo Park, Hyderabad - TSPCB",Hyderabad,2025-08-17,Monsoon,35,66,24,23.8375,87.4583333333333,4.2325,65,Satisfactory,pm10,1.6027785787604047,-1.4528136695477207,0.472083425401225,-0.6013990351823619,0.21037759224421893,0.04864209047711934,MODELING_HISTORY,Cluster 2,1.2981727446351579
PROJ_007,"Zoo Park, Hyderabad - TSPCB",Hyderabad,2025-08-18,Monsoon,24,55,24,23.5958333333333,88.1666666666667,5.85625,54,Satisfactory,pm10,2.828360121384036,-1.3297646235203824,0.409858083965639,-1.307516926200423,-0.5093767075177918,0.01540011610989705,MODELING_HISTORY,Cluster 2,1.9349559500284303
PROJ_007,"Zoo Park, Hyderabad - TSPCB",Hyderabad,2025-08-19,Monsoon,20,51,24,23.8083333333333,84.8333333333333,6.51083333333333,50,Good,pm10,3.201089383308664,-1.1192835518433628,0.406821481471104,-1.630947334671894,-0.8916684087065911,0.0468441650483597,MODELING_HISTORY,Cluster 2,2.2688346546080056
PROJ_007,"Zoo Park, Hyderabad - TSPCB",Hyderabad,2025-08-20,Monsoon,29,60,24,24.6791666666667,82.5416666666667,5.29791666666667,59,Satisfactory,pm10,2.1820705396199567,-1.0302835954891922,0.4789089234329268,-1.2106428155064253,-0.3124413455923586,0.07087045428706037,MODELING_HISTORY,Cluster 2,1.3971187866021013
PROJ_007,"Zoo Park, Hyderabad - TSPCB",Hyderabad,2025-08-21,Monsoon,40,71,24,25.8375,75.4583333333333,4.47958333333333,70,Satisfactory,pm10,1.0949004022154638,-0.8320667917318766,0.6182924561575865,-1.1297012205550376,3.0390913566546995e-4,0.19917714443139373,MODELING_HISTORY,Cluster 2,1.3025890345629267
PROJ_007,"Zoo Park, Hyderabad - TSPCB",Hyderabad,2025-08-22,Monsoon,46,77,24,25.6333333333333,75.3333333333333,4.30708333333333,77,Satisfactory,pm10,0.7310782420659189,-1.0415099720542085,0.6850247699992362,-1.172373516473119,0.09582932458284232,0.2711178656380061,MODELING_HISTORY,Cluster 2,1.6310670490420722
PROJ_007,"Zoo Park, Hyderabad - TSPCB",Hyderabad,2025-08-23,Monsoon,44,75,24,25.3416666666667,74.2083333333333,4.79541666666667,74,Satisfactory,pm10,1.0079478115801783,-1.054035308559124,0.684875108237351,-1.3904743929279757,-0.19105184081248772,0.30885628337971055,MODELING_HISTORY,Cluster 2,1.6419567826144774
PROJ_007,"Zoo Park, Hyderabad - TSPCB",Hyderabad,2025-08-24,Monsoon,41,72,24,25.6,71.7083333333333,4.58041666666667,71,Satisfactory,pm10,0.99937136642943,-0.8147527620128604,0.6460672598183473,-1.1800054479153146,-0.20811918470930335,0.2877646800314503,MODELING_HISTORY,Cluster 2,1.3836114824689025
PROJ_007,"Zoo Park, Hyderabad - TSPCB",Hyderabad,2025-08-25,Monsoon,38,69,24,25.6041666666667,71.2916666666667,4.42083333333333,68,Satisfactory,pm10,1.0729141827081707,-0.6971848402083209,0.5997681876510302,-0.981525568318283,-0.20053617324256817,0.25089822640478116,MODELING_HISTORY,Cluster 2,1.1551219290717745
PROJ_007,"Zoo Park, Hyderabad - TSPCB",Hyderabad,2025-08-26,Monsoon,34,65,24,24.2833333333333,83.6666666666667,3.65708333333333,64,Satisfactory,pm10,1.3116430335434826,-1.1647057215077492,0.4469553261423341,-0.23345997876831515,0.32303924956136787,0.04040018409744971,MODELING_HISTORY,Cluster 2,1.0318484945348916
PROJ_007,"Zoo Park, Hyderabad - TSPCB",Hyderabad,2025-08-27,Monsoon,25,56,24,23.2875,91.625,4.025,55,Satisfactory,pm10,2.134865778302075,-1.3750419466016517,0.30882130611281006,-0.103336901054493,0.2544557299654908,-0.11263251251674072,MODELING_HISTORY,Cluster 2,1.24327429224313
PROJ_007,"Zoo Park, Hyderabad - TSPCB",Hyderabad,2025-08-28,Monsoon,31,62,25,23.725,88.9583333333333,4.26708333333333,61,Satisfactory,pm10,1.8475945324652232,-1.404312545023984,0.3516355450049226,-0.5028257947718949,0.1953902534523985,-0.00537785506532743,MODELING_HISTORY,Cluster 2,1.2110687409121312
PROJ_007,"Zoo Park, Hyderabad - TSPCB",Hyderabad,2025-08-29,Monsoon,38,69,24,24.9416666666667,80.9166666666667,4.07833333333333,68,Satisfactory,pm10,1.195229640791362,-1.0953483173814431,0.5400578223230261,-0.7089331760219013,0.20538148921511495,0.1169972275648796,MODELING_HISTORY,Cluster 2,1.1489992105646014
PROJ_007,"Zoo Park, Hyderabad - TSPCB",Hyderabad,2025-08-30,Monsoon,40,71,24,25.8583333333333,77.0833333333333,3.61958333333333,70,Satisfactory,pm10,0.787543900377728,-0.8022686057147184,0.56697871225236,-0.571530399163559,0.3782464618005138,0.12471092131799616,MODELING_HISTORY,Cluster 2,1.1757176573946053
PROJ_007,"Zoo Park, Hyderabad - TSPCB",Hyderabad,2025-08-31,Monsoon,35,66,24,25.1125,83.5,3.83583333333333,65,Satisfactory,pm10,1.305368871390001,-1.0209236323019346,0.4815477658966771,-0.49017778108375776,0.38617984246606385,0.019537392329713,MODELING_HISTORY,Cluster 2,0.9566893007883909
PROJ_007,"Zoo Park, Hyderabad - TSPCB",Hyderabad,2025-09-01,Monsoon,40,71,24,24.8291666666667,82.9166666666667,3.91583333333333,70,Satisfactory,pm10,1.0839612934143892,-1.2255356906806338,0.5492184592536419,-0.6565847788289552,0.34925202785705733,0.10557470550745114,MODELING_HISTORY,Cluster 2,1.2754356119401267
PROJ_007,"Zoo Park, Hyderabad - TSPCB",Hyderabad,2025-09-02,Monsoon,34,65,24,24.375,84.2916666666667,4.18291666666667,64,Satisfactory,pm10,1.5369540888772744,-1.2067475464423616,0.4743419120566247,-0.5952377525911079,0.1713946267553047,0.05494797231394985,MODELING_HISTORY,Cluster 2,1.0842578723370215
PROJ_007,"Zoo Park, Hyderabad - TSPCB",Hyderabad,2025-09-03,Monsoon,60,98,24,25.025,78.4166666666667,3.82166666666667,100,Satisfactory,pm2_5,-0.198249726872374,-1.722051889118062,0.8320825985079353,-1.2788617794837132,0.4207742237439181,0.21502566721603775,MODELING_HISTORY,Cluster 3,2.107108038004228
PROJ_007,"Zoo Park, Hyderabad - TSPCB",Hyderabad,2025-09-04,Monsoon,61,93,24,25.3458333333333,76.625,3.72291666666667,100,Satisfactory,pm2_5,-0.22610042747445053,-1.5595021983283233,0.8426079340488875,-1.2233421879218618,0.4803525284768768,0.3804772226355799,MODELING_HISTORY,Cluster 3,2.005153285010261
PROJ_007,"Zoo Park, Hyderabad - TSPCB",Hyderabad,2025-09-05,Monsoon,49,80,24,25.5875,74.7083333333333,3.60916666666667,81,Satisfactory,pm2_5,0.28632520988753496,-1.065894366751433,0.6882180443407142,-0.7949359162135091,0.35063223375627794,0.27877969374238915,MODELING_HISTORY,Cluster 2,1.7793945895361911
PROJ_007,"Zoo Park, Hyderabad - TSPCB",Hyderabad,2025-09-09,Monsoon,74,108,24,27.2708333333333,64.7083333333333,1.71916666666667,145,Moderately Polluted,pm2_5,-2.07369683297026,-1.03173425128251,0.9737491399145876,-0.5199255091260748,1.154760442898248,0.450176053143375,MODELING_HISTORY,Cluster 3,1.686229725438639
PROJ_007,"Zoo Park, Hyderabad - TSPCB",Hyderabad,2025-09-10,Monsoon,56,88,24,26.1375,79.125,1.99875,93,Satisfactory,pm2_5,-0.6360913109408164,-1.15917531842338,0.6872493687397246,-0.04627501656977079,1.262242843201043,0.145358333528674,MODELING_HISTORY,Cluster 3,0.8333783761531159
PROJ_007,"Zoo Park, Hyderabad - TSPCB",Hyderabad,2025-09-11,Monsoon,47,78,24,24.2333333333333,87.4583333333333,3.15666666666667,78,Satisfactory,"pm10,pm2_5",0.5621260296235225,-1.6386561184649475,0.576521402392247,-0.3108288395223602,0.7944701577903325,0.10440135119606744,MODELING_HISTORY,Cluster 2,1.8193035608308548
PROJ_007,"Zoo Park, Hyderabad - TSPCB",Hyderabad,2025-09-12,Monsoon,56,87,24,23.9083333333333,88.375,2.66333333333333,93,Satisfactory,pm2_5,-0.05017568332186852,-1.969330730425884,0.6600740892394014,-0.2221544537774142,1.0633493158212877,0.18297653896932545,MODELING_HISTORY,Cluster 3,1.583488998790297
PROJ_007,"Zoo Park, Hyderabad - TSPCB",Hyderabad,2025-09-15,Monsoon,43,75,24,25.3708333333333,83.7916666666667,2.81375,74,Satisfactory,pm10,0.4765850837465101,-1.139070084068181,0.5350311736421086,-0.10496292558189436,0.890433598592035,0.01065790343731914,MODELING_HISTORY,Cluster 2,1.5404081096673605
PROJ_007,"Zoo Park, Hyderabad - TSPCB",Hyderabad,2025-09-16,Monsoon,37,68,24,25.1791666666667,85.5833333333333,2.06666666666667,67,Satisfactory,pm10,0.5418132589359866,-0.978461934998424,0.40665654559540215,0.5989552877652184,1.1402266582438176,-0.09237470319447588,MODELING_HISTORY,Cluster 3,1.5605731078218403
PROJ_007,"Zoo Park, Hyderabad - TSPCB",Hyderabad,2025-09-17,Monsoon,53,90,24,25.2,85.9166666666667,1.39083333333333,90,Satisfactory,pm10,-0.6317699410273924,-1.4737107501624849,0.5861899582496647,0.49515239982381487,1.547280525090283,-0.10240591359823836,MODELING_HISTORY,Cluster 3,0.7938903736596697
PROJ_007,"Zoo Park, Hyderabad - TSPCB",Hyderabad,2025-09-18,Monsoon,50,82,24,25.7458333333333,83.3333333333333,1.56666666666667,83,Satisfactory,pm2_5,-0.3964938108828416,-1.1499760997636843,0.5662158795151361,0.45652885631276674,1.4581653700054018,0.00805597132695254,MODELING_HISTORY,Cluster 3,0.7765696824908394
PROJ_007,"Zoo Park, Hyderabad - TSPCB",Hyderabad,2025-09-19,Monsoon,44,75,24,25.4708333333333,82.2916666666667,2.0225,74,Satisfactory,pm10,0.08624326598958115,-1.0268124855995284,0.510749062654798,0.38917347041653183,1.14913605838164,0.02088544653564586,MODELING_HISTORY,Cluster 3,1.1407768211041474
PROJ_007,"Zoo Park, Hyderabad - TSPCB",Hyderabad,2025-09-20,Monsoon,51,83,24,25.7083333333333,82.7916666666667,2.36166666666667,84,Satisfactory,pm2_5,-0.13730534334040184,-1.2398566725778242,0.6232461721290364,-0.09173781863296628,1.155448603019425,0.0742704360495951,MODELING_HISTORY,Cluster 3,1.127717809601789
PROJ_007,"Zoo Park, Hyderabad - TSPCB",Hyderabad,2025-09-21,Monsoon,47,78,24,25.4208333333333,84.2083333333333,2.37541666666667,78,Satisfactory,"pm10,pm2_5",0.12970499473564784,-1.2144329330320731,0.5617716462011454,0.06277861457356579,1.1242103011110924,0.04752053743927076,MODELING_HISTORY,Cluster 3,1.2605622983031386
PROJ_007,"Zoo Park, Hyderabad - TSPCB",Hyderabad,2025-09-22,Monsoon,43,74,24,24.8,86.9166666666667,2.51125,73,Satisfactory,pm10,0.4689893548176817,-1.3211326923305595,0.49922250653618794,0.16574971040084463,1.044560329118545,5.774052389020973e-4,MODELING_HISTORY,Cluster 3,1.548119037292478
PROJ_007,"Zoo Park, Hyderabad - TSPCB",Hyderabad,2025-09-23,Monsoon,39,70,24,24.6458333333333,86.7916666666667,3.33291666666667,69,Satisfactory,pm10,1.0004620013272454,-1.2994697248853235,0.48937620762095646,-0.23335229437144644,0.6743731893249764,0.01094246917238925,MODELING_HISTORY,Cluster 2,1.288575230953459
PROJ_007,"Zoo Park, Hyderabad - TSPCB",Hyderabad,2025-09-24,Monsoon,55,86,24,24.9833333333333,79.3333333333333,3.9175,91,Satisfactory,pm2_5,0.2475624786484546,-1.5427754935955778,0.7593590316948178,-1.1225024238045147,0.4009242278628549,0.32478903792418756,MODELING_HISTORY,Cluster 3,2.119673876766333
PROJ_007,"Zoo Park, Hyderabad - TSPCB",Hyderabad,2025-09-25,Monsoon,49,80,24,23.675,83.4583333333333,4.3025,81,Satisfactory,pm2_5,0.842543332406688,-1.803735750936634,0.669879314877465,-1.038492807149527,0.16256498290411714,0.2838898233783437,MODELING_HISTORY,Cluster 2,1.9919051766419082
PROJ_007,"Zoo Park, Hyderabad - TSPCB",Hyderabad,2025-09-26,Monsoon,40,71,24,23.65,88.2083333333333,3.13,70,Satisfactory,pm10,0.9341988545615484,-1.5753314944531998,0.4731375497954822,-0.00535137477612462,0.667468009736921,0.0427579561124142,MODELING_HISTORY,Cluster 2,1.562000628821035
PROJ_007,"Zoo Park, Hyderabad - TSPCB",Hyderabad,2025-09-30,Monsoon,41,72,24,25.1083333333333,79.1666666666667,3.4675,71,Satisfactory,pm10,0.751148118711813,-1.0471250083260863,0.554608930518106,-0.41213594449508434,0.41576238716770897,0.1356244081462626,MODELING_HISTORY,Cluster 2,1.2945899740545648
PROJ_007,"Zoo Park, Hyderabad - TSPCB",Hyderabad,2025-10-01,Post-monsoon,40,71,25,25.4208333333333,75.375,3.52875,70,Satisfactory,pm10,0.713049488252646,-0.843705329081082,0.4983344492987832,-0.4566269123742693,0.2792057450144001,0.1772047773720875,MODELING_HISTORY,Cluster 2,1.1974750788782946
PROJ_007,"Zoo Park, Hyderabad - TSPCB",Hyderabad,2025-10-02,Post-monsoon,41,72,24,25.0458333333333,78.8333333333333,3.29958333333333,71,Satisfactory,pm10,0.6768449679203713,-1.037200566775248,0.5458554482692938,-0.2916872694893193,0.4539771483025888,0.13486980295259443,MODELING_HISTORY,Cluster 2,1.3297753239597554
PROJ_007,"Zoo Park, Hyderabad - TSPCB",Hyderabad,2025-10-03,Post-monsoon,42,73,24,25.7791666666667,75.9166666666667,3.41541666666667,72,Satisfactory,pm10,0.5792031254596384,-0.829516407942603,0.5849665466342308,-0.4827509654956956,0.4169559199863817,0.15873237477580163,MODELING_HISTORY,Cluster 2,1.3354591735032317
PROJ_007,"Zoo Park, Hyderabad - TSPCB",Hyderabad,2025-10-04,Post-monsoon,45,76,24,26.0291666666667,78.25,2.895,76,Satisfactory,pm10,0.2713377899067363,-0.8890348698838525,0.5918377026032892,-0.2737211331697073,0.768408337814439,0.11397141648240416,MODELING_HISTORY,Cluster 3,1.4928492688296155
PROJ_007,"Zoo Park, Hyderabad - TSPCB",Hyderabad,2025-10-05,Post-monsoon,50,81,24,25.4375,80.5416666666667,2.15208333333333,83,Satisfactory,pm2_5,-0.20132428452750747,-1.1764791051869017,0.6014813408167767,0.1314945332482999,1.0966452671556668,0.12584772714652287,MODELING_HISTORY,Cluster 3,0.979935397606405
PROJ_007,"Zoo Park, Hyderabad - TSPCB",Hyderabad,2025-10-06,Post-monsoon,48,79,24,24.6833333333333,80.9166666666667,2.42458333333333,79,Satisfactory,"pm10,pm2_5",0.03972367565283762,-1.3172556846497856,0.5783770892374843,0.11024942438465964,0.878459231420764,0.15310286899578937,MODELING_HISTORY,Cluster 3,1.202952254307579
PROJ_007,"Zoo Park, Hyderabad - TSPCB",Hyderabad,2025-10-07,Post-monsoon,54,85,24,24.825,80.9583333333333,1.59416666666667,90,Satisfactory,pm2_5,-0.5960340592739113,-1.3992737463432652,0.6139858699664553,0.4558320620036675,1.269466700913501,0.16708046775300212,MODELING_HISTORY,Cluster 3,0.780761252822205
PROJ_007,"Zoo Park, Hyderabad - TSPCB",Hyderabad,2025-10-08,Post-monsoon,74,117,24,26.0666666666667,74.4166666666667,1.135,145,Moderately Polluted,pm2_5,-2.2047033638245868,-1.6242205987666285,0.904816693676573,-0.10039493902511865,1.5173332525872807,0.10755426848742214,MODELING_HISTORY,Cluster 3,1.6923032975653485
PROJ_007,"Zoo Park, Hyderabad - TSPCB",Hyderabad,2025-10-09,Post-monsoon,73,134,24,26.1,73.0833333333333,1.71125,141,Moderately Polluted,pm2_5,-2.3047301772373703,-1.7798247701636396,0.9505265755729414,-0.6155480970224746,1.1427352713625836,-0.2992173430928984,MODELING_HISTORY,Cluster 3,2.0436481592487725
PROJ_007,"Zoo Park, Hyderabad - TSPCB",Hyderabad,2025-10-10,Post-monsoon,79,174,24,26.8375,56.8333333333333,1.96083333333333,162,Moderately Polluted,pm2_5,-3.586985480161188,-1.6936948319155654,1.1501372355868136,-1.3073873465180237,0.3854082314489887,-0.8457113082648017,MODELING_HISTORY,Cluster 3,3.371019136769599
PROJ_007,"Zoo Park, Hyderabad - TSPCB",Hyderabad,2025-10-11,Post-monsoon,80,176,24,26.4958333333333,54.4583333333333,2.37375,166,Moderately Polluted,pm2_5,-3.5382558726331053,-1.7759671017183614,1.1899005535187377,-1.565078058667099,0.09720316234514606,-0.780434738808325,MODELING_HISTORY,Cluster 3,3.500559200592717
PROJ_007,"Zoo Park, Hyderabad - TSPCB",Hyderabad,2025-10-12,Post-monsoon,82,176,24,27.1,55,2.16375,172,Moderately Polluted,pm2_5,-3.687970648167696,-1.6800363499655422,1.2086838914916995,-1.5507515411551598,0.31873300660571335,-0.7608306014391039,MODELING_HISTORY,Cluster 3,3.590445088112062
PROJ_007,"Zoo Park, Hyderabad - TSPCB",Hyderabad,2025-10-13,Post-monsoon,70,135,24,25.6333333333333,69.4166666666667,1.91125,131,Moderately Polluted,pm2_5,-2.2305105798391005,-1.7435681132632406,0.9330444204374568,-0.6160579458461116,0.7983664340005123,-0.3389378424912535,MODELING_HISTORY,Cluster 3,1.9741965868786087
PROJ_007,"Zoo Park, Hyderabad - TSPCB",Hyderabad,2025-10-14,Post-monsoon,39,81,24,24.7083333333333,84.3333333333333,2.50916666666667,81,Satisfactory,pm10,0.3916766077866699,-1.2570145882708952,0.4682634041344767,0.21075094716542753,0.8184470485278152,-0.2727105174309151,MODELING_HISTORY,Cluster 3,1.449034614732328
PROJ_007,"Zoo Park, Hyderabad - TSPCB",Hyderabad,2025-10-15,Post-monsoon,36,72,24,25.6,75.7916666666667,2.85708333333333,71,Satisfactory,pm10,0.5563527800766861,-0.6875274561159991,0.4809536819014246,0.04743583227414841,0.4889094032302449,-0.05329855923177548,MODELING_HISTORY,Cluster 2,1.281081361414216
PROJ_007,"Zoo Park, Hyderabad - TSPCB",Hyderabad,2025-10-16,Post-monsoon,51,105,25,26.3958333333333,67.7916666666667,2.7175,103,Moderately Polluted,pm10,-0.822906874273939,-0.9069470849370544,0.6665450828972168,-0.5671038745552489,0.40535705213931106,-0.24689373947565185,MODELING_HISTORY,Cluster 3,1.12489528646648
PROJ_007,"Zoo Park, Hyderabad - TSPCB",Hyderabad,2025-10-17,Post-monsoon,64,134,24,26.4875,67.4583333333333,2.7925,122,Moderately Polluted,pm10,-1.7486115257260448,-1.4397312162991491,0.9266157183210708,-1.1640679957178366,0.4310338763806606,-0.4979821050078724,MODELING_HISTORY,Cluster 3,1.9787288625401263
PROJ_007,"Zoo Park, Hyderabad - TSPCB",Hyderabad,2025-10-18,Post-monsoon,66,137,24,26.7541666666667,62.8333333333333,2.19833333333333,124,Moderately Polluted,pm10,-2.2307077058389564,-1.2669660839755787,0.9412739236613628,-0.8579322675920149,0.5192273465445181,-0.4750644174934462,MODELING_HISTORY,Cluster 3,1.9883746029763705
PROJ_007,"Zoo Park, Hyderabad - TSPCB",Hyderabad,2025-10-19,Post-monsoon,61,125,24,25.8958333333333,69.375,2.45041666666667,116,Moderately Polluted,pm10,-1.5565981260570718,-1.4458728154055742,0.8468899747844612,-0.7212082836278425,0.5442115583846462,-0.4004693607180373,MODELING_HISTORY,Cluster 3,1.5367307697281174
PROJ_007,"Zoo Park, Hyderabad - TSPCB",Hyderabad,2025-10-20,Post-monsoon,37,64,24,25.2375,78.75,2.00833333333333,63,Satisfactory,pm10,0.4228286755729685,-0.7212048191523758,0.4221194225568538,0.6955312719559683,0.923722713411874,0.10740804718500148,MODELING_HISTORY,Cluster 3,1.4913603467940282
PROJ_007,"Zoo Park, Hyderabad - TSPCB",Hyderabad,2025-10-21,Post-monsoon,35,68,24,24.8708333333333,81.375,2.80791666666667,67,Satisfactory,pm10,0.8055258461009923,-0.946784266018193,0.4327262131189555,0.21051360252776868,0.6257417865445785,-0.04099585621185953,MODELING_HISTORY,Cluster 2,1.236339517660718
PROJ_007,"Zoo Park, Hyderabad - TSPCB",Hyderabad,2025-10-22,Post-monsoon,32,64,24,24.6375,83.625,3.45791666666667,63,Satisfactory,pm10,1.299265453944946,-1.0174548753209276,0.4164143443289488,-0.0962372691298084,0.4170550840596553,-0.03685542302788904,MODELING_HISTORY,Cluster 2,0.9147363086328864
PROJ_007,"Zoo Park, Hyderabad - TSPCB",Hyderabad,2025-10-23,Post-monsoon,20,42,24,23.5416666666667,90.3333333333333,3.87166666666667,42,Good,pm10,2.454581544949873,-1.024443650477879,0.2316338539238391,0.20648657181832708,0.2930951537944884,0.05142878925672782,MODELING_HISTORY,Cluster 2,1.2152721964941133
PROJ_007,"Zoo Park, Hyderabad - TSPCB",Hyderabad,2025-10-24,Post-monsoon,30,63,24,23.2291666666667,90.4166666666667,2.39375,62,Satisfactory,pm10,1.161165932474404,-1.3878306585176092,0.2923752029387885,0.8145307698131978,0.8323562126930206,-0.17391440437650843,MODELING_HISTORY,Cluster 2,1.639750402059851
PROJ_007,"Zoo Park, Hyderabad - TSPCB",Hyderabad,2025-10-25,Post-monsoon,22,45,24,23.425,89.0416666666667,1.82291666666667,45,Good,pm10,1.479779907836006,-0.9113361054082542,0.15179855625108724,1.5091528441181312,0.9816101254024596,-0.03811639923340425,MODELING_HISTORY,Cluster 2,1.8926697559929349
PROJ_007,"Zoo Park, Hyderabad - TSPCB",Hyderabad,2025-10-27,Post-monsoon,36,74,24,25.0291666666667,78.5833333333333,1.56916666666667,73,Satisfactory,pm10,0.08436119894297117,-0.8075634083987148,0.39719335185478033,0.942300859068866,0.9679123153151606,-0.18746901326012025,MODELING_HISTORY,Cluster 3,1.2505766624836323
PROJ_007,"Zoo Park, Hyderabad - TSPCB",Hyderabad,2025-10-28,Post-monsoon,7,14,24,23.5625,88.5,3.47625,24,Good,o3,3.182070842397917,-0.385461912879546,0.02792734112245123,1.009683986807201,0.3077283929297479,0.28054605480252276,MODELING_HISTORY,Cluster 2,2.0016058995941597
PROJ_007,"Zoo Park, Hyderabad - TSPCB",Hyderabad,2025-10-29,Post-monsoon,4,9,24,22.4458333333333,90.5,4.73541666666667,24,Good,o3,3.961369279943597,-0.6863356046793663,0.03175239092774436,0.4269779849232944,-0.2558261039171045,0.39512036963990366,MODELING_HISTORY,Cluster 2,2.454602206384352
PROJ_007,"Zoo Park, Hyderabad - TSPCB",Hyderabad,2025-10-30,Post-monsoon,14,23,24,24.8708333333333,73.125,4.31708333333333,24,Good,o3,2.7125593415207323,0.04846588667442816,0.23648724631299312,0.11452903565490068,-0.34181982548675555,0.527634759478629,MODELING_HISTORY,Cluster 2,1.1997804457567782
PROJ_007,"Zoo Park, Hyderabad - TSPCB",Hyderabad,2025-10-31,Post-monsoon,16,33,24,24.4041666666667,71,3.01375,33,Good,pm10,1.8931625059049093,-0.02617959356234295,0.20356113794988276,0.9097301126363272,-0.04908421566686416,0.3379436301988713,MODELING_HISTORY,Cluster 2,1.2383002893861894
PROJ_007,"Zoo Park, Hyderabad - TSPCB",Hyderabad,2025-11-01,Post-monsoon,28,50,24,25.1,80.0416666666667,1.72541666666667,50,Good,pm10,0.8873089580637525,-0.4411872079639264,0.2767946488787787,1.2169773296651982,0.9837609271300684,0.10007730852774745,MODELING_HISTORY,Cluster 2,1.6870976853606958
PROJ_007,"Zoo Park, Hyderabad - TSPCB",Hyderabad,2025-11-02,Post-monsoon,6,13,24,25.0458333333333,80.875,2.58916666666667,24,Good,o3,2.638090324508405,0.27094483373582173,0.01314785116466166,1.4633629909215882,0.5352310308752277,0.258824752072608,MODELING_HISTORY,Cluster 2,2.0686393687538804
PROJ_007,"Zoo Park, Hyderabad - TSPCB",Hyderabad,2025-11-05,Post-monsoon,31,66,24,25.4166666666667,73.2083333333333,1.76416666666667,65,Satisfactory,pm10,0.322629834542583,-0.39918946991507787,0.3618475819707168,0.9662912234004988,0.7033491608951972,-0.09613846803961892,MODELING_HISTORY,Cluster 3,1.561718662685451
PROJ_007,"Zoo Park, Hyderabad - TSPCB",Hyderabad,2025-11-06,Post-monsoon,49,100,24,25.2875,63.5416666666667,1.9075,100,Satisfactory,pm10,-1.0581610014365008,-0.8688928918864822,0.6556394219817985,0.22953959897200132,0.36026930076967495,-0.12110942599910644,MODELING_HISTORY,Cluster 3,0.6202942058639443
PROJ_007,"Zoo Park, Hyderabad - TSPCB",Hyderabad,2025-11-08,Post-monsoon,62,83,24,24.6375,47.4166666666667,1.8875,103,Moderately Polluted,pm2_5,-1.5141456573381331,-0.6318751455270095,0.8312611507637393,0.27505606852440545,-0.03905733503135089,1.058051740983065,MODELING_HISTORY,Cluster 3,1.0069357957563945
PROJ_007,"Zoo Park, Hyderabad - TSPCB",Hyderabad,2025-11-09,Post-monsoon,77,114,24,23.5541666666667,54.3333333333333,1.6425,155,Moderately Polluted,pm2_5,-2.459727617250522,-1.671835093901077,0.9963880625814048,-0.05787608529118626,0.23790299545559543,0.7692109092889774,MODELING_HISTORY,Cluster 3,1.9356687680406393
PROJ_007,"Zoo Park, Hyderabad - TSPCB",Hyderabad,2025-11-10,Post-monsoon,79,137,24,23.7208333333333,50.7083333333333,1.24375,162,Moderately Polluted,pm2_5,-3.2214935891550485,-1.77083807642845,1.042280834871193,-0.05694916341782918,0.16099234270998358,0.29664509713948783,MODELING_HISTORY,Cluster 3,2.614535807258036
PROJ_007,"Zoo Park, Hyderabad - TSPCB",Hyderabad,2025-11-11,Post-monsoon,79,131,25,24.4875,47.625,1.19833333333333,162,Moderately Polluted,pm2_5,-3.2320658115114504,-1.4472062636099574,0.989563252918356,-0.06868372215209972,0.2054382952818099,0.4568908915626641,MODELING_HISTORY,Cluster 3,2.5279445614128173
PROJ_007,"Zoo Park, Hyderabad - TSPCB",Hyderabad,2025-11-12,Post-monsoon,80,141,24,24.3416666666667,46.6666666666667,1.79083333333333,166,Moderately Polluted,pm2_5,-3.2277138050988077,-1.622377753933155,1.1105818881601943,-0.5409880738054407,-0.11081472697939716,0.29380536295468246,MODELING_HISTORY,Cluster 3,2.727773735610623
PROJ_007,"Zoo Park, Hyderabad - TSPCB",Hyderabad,2025-11-13,Post-monsoon,75,114,24,23.6958333333333,43.5,1.89291666666667,148,Moderately Polluted,pm2_5,-2.573529961320786,-1.3062747887495605,1.0244783838665967,-0.15350766622829493,-0.29442883314861246,0.872608890312714,MODELING_HISTORY,Cluster 3,1.9687486131287588
PROJ_007,"Zoo Park, Hyderabad - TSPCB",Hyderabad,2025-11-15,Post-monsoon,80,149,24,22.3583333333333,50.4166666666667,1.5575,166,Moderately Polluted,pm2_5,-3.3234787405792448,-2.2342825775888784,1.0684696261733582,-0.2165685314496212,-0.21996304680516293,0.1309460136131708,MODELING_HISTORY,Cluster 3,2.909227239919553
PROJ_007,"Zoo Park, Hyderabad - TSPCB",Hyderabad,2025-11-16,Post-monsoon,79,143,24,22.4375,47.4166666666667,1.99708333333333,162,Moderately Polluted,pm2_5,-3.0771737123773244,-2.0851298608042295,1.0837674782226452,-0.42762269855737417,-0.46717000004342873,0.31071452840214503,MODELING_HISTORY,Cluster 3,2.7086062219714875
PROJ_007,"Zoo Park, Hyderabad - TSPCB",Hyderabad,2025-11-17,Post-monsoon,79,150,24,22.4291666666667,44.125,2.42583333333333,162,Moderately Polluted,pm2_5,-3.121420873017692,-2.098826950016931,1.126603052543405,-0.7605389433503484,-0.7950884279849991,0.21292815944632237,MODELING_HISTORY,Cluster 3,2.8789478027649387
PROJ_007,"Zoo Park, Hyderabad - TSPCB",Hyderabad,2025-11-18,Post-monsoon,80,148,24,23.0875,44.2083333333333,1.375,166,Moderately Polluted,pm2_5,-3.555030299564752,-1.86619149595229,1.0882007772612894,-0.1564198931876296,-0.28537713342847093,0.20332258282677865,MODELING_HISTORY,Cluster 3,2.9660962203267744
PROJ_007,"Zoo Park, Hyderabad - TSPCB",Hyderabad,2025-11-19,Post-monsoon,79,152,24,23.15,48.3333333333333,1.26708333333333,162,Moderately Polluted,pm2_5,-3.5444020059737715,-1.9837216523137344,1.062755353021532,-0.1263381147793251,-0.1153164344846732,-0.00609414422170966,MODELING_HISTORY,Cluster 3,2.980198072809079
PROJ_007,"Zoo Park, Hyderabad - TSPCB",Hyderabad,2025-11-20,Post-monsoon,77,133,24,22.9666666666667,48.7916666666667,1.74875,155,Moderately Polluted,pm2_5,-2.9052125170862744,-1.844187540555764,1.0367837410446166,-0.20354307541756744,-0.2198208718412961,0.4223348292053273,MODELING_HISTORY,Cluster 3,2.40130202862934
PROJ_007,"Zoo Park, Hyderabad - TSPCB",Hyderabad,2025-11-21,Post-monsoon,76,117,24,24.1708333333333,56.875,1.90916666666667,152,Moderately Polluted,pm2_5,-2.33464523227723,-1.6414727382136935,1.0026811076548865,-0.3318677017880227,0.29818126724209293,0.6002720710231144,MODELING_HISTORY,Cluster 3,1.9159385158494096
PROJ_007,"Zoo Park, Hyderabad - TSPCB",Hyderabad,2025-11-22,Post-monsoon,78,119,25,24.8875,65.3333333333333,2.22916666666667,159,Moderately Polluted,pm2_5,-2.122312242669607,-1.817050861356124,0.9639982323836598,-0.7435613288338399,0.6464117543207424,0.4769264427596471,MODELING_HISTORY,Cluster 3,2.018680883471021
PROJ_007,"Zoo Park, Hyderabad - TSPCB",Hyderabad,2025-11-23,Post-monsoon,70,107,24,25.3666666666667,64.125,1.80291666666667,131,Moderately Polluted,pm2_5,-1.8574486675498545,-1.3543284509221174,0.9056389575442122,-0.22816483569593649,0.7557480990040669,0.44685837375811494,MODELING_HISTORY,Cluster 3,1.410826632706036
PROJ_007,"Zoo Park, Hyderabad - TSPCB",Hyderabad,2025-11-24,Post-monsoon,76,123,24,25.1541666666667,55.25,2.14833333333333,152,Moderately Polluted,pm2_5,-2.42408491325722,-1.4569624036519573,1.0420942090418832,-0.6674642427090463,0.25754356557816643,0.43700026753607346,MODELING_HISTORY,Cluster 3,2.0920109382241403
PROJ_007,"Zoo Park, Hyderabad - TSPCB",Hyderabad,2025-11-25,Post-monsoon,79,137,24,24.2,59.25,2.37375,162,Moderately Polluted,pm2_5,-2.5656024905205315,-2.007632642828522,1.0808959465939003,-0.9016445547914802,0.16143143115076083,0.19996429554942757,MODELING_HISTORY,Cluster 3,2.5002375432980335
PROJ_007,"Zoo Park, Hyderabad - TSPCB",Hyderabad,2025-11-26,Post-monsoon,82,160,24,23.7166666666667,62.8333333333333,2.15666666666667,172,Moderately Polluted,pm2_5,-3.0843529864808525,-2.49607884954231,1.1152653980664902,-0.9870311189306572,0.22481544839758208,-0.3039227910165131,MODELING_HISTORY,Cluster 3,3.1166337701078826
PROJ_007,"Zoo Park, Hyderabad - TSPCB",Hyderabad,2025-11-27,Post-monsoon,80,172,24,23.5416666666667,62.7916666666667,2.32666666666667,166,Moderately Polluted,pm2_5,-3.1830890365114466,-2.630170360502738,1.113830577508783,-1.1444255292431584,0.02956819929391625,-0.6544717305980694,MODELING_HISTORY,Cluster 3,3.3188383395322996
PROJ_007,"Zoo Park, Hyderabad - TSPCB",Hyderabad,2025-11-28,Post-monsoon,79,162,24,23.1625,51.5416666666667,2.75875,162,Moderately Polluted,pm2_5,-3.0552386018405273,-2.301744177335586,1.1449744221285922,-1.2187338726752617,-0.5850666502767539,-0.22196525648512913,MODELING_HISTORY,Cluster 3,3.1286413712584658
PROJ_007,"Zoo Park, Hyderabad - TSPCB",Hyderabad,2025-11-29,Post-monsoon,79,154,24,22.1958333333333,50,2.17208333333333,162,Moderately Polluted,pm2_5,-3.147252675052157,-2.340875293950432,1.0951986446119413,-0.6241121147794326,-0.5296709757086511,0.02022927676508762,MODELING_HISTORY,Cluster 3,2.93972480703583
PROJ_007,"Zoo Park, Hyderabad - TSPCB",Hyderabad,2025-11-30,Post-monsoon,78,147,24,22.8,53.5416666666667,2.17625,159,Moderately Polluted,pm2_5,-2.909497798486382,-2.2182429634872856,1.0711482893612614,-0.6348122594831346,-0.2772985760496235,0.06975438984674445,MODELING_HISTORY,Cluster 3,2.704872450880538
PROJ_007,"Zoo Park, Hyderabad - TSPCB",Hyderabad,2025-12-01,Winter,77,127,24,23.1708333333333,60.25,2.0775,155,Moderately Polluted,pm2_5,-2.375790606772198,-2.098229639970831,1.0112121625166537,-0.4399296028540511,0.18031000448902776,0.3990819804803053,MODELING_HISTORY,Cluster 3,2.184775997685171
PROJ_007,"Zoo Park, Hyderabad - TSPCB",Hyderabad,2025-12-02,Winter,74,136,25,23.8875,62.7916666666667,2.1875,145,Moderately Polluted,pm2_5,-2.380726319943238,-2.0547781749194156,0.9310444093070468,-0.646007308373641,0.242010324985031,0.00185446713929838,MODELING_HISTORY,Cluster 3,2.2193716694054846
PROJ_007,"Zoo Park, Hyderabad - TSPCB",Hyderabad,2025-12-06,Winter,62,145,22,22.8833333333333,49.9583333333333,2.04541666666667,130,Moderately Polluted,pm10,-2.5165721323561767,-1.7386108897995085,1.0130772642245482,-0.16437752414053097,-0.62622493168731,-0.43032715074785055,MODELING_HISTORY,Cluster 3,2.0372550358332626
PROJ_007,"Zoo Park, Hyderabad - TSPCB",Hyderabad,2025-12-07,Winter,56,132,22,23.3958333333333,45.2083333333333,2.25458333333333,121,Moderately Polluted,pm10,-2.1338336807860294,-1.250627398071704,0.959958003306916,-0.10109431387447104,-0.8402370624343594,-0.26695217977534447,MODELING_HISTORY,Cluster 3,1.565605329239828
PROJ_007,"Zoo Park, Hyderabad - TSPCB",Hyderabad,2025-12-08,Winter,58,136,22,22.7291666666667,39.0833333333333,2.15416666666667,123,Moderately Polluted,pm10,-2.4454419420188387,-1.2935456936032446,0.9946058716193408,-0.00142570656102725,-1.13395710207478,-0.1673709265504935,MODELING_HISTORY,Cluster 3,1.8108695759304665
PROJ_007,"Zoo Park, Hyderabad - TSPCB",Hyderabad,2025-12-09,Winter,53,124,23,22.8,33.6666666666667,2.70958333333333,115,Moderately Polluted,pm10,-1.9839648719338363,-0.9453525609374844,0.9058172856036408,-0.1462492012343537,-1.5529310670606098,0.06818883613501919,MODELING_HISTORY,Cluster 3,1.4163634124610927
PROJ_007,"Zoo Park, Hyderabad - TSPCB",Hyderabad,2025-12-10,Winter,43,101,22,22.7458333333333,34.2916666666667,2.5975,100,Satisfactory,pm10,-1.2573499014493397,-0.5283813732633248,0.8132755139895763,0.3686080453773217,-1.532816917242663,0.2561798257389556,MODELING_HISTORY,Cluster 3,0.919376273196075
PROJ_007,"Zoo Park, Hyderabad - TSPCB",Hyderabad,2025-12-11,Winter,40,94,23,22.2958333333333,30.5416666666667,2.15083333333333,94,Satisfactory,pm10,-1.300419070665605,-0.3514102081472544,0.6879195483834633,0.8575805229196876,-1.59623752359985,0.38643859607724934,MODELING_HISTORY,Cluster 3,1.0627912732498193
PROJ_007,"Zoo Park, Hyderabad - TSPCB",Hyderabad,2025-12-12,Winter,54,125,23,21.9666666666667,34.75,1.72166666666667,116,Moderately Polluted,pm10,-2.380530142251888,-1.1093238624221955,0.8507932511106285,0.5800505514831586,-1.2653838392196892,0.05270626426806883,MODELING_HISTORY,Cluster 3,1.6337561464065025
PROJ_007,"Zoo Park, Hyderabad - TSPCB",Hyderabad,2025-12-13,Winter,68,157,23,21.9083333333333,42.875,1.28375,138,Moderately Polluted,pm10,-3.393591361744097,-1.930302829912533,1.0050692155380705,0.24706456403045216,-0.7423984979092499,-0.3822779376938363,MODELING_HISTORY,Cluster 3,2.770903735512991
PROJ_007,"Zoo Park, Hyderabad - TSPCB",Hyderabad,2025-12-14,Winter,60,138,23,22.125,45,1.68375,125,Moderately Polluted,pm10,-2.576513176162437,-1.6223994598760278,0.9038881364232106,0.29261835952540094,-0.7964362399463927,-0.2235097187785583,MODELING_HISTORY,Cluster 3,1.9240796984936306
PROJ_007,"Zoo Park, Hyderabad - TSPCB",Hyderabad,2025-12-15,Winter,55,128,23,21.8208333333333,50.6666666666667,1.85833333333333,118,Moderately Polluted,pm10,-2.0108371117464925,-1.6665487783414066,0.8184266769482713,0.39296796675043866,-0.7078303516446116,-0.21912466799828728,MODELING_HISTORY,Cluster 3,1.4547601376216386
PROJ_007,"Zoo Park, Hyderabad - TSPCB",Hyderabad,2025-12-16,Winter,56,131,23,21.6583333333333,53.875,1.965,120,Moderately Polluted,pm10,-1.970785043999776,-1.8556581085321575,0.8267850985930054,0.28124182567233874,-0.644163194841617,-0.2928008841311135,MODELING_HISTORY,Cluster 3,1.532391943343353
PROJ_007,"Zoo Park, Hyderabad - TSPCB",Hyderabad,2025-12-17,Winter,68,155,23,22.8583333333333,49.4583333333333,1.70583333333333,136,Moderately Polluted,pm10,-3.0480855942296565,-1.925518177911904,1.01616300397987,-0.16533065970127547,-0.4819524606248432,-0.46359346245853666,MODELING_HISTORY,Cluster 3,2.5308615497784133
PROJ_007,"Zoo Park, Hyderabad - TSPCB",Hyderabad,2025-12-18,Winter,60,139,23,22.7541666666667,38.9166666666667,2.05,126,Moderately Polluted,pm10,-2.61894061355933,-1.346766077767113,0.9538271124112476,-0.01540833055601154,-1.081861764912407,-0.16672680977605367,MODELING_HISTORY,Cluster 3,1.948221516796964
PROJ_007,"Zoo Park, Hyderabad - TSPCB",Hyderabad,2025-12-19,Winter,55,129,23,22.2791666666667,35.0416666666667,2.55291666666667,119,Moderately Polluted,pm10,-2.1543023400217947,-1.1792590698903749,0.9156011206862404,-0.06932890040460796,-1.5142697714975135,0.01454406437762433,MODELING_HISTORY,Cluster 3,1.536414084626459
PROJ_007,"Zoo Park, Hyderabad - TSPCB",Hyderabad,2025-12-20,Winter,65,148,24,21.5166666666667,41.1666666666667,1.97625,132,Moderately Polluted,pm10,-2.8884819605880203,-1.8751746770120976,0.932269006830567,-0.01369550138200209,-1.1160295398314264,-0.17406750002224583,MODELING_HISTORY,Cluster 3,2.3198910680974243
PROJ_007,"Zoo Park, Hyderabad - TSPCB",Hyderabad,2025-12-21,Winter,68,156,23,20.825,55.9166666666667,1.49958333333333,137,Moderately Polluted,pm10,-2.9283222874806616,-2.5581123610907666,0.9568334568859208,0.2011894558414482,-0.4595292709638944,-0.49098953541724,MODELING_HISTORY,Cluster 3,2.672337483957599
PROJ_007,"Zoo Park, Hyderabad - TSPCB",Hyderabad,2025-12-22,Winter,63,145,23,22.0083333333333,47.875,1.60916666666667,130,Moderately Polluted,pm10,-2.7570903859828313,-1.8575126471477916,0.9329353892940796,0.21613346531078503,-0.6627985813326235,-0.3313064357042158,MODELING_HISTORY,Cluster 3,2.176883416077671
PROJ_007,"Zoo Park, Hyderabad - TSPCB",Hyderabad,2025-12-23,Winter,64,147,23,21.4,50.875,1.69791666666667,131,Moderately Polluted,pm10,-2.696828597507266,-2.1279822399740067,0.9336386119345076,0.18485225384851256,-0.661008630733782,-0.3537964248083493,MODELING_HISTORY,Cluster 3,2.254657507055517
PROJ_007,"Zoo Park, Hyderabad - TSPCB",Hyderabad,2025-12-24,Winter,73,165,23,21.7125,47.6666666666667,1.92583333333333,143,Moderately Polluted,pm10,-3.314046762619664,-2.3495702996825147,1.0899259706929825,-0.3522190628035501,-0.7748379615817246,-0.4282189857303036,MODELING_HISTORY,Cluster 3,2.9903423171923844
PROJ_007,"Zoo Park, Hyderabad - TSPCB",Hyderabad,2025-12-25,Winter,71,161,23,21.6125,47.5416666666667,1.69666666666667,140,Moderately Polluted,pm10,-3.269056175788238,-2.267745156141159,1.048001460097832,-0.10749394198467543,-0.7227076881556939,-0.4068547903201476,MODELING_HISTORY,Cluster 3,2.8526181764463465
PROJ_007,"Zoo Park, Hyderabad - TSPCB",Hyderabad,2025-12-26,Winter,67,155,23,21.1125,52.4166666666667,1.57791666666667,136,Moderately Polluted,pm10,-2.9433416519669,-2.368710144602318,0.9636431491715108,0.1571025248445228,-0.5949416442630862,-0.4588173505989007,MODELING_HISTORY,Cluster 3,2.582613209716868
PROJ_007,"Zoo Park, Hyderabad - TSPCB",Hyderabad,2025-12-27,Winter,71,163,23,21.1625,53.3333333333333,1.44791666666667,142,Moderately Polluted,pm10,-3.2498134085164234,-2.535562333873627,1.0116245064782403,0.07291769163935391,-0.48257941727670733,-0.5366378960562728,MODELING_HISTORY,Cluster 3,2.932085595427796
PROJ_007,"Zoo Park, Hyderabad - TSPCB",Hyderabad,2025-12-28,Winter,69,160,23,21.1583333333333,55.125,1.55625,140,Moderately Polluted,pm10,-3.042721673230624,-2.5267366267631535,0.983982959699684,0.06496614471357409,-0.4683625542890254,-0.5564664660973738,MODELING_HISTORY,Cluster 3,2.7604603712725617
PROJ_007,"Zoo Park, Hyderabad - TSPCB",Hyderabad,2025-12-29,Winter,61,141,33,21.1333333333333,53,1.625,127,Moderately Polluted,pm10,-2.5399030474159625,-2.1357242736765683,0.2410692233629337,0.2824762194340549,-0.6014646625967013,-0.26508485009554345,MODELING_HISTORY,Cluster 3,1.9595359697767105
PROJ_007,"Zoo Park, Hyderabad - TSPCB",Hyderabad,2025-12-30,Winter,60,140,33,21.55,55.0416666666667,0.82625,126,Moderately Polluted,pm10,-2.774405760077724,-2.0048156154575776,0.18401686708934975,0.7771789381312908,-0.18191561782339316,-0.375498417998102,MODELING_HISTORY,Cluster 3,2.1184933845117966
PROJ_007,"Zoo Park, Hyderabad - TSPCB",Hyderabad,2025-12-31,Winter,60,136,23,22.2291666666667,53,1.40583333333333,123,Moderately Polluted,pm10,-2.453033538507425,-1.7879191561850625,0.8610604356329765,0.44733791308166226,-0.3525203456980636,-0.3202367377449335,MODELING_HISTORY,Cluster 3,1.8674131858785383
PROJ_007,"Zoo Park, Hyderabad - TSPCB",Hyderabad,2026-01-01,Winter,74,171,23,22.6625,64.0833333333333,1.89333333333333,147,Moderately Polluted,pm10,-3.0909332300442864,-2.6940493371180554,1.0656632176050809,-0.6012506343930006,0.00810763878311815,-0.8509959796828862,MODELING_HISTORY,Cluster 3,3.0621727114534325
PROJ_007,"Zoo Park, Hyderabad - TSPCB",Hyderabad,2026-01-02,Winter,61,142,23,22.9333333333333,64.5,1.78291666666667,128,Moderately Polluted,pm10,-2.1801556831744433,-2.0786553634215794,0.8718742820821521,-0.01918366370804714,0.05173508356948347,-0.6299404918269439,MODELING_HISTORY,Cluster 3,1.8618950136809198
PROJ_007,"Zoo Park, Hyderabad - TSPCB",Hyderabad,2026-01-03,Winter,63,149,24,22.5708333333333,63.8333333333333,2.44208333333333,132,Moderately Polluted,pm10,-2.12355592152831,-2.3085567844935286,0.8735151080466337,-0.5211708995579953,-0.2729213940322639,-0.6572147736248951,MODELING_HISTORY,Cluster 3,2.1298937944143193
PROJ_007,"Zoo Park, Hyderabad - TSPCB",Hyderabad,2026-01-04,Winter,58,135,23,22.0958333333333,58.8333333333333,2.27,123,Moderately Polluted,pm10,-1.8742810289041132,-2.00928225518277,0.8612228039458819,-0.07811559059394246,-0.4826437834946529,-0.4038542116212847,MODELING_HISTORY,Cluster 3,1.644065206093705
PROJ_007,"Zoo Park, Hyderabad - TSPCB",Hyderabad,2026-01-05,Winter,59,137,23,21.8041666666667,52.9166666666667,2.01458333333333,124,Moderately Polluted,pm10,-2.1856495101600224,-1.921264515447069,0.8776641971237292,0.11370604913204337,-0.6620080129549326,-0.32307144315018993,MODELING_HISTORY,Cluster 3,1.755941786040913
PROJ_007,"Zoo Park, Hyderabad - TSPCB",Hyderabad,2026-01-06,Winter,61,141,23,21.3791666666667,51.2083333333333,2.23666666666667,127,Moderately Polluted,pm10,-2.2636834095266485,-2.065943076525233,0.9181445601844456,-0.04977274565600892,-0.8618450588105968,-0.28773357121323573,MODELING_HISTORY,Cluster 3,1.9365270741213456
PROJ_007,"Zoo Park, Hyderabad - TSPCB",Hyderabad,2026-01-07,Winter,58,137,24,20.875,49.4583333333333,2.01333333333333,124,Moderately Polluted,pm10,-2.222861502027896,-2.0085360734590925,0.8011534235505678,0.2627052814100528,-0.95280178123429915,-0.24782958846980785,MODELING_HISTORY,Cluster 3,1.7815135135430018
PROJ_007,"Zoo Park, Hyderabad - TSPCB",Hyderabad,2026-01-08,Winter,60,139,23,20.6666666666667,46.9166666666667,1.97791666666667,126,Moderately Polluted,pm10,-2.3854502504848587,-2.0372948697734987,0.8945182405910108,0.2724300178281479,-1.0490376171600069,-0.18304508854837265,MODELING_HISTORY,Cluster 3,1.9523946294864254
PROJ_007,"Zoo Park, Hyderabad - TSPCB",Hyderabad,2026-01-09,Winter,55,128,24,20.5833333333333,42.4166666666667,2.24125,118,Moderately Polluted,pm10,-2.033743468991114,-1.735632086770671,0.7861409146397413,0.3275435572844678,-1.3550926425519323,0.00542989773465286,MODELING_HISTORY,Cluster 3,1.4893296569714336
PROJ_007,"Zoo Park, Hyderabad - TSPCB",Hyderabad,2026-01-21,Winter,52,121,24,22.2708333333333,52.4166666666667,2.77,113,Moderately Polluted,pm10,-1.394477989473895,-1.563637140094106,0.7599030090593829,-0.1559227084895813,-0.911126297953036,-0.14798145417621525,MODELING_HISTORY,Cluster 3,1.128407294478736
PROJ_007,"Zoo Park, Hyderabad - TSPCB",Hyderabad,2026-01-22,Winter,47,110,24,21.9416666666667,49.5416666666667,2.60333333333333,106,Moderately Polluted,pm10,-1.1603235062661277,-1.3262045115873224,0.6831183481885347,0.21810701347167072,-1.0345842702077748,-0.00274271603631167,MODELING_HISTORY,Cluster 3,0.7437177086351051
PROJ_007,"Zoo Park, Hyderabad - TSPCB",Hyderabad,2026-01-23,Winter,53,124,24,21.9583333333333,50.7916666666667,2.645,115,Moderately Polluted,pm10,-1.5644755440579643,-1.6261431618276092,0.7699574850656051,-0.07474044079826883,-0.9770327336648928,-0.1507912743249663,MODELING_HISTORY,Cluster 3,1.207867127315439
PROJ_007,"Zoo Park, Hyderabad - TSPCB",Hyderabad,2026-01-24,Winter,57,132,24,21.9166666666667,59.875,2.24333333333333,121,Moderately Polluted,pm10,-1.773579499001224,-2.0278273541704146,0.7747478301247241,-0.00185370786668132,-0.4573712952350726,-0.36661861640325927,MODELING_HISTORY,Cluster 3,1.5414685694253225
PROJ_007,"Zoo Park, Hyderabad - TSPCB",Hyderabad,2026-01-25,Winter,56,131,24,23.1791666666667,58.4166666666667,2.10416666666667,120,Moderately Polluted,pm10,-1.854517010224139,-1.6626720799695045,0.7764254387701373,-0.03883631132849147,-0.2890300136899127,-0.43126142580622656,MODELING_HISTORY,Cluster 3,1.3845435759110327
PROJ_007,"Zoo Park, Hyderabad - TSPCB",Hyderabad,2026-01-26,Winter,44,102,25,23.2916666666667,58.4166666666667,2.49875,101,Moderately Polluted,pm10,-0.7837572714316442,-1.134499715269285,0.5572647830763546,0.20136296211163512,-0.4498713317098578,-0.1236122365360772,MODELING_HISTORY,Cluster 3,0.5668739061349515
PROJ_007,"Zoo Park, Hyderabad - TSPCB",Hyderabad,2026-01-27,Winter,46,107,25,23.5,54.2916666666667,2.50416666666667,104,Moderately Polluted,pm10,-1.0480566413279506,-1.0601043725865238,0.6041748786477683,0.09872509357753805,-0.5790544357545984,-0.12158054140912929,MODELING_HISTORY,Cluster 3,0.6100618919074835
PROJ_007,"Zoo Park, Hyderabad - TSPCB",Hyderabad,2026-01-30,Winter,61,142,25,23.35,56.5833333333333,2.48125,128,Moderately Polluted,pm10,-2.124895661951143,-1.8176519761612624,0.8146129512074582,-0.5208566887986672,-0.4506141365316843,-0.47536840645721024,MODELING_HISTORY,Cluster 3,1.8411207407152583
PROJ_007,"Zoo Park, Hyderabad - TSPCB",Hyderabad,2026-01-31,Winter,60,140,26,22.8333333333333,55.2916666666667,2.56416666666667,126,Moderately Polluted,pm10,-2.04755903641387,-1.8628546486400064,0.7384764584216762,-0.47211937219924394,-0.6131212304171985,-0.4020546096451129,MODELING_HISTORY,Cluster 3,1.761085712710742
PROJ_007,"Zoo Park, Hyderabad - TSPCB",Hyderabad,2026-02-01,Winter,61,140,26,22.3875,61.7916666666667,2.2075,126,Moderately Polluted,pm10,-2.04583419774813,-2.141008608555546,0.7032343568876995,-0.22686190935223616,-0.27611551035728377,-0.4633183296409762,MODELING_HISTORY,Cluster 3,1.8063645291176589
PROJ_007,"Zoo Park, Hyderabad - TSPCB",Hyderabad,2026-02-02,Winter,65,151,26,22.6791666666667,58.4166666666667,1.92208333333333,134,Moderately Polluted,pm10,-2.587702751570613,-2.146939449123941,0.764384832123447,-0.2498982650343652,-0.25929582819833036,-0.5701095387472211,MODELING_HISTORY,Cluster 3,2.202388070243625
PROJ_007,"Zoo Park, Hyderabad - TSPCB",Hyderabad,2026-02-05,Winter,71,160,25,22.9125,56.375,2.3725,140,Moderately Polluted,pm10,-2.8108020307604797,-2.284996140845071,0.9442801867652916,-0.7712742831788553,-0.4180669025158487,-0.5387013889605755,MODELING_HISTORY,Cluster 3,2.6771979579765572
PROJ_007,"Zoo Park, Hyderabad - TSPCB",Hyderabad,2026-02-06,Winter,79,175,25,23.425,50.7916666666667,2.10333333333333,162,Moderately Polluted,pm2_5,-3.6060491447307705,-2.3004914443960596,1.0689786035608488,-0.9473053082590154,-0.4160523035695993,-0.5762671564600583,MODELING_HISTORY,Cluster 3,3.382714065317693
PROJ_007,"Zoo Park, Hyderabad - TSPCB",Hyderabad,2026-02-07,Winter,61,141,26,23.925,44.4166666666667,1.78458333333333,127,Moderately Polluted,pm10,-2.7167734507224273,-1.2688681404093949,0.7611016412147968,-0.08566370739994889,-0.5881347449057713,-0.322879340379353,MODELING_HISTORY,Cluster 3,1.9582589210825405
PROJ_007,"Zoo Park, Hyderabad - TSPCB",Hyderabad,2026-02-09,Winter,63,142,24,23.8208333333333,35.2083333333333,1.66291666666667,128,Moderately Polluted,pm10,-3.0566846534885954,-1.0618225347392047,0.9358091741465608,0.01421183785247137,-0.8958013782646896,-0.14652057773672317,MODELING_HISTORY,Cluster 3,2.2926934034192934
PROJ_007,"Zoo Park, Hyderabad - TSPCB",Hyderabad,2026-02-10,Winter,58,137,25,23.7416666666667,41.1666666666667,2.11791666666667,124,Moderately Polluted,pm10,-2.4819498704310865,-1.140486770408904,0.8103883915892313,-0.1572041081585035,-0.8929061639213796,-0.26013717596424657,MODELING_HISTORY,Cluster 3,1.7754695941522982
PROJ_007,"Zoo Park, Hyderabad - TSPCB",Hyderabad,2026-02-11,Winter,57,131,25,23.2333333333333,51.5,2.225,120,Moderately Polluted,pm10,-2.018732725253225,-1.4814260123774703,0.755121512368674,-0.12767842589188116,-0.5801330148629413,-0.275816428589091,MODELING_HISTORY,Cluster 3,1.4404019522014058
PROJ_007,"Zoo Park, Hyderabad - TSPCB",Hyderabad,2026-02-12,Winter,61,142,24,23.2875,49.6666666666667,2.22833333333333,128,Moderately Polluted,pm10,-2.390147732728812,-1.607811048784998,0.8868341301494383,-0.30702352004361305,-0.6423875634353235,-0.3849549899653062,MODELING_HISTORY,Cluster 3,1.8830730004677927
PROJ_007,"Zoo Park, Hyderabad - TSPCB",Hyderabad,2026-02-13,Winter,59,139,25,23.7625,43.7083333333333,2.03958333333333,126,Moderately Polluted,pm10,-2.5194620759649573,-1.2436889295393307,0.8122929432932451,-0.15879750337554738,-0.7556320795683009,-0.31879374855530335,MODELING_HISTORY,Cluster 3,1.820623760514983
PROJ_007,"Zoo Park, Hyderabad - TSPCB",Hyderabad,2026-02-14,Winter,64,145,25,24.4583333333333,40.5,2.21583333333333,130,Moderately Polluted,pm10,-2.816285018076864,-1.1726214322212722,0.908631393058291,-0.5154279855965027,-0.7919099872212862,-0.2640792306671369,MODELING_HISTORY,Cluster 3,2.225406851115856
PROJ_007,"Zoo Park, Hyderabad - TSPCB",Hyderabad,2026-02-15,Winter,73,165,25,25.25,39.125,1.77541666666667,143,Moderately Polluted,pm10,-3.710587654049432,-1.3050980546621602,1.0320304663509692,-0.7003701925375101,-0.5327865638054743,-0.47995856831231914,MODELING_HISTORY,Cluster 3,3.1168598975593933
PROJ_007,"Zoo Park, Hyderabad - TSPCB",Hyderabad,2026-02-20,Winter,52,122,25,24.7791666666667,51.125,2.825,114,Moderately Polluted,pm10,-1.5070413061259398,-0.9847006891968524,0.7393879448274029,-0.5347431330247974,-0.6157396437869013,-0.27804480033714196,MODELING_HISTORY,Cluster 3,1.2508562464465536
PROJ_007,"Zoo Park, Hyderabad - TSPCB",Hyderabad,2026-02-21,Winter,47,110,26,25.7,50,2.26541666666667,106,Moderately Polluted,pm10,-1.413986601634881,-0.4783856156487279,0.5880463622182436,-0.07302944224721614,-0.33638512423339106,-0.21774949719155648,MODELING_HISTORY,Cluster 3,0.9616736211634016
PROJ_007,"Zoo Park, Hyderabad - TSPCB",Hyderabad,2026-02-22,Winter,36,84,25,25.8666666666667,50.3333333333333,1.8225,84,Satisfactory,pm10,-0.7467319200961517,0.0747763998619797,0.46614665737974265,0.6816369665135573,-0.17505253985089753,-0.01737886578424555,MODELING_HISTORY,Cluster 3,1.1929028843130234
PROJ_007,"Zoo Park, Hyderabad - TSPCB",Hyderabad,2026-02-23,Winter,38,89,25,25.3208333333333,59.875,1.72208333333333,89,Satisfactory,pm10,-0.689232244875613,-0.40674118908997514,0.4512539247288867,0.6904095682510116,0.16234482332057973,-0.19437134046833743,MODELING_HISTORY,Cluster 3,0.8101554100897559
PROJ_007,"Zoo Park, Hyderabad - TSPCB",Hyderabad,2026-02-24,Winter,39,90,25,23.95,65.7916666666667,1.65916666666667,90,Satisfactory,pm10,-0.5751198035861147,-0.908529194033847,0.4223114667670619,0.8562870674303632,0.2271402385996731,-0.20491115385888536,MODELING_HISTORY,Cluster 3,0.7177172938641578
PROJ_007,"Zoo Park, Hyderabad - TSPCB",Hyderabad,2026-02-25,Winter,43,98,24,24.7375,60.4166666666667,1.31791666666667,98,Satisfactory,pm10,-1.1382902811119728,-0.7093428577125682,0.5536350240093866,0.8508574333990645,0.2759463738121167,-0.24305576729472353,MODELING_HISTORY,Cluster 3,0.7532129120746442
PROJ_007,"Zoo Park, Hyderabad - TSPCB",Hyderabad,2026-02-26,Winter,50,117,24,24.8958333333333,57.6666666666667,1.54291666666667,111,Moderately Polluted,pm10,-1.699562386851151,-0.9481506988157884,0.6838108526331941,0.36752790997692825,0.11774690762981804,-0.4137437832153818,MODELING_HISTORY,Cluster 3,0.9571653791780813
PROJ_007,"Zoo Park, Hyderabad - TSPCB",Hyderabad,2026-02-27,Winter,38,89,24,25.875,52.2083333333333,1.87833333333333,89,Satisfactory,pm10,-0.826406181179749,-0.07244031379786543,0.5564096772380012,0.5563846255678169,-0.11546598591433266,-0.10278502585710744,MODELING_HISTORY,Cluster 3,1.0592415059135132
PROJ_007,"Zoo Park, Hyderabad - TSPCB",Hyderabad,2026-02-28,Winter,45,105,24,26.2416666666667,49.875,2.17291666666667,103,Moderately Polluted,pm10,-1.2973783353898811,-0.2522896511712711,0.6879632533978034,0.02580866512150881,-0.2335720005267175,-0.2129701357348624,MODELING_HISTORY,Cluster 3,1.0719338795340556
PROJ_007,"Zoo Park, Hyderabad - TSPCB",Hyderabad,2026-03-01,Summer / Pre-monsoon,46,107,24,27.0541666666667,46.3333333333333,2.355,104,Moderately Polluted,pm10,-1.405596805086032,-0.02461970659775852,0.7350831204523689,-0.2260069273578064,-0.31345156729840834,-0.20472288362614663,MODELING_HISTORY,Cluster 3,1.3845402552744563
PROJ_007,"Zoo Park, Hyderabad - TSPCB",Hyderabad,2026-03-02,Summer / Pre-monsoon,58,135,25,27.7666666666667,46.4583333333333,1.63833333333333,123,Moderately Polluted,pm10,-2.624933531712928,-0.3385965568648931,0.8196118243191892,-0.3723324747540865,0.09791349478445448,-0.5377972158775834,MODELING_HISTORY,Cluster 3,2.0709436885667034
PROJ_007,"Zoo Park, Hyderabad - TSPCB",Hyderabad,2026-03-03,Summer / Pre-monsoon,59,136,25,28.2416666666667,41.375,1.91791666666667,123,Moderately Polluted,pm10,-2.702924555972672,-0.13916975064232284,0.8712233402718764,-0.6285078587112096,-0.1221712849381852,-0.4569243372685667,MODELING_HISTORY,Cluster 3,2.319268626725713
PROJ_007,"Zoo Park, Hyderabad - TSPCB",Hyderabad,2026-03-04,Summer / Pre-monsoon,58,133,24,27.7541666666667,35.75,1.83,121,Moderately Polluted,pm10,-2.7683128070993317,-0.02447422267061562,0.9265329361168856,-0.4241148948704742,-0.3849635537179408,-0.3163610315307944,MODELING_HISTORY,Cluster 3,2.3540751974289575
PROJ_007,"Zoo Park, Hyderabad - TSPCB",Hyderabad,2026-03-05,Summer / Pre-monsoon,48,112,24,28.1916666666667,31.4166666666667,1.76875,107,Moderately Polluted,pm10,-2.206738088032103,0.6197610754221964,0.7991327862614366,-0.01463184291409114,-0.5177170788592094,-0.11698759949388005,MODELING_HISTORY,Cluster 1,1.8363080397454266
PROJ_007,"Zoo Park, Hyderabad - TSPCB",Hyderabad,2026-03-06,Summer / Pre-monsoon,59,138,25,28.6583333333333,30.625,1.85041666666667,125,Moderately Polluted,pm10,-3.050325318011214,0.2511362285618225,0.9118698824180734,-0.6119782223623893,-0.4728148896432562,-0.36456552810982096,MODELING_HISTORY,Cluster 3,2.7483958813941807
PROJ_007,"Zoo Park, Hyderabad - TSPCB",Hyderabad,2026-03-07,Summer / Pre-monsoon,68,154,24,28.6708333333333,32.3333333333333,1.8175,136,Moderately Polluted,pm10,-3.5941062415979204,-0.1362151375477718,1.0945144213446545,-0.9300128240917154,-0.33116461868469976,-0.471783598756986,MODELING_HISTORY,Cluster 3,3.2213953845608305
PROJ_007,"Zoo Park, Hyderabad - TSPCB",Hyderabad,2026-03-08,Summer / Pre-monsoon,71,162,24,27.975,38.3333333333333,1.7525,141,Moderately Polluted,pm10,-3.6946257066855543,-0.601914992417635,1.106935260758333,-0.9592255887530652,-0.1692819872479544,-0.6214390850617336,MODELING_HISTORY,Cluster 3,3.2318054056490255
PROJ_007,"Zoo Park, Hyderabad - TSPCB",Hyderabad,2026-03-09,Summer / Pre-monsoon,65,150,24,27.0583333333333,54.375,2.41083333333333,133,Moderately Polluted,pm10,-2.5867448677952107,-1.0838841607070795,0.9899475861936832,-1.101540948174944,0.058409195625776,-0.7059948675772814,MODELING_HISTORY,Cluster 3,2.3786679524803085
PROJ_007,"Zoo Park, Hyderabad - TSPCB",Hyderabad,2026-03-11,Summer / Pre-monsoon,38,89,24,27.7458333333333,37.9166666666667,2.33166666666667,89,Satisfactory,pm10,-1.056858343808193,0.7206575188374692,0.6542799789821336,0.0717082566623225,-0.5667655975836505,0.04497349390140205,MODELING_HISTORY,Cluster 1,1.0451492129322926
PROJ_007,"Zoo Park, Hyderabad - TSPCB",Hyderabad,2026-03-12,Summer / Pre-monsoon,54,125,24,28.55,36.0833333333333,2.11625,116,Moderately Polluted,pm10,-2.39273151277979,0.28095907727880753,0.8943580459474862,-0.5592871748884838,-0.3790022114654869,-0.2951580037705868,MODELING_HISTORY,Cluster 1,2.219966078995379
PROJ_007,"Zoo Park, Hyderabad - TSPCB",Hyderabad,2026-03-13,Summer / Pre-monsoon,54,125,24,29.2916666666667,28.4166666666667,2.56375,116,Moderately Polluted,pm10,-2.4259924784296296,0.6309780224155482,0.9542312148538716,-0.9198041035642872,-0.733716552493663,-0.1903447097279525,MODELING_HISTORY,Cluster 1,2.232973419274707
PROJ_007,"Zoo Park, Hyderabad - TSPCB",Hyderabad,2026-03-14,Summer / Pre-monsoon,53,122,24,28.8625,39.4583333333333,2.87208333333333,114,Moderately Polluted,pm10,-1.9241146652968295,0.2395128887504794,0.912299762949588,-1.064261759270693,-0.4717905214430997,-0.2846028303137892,MODELING_HISTORY,Cluster 1,2.1199365336575777
PROJ_007,"Zoo Park, Hyderabad - TSPCB",Hyderabad,2026-03-15,Summer / Pre-monsoon,39,90,24,28.0833333333333,42.875,2.51291666666667,90,Satisfactory,pm10,-0.9191718404034878,0.6059859722360054,0.6650945925023977,-0.1436822918590197,-0.3748493435988459,-0.0293757054318875,MODELING_HISTORY,Cluster 1,1.0892157796117394
PROJ_007,"Zoo Park, Hyderabad - TSPCB",Hyderabad,2026-03-16,Summer / Pre-monsoon,40,93,42,28.0041666666667,42.0416666666667,2.345,93,Satisfactory,pm10,-1.2400492061063189,0.5497846221366884,-0.46937409102438704,-0.2413842642775212,-0.3502563625499185,0.06904926593897609,MODELING_HISTORY,Cluster 1,0.9984881706259369
PROJ_007,"Zoo Park, Hyderabad - TSPCB",Hyderabad,2026-03-17,Summer / Pre-monsoon,37,87,48,26.3625,49.9583333333333,2.1925,87,Satisfactory,pm10,-0.8966992637597229,0.08054831931219888,-0.95053230335437,0.10334090167118395,-0.23888611382589747,0.10846347299599088,MODELING_HISTORY,Cluster 3,1.502276390844983
PROJ_007,"Zoo Park, Hyderabad - TSPCB",Hyderabad,2026-03-18,Summer / Pre-monsoon,31,71,25,23.5666666666667,62,2.8575,70,Satisfactory,pm10,0.43432324528678373,-0.6292885362549046,0.37556079848534,0.4783784506364392,-0.438016219474871,0.12339550558548328,MODELING_HISTORY,Cluster 3,1.4798014525885075
PROJ_007,"Zoo Park, Hyderabad - TSPCB",Hyderabad,2026-03-19,Summer / Pre-monsoon,30,71,26,24.7791666666667,60.3333333333333,1.70625,70,Satisfactory,pm10,-0.08662902804196648,-0.1956628960605798,0.2607167073424144,1.0980721317321425,0.07479218272747623,-0.00931545208977065,MODELING_HISTORY,Cluster 3,1.399028337752487
PROJ_007,"Zoo Park, Hyderabad - TSPCB",Hyderabad,2026-03-20,Summer / Pre-monsoon,29,67,25,25.8375,53.7916666666667,1.63041666666667,66,Satisfactory,pm10,-0.19696144594236115,0.2985452782254862,0.3396843733080378,1.1048051263773389,0.00647331226111352,0.0874554477848212,MODELING_HISTORY,Cluster 3,1.687106269967858
PROJ_007,"Zoo Park, Hyderabad - TSPCB",Hyderabad,2026-03-21,Summer / Pre-monsoon,38,89,25,26.6458333333333,53.2083333333333,1.54791666666667,89,Satisfactory,pm10,-0.966032471616825,0.09623974024671614,0.482417166108145,0.6595615961884589,0.1581529965804213,-0.17139353690143416,MODELING_HISTORY,Cluster 3,1.192131933101741
PROJ_007,"Zoo Park, Hyderabad - TSPCB",Hyderabad,2026-03-22,Summer / Pre-monsoon,36,83,24,26.9208333333333,60.7916666666667,1.67,83,Satisfactory,pm10,-0.5506732745664394,0.02973258001538782,0.4996135747735247,0.6189854273654747,0.45504927542910073,-0.22894261750851433,MODELING_HISTORY,Cluster 3,1.202732781652935
PROJ_007,"Zoo Park, Hyderabad - TSPCB",Hyderabad,2026-03-23,Summer / Pre-monsoon,37,87,24,28,51.7083333333333,2.19875,87,Satisfactory,pm10,-0.7041680808571045,0.4281465255501746,0.59010613862905,0.10809447651839692,0.05853874257563876,-0.1786791673012466,MODELING_HISTORY,Cluster 1,1.1881219858555068
PROJ_007,"Zoo Park, Hyderabad - TSPCB",Hyderabad,2026-03-24,Summer / Pre-monsoon,31,73,24,28.1083333333333,51.3333333333333,1.535,72,Satisfactory,pm10,-0.5331484749200344,0.7828117672845514,0.46866387359821904,0.7915368848779427,0.2787913513158952,-0.08573958660067568,MODELING_HISTORY,Cluster 1,1.2408754042054468
PROJ_007,"Zoo Park, Hyderabad - TSPCB",Hyderabad,2026-03-27,Summer / Pre-monsoon,35,82,24,29.6833333333333,41.3333333333333,2.18125,82,Satisfactory,pm10,-0.8641631140388111,1.1967099255077938,0.6170706309280904,0.0314418860289436,-0.1006149855174509,-0.05674252948745983,MODELING_HISTORY,Cluster 1,0.7619120299334121
PROJ_007,"Zoo Park, Hyderabad - TSPCB",Hyderabad,2026-03-28,Summer / Pre-monsoon,30,69,24,29.9291666666667,36.7916666666667,2.595,68,Satisfactory,pm10,-0.4157848892831424,1.5819646218184578,0.5823633140536386,-0.02760919679332578,-0.4024472774895515,0.1654229692884147,MODELING_HISTORY,Cluster 1,0.8264105335407093
PROJ_007,"Zoo Park, Hyderabad - TSPCB",Hyderabad,2026-03-29,Summer / Pre-monsoon,79,180,24,30.3791666666667,34.9166666666667,1.73083333333333,162,Moderately Polluted,pm2_5,-4.450225187926098,-0.31122777290161824,1.2674391204549178,-1.5836668468175303,0.09144253492102115,-0.855880307214871,MODELING_HISTORY,Cluster 3,4.226065028083534
PROJ_007,"Zoo Park, Hyderabad - TSPCB",Hyderabad,2026-03-30,Summer / Pre-monsoon,51,115,24,29.8958333333333,41.75,2.24875,109,Moderately Polluted,pm10,-1.9537632057372176,0.5668710116315326,0.8528578642385762,-0.6903830334955585,0.00407536287657867,-0.30991023954062036,MODELING_HISTORY,Cluster 1,1.8000205221602479
PROJ_007,"Zoo Park, Hyderabad - TSPCB",Hyderabad,2026-03-31,Summer / Pre-monsoon,36,85,24,27.5458333333333,54.9166666666667,2.63416666666667,85,Satisfactory,pm10,-0.3655643073544887,0.2378565146326582,0.5821617734628433,-0.09333943363328628,-0.04468897759176581,-0.16669691570214107,MODELING_HISTORY,Cluster 1,1.3867637331305394
PROJ_007,"Zoo Park, Hyderabad - TSPCB",Hyderabad,2026-04-01,Summer / Pre-monsoon,37,86,24,28.6333333333333,53.125,2.11041666666667,86,Satisfactory,pm10,-0.7040032011049886,0.5454268730362755,0.5880379294123588,0.08663159236082613,0.24625966213387407,-0.21522790085128243,MODELING_HISTORY,Cluster 1,1.093478044879437
PROJ_007,"Zoo Park, Hyderabad - TSPCB",Hyderabad,2026-04-02,Summer / Pre-monsoon,32,76,24,28.3958333333333,45.1666666666667,2.07666666666667,76,Satisfactory,pm10,-0.5654368674234062,0.9295693071039512,0.5379438645997432,0.3729814231559584,-0.11848404141658592,-0.01278072460160505,MODELING_HISTORY,Cluster 1,0.9418947482229277
PROJ_007,"Zoo Park, Hyderabad - TSPCB",Hyderabad,2026-04-03,Summer / Pre-monsoon,32,75,25,29.3166666666667,44.3333333333333,2.05458333333333,74,Satisfactory,pm10,-0.611543275912243,1.1691232740389546,0.48742524775330665,0.26988986979032975,-4.990694008606134e-4,-0.01882529272319353,MODELING_HISTORY,Cluster 1,0.7543949510650231
PROJ_007,"Zoo Park, Hyderabad - TSPCB",Hyderabad,2026-04-04,Summer / Pre-monsoon,35,81,24,30.1208333333333,39.6666666666667,1.6875,81,Satisfactory,pm10,-1.0990711497167096,1.3941742574602858,0.600882944410887,0.31625209275180716,0.08266066820565238,-0.05701648531605297,MODELING_HISTORY,Cluster 1,0.8817913456990714
PROJ_007,"Zoo Park, Hyderabad - TSPCB",Hyderabad,2026-04-05,Summer / Pre-monsoon,36,84,25,30.0541666666667,42.5833333333333,1.385,84,Satisfactory,pm10,-1.242598896386541,1.2678333517392206,0.5260857097606382,0.45366289356169703,0.2973023401964686,-0.14695570005697195,MODELING_HISTORY,Cluster 1,0.961887711296684
PROJ_007,"Zoo Park, Hyderabad - TSPCB",Hyderabad,2026-04-06,Summer / Pre-monsoon,30,71,25,29.9,38.9166666666667,2.60375,70,Satisfactory,pm10,-0.4049955017699682,1.491135116814895,0.5143750205717474,-0.06662186998093972,-0.33736225865503805,0.09175950883579792,MODELING_HISTORY,Cluster 1,0.7514516935142906
PROJ_007,"Zoo Park, Hyderabad - TSPCB",Hyderabad,2026-04-14,Summer / Pre-monsoon,42,98,25,32.4666666666667,38.2083333333333,2.59916666666667,98,Satisfactory,pm10,-1.3855111227559818,1.565336390743507,0.7275707222541103,-0.9038828657270884,0.06411963260775178,-0.27124640219245477,MODELING_HISTORY,Cluster 1,1.316903261319712
PROJ_007,"Zoo Park, Hyderabad - TSPCB",Hyderabad,2026-04-15,Summer / Pre-monsoon,37,86,24,32.8333333333333,33.7916666666667,2.55666666666667,86,Satisfactory,pm10,-1.1331195282546136,2.0034804408435924,0.7343761290865432,-0.6777470015318035,-0.05653438336650798,-0.11494044502899284,MODELING_HISTORY,Cluster 1,1.2549536997054598
PROJ_007,"Zoo Park, Hyderabad - TSPCB",Hyderabad,2026-04-17,Summer / Pre-monsoon,41,96,25,33.2458333333333,39.7083333333333,2.30208333333333,96,Satisfactory,pm10,-1.4224264929379191,1.7605566398051862,0.7029585294144378,-0.7763780174030868,0.3407453544287298,-0.3400406249777309,MODELING_HISTORY,Cluster 1,1.2921258828920752
PROJ_007,"Zoo Park, Hyderabad - TSPCB",Hyderabad,2026-04-18,Summer / Pre-monsoon,42,99,25,32.7166666666667,38.5,2.27666666666667,99,Satisfactory,pm10,-1.535292386199139,1.629388178464074,0.7139889874039133,-0.7342620055332669,0.22322490854470295,-0.33210526551528297,MODELING_HISTORY,Cluster 1,1.3032726121441986
PROJ_007,"Zoo Park, Hyderabad - TSPCB",Hyderabad,2026-04-19,Summer / Pre-monsoon,36,83,24,32.1833333333333,41.625,1.86083333333333,83,Satisfactory,pm10,-1.110561411420433,1.740671198117356,0.6462652985857835,-0.11686320598331824,0.4085698231988948,-0.20296591711571524,MODELING_HISTORY,Cluster 1,0.9054468451886656
PROJ_007,"Zoo Park, Hyderabad - TSPCB",Hyderabad,2026-04-21,Summer / Pre-monsoon,34,79,24,31.5041666666667,42.4166666666667,2.20291666666667,79,Satisfactory,pm10,-0.7945582640808188,1.6190073049894125,0.6239825174220422,-0.1771197413682129,0.2047551575707791,-0.13280157378720878,MODELING_HISTORY,Cluster 1,0.784161452345533
PROJ_007,"Zoo Park, Hyderabad - TSPCB",Hyderabad,2026-04-22,Summer / Pre-monsoon,33,76,25,31.4375,40.0416666666667,1.82416666666667,76,Satisfactory,pm10,-0.9249456053683668,1.754396332723323,0.5315980640221946,0.1311586520836846,0.23884200024698743,-0.06778177314127945,MODELING_HISTORY,Cluster 1,0.8017687511979282
PROJ_007,"Zoo Park, Hyderabad - TSPCB",Hyderabad,2026-04-23,Summer / Pre-monsoon,43,99,24,31.9791666666667,37.9166666666667,1.54041666666667,99,Satisfactory,pm10,-1.8473060055902235,1.5256286831582218,0.7415832058885516,-0.1607896865587214,0.37365801504775,-0.2950056710613069,MODELING_HISTORY,Cluster 1,1.3651860004824792
PROJ_007,"Zoo Park, Hyderabad - TSPCB",Hyderabad,2026-04-24,Summer / Pre-monsoon,43,101,24,31.6291666666667,37.0833333333333,1.84083333333333,100,Satisfactory,pm10,-1.7750039961493242,1.426338790113488,0.7582418340572532,-0.3282078576952405,0.16841794647019742,-0.2959074590611823,MODELING_HISTORY,Cluster 1,1.3301888511567144
PROJ_007,"Zoo Park, Hyderabad - TSPCB",Hyderabad,2026-04-25,Summer / Pre-monsoon,56,132,24,32.3958333333333,36.1666666666667,1.97958333333333,121,Moderately Polluted,pm10,-2.7565299355647377,1.0333580183278852,0.9720100174848952,-1.0814952623193794,0.23663956173496847,-0.6132932409572259,MODELING_HISTORY,Cluster 1,2.4652254075803315
PROJ_007,"Zoo Park, Hyderabad - TSPCB",Hyderabad,2026-04-26,Summer / Pre-monsoon,35,83,24,32.6875,38.2916666666667,2.2825,83,Satisfactory,pm10,-1.0085289229187913,1.9343021565982308,0.6751904251781674,-0.4259803734895529,0.18188290751969224,-0.1908050953674721,MODELING_HISTORY,Cluster 1,1.048772892011661
PROJ_007,"Zoo Park, Hyderabad - TSPCB",Hyderabad,2026-04-27,Summer / Pre-monsoon,40,94,24,33.0791666666667,36.75,2.66708333333333,94,Satisfactory,pm10,-1.2670494199213045,1.8207684447846075,0.7793212224662223,-0.9335197070833268,0.06133903449242856,-0.2581521759925781,MODELING_HISTORY,Cluster 1,1.384776197268738
PROJ_007,"Zoo Park, Hyderabad - TSPCB",Hyderabad,2026-04-28,Summer / Pre-monsoon,41,95,24,32.7083333333333,39.5833333333333,2.09041666666667,95,Satisfactory,pm10,-1.4675242757310465,1.674156916775468,0.7468548042475041,-0.5467273144831206,0.33805135393934216,-0.30313893824167726,MODELING_HISTORY,Cluster 1,1.2179612911183229
PROJ_007,"Zoo Park, Hyderabad - TSPCB",Hyderabad,2026-04-29,Summer / Pre-monsoon,29,68,24,32.8916666666667,35,2.51625,67,Satisfactory,pm10,-0.5314849746207363,2.329688032834304,0.6117282940338118,-0.32608891715053057,-0.01714869503931611,0.01740329985775939,MODELING_HISTORY,Cluster 1,1.2597143016001848
PROJ_007,"Zoo Park, Hyderabad - TSPCB",Hyderabad,2026-04-30,Summer / Pre-monsoon,35,81,25,33.6708333333333,29.2916666666667,2.59333333333333,81,Satisfactory,pm10,-1.1070579066394333,2.407249220986121,0.6694765320733982,-0.7134951826799768,-0.12791658997389924,-0.02904718451627596,MODELING_HISTORY,Cluster 1,1.4760525173852637
PROJ_007,"Zoo Park, Hyderabad - TSPCB",Hyderabad,2026-05-01,Summer / Pre-monsoon,38,89,24,32.2875,29.4166666666667,2.91083333333333,89,Satisfactory,pm10,-1.1713982457349896,1.9286775292065184,0.7761565571487797,-0.8707282614205364,-0.4387820422918775,-0.03539226650685533,MODELING_HISTORY,Cluster 1,1.3573317368036648
PROJ_007,"Zoo Park, Hyderabad - TSPCB",Hyderabad,2026-05-02,Summer / Pre-monsoon,29,68,26,33.2625,27.25,2.76875,67,Satisfactory,pm10,-0.6507790580811912,2.613184470500814,0.5293514878277583,-0.5281330566740088,-0.3586686250095308,0.1470123878251513,MODELING_HISTORY,Cluster 1,1.478884946039468
PROJ_007,"Zoo Park, Hyderabad - TSPCB",Hyderabad,2026-05-03,Summer / Pre-monsoon,33,78,24,33.2875,27.4166666666667,2.85708333333333,78,Satisfactory,pm10,-0.9094736846173582,2.426697192015798,0.7207411649350113,-0.7492801296228346,-0.3714510942351894,0.03053968724245112,MODELING_HISTORY,Cluster 1,1.504629572860768
PROJ_007,"Zoo Park, Hyderabad - TSPCB",Hyderabad,2026-05-04,Summer / Pre-monsoon,32,73,26,32.0125,33.1666666666667,2.4475,72,Satisfactory,pm10,-0.782334665236545,2.078869411419655,0.5168734853680862,-0.2873664296800002,-0.17177073439239432,0.08878370250419816,MODELING_HISTORY,Cluster 1,0.9738795213960453
PROJ_007,"Zoo Park, Hyderabad - TSPCB",Hyderabad,2026-05-07,Summer / Pre-monsoon,22,51,24,30.1666666666667,50.25,2.3325,50,Good,pm10,0.39733309218876417,1.6107229956299276,0.4092259261807365,0.3957121024439565,0.2278471714217529,0.08395468393433866,MODELING_HISTORY,Cluster 1,1.4179403075833439
PROJ_007,"Zoo Park, Hyderabad - TSPCB",Hyderabad,2026-05-08,Summer / Pre-monsoon,23,54,24,29.7833333333333,50.875,2.79291666666667,53,Satisfactory,pm10,0.5222387447189502,1.4178092573158,0.4421923822090359,0.09027636759751197,0.02891318844212199,0.08236558700746617,MODELING_HISTORY,Cluster 1,1.4448871075595326
PROJ_007,"Zoo Park, Hyderabad - TSPCB",Hyderabad,2026-05-09,Summer / Pre-monsoon,26,60,25,29.825,52.7916666666667,2.21,59,Satisfactory,pm10,0.11880264480043728,1.2972816192892025,0.3845787273543335,0.3322498313448235,0.33822077166519027,-0.01535710262195329,MODELING_HISTORY,Cluster 1,1.1307380086099699
PROJ_007,"Zoo Park, Hyderabad - TSPCB",Hyderabad,2026-05-10,Summer / Pre-monsoon,50,115,24,30.4416666666667,50.75,2.415,109,Moderately Polluted,pm10,-1.6475160041087733,0.432865998184656,0.8273384487677492,-0.8881441694942582,0.36325207811776,-0.507284649445104,MODELING_HISTORY,Cluster 1,1.7543101414886884
PROJ_007,"Zoo Park, Hyderabad - TSPCB",Hyderabad,2026-05-11,Summer / Pre-monsoon,60,137,24,30.5125,50.5833333333333,2.26375,124,Moderately Polluted,pm10,-2.442070362710347,0.04010251943195748,0.9666543202074156,-1.2143904483130523,0.46429210978576385,-0.7003598956026006,MODELING_HISTORY,Cluster 3,2.5602592469127474
PROJ_007,"Zoo Park, Hyderabad - TSPCB",Hyderabad,2026-05-12,Summer / Pre-monsoon,36,82,24,30.8416666666667,50.375,1.97666666666667,82,Satisfactory,pm10,-0.7853610462555427,1.1885557425581037,0.6034914682183156,-0.04481243633880066,0.5196589862395853,-0.23609567448323937,MODELING_HISTORY,Cluster 1,0.7377743484257413
PROJ_007,"Zoo Park, Hyderabad - TSPCB",Hyderabad,2026-05-13,Summer / Pre-monsoon,36,85,24,31.6291666666667,49.25,1.96333333333333,85,Satisfactory,pm10,-0.9004378008240292,1.3668534648037745,0.6211704883256256,-0.16236233222981522,0.5788441215046656,-0.33624643247765595,MODELING_HISTORY,Cluster 1,0.7427839006133802
PROJ_007,"Zoo Park, Hyderabad - TSPCB",Hyderabad,2026-05-14,Summer / Pre-monsoon,65,149,25,32.3958333333333,43.875,1.62791666666667,132,Moderately Polluted,pm10,-3.314144729538158,0.4825908281029635,0.991578618037139,-1.2411730266993364,0.723752052433005,-0.8420211987324702,MODELING_HISTORY,Cluster 1,3.1009349469540197
PROJ_007,"Zoo Park, Hyderabad - TSPCB",Hyderabad,2026-05-15,Summer / Pre-monsoon,35,81,24,32.9666666666667,44.4166666666667,1.8225,81,Satisfactory,pm10,-1.0107554049512222,1.8775033981711604,0.6312714885092359,-0.1661423987236269,0.6434010223823677,-0.2777913624240648,MODELING_HISTORY,Cluster 1,0.933630402271065
PROJ_007,"Zoo Park, Hyderabad - TSPCB",Hyderabad,2026-05-16,Summer / Pre-monsoon,41,96,25,32.5666666666667,46.1666666666667,2.02875,96,Satisfactory,pm10,-1.3509172387154005,1.4448870215644467,0.6573377678982696,-0.5339618326462665,0.5940584738802697,-0.4196193946360177,MODELING_HISTORY,Cluster 1,1.0447063313575027
PROJ_007,"Zoo Park, Hyderabad - TSPCB",Hyderabad,2026-05-18,Summer / Pre-monsoon,37,87,25,32.1875,47.4166666666667,1.9,87,Satisfactory,pm10,-1.065575539575228,1.507573250985301,0.5824218615222472,-0.2356243801445258,0.6179626386146455,-0.3475142987300814,MODELING_HISTORY,Cluster 1,0.7707796157420452
PROJ_007,"Zoo Park, Hyderabad - TSPCB",Hyderabad,2026-05-19,Summer / Pre-monsoon,27,62,24,32.8583333333333,47.0416666666667,2.45416666666667,61,Satisfactory,pm10,-0.07786593081036684,2.0791188960883535,0.5363897173107012,-0.23298779116591564,0.47727828430631736,-0.0963649957723456,MODELING_HISTORY,Cluster 1,1.2137190513276155
PROJ_007,"Zoo Park, Hyderabad - TSPCB",Hyderabad,2026-05-20,Summer / Pre-monsoon,29,68,25,33.1958333333333,44.0416666666667,3.33958333333333,67,Satisfactory,pm10,0.01013985218927437,2.06381362349785,0.5663209854518787,-0.9571079742947424,0.08839001860583523,-0.08757266032528646,MODELING_HISTORY,Cluster 1,1.5285097557846634
PROJ_007,"Zoo Park, Hyderabad - TSPCB",Hyderabad,2026-05-21,Summer / Pre-monsoon,30,71,25,34.4833333333333,37.8333333333333,3.09958333333333,70,Satisfactory,pm10,-0.368844832972084,2.4999097737280023,0.6075102570282451,-0.9906565331143152,0.12001436226482108,-0.11159539739547698,MODELING_HISTORY,Cluster 1,1.6703117281881439
PROJ_007,"Zoo Park, Hyderabad - TSPCB",Hyderabad,2026-05-22,Summer / Pre-monsoon,26,61,24,32.4083333333333,48.6666666666667,4.85875,60,Satisfactory,pm10,0.997108334569088,1.7598164075487654,0.640766061564296,-1.7375178856614275,-0.4051326764911677,0.02505462480921375,MODELING_HISTORY,Cluster 1,2.5716580447657575
PROJ_007,"Zoo Park, Hyderabad - TSPCB",Hyderabad,2026-05-23,Summer / Pre-monsoon,25,59,25,32.575,46.875,4.09166666666667,58,Satisfactory,pm10,0.6981433691777146,1.9526173236962243,0.5300609499771725,-1.215197245716964,-0.1791045557869302,0.02188465834762877,MODELING_HISTORY,Cluster 1,2.0577423024592023
PROJ_007,"Zoo Park, Hyderabad - TSPCB",Hyderabad,2026-05-27,Summer / Pre-monsoon,9,20,24,28.3458333333333,66.5416666666667,3.70333333333333,24,Good,o3,2.404928292250359,1.1954752757596274,0.21051744948842332,0.2261767412073178,0.0657700987588753,0.3017845662503519,MODELING_HISTORY,Cluster 2,1.740650699507038
PROJ_007,"Zoo Park, Hyderabad - TSPCB",Hyderabad,2026-05-28,Summer / Pre-monsoon,17,39,25,30.6458333333333,57.8333333333333,3.35958333333333,39,Good,pm10,1.362451997752805,1.6322296936648428,0.3078148139261836,-0.1686385850650308,0.2128045429980657,0.12020881086460417,MODELING_HISTORY,Cluster 2,1.953664172886426
PROJ_007,"Zoo Park, Hyderabad - TSPCB",Hyderabad,2026-05-31,Summer / Pre-monsoon,22,51,24,31.6625,45.8333333333333,3.58083333333333,50,Good,pm10,0.7463520828834085,1.9665680638526333,0.5115445101828888,-0.6060559058361408,-0.17591021888624564,0.14170706089034704,MODELING_HISTORY,Cluster 1,1.8415853603078916
PROJ_007,"Zoo Park, Hyderabad - TSPCB",Hyderabad,2026-06-01,Monsoon,16,38,25,31.8583333333333,38.625,2.475,38,Good,pm10,0.5377106598087183,2.5648148871475587,0.32824886786090707,0.3675604884551854,-0.0585260389774614,0.29459172775083753,MODELING_HISTORY,Cluster 1,1.911075354584208
PROJ_007,"Zoo Park, Hyderabad - TSPCB",Hyderabad,2026-06-03,Monsoon,18,42,24,30.5875,50.5,2.97666666666667,42,Good,pm10,0.945952971827382,1.815277697324039,0.3901205325042655,0.08306186852189304,0.0516183565787738,0.17149002657756415,MODELING_HISTORY,Cluster 1,1.8794622815209687
PROJ_007,"Zoo Park, Hyderabad - TSPCB",Hyderabad,2026-06-04,Monsoon,12,29,24,30.4666666666667,52.1666666666667,3.33291666666667,29,Good,pm10,1.5676157458913969,1.9636054657172224,0.314713187365901,0.10538624222844568,-0.05578924522117837,0.27687685438168863,MODELING_HISTORY,Cluster 2,2.291770156703237
PROJ_007,"Zoo Park, Hyderabad - TSPCB",Hyderabad,2026-06-05,Monsoon,14,33,24,29.5708333333333,59.4583333333333,3.26875,33,Good,pm10,1.6132487968821074,1.4768047986793056,0.30322563483295656,0.15484741799049173,0.133679452433003,0.18086205869083508,MODELING_HISTORY,Cluster 2,1.8257382349524311
PROJ_007,"Zoo Park, Hyderabad - TSPCB",Hyderabad,2026-06-06,Monsoon,14,33,24,30.1166666666667,56.75,2.74791666666667,33,Good,pm10,1.3187630322559447,1.7207037392403348,0.2918332020268466,0.4384430681286215,0.2956642675510936,0.1647183641073435,MODELING_HISTORY,Cluster 2,2.1597446695065505
PROJ_007,"Zoo Park, Hyderabad - TSPCB",Hyderabad,2026-06-07,Monsoon,18,42,24,29.3291666666667,64.7083333333333,3.33,42,Good,pm10,1.4818617483219991,1.09288225376001,0.34422898417046416,-0.04478176708920434,0.2990334917828295,0.03683566811251407,MODELING_HISTORY,Cluster 2,1.4329915185485453
PROJ_007,"Zoo Park, Hyderabad - TSPCB",Hyderabad,2026-06-08,Monsoon,12,28,24,28.3708333333333,65.9166666666667,3.30041666666667,28,Good,pm10,1.9805675084797616,1.1110021364713325,0.2368826515735177,0.3532973721476369,0.19471186615907535,0.1980153977697632,MODELING_HISTORY,Cluster 2,1.5718011313638225
PROJ_007,"Zoo Park, Hyderabad - TSPCB",Hyderabad,2026-06-12,Monsoon,23,54,24,30.3083333333333,54.4166666666667,3.06166666666667,53,Satisfactory,pm10,0.703733109831772,1.4089946697514657,0.4519587400552864,-0.17088252356061567,0.14962168883056257,0.01349804632468986,MODELING_HISTORY,Cluster 1,1.6049982771512867
PROJ_007,"Zoo Park, Hyderabad - TSPCB",Hyderabad,2026-06-14,Monsoon,17,41,24,28.8333333333333,59.4583333333333,3.57625,41,Good,pm10,1.5142996529999015,1.1448432152109664,0.35516285306214734,-0.08960906355380038,-0.08228936883948845,0.1481275017979677,MODELING_HISTORY,Cluster 2,1.476076791221547
PROJ_007,"Zoo Park, Hyderabad - TSPCB",Hyderabad,2026-06-15,Monsoon,23,53,25,30.4958333333333,49.5,3.4625,52,Satisfactory,pm10,0.7482061030888847,1.5685654335579575,0.4277515255092388,-0.4398132137371014,-0.15521636412863216,0.13459602471588925,MODELING_HISTORY,Cluster 1,1.683640570461058
PROJ_007,"Zoo Park, Hyderabad - TSPCB",Hyderabad,2026-06-16,Monsoon,30,71,24,31.3291666666667,43.75,3.18875,70,Satisfactory,pm10,-0.08232852299054738,1.6206472697355814,0.6126833629016009,-0.6509622357957245,-0.14633720013412466,-0.03576767189420946,MODELING_HISTORY,Cluster 1,1.184576976764992
PROJ_007,"Zoo Park, Hyderabad - TSPCB",Hyderabad,2026-06-20,Monsoon,36,69,24,31.525,47.375,2.69541666666667,68,Satisfactory,pm10,-0.33921965449090397,1.499780762037732,0.6449382735413378,-0.4760081882387807,0.32025025602436835,0.13641561158836432,MODELING_HISTORY,Cluster 1,0.9697696331807373
PROJ_007,"Zoo Park, Hyderabad - TSPCB",Hyderabad,2026-06-21,Monsoon,20,39,24,28.7208333333333,62.4583333333333,2.35458333333333,39,Good,pm10,1.0473399205136005,1.095388070682105,0.3108229813102801,0.6733855350190935,0.5248822263161824,0.1975109697738201,MODELING_HISTORY,Cluster 2,1.7883310911370012
PROJ_007,"Zoo Park, Hyderabad - TSPCB",Hyderabad,2026-06-26,Monsoon,16,31,24,27.425,70.25,2.9925,31,Good,pm10,1.814155758354629,0.689438901260641,0.24383931543849297,0.5491349202967657,0.38858397933448385,0.2347032421398498,MODELING_HISTORY,Cluster 2,1.2936809061180028
PROJ_007,"Zoo Park, Hyderabad - TSPCB",Hyderabad,2026-06-27,Monsoon,20,38,24,26.5416666666667,78.9166666666667,2.55041666666667,38,Good,pm10,1.62279374861638,0.12633530691460865,0.23503279273674269,0.7701217918278327,0.7875958998150056,0.09348211609723785,MODELING_HISTORY,Cluster 2,1.1289048776038242
PROJ_007,"Zoo Park, Hyderabad - TSPCB",Hyderabad,2026-06-28,Monsoon,15,29,24,26.8958333333333,81.0833333333333,2.18083333333333,29,Good,pm10,1.8420527091766064,0.365865444259291,0.14239527626596282,1.1487805209687838,1.0260391674707146,0.06192395874046795,MODELING_HISTORY,Cluster 2,1.5695600436762873
PROJ_007,"Zoo Park, Hyderabad - TSPCB",Hyderabad,2026-06-29,Monsoon,4,7,24,26.7916666666667,75.375,3.23666666666667,24,Good,o3,2.8861806187303816,0.8659668556182406,0.05906004203451339,0.9282975211813332,0.34377019317243007,0.3629194490482461,MODELING_HISTORY,Cluster 2,2.069521870818443
PROJ_007,"Zoo Park, Hyderabad - TSPCB",Hyderabad,2026-06-30,Monsoon,4,7,24,26.85,71.5833333333333,5.0225,24,Good,o3,3.5109423443766983,0.8388030191662215,0.168407319671058,-0.24234769812600132,-0.4424806159241853,0.5185882271195997,MODELING_HISTORY,Cluster 2,2.1828233773575154
PROJ_007,"Zoo Park, Hyderabad - TSPCB",Hyderabad,2026-07-01,Monsoon,5,9,24,26.075,75.375,5.07583333333333,24,Good,o3,3.581691618915408,0.5112535903068981,0.16227108729298656,-0.23170905753865623,-0.42131164259726966,0.4907491569072018,MODELING_HISTORY,Cluster 2,2.099510533371794
PROJ_007,"Zoo Park, Hyderabad - TSPCB",Hyderabad,2026-07-02,Monsoon,9,16,24,25.7458333333333,78.25,5.01166666666667,24,Good,o3,3.3814872774575075,0.2078520534863879,0.2007502413316292,-0.3085803890995542,-0.30556674636513925,0.43125860552378215,MODELING_HISTORY,Cluster 2,1.8154301952292151
PROJ_007,"Zoo Park, Hyderabad - TSPCB",Hyderabad,2026-07-03,Monsoon,6,12,24,25.3375,80,5.9,24,Good,o3,3.9642219172906,0.09274181872283654,0.19650315358447548,-0.7476097876176557,-0.6460367286556141,0.4659674763690817,MODELING_HISTORY,Cluster 2,2.407356639759966
PROJ_007,"Zoo Park, Hyderabad - TSPCB",Hyderabad,2026-07-09,Monsoon,23,44,23,27.3958333333333,70.4166666666667,4.32416666666667,44,Good,pm10,1.902636957577462,0.2936995149905283,0.47691616345788745,-0.5872457150091063,-0.04660316167275702,0.23183663182740705,MODELING_HISTORY,Cluster 2,0.835834355345885
PROJ_007,"Zoo Park, Hyderabad - TSPCB",Hyderabad,2026-07-10,Monsoon,22,41,24,28.8041666666667,59.7083333333333,4.10958333333333,41,Good,pm10,1.5859274354796575,0.9853736646912638,0.4414941559949791,-0.5458443437496929,-0.18255226826750165,0.3566541341012103,MODELING_HISTORY,Cluster 2,1.3599191468419456
PROJ_007,"Zoo Park, Hyderabad - TSPCB",Hyderabad,2026-07-11,Monsoon,24,45,27,29.2041666666667,57.75,4.3475,45,Good,pm10,1.4589710931169582,1.025689046942455,0.30452102980993134,-0.8558327873910718,-0.2741957013176731,0.3735995151344767,MODELING_HISTORY,Cluster 2,1.4700636660525765
PROJ_007,"Zoo Park, Hyderabad - TSPCB",Hyderabad,2026-07-15,Monsoon,26,45,5,28.7166666666667,54.0833333333333,4.05375,45,Good,pm10,1.3816591858779947,1.0402445297683869,1.7146430105769366,-0.4135490920919703,-0.3616853286400823,0.356238827768396,MODELING_HISTORY,Cluster 2,2.1586047837146176
PROJ_007,"Zoo Park, Hyderabad - TSPCB",Hyderabad,2026-07-16,Monsoon,23,44,4,28.0166666666667,62.5416666666667,3.74333333333333,44,Good,pm10,1.6068887019824434,0.7370984494541306,1.686894725035902,-0.06927545619529552,-0.06566034942226273,0.15338204532344069,MODELING_HISTORY,Cluster 2,1.951369469746214
PROJ_007,"Zoo Park, Hyderabad - TSPCB",Hyderabad,2026-07-17,Monsoon,14,27,4,25.4666666666667,80.0833333333333,2.99,27,Good,pm10,2.4181149441897336,0.07872160000113337,1.4249705243707476,1.0387275818605992,0.4668479044335138,0.07040697813821223,MODELING_HISTORY,Cluster 2,2.0893746967727367
PROJ_007,"Zoo Park, Hyderabad - TSPCB",Hyderabad,2026-07-18,Monsoon,12,23,4,25.6458333333333,77.5416666666667,3.88,23,Good,pm10,2.8463723782696677,0.1986394432869369,1.4550377664087355,0.5181626176998785,0.06059905147638511,0.1768370924020138,MODELING_HISTORY,Cluster 2,2.0770657451634214
PROJ_007,"Zoo Park, Hyderabad - TSPCB",Hyderabad,2026-07-21,Monsoon,9,19,4,24.2708333333333,85.875,4.44166666666667,19,Good,pm10,3.490795900467792,-0.2952045700320014,1.3979435734874353,0.3939478285634164,-0.04496340702152379,0.1425918594591697,MODELING_HISTORY,Cluster 2,2.3908962301507977
PROJ_007,"Zoo Park, Hyderabad - TSPCB",Hyderabad,2026-07-22,Monsoon,7,13,4,24.0291666666667,85,5.33708333333333,13,Good,pm10,4.014193391879916,-0.29733760937519393,1.414397697802522,-0.06347268412071894,-0.4377484825903919,0.2956123155862186,MODELING_HISTORY,Cluster 2,2.753049693501378
PROJ_007,"Zoo Park, Hyderabad - TSPCB",Hyderabad,2026-07-23,Monsoon,10,18,4,25.4208333333333,73.375,5.24,18,Good,pm10,3.455237126585075,0.24655955256412537,1.5089533678389866,-0.24357187260017232,-0.6335762113960586,0.38155222960591095,MODELING_HISTORY,Cluster 2,2.3970699188567632
PROJ_007,"Zoo Park, Hyderabad - TSPCB",Hyderabad,2026-07-24,Monsoon,10,20,4,26.2375,70.1666666666667,5.47833333333333,20,Good,pm10,3.408146171162275,0.48090045277987686,1.5462441076236786,-0.5130806611049437,-0.7373458980905734,0.3512586344217852,MODELING_HISTORY,Cluster 2,2.4600962017345513
PROJ_007,"Zoo Park, Hyderabad - TSPCB",Hyderabad,2026-07-25,Monsoon,12,23,4,26.3666666666667,69.3333333333333,4.32708333333333,23,Good,pm10,2.8000109918283957,0.5598019956652396,1.5164168823288782,0.16292835108833126,-0.3184599281414767,0.2912328720537844,MODELING_HISTORY,Cluster 2,2.1046352980312837
PROJ_007,"Zoo Park, Hyderabad - TSPCB",Hyderabad,2026-07-26,Monsoon,9,18,4,26.5958333333333,73.875,4.34791666666667,18,Good,pm10,3.10244893593978,0.5885256923341553,1.4637348578562992,0.21048111048380647,-0.13481398784136528,0.22424413185809855,MODELING_HISTORY,Cluster 2,2.271597030554887
PROJ_007,"Zoo Park, Hyderabad - TSPCB",Hyderabad,2026-07-27,Monsoon,10,18,4,25.3375,83.5,4.44416666666667,18,Good,pm10,3.389624165710767,7.92439526521832e-4,1.4311851551067645,0.25021072657591015,0.04168359683930078,0.18324403094672895,MODELING_HISTORY,Cluster 2,2.3139049128808074
PROJ_007,"Zoo Park, Hyderabad - TSPCB",Hyderabad,2026-07-28,Monsoon,19,38,4,25.6625,81.125,5.02041666666667,38,Good,pm10,2.8949336714109934,-0.2919550863197107,1.6060951556820464,-0.5404638601010139,-0.17509877277429686,0.06489120082248048,MODELING_HISTORY,Cluster 2,2.0305518915892695
PROJ_007,"Zoo Park, Hyderabad - TSPCB",Hyderabad,2026-07-29,Monsoon,9,16,5,23.8125,91.4583333333333,5.43666666666667,16,Good,pm10,4.096013080462792,-0.6139568349521947,1.3590491043063189,-0.20807782355818727,-0.2332348569377136,0.21697681724501844,MODELING_HISTORY,Cluster 2,2.8105206896803927
PROJ_007,"Zoo Park, Hyderabad - TSPCB",Hyderabad,2026-07-30,Monsoon,12,23,4,24.0333333333333,88.8333333333333,5.885,23,Good,pm10,3.9870754114767144,-0.65676632840355,1.5027014662271536,-0.6413172543600445,-0.4563300641712192,0.19899562575111104,MODELING_HISTORY,Cluster 2,2.8191784287388924
PROJ_007,"Zoo Park, Hyderabad - TSPCB",Hyderabad,2026-07-31,Monsoon,9,17,4,25.9041666666667,77.4583333333333,5.59333333333333,17,Good,pm10,3.7352192376417497,0.23598807586109144,1.5078111633927134,-0.5267342095349625,-0.5395900620719413,0.29974653988226796,MODELING_HISTORY,Cluster 2,2.625740646201708
PROJ_007,"Zoo Park, Hyderabad - TSPCB",Hyderabad,2026-08-01,Monsoon,11,21,4,26.7708333333333,73.4166666666667,4.09416666666667,21,Good,pm10,2.864874417439888,0.5911761331449971,1.4814503036635676,0.286419613173994,-0.01849208404534713,0.20586101958585956,MODELING_HISTORY,Cluster 2,2.1577140177409637
PROJ_007,"Zoo Park, Hyderabad - TSPCB",Hyderabad,2026-08-02,Monsoon,13,24,4,26.9666666666667,72.125,3.93291666666667,24,Good,pm10,2.6431887526992393,0.6148887684836883,1.5072072723724754,0.3020607710659552,0.03457186515439348,0.2045475212780834,MODELING_HISTORY,Cluster 2,2.0729139407406834
PROJ_007,"Zoo Park, Hyderabad - TSPCB",Hyderabad,2026-08-03,Monsoon,15,29,4,26.375,78.0416666666667,3.59791666666667,29,Good,pm10,2.516584280114806,0.2482663457055747,1.4912364320922034,0.4869281026296984,0.3066426030480917,0.07371008444909719,MODELING_HISTORY,Cluster 2,1.9324756266383991
PROJ_007,"Zoo Park, Hyderabad - TSPCB",Hyderabad,2026-08-04,Monsoon,13,25,5,25.4291666666667,83.5,3.36625,25,Good,pm10,2.717442082320322,-0.02145775320715338,1.355383351616395,0.8111908258793069,0.4554853290233763,0.06043997269697497,MODELING_HISTORY,Cluster 2,2.0318981768766062
PROJ_007,"Zoo Park, Hyderabad - TSPCB",Hyderabad,2026-08-05,Monsoon,11,22,4,25.825,81.9166666666667,3.66291666666667,22,Good,pm10,2.912326422334831,0.15997882172668737,1.418129926557018,0.6502369622922809,0.3270671687071005,0.07514661645410445,MODELING_HISTORY,Cluster 2,2.1359711767208758
PROJ_007,"Zoo Park, Hyderabad - TSPCB",Hyderabad,2026-08-06,Monsoon,17,33,5,26.2208333333333,76.5,4.09041666666667,33,Good,pm10,2.5357269580650605,0.13474400320004523,1.485901397105155,0.09907853168057312,0.05636462081569143,0.11399781714185352,MODELING_HISTORY,Cluster 2,1.7927968289876755
PROJ_007,"Zoo Park, Hyderabad - TSPCB",Hyderabad,2026-08-07,Monsoon,19,36,4,25.8083333333333,76.1666666666667,4.2775,36,Good,pm10,2.505053110950251,-0.03251019526933627,1.5822833779667131,-0.02982589984005712,-0.06918187361615596,0.14284664175989775,MODELING_HISTORY,Cluster 2,1.806128494419128
PROJ_007,"Zoo Park, Hyderabad - TSPCB",Hyderabad,2026-08-08,Monsoon,21,41,4,25.7833333333333,75.25,3.8225,41,Good,pm10,2.1420309643508664,-0.06447071815897128,1.5905349103287605,0.18861654485958623,0.06015399902853358,0.08163429521063073,MODELING_HISTORY,Cluster 2,1.7109964753045979
PROJ_007,"Zoo Park, Hyderabad - TSPCB",Hyderabad,2026-08-11,Monsoon,14,26,4,26.5625,71.1666666666667,3.84708333333333,26,Good,pm10,2.5277674953379496,0.5195338812436989,1.5145997100166366,0.3758691235639494,-0.02675866173730406,0.2232488234951329,MODELING_HISTORY,Cluster 2,2.0070773420236137
PROJ_007,"Zoo Park, Hyderabad - TSPCB",Hyderabad,2026-08-12,Monsoon,6,11,4,26.1458333333333,76.2083333333333,4.47541666666667,11,Good,pm10,3.451680441890816,0.5418449550917986,1.4123073928330263,0.304499643234845,-0.16570865861463868,0.28411534178366954,MODELING_HISTORY,Cluster 2,2.4854107584152576
PROJ_007,"Zoo Park, Hyderabad - TSPCB",Hyderabad,2026-08-13,Monsoon,10,18,4,26.3833333333333,74.375,4.00791666666667,18,Good,pm10,2.9537826416781456,0.5352028429734105,1.452684910963908,0.439322043347131,-0.00637531546051178,0.2452051330026372,MODELING_HISTORY,Cluster 2,2.2126784467584613
PROJ_007,"Zoo Park, Hyderabad - TSPCB",Hyderabad,2026-08-14,Monsoon,10,18,4,26.0958333333333,74.2916666666667,4.41666666666667,18,Good,pm10,3.1254082223544,0.4392983597162988,1.470956799755296,0.20755174295891043,-0.199919307072552,0.28482946073423754,MODELING_HISTORY,Cluster 2,2.2380670809025394
PROJ_007,"Zoo Park, Hyderabad - TSPCB",Hyderabad,2026-08-15,Monsoon,14,26,4,26.7208333333333,70.125,4.64625,26,Good,pm10,2.819791221486019,0.517739614610343,1.5631533417217236,-0.16809604960045865,-0.3331200412020387,0.27550376449587954,MODELING_HISTORY,Cluster 2,2.0916326120123174
PROJ_007,"Zoo Park, Hyderabad - TSPCB",Hyderabad,2026-08-16,Monsoon,16,30,4,26.3125,72.75,3.94708333333333,30,Good,pm10,2.477558250259294,0.328385943668741,1.5399044551243088,0.25620367168321145,-0.02647117740495247,0.190795425764071,MODELING_HISTORY,Cluster 2,1.8999632798886532
PROJ_007,"Zoo Park, Hyderabad - TSPCB",Hyderabad,2026-08-17,Monsoon,16,30,4,27.1833333333333,67.125,4.68916666666667,30,Good,pm10,2.6105247964166747,0.6229978639543785,1.6105225706143524,-0.32430006792877797,-0.3877559418749961,0.2730719180374045,MODELING_HISTORY,Cluster 2,2.060622753966629
PROJ_007,"Zoo Park, Hyderabad - TSPCB",Hyderabad,2026-08-19,Monsoon,14,26,4,26.1208333333333,72,3.97083333333333,26,Good,pm10,2.6118152670589474,0.3867041739598152,1.512389633167449,0.34861600387475766,-0.10398120774435726,0.24098916514848057,MODELING_HISTORY,Cluster 2,1.9872502398532175
PROJ_007,"Zoo Park, Hyderabad - TSPCB",Hyderabad,2026-08-20,Monsoon,23,43,5,26.5125,71.7916666666667,3.71583333333333,43,Good,pm10,1.8834278696921611,0.14493427056210154,1.5690362659691313,0.1069876090924593,0.0933849498145038,0.12037882159612706,MODELING_HISTORY,Cluster 2,1.6539713172458597
PROJ_007,"Zoo Park, Hyderabad - TSPCB",Hyderabad,2026-08-21,Monsoon,26,50,5,27.5583333333333,64.0833333333333,3.85625,50,Good,pm10,1.4901004926431978,0.4577317893023981,1.6610218371242171,-0.21948849738692863,-0.0966127228596586,0.1273350293542569,MODELING_HISTORY,Cluster 2,1.794120295103541
PROJ_007,"Zoo Park, Hyderabad - TSPCB",Hyderabad,2026-08-22,Monsoon,19,38,5,27.75,62.9583333333333,4.37208333333333,38,Good,pm10,2.1078809759927557,0.7531947646138082,1.5973023946698397,-0.31965458424304893,-0.3490026756700227,0.20736735897159753,MODELING_HISTORY,Cluster 2,1.9324477424619737
PROJ_007,"Zoo Park, Hyderabad - TSPCB",Hyderabad,2026-08-23,Monsoon,6,11,4,25.2916666666667,82.25,3.36208333333333,11,Good,pm10,3.1786753896349063,0.2700792852776109,1.3205971000377743,1.126147381889723,0.34860922884004525,0.17373609680785523,MODELING_HISTORY,Cluster 2,2.5009739773370625
PROJ_007,"Zoo Park, Hyderabad - TSPCB",Hyderabad,2026-08-24,Monsoon,8,16,4,24.8333333333333,84.2916666666667,3.53458333333333,16,Good,pm10,3.156119831179954,0.0029891903192679,1.346672434223846,0.9747703258513742,0.30398600348573085,0.12461006987311832,MODELING_HISTORY,Cluster 2,2.373566763326567
PROJ_007,"Zoo Park, Hyderabad - TSPCB",Hyderabad,2026-08-25,Monsoon,11,20,5,26.1,75.4583333333333,3.84083333333333,20,Good,pm10,2.844887345550128,0.4127682387944107,1.3870493651814726,0.5327158026607091,0.06074699394570443,0.2280326626284551,MODELING_HISTORY,Cluster 2,2.0965285641858586
PROJ_007,"Zoo Park, Hyderabad - TSPCB",Hyderabad,2026-08-26,Monsoon,19,35,4,26.5541666666667,70.7916666666667,4.17625,35,Good,pm10,2.3266781560142897,0.30823136166272486,1.6038129339998335,-0.02900010268311725,-0.12853879943759094,0.20580315999392265,MODELING_HISTORY,Cluster 2,1.8269445996195994
PROJ_007,"Zoo Park, Hyderabad - TSPCB",Hyderabad,2026-08-30,Monsoon,9,18,4,25.0791666666667,73.875,4.645,18,Good,pm10,3.267801475477283,0.2263137662863954,1.4588670891474471,0.21332451816136877,-0.4669028397051039,0.3228346287139928,MODELING_HISTORY,Cluster 2,2.27198585836717
PROJ_007,"Zoo Park, Hyderabad - TSPCB",Hyderabad,2026-08-31,Monsoon,12,24,4,25.3291666666667,74.125,4.0925,24,Good,pm10,2.836848014145525,0.1994321146321323,1.4748141643675168,0.42451397589533946,-0.20408136237921237,0.23447839177445703,MODELING_HISTORY,Cluster 2,2.0520922373124297
PROJ_036,"Bollaram Industrial Area, Hyderabad - TSPCB",Hyderabad,2025-03-01,Summer / Pre-monsoon,32,111,54,26.7041666666667,44.2916666666667,3.03875,107,Moderately Polluted,pm10,-1.068675279086314,0.0972210908598952,-1.290751675355709,-0.6493118424528328,-0.9447106847518132,-0.5078057065797816,MODELING_HISTORY,Cluster 1,1.8306456576679806
PROJ_036,"Bollaram Industrial Area, Hyderabad - TSPCB",Hyderabad,2025-03-02,Summer / Pre-monsoon,15,81,54,27.3916666666667,39.0416666666667,2.35791666666667,81,Satisfactory,pm10,-0.4024977675374205,1.1088007534022193,-1.5388872919892969,0.37325277013939806,-0.9207449587828278,-0.37247930515841227,MODELING_HISTORY,Cluster 1,1.575282693533815
PROJ_036,"Bollaram Industrial Area, Hyderabad - TSPCB",Hyderabad,2025-03-05,Summer / Pre-monsoon,37,152,53,26.6625,35.25,2.68583333333333,134,Moderately Polluted,pm10,-2.3716413206335547,-0.13722114204626304,-1.1053409329231376,-0.8497100377074719,-1.338841196240245,-1.2267276462414678,MODELING_HISTORY,Cluster 3,2.361300729202135
PROJ_036,"Bollaram Industrial Area, Hyderabad - TSPCB",Hyderabad,2025-03-06,Summer / Pre-monsoon,34,119,53,23.8041666666667,29.1666666666667,2.38166666666667,112,Moderately Polluted,pm10,-1.8327917280800956,-0.17320326816194434,-1.2179032809883934,0.12121240878595364,-1.7484048994122774,-0.28391563093133787,MODELING_HISTORY,Cluster 3,1.7709715707808598
PROJ_036,"Bollaram Industrial Area, Hyderabad - TSPCB",Hyderabad,2025-03-07,Summer / Pre-monsoon,29,95,53,25.025,25.7083333333333,2.04916666666667,95,Satisfactory,pm10,-1.4752603718210484,0.5723736037112086,-1.296918826157996,0.5241615823930452,-1.527802395173164,0.099852328441882,MODELING_HISTORY,Cluster 1,1.6961899416425648
PROJ_036,"Bollaram Industrial Area, Hyderabad - TSPCB",Hyderabad,2025-03-08,Summer / Pre-monsoon,51,143,52,26.6416666666667,27,1.63125,128,Moderately Polluted,pm10,-3.243995379414203,-0.00240024826450732,-0.917524897480608,-0.3226301812044363,-0.9908277583206372,-0.4318615460701936,MODELING_HISTORY,Cluster 3,2.760308119977968
PROJ_036,"Bollaram Industrial Area, Hyderabad - TSPCB",Hyderabad,2025-03-09,Summer / Pre-monsoon,47,123,53,27.675,34.5833333333333,2.79666666666667,115,Moderately Polluted,pm10,-2.1151039422158115,0.192117602245587,-1.0023052415079112,-0.9983361537963904,-0.9086524785262206,-0.18319829690599249,MODELING_HISTORY,Cluster 1,2.165864003458042
PROJ_036,"Bollaram Industrial Area, Hyderabad - TSPCB",Hyderabad,2025-03-10,Summer / Pre-monsoon,27,92,52,26.4791666666667,53.1666666666667,3.31458333333333,92,Satisfactory,pm10,-0.19393415203484335,0.06363967892059891,-1.264924294853815,-0.5371010013912985,-0.7015102685946903,-0.3433206426984342,MODELING_HISTORY,Cluster 1,1.885804647800967
PROJ_036,"Bollaram Industrial Area, Hyderabad - TSPCB",Hyderabad,2025-03-11,Summer / Pre-monsoon,41,111,53,27.2666666666667,46.7916666666667,2.76875,107,Moderately Polluted,pm10,-1.395560713257266,-0.00767494998719808,-1.1363100725928394,-0.7382127467470692,-0.509247362642321,-0.2734734780336394,MODELING_HISTORY,Cluster 1,1.9173315630672958
PROJ_036,"Bollaram Industrial Area, Hyderabad - TSPCB",Hyderabad,2025-03-12,Summer / Pre-monsoon,38,123,52,27.9458333333333,41.2916666666667,1.8675,115,Moderately Polluted,pm10,-2.0508400578258215,0.31854821957825297,-1.113538711279351,-0.24654202389802904,-0.4245566745980238,-0.6878356861709916,MODELING_HISTORY,Cluster 1,1.917737151090414
PROJ_036,"Bollaram Industrial Area, Hyderabad - TSPCB",Hyderabad,2025-03-13,Summer / Pre-monsoon,36,123,52,29.2083333333333,35.0833333333333,2.63333333333333,115,Moderately Polluted,pm10,-1.8742108037638616,0.7555243551285307,-1.057895235295301,-0.8488821346001115,-0.7941539065718105,-0.6887540984230568,MODELING_HISTORY,Cluster 1,1.724588619072279
PROJ_036,"Bollaram Industrial Area, Hyderabad - TSPCB",Hyderabad,2025-03-16,Summer / Pre-monsoon,29,101,52,30.5958333333333,23.25,3.17291666666667,100,Satisfactory,pm10,-1.3572494025986437,1.7280528399755937,-1.080798806751003,-0.9840719708236751,-1.2414894048105527,-0.2564058071910228,MODELING_HISTORY,Cluster 1,1.4711103772638077
PROJ_036,"Bollaram Industrial Area, Hyderabad - TSPCB",Hyderabad,2025-03-17,Summer / Pre-monsoon,22,96,53,29.725,28.1666666666667,2.69875,96,Satisfactory,pm10,-1.0998747297094196,1.6221856217052315,-1.2870414509771233,-0.3910987466018329,-1.0962061604478293,-0.4351103730706335,MODELING_HISTORY,Cluster 1,1.274694437576091
PROJ_036,"Bollaram Industrial Area, Hyderabad - TSPCB",Hyderabad,2025-03-18,Summer / Pre-monsoon,35,114,53,30.2083333333333,30.25,2.32583333333333,109,Moderately Polluted,pm10,-1.9532395304581656,1.2547175873191112,-1.1312249645066497,-0.6617086138426338,-0.6891049565164994,-0.4901480122696623,MODELING_HISTORY,Cluster 1,1.6427018974304226
PROJ_036,"Bollaram Industrial Area, Hyderabad - TSPCB",Hyderabad,2025-03-19,Summer / Pre-monsoon,15,102,52,29.6958333333333,32.9166666666667,3.75,101,Moderately Polluted,pm10,-0.45201847605195894,1.470589562224433,-1.258323657713257,-0.9974049272012252,-1.4503347521193597,-0.8589295316498284,MODELING_HISTORY,Cluster 1,1.497868964274014
PROJ_036,"Bollaram Industrial Area, Hyderabad - TSPCB",Hyderabad,2025-03-20,Summer / Pre-monsoon,10,74,52,28.5333333333333,50,3.42833333333333,73,Satisfactory,pm10,0.5725169447842995,1.129237324242187,-1.4433566419071433,-0.3381870148016939,-0.7511931845465369,-0.5679488624033612,MODELING_HISTORY,Cluster 1,1.9376287401370271
PROJ_036,"Bollaram Industrial Area, Hyderabad - TSPCB",Hyderabad,2025-03-25,Summer / Pre-monsoon,30,99,65,27.2333333333333,51.6666666666667,1.6825,99,Satisfactory,pm10,-1.24490277698058,0.2614662067729562,-2.118200446262306,0.19357972833732356,-0.04255218679556194,-0.42359068256683985,MODELING_HISTORY,Cluster 1,2.3489680694264385
PROJ_036,"Bollaram Industrial Area, Hyderabad - TSPCB",Hyderabad,2025-03-26,Summer / Pre-monsoon,36,116,52,27.5,44.75,1.9675,110,Moderately Polluted,pm10,-1.7148774210303828,0.22225114031813636,-1.1583640282990608,-0.16102668223872296,-0.38307517434130867,-0.6111003676928245,MODELING_HISTORY,Cluster 1,1.7978029812961602
PROJ_036,"Bollaram Industrial Area, Hyderabad - TSPCB",Hyderabad,2025-03-27,Summer / Pre-monsoon,40,124,53,28.3666666666667,40.2083333333333,2.44375,115,Moderately Polluted,pm10,-1.945594658640035,0.3431034484563477,-1.111843614715733,-0.7392659258369667,-0.5838685376292981,-0.606742629451066,MODELING_HISTORY,Cluster 1,1.9375603792891545
PROJ_036,"Bollaram Industrial Area, Hyderabad - TSPCB",Hyderabad,2025-03-28,Summer / Pre-monsoon,49,129,55,29.1458333333333,37.875,2.0825,119,Moderately Polluted,pm10,-2.5578229039206475,0.3791438306318523,-1.1272327814542829,-0.8512163329358047,-0.3026381250474509,-0.4161484230661997,MODELING_HISTORY,Cluster 1,2.3769219683455565
PROJ_036,"Bollaram Industrial Area, Hyderabad - TSPCB",Hyderabad,2025-03-29,Summer / Pre-monsoon,54,132,55,29.6875,37.5833333333333,1.91083333333333,121,Moderately Polluted,pm10,-2.8595963344602207,0.391067221476289,-1.065271852434417,-0.9424252240595404,-0.10294305169177442,-0.3437098084858507,MODELING_HISTORY,Cluster 1,2.608302570134223
PROJ_036,"Bollaram Industrial Area, Hyderabad - TSPCB",Hyderabad,2025-03-30,Summer / Pre-monsoon,47,121,54,30.3875,34.125,2.34583333333333,113,Moderately Polluted,pm10,-2.35925643804648,0.8654119205229014,-1.0537784465883162,-1.0457457177597087,-0.34948180540346113,-0.2911068653544087,MODELING_HISTORY,Cluster 1,2.1115652198137935
PROJ_036,"Bollaram Industrial Area, Hyderabad - TSPCB",Hyderabad,2025-03-31,Summer / Pre-monsoon,35,115,59,29.9583333333333,30.875,2.59416666666667,109,Moderately Polluted,pm10,-1.8898549305223225,1.1394579385178871,-1.5019971919084336,-0.8756936795237993,-0.8012964689982691,-0.4533876625737228,MODELING_HISTORY,Cluster 1,1.94185193980703
PROJ_036,"Bollaram Industrial Area, Hyderabad - TSPCB",Hyderabad,2025-04-01,Summer / Pre-monsoon,30,92,58,28.6375,48.4166666666667,2.67916666666667,92,Satisfactory,pm10,-0.7733659622130968,0.6658019210212284,-1.5990575946608012,-0.5027441992770412,-0.2847075527263937,-0.2695424133697146,MODELING_HISTORY,Cluster 1,1.6883585467268214
PROJ_036,"Bollaram Industrial Area, Hyderabad - TSPCB",Hyderabad,2025-04-02,Summer / Pre-monsoon,12,60,58,27.7291666666667,54.2916666666667,2.805,59,Satisfactory,pm10,0.61362716139517,0.9719587548190528,-1.877393969771222,0.18983074330290295,-0.3543909976864822,-0.1637173295501491,MODELING_HISTORY,Cluster 1,2.311089765952941
PROJ_036,"Bollaram Industrial Area, Hyderabad - TSPCB",Hyderabad,2025-04-03,Summer / Pre-monsoon,17,62,54,25.7666666666667,69.625,2.29,61,Satisfactory,pm10,0.6909017603618486,0.017987521123886598,-1.6678806560856203,0.6359293394043486,0.21963437780657397,-0.22330154809432656,MODELING_HISTORY,Cluster 2,2.1665033554500357
PROJ_036,"Bollaram Industrial Area, Hyderabad - TSPCB",Hyderabad,2025-04-04,Summer / Pre-monsoon,11,46,54,26.0208333333333,69.9583333333333,1.5475,53,Satisfactory,o3,0.8821380987448046,0.4115239048962682,-1.796467507350478,1.3677653447297278,0.5298616071543896,-0.10411224745108534,MODELING_HISTORY,Cluster 2,2.65742561990774
PROJ_036,"Bollaram Industrial Area, Hyderabad - TSPCB",Hyderabad,2025-04-05,Summer / Pre-monsoon,24,90,50,27.5666666666667,58.625,1.9725,90,Satisfactory,pm10,-0.4865012575272114,0.3435858868643435,-1.251252402722954,0.285214949494263,0.11896457364197854,-0.635716811333551,MODELING_HISTORY,Cluster 1,1.6047879327240824
PROJ_036,"Bollaram Industrial Area, Hyderabad - TSPCB",Hyderabad,2025-04-06,Summer / Pre-monsoon,28,87,50,28.1666666666667,50.625,2.01333333333333,87,Satisfactory,pm10,-0.7509015789397814,0.655965181683392,-1.170697740972595,0.15536510449319568,-0.03569267747645421,-0.3213317636751242,MODELING_HISTORY,Cluster 1,1.2975386467294823
PROJ_036,"Bollaram Industrial Area, Hyderabad - TSPCB",Hyderabad,2025-04-07,Summer / Pre-monsoon,33,117,50,28.5791666666667,43.2916666666667,2.21708333333333,111,Moderately Polluted,pm10,-1.595318861413535,0.5367610831015313,-1.0323941076486305,-0.3870774400747967,-0.42998624290747506,-0.7805397489438836,MODELING_HISTORY,Cluster 1,1.4967382498342268
PROJ_036,"Bollaram Industrial Area, Hyderabad - TSPCB",Hyderabad,2025-04-08,Summer / Pre-monsoon,15,80,50,28.3541666666667,52.0833333333333,2.21625,80,Satisfactory,pm10,-0.11027908719947592,0.9717578588796272,-1.3242874609073454,0.33350700513175785,-0.20756607745767827,-0.6403579294859579,MODELING_HISTORY,Cluster 1,1.5105141497121208
PROJ_036,"Bollaram Industrial Area, Hyderabad - TSPCB",Hyderabad,2025-04-12,Summer / Pre-monsoon,27,110,50,28.9958333333333,33.625,2.59916666666667,106,Moderately Polluted,pm10,-1.378889633203548,1.0705500310324665,-1.0534401485136018,-0.460263910329114,-0.9507392689421776,-0.6742257043480127,MODELING_HISTORY,Cluster 1,1.1979849081903475
PROJ_036,"Bollaram Industrial Area, Hyderabad - TSPCB",Hyderabad,2025-04-13,Summer / Pre-monsoon,40,117,50,28.6958333333333,34.7083333333333,1.74083333333333,111,Moderately Polluted,pm10,-2.217301227162014,0.711053186780141,-0.945083835248486,-0.2016484617793527,-0.4583519714342778,-0.42540631295127784,MODELING_HISTORY,Cluster 1,1.7722813794158052
PROJ_036,"Bollaram Industrial Area, Hyderabad - TSPCB",Hyderabad,2025-04-17,Summer / Pre-monsoon,25,94,50,29.425,53.8333333333333,2.83958333333333,94,Satisfactory,pm10,-0.4192240045293346,0.7620435584078885,-1.1462830266754078,-0.569262278653134,-0.11466034002900596,-0.6759337082285635,MODELING_HISTORY,Cluster 1,1.335745466786881
PROJ_036,"Bollaram Industrial Area, Hyderabad - TSPCB",Hyderabad,2025-04-18,Summer / Pre-monsoon,32,109,50,30.3666666666667,47.125,2.27875,105,Moderately Polluted,pm10,-1.343085974402496,0.9193739535254676,-1.0393703103717764,-0.5829391766249934,-0.00551525467544408,-0.7715822999230939,MODELING_HISTORY,Cluster 1,1.2572854437852532
PROJ_036,"Bollaram Industrial Area, Hyderabad - TSPCB",Hyderabad,2025-04-19,Summer / Pre-monsoon,26,104,50,29.7458333333333,51.875,2.15416666666667,102,Moderately Polluted,pm10,-0.9781978532748083,0.8257970948752675,-1.1475855239562962,-0.2645987176966059,0.06082022342061513,-0.912644964719258,MODELING_HISTORY,Cluster 1,1.189480692916743
PROJ_036,"Bollaram Industrial Area, Hyderabad - TSPCB",Hyderabad,2025-04-21,Summer / Pre-monsoon,31,113,50,31.1041666666667,45.8333333333333,2.02708333333333,108,Moderately Polluted,pm10,-1.5462566638380657,1.1214234897490505,-1.0451262598624351,-0.5237643184724736,0.10243373399510108,-0.9407321810562752,MODELING_HISTORY,Cluster 1,1.2903837790680073
PROJ_036,"Bollaram Industrial Area, Hyderabad - TSPCB",Hyderabad,2025-04-22,Summer / Pre-monsoon,35,124,50,31.8166666666667,42.6666666666667,1.92458333333333,115,Moderately Polluted,pm10,-2.0216042846422795,1.187607578604064,-0.9690813328448322,-0.723634289675239,0.12378834094841068,-1.063360324047205,MODELING_HISTORY,Cluster 1,1.6273768163411504
PROJ_036,"Bollaram Industrial Area, Hyderabad - TSPCB",Hyderabad,2025-04-23,Summer / Pre-monsoon,37,130,50,31.9333333333333,39.7916666666667,2.15208333333333,119,Moderately Polluted,pm10,-2.181502472228196,1.1764036670277664,-0.9144229186342294,-0.9753601807847804,-0.05575627430071289,-1.0883722495402506,MODELING_HISTORY,Cluster 1,1.831452636877005
PROJ_036,"Bollaram Industrial Area, Hyderabad - TSPCB",Hyderabad,2025-04-24,Summer / Pre-monsoon,30,120,51,32.2291666666667,36.4583333333333,2.54083333333333,113,Moderately Polluted,pm10,-1.720228961884435,1.548038819519287,-1.0370777205414274,-1.024163200458326,-0.34549683337815845,-1.028952112985056,MODELING_HISTORY,Cluster 1,1.6098394889091234
PROJ_036,"Bollaram Industrial Area, Hyderabad - TSPCB",Hyderabad,2025-04-25,Summer / Pre-monsoon,40,74,26,32.0833333333333,39.25,2.32625,73,Satisfactory,pm10,-0.9420360608037244,1.7565193405293176,0.586547417819835,-0.422509371898218,0.2558958714800499,0.2480170330058276,MODELING_HISTORY,Cluster 1,0.8769553522056036
PROJ_036,"Bollaram Industrial Area, Hyderabad - TSPCB",Hyderabad,2025-04-26,Summer / Pre-monsoon,66,2,68,31.425,43.4583333333333,1.63708333333333,117,Moderately Polluted,pm2_5,-0.8300333966091427,1.6949684884068783,-1.9252073869189237,-0.19279272095635547,1.4755270608090387,3.207580858929526,MODELING_HISTORY,Cluster 1,1.8466798076588737
PROJ_036,"Bollaram Industrial Area, Hyderabad - TSPCB",Hyderabad,2025-04-27,Summer / Pre-monsoon,13,58,100,28.3333333333333,62.25,1.97625,100,Satisfactory,o3,0.1268669353446652,0.8839284184211512,-4.59745951563959,0.2170547835480538,0.39960651474408376,0.01886794866240308,MODELING_HISTORY,Cluster 1,4.615267113907161
PROJ_036,"Bollaram Industrial Area, Hyderabad - TSPCB",Hyderabad,2025-04-28,Summer / Pre-monsoon,19,81,82,29.7333333333333,50.6666666666667,2.31541666666667,82,Satisfactory,o3,-0.5472189062826903,1.173806648672859,-3.2784571729414784,-0.30979180381502525,-0.01524765730360111,-0.33845412875017317,MODELING_HISTORY,Cluster 1,3.1883090079543988
PROJ_036,"Bollaram Industrial Area, Hyderabad - TSPCB",Hyderabad,2025-04-29,Summer / Pre-monsoon,14,96,85,30.4,46.3333333333333,2.59916666666667,96,Satisfactory,pm10,-0.7243917399984823,1.36751406678748,-3.4698712160780776,-0.6271588659488242,-0.36490626749225424,-0.8226902524413832,MODELING_HISTORY,Cluster 1,3.3992013076167797
PROJ_036,"Bollaram Industrial Area, Hyderabad - TSPCB",Hyderabad,2025-04-30,Summer / Pre-monsoon,20,106,73,31.5,40.5833333333333,2.9625,103,Moderately Polluted,pm10,-1.03125714268808,1.5430358742095187,-2.5707036180626113,-1.09252945882926,-0.5218740106327291,-0.888386609291145,MODELING_HISTORY,Cluster 1,2.666788576857177
PROJ_036,"Bollaram Industrial Area, Hyderabad - TSPCB",Hyderabad,2025-05-02,Summer / Pre-monsoon,17,77,87,31.525,45.4166666666667,3.05125,87,Satisfactory,o3,-0.33788337690497683,1.736643986165311,-3.5429017904456046,-0.9768789672461696,-0.23132771918862644,-0.2497110864837874,MODELING_HISTORY,Cluster 1,3.5898211661448274
PROJ_036,"Bollaram Industrial Area, Hyderabad - TSPCB",Hyderabad,2025-05-03,Summer / Pre-monsoon,16,84,105,31.5208333333333,40.875,2.95,106,Moderately Polluted,o3,-0.7438205228543515,1.7987939739638037,-4.678827108440643,-1.1071091644229802,-0.424829956304178,-0.2652699133505316,MODELING_HISTORY,Cluster 1,4.696733354948088
PROJ_036,"Bollaram Industrial Area, Hyderabad - TSPCB",Hyderabad,2025-05-04,Summer / Pre-monsoon,23,80,111,30.5416666666667,39.375,2.62791666666667,115,Moderately Polluted,o3,-1.064974610388198,1.5427105925127742,-5.008021260207981,-0.9301776878087542,-0.3644614550566938,0.1889577506410445,MODELING_HISTORY,Cluster 1,4.975944532879212
PROJ_036,"Bollaram Industrial Area, Hyderabad - TSPCB",Hyderabad,2025-05-05,Summer / Pre-monsoon,22,89,117,30.2708333333333,44.6666666666667,2.06333333333333,124,Moderately Polluted,o3,-1.3451049336576912,1.295871644437381,-5.441014532130916,-0.6638407734739723,-0.05950910937756701,-0.1272778788239448,MODELING_HISTORY,Cluster 1,5.386746585465059
PROJ_036,"Bollaram Industrial Area, Hyderabad - TSPCB",Hyderabad,2025-05-06,Summer / Pre-monsoon,12,62,128,29.8416666666667,41.0416666666667,2.07541666666667,140,Moderately Polluted,o3,-0.6837363983321716,1.7658705856815675,-6.284744021056146,-0.24240733904875503,-0.27785886560907813,0.33942451982942046,MODELING_HISTORY,Cluster 1,6.1888075706001455
PROJ_036,"Bollaram Industrial Area, Hyderabad - TSPCB",Hyderabad,2025-05-07,Summer / Pre-monsoon,12,73,108,29.8375,40.5416666666667,2.12416666666667,110,Moderately Polluted,o3,-0.7264313927596504,1.692244857287737,-4.9967580945669505,-0.1812264284688198,-0.391559194315943,-0.06560925430471934,MODELING_HISTORY,Cluster 1,4.897317155904472
PROJ_036,"Bollaram Industrial Area, Hyderabad - TSPCB",Hyderabad,2025-05-08,Summer / Pre-monsoon,15,69,99,29.4666666666667,40.5,2.29708333333333,99,Satisfactory,o3,-0.5865878880529976,1.5898507082292133,-4.39076859043876,-0.18704862930455257,-0.4392521925245958,0.10833273025449922,MODELING_HISTORY,Cluster 1,4.291021881858245
PROJ_036,"Bollaram Industrial Area, Hyderabad - TSPCB",Hyderabad,2025-05-09,Summer / Pre-monsoon,18,83,114,29.8208333333333,41.875,2.44708333333333,119,Moderately Polluted,o3,-0.9853582129493758,1.3908788077769336,-5.281577497005163,-0.6764534910669809,-0.4103553579549196,-0.05538842313625791,MODELING_HISTORY,Cluster 1,5.204745014511697
PROJ_036,"Bollaram Industrial Area, Hyderabad - TSPCB",Hyderabad,2025-05-10,Summer / Pre-monsoon,18,82,117,30.7833333333333,40.4583333333333,2.28791666666667,124,Moderately Polluted,o3,-1.1189473795521647,1.665277594853133,-5.46390245358748,-0.7113196453863876,-0.25872043424661434,-0.04789842381320947,MODELING_HISTORY,Cluster 1,5.404654982456793
PROJ_036,"Bollaram Industrial Area, Hyderabad - TSPCB",Hyderabad,2025-05-14,Summer / Pre-monsoon,16,50,147,29.775,55.2083333333333,2.08708333333333,169,Moderately Polluted,o3,-0.3658054107319548,1.352510853015182,-7.50686359314721,-0.4582329584133361,0.4185575246699006,0.7003136897790869,MODELING_HISTORY,Cluster 1,7.415913448762843
PROJ_036,"Bollaram Industrial Area, Hyderabad - TSPCB",Hyderabad,2025-05-15,Summer / Pre-monsoon,19,67,115,28.9208333333333,60.8333333333333,1.59958333333333,121,Moderately Polluted,o3,-0.555396865251221,0.8527985104396438,-5.4749834927436245,0.03856286966232569,0.6248836018760167,0.0896110757088629,MODELING_HISTORY,Cluster 1,5.394084779356475
PROJ_036,"Bollaram Industrial Area, Hyderabad - TSPCB",Hyderabad,2025-05-17,Summer / Pre-monsoon,29,68,133,28.9958333333333,61.25,1.7175,148,Moderately Polluted,o3,-0.967172010896654,0.6094018824648897,-6.49262924222871,-0.4472709492785393,0.7866816024645681,0.551742682733867,MODELING_HISTORY,Cluster 1,6.435899281371067
PROJ_036,"Bollaram Industrial Area, Hyderabad - TSPCB",Hyderabad,2025-05-18,Summer / Pre-monsoon,33,63,130,28.4708333333333,66.2083333333333,1.9875,143,Moderately Polluted,o3,-0.7180292995195625,0.3005717806480523,-6.270699088532644,-0.5878454790843245,0.9050484263419292,0.765083520874697,MODELING_HISTORY,Cluster 1,6.268110375810241
PROJ_036,"Bollaram Industrial Area, Hyderabad - TSPCB",Hyderabad,2025-05-19,Summer / Pre-monsoon,27,62,102,28.2541666666667,70.625,1.90083333333333,101,Moderately Polluted,o3,-0.2078746874982174,0.30326907539281167,-4.5874805583626515,-0.11363178400670138,0.9663718801052232,0.31015710554067893,MODELING_HISTORY,Cluster 1,4.6357462687505855
PROJ_036,"Bollaram Industrial Area, Hyderabad - TSPCB",Hyderabad,2025-05-20,Summer / Pre-monsoon,21,53,87,29.075,69.125,1.61541666666667,87,Satisfactory,o3,0.09184473951649164,0.7880039137361659,-3.716396579600565,0.3294303334756362,1.0736949743544857,0.17200744923796987,MODELING_HISTORY,Cluster 1,3.780804625901498
PROJ_036,"Bollaram Industrial Area, Hyderabad - TSPCB",Hyderabad,2025-05-21,Summer / Pre-monsoon,14,38,67,26.4916666666667,80.5,1.74583333333333,66,Satisfactory,o3,1.1703456750370256,0.1953836199379732,-2.614823363001831,1.0155451486782294,1.0509996137616393,0.11650558886819556,MODELING_HISTORY,Cluster 2,3.01565508027504
PROJ_036,"Bollaram Industrial Area, Hyderabad - TSPCB",Hyderabad,2025-05-22,Summer / Pre-monsoon,9,26,52,26.4458333333333,77.5833333333333,2.84583333333333,51,Satisfactory,o3,2.0479719316328713,0.422422215370693,-1.6685620816124298,0.6700505704082547,0.5087206934120557,0.23523166494023423,MODELING_HISTORY,Cluster 2,2.1035209329315103
PROJ_036,"Bollaram Industrial Area, Hyderabad - TSPCB",Hyderabad,2025-05-23,Summer / Pre-monsoon,10,42,49,27.4375,66.2083333333333,3.31333333333333,49,Good,o3,1.6074257124730782,0.7550791147822012,-1.3691397023062302,0.13850150841014863,-0.04225806158100256,0.00357346333503922,MODELING_HISTORY,Cluster 2,1.7885459216633874
PROJ_036,"Bollaram Industrial Area, Hyderabad - TSPCB",Hyderabad,2025-05-24,Summer / Pre-monsoon,9,39,66,26.5958333333333,72.9583333333333,3.34875,65,Satisfactory,o3,1.76574772559084,0.3948605775504026,-2.496288347408808,0.08268977391405313,0.09611781564070128,0.105097619950353,MODELING_HISTORY,Cluster 2,2.643310574280364
PROJ_036,"Bollaram Industrial Area, Hyderabad - TSPCB",Hyderabad,2025-06-02,Monsoon,13,50,71,27.2333333333333,64.75,4.37958333333333,70,Satisfactory,o3,1.5836282364815333,0.48821032788707097,-2.660995685475011,-0.8824720786487605,-0.49972235347569466,0.16430517346062362,MODELING_HISTORY,Cluster 2,2.86930527838864
PROJ_036,"Bollaram Industrial Area, Hyderabad - TSPCB",Hyderabad,2025-06-04,Monsoon,19,76,62,27.9833333333333,58.5,3.32833333333333,76,Satisfactory,pm10,0.36959641304618224,0.5519281575811502,-2.0109657822041016,-0.5429731299934416,-0.3112301731737449,-0.3288857492440824,MODELING_HISTORY,Cluster 1,2.41022193970695
PROJ_036,"Bollaram Industrial Area, Hyderabad - TSPCB",Hyderabad,2025-06-05,Monsoon,20,63,135,27.1666666666667,65.2083333333333,1.5,151,Moderately Polluted,o3,-0.5492016759329794,0.3355863700799671,-6.7821023428659455,0.13915279115578316,0.625128465805431,0.3888603960968086,MODELING_HISTORY,Cluster 1,6.757011351876018
PROJ_036,"Bollaram Industrial Area, Hyderabad - TSPCB",Hyderabad,2025-06-06,Monsoon,30,97,93,27.7,66.5416666666667,1.61208333333333,97,Satisfactory,pm10,-1.1040970154802747,-0.08143105072343144,-3.945585850223675,-0.13465476734003012,0.6660496045155596,-0.4358780193440664,MODELING_HISTORY,Cluster 1,4.106712870292833
PROJ_036,"Bollaram Industrial Area, Hyderabad - TSPCB",Hyderabad,2025-06-07,Monsoon,35,101,103,27.8875,63.75,2.705,103,Moderately Polluted,o3,-1.04766483758091,-0.2067904789408752,-4.445839281938541,-1.1092408876893298,0.2567926232886203,-0.18804963146948395,MODELING_HISTORY,Cluster 1,4.722878427252769
PROJ_036,"Bollaram Industrial Area, Hyderabad - TSPCB",Hyderabad,2025-06-08,Monsoon,30,77,92,28.1875,64.625,3.33875,92,Satisfactory,o3,-0.0743906551432198,0.142798432276127,-3.8017854278816583,-1.1356639363203498,0.15759163949028937,0.152908459003152,MODELING_HISTORY,Cluster 1,4.083890995152822
PROJ_036,"Bollaram Industrial Area, Hyderabad - TSPCB",Hyderabad,2025-06-11,Monsoon,25,60,80,26.2208333333333,74.875,3.62833333333333,80,Satisfactory,o3,0.9350448987785948,-0.32498604049404983,-3.166306315121721,-0.7320700611691887,0.1750453652205078,0.26977149032003334,MODELING_HISTORY,Cluster 2,3.309919904560191
PROJ_036,"Bollaram Industrial Area, Hyderabad - TSPCB",Hyderabad,2025-06-12,Monsoon,30,61,77,26.2,79.375,1.33708333333333,77,Satisfactory,o3,-0.02315233973415986,-0.3741929740334894,-3.053958178482832,0.6770228240077061,1.2567425214882284,0.20774299723106265,MODELING_HISTORY,Cluster 3,3.3343737798585393
PROJ_036,"Bollaram Industrial Area, Hyderabad - TSPCB",Hyderabad,2025-06-13,Monsoon,37,95,101,27.575,74.7083333333333,1.56875,100,Satisfactory,o3,-1.151209650746624,-0.475286095266666,-4.404901978687363,-0.3321514554924099,1.1234610675299042,-0.19896099730464045,MODELING_HISTORY,Cluster 3,4.563393708492027
PROJ_036,"Bollaram Industrial Area, Hyderabad - TSPCB",Hyderabad,2025-06-19,Monsoon,12,59,76,26.8958333333333,69.7083333333333,5.93416666666667,76,Satisfactory,o3,2.1613229664576097,0.05931611646719759,-2.916562383640289,-1.9953275258516363,-0.983775653775964,-0.03221294099466962,MODELING_HISTORY,Cluster 2,3.4761462978714057
PROJ_036,"Bollaram Industrial Area, Hyderabad - TSPCB",Hyderabad,2025-06-22,Monsoon,11,49,79,27.275,65,4.85458333333333,79,Satisfactory,o3,1.7951663444260455,0.4891248644777341,-3.168516513565858,-1.2275432124486598,-0.6799468330232018,0.19411337967398049,MODELING_HISTORY,Cluster 2,3.4340752461387756
PROJ_036,"Bollaram Industrial Area, Hyderabad - TSPCB",Hyderabad,2025-06-23,Monsoon,10,60,74,25.8875,71.4166666666667,5.81916666666667,73,Satisfactory,o3,2.245075570168516,-0.1717946205297461,-2.837623015054671,-1.7415366130505028,-1.065867977121495,-0.12237583265258392,MODELING_HISTORY,Cluster 2,3.2864160911435536
PROJ_036,"Bollaram Industrial Area, Hyderabad - TSPCB",Hyderabad,2025-06-24,Monsoon,8,37,69,25.3958333333333,75.2083333333333,6.03083333333333,68,Satisfactory,o3,2.9858171677199055,-0.12687386453536675,-2.5811386096655364,-1.52889205697286,-0.965499023807478,0.31900779943232505,MODELING_HISTORY,Cluster 2,3.2039512015956
PROJ_036,"Bollaram Industrial Area, Hyderabad - TSPCB",Hyderabad,2025-06-26,Monsoon,11,45,72,25.7708333333333,76.375,4.8525,71,Satisfactory,o3,2.2582004228003756,-0.12469013911298668,-2.7880503902083076,-0.9721997166363384,-0.4322728278236952,0.14650888794839442,MODELING_HISTORY,Cluster 2,2.97734641457103
PROJ_036,"Bollaram Industrial Area, Hyderabad - TSPCB",Hyderabad,2025-06-27,Monsoon,11,61,76,26.4291666666667,69.8333333333333,4.81,76,Satisfactory,o3,1.715820188042428,0.04631408536014497,-2.992962100627725,-1.1896422748665625,-0.6712355737198692,-0.15738660959942422,MODELING_HISTORY,Cluster 2,3.18202936796795
PROJ_036,"Bollaram Industrial Area, Hyderabad - TSPCB",Hyderabad,2025-07-01,Monsoon,7,23,69,24.1083333333333,85.4583333333333,5.61458333333333,68,Satisfactory,o3,3.413492174161791,-0.5129657849500685,-2.685093502232013,-0.9772749469360388,-0.5347817280923433,0.5160808310648113,MODELING_HISTORY,Cluster 2,3.3304888241774715
PROJ_036,"Bollaram Industrial Area, Hyderabad - TSPCB",Hyderabad,2025-07-02,Monsoon,11,28,61,24.4,84.25,4.3775,60,Satisfactory,o3,2.72246008676545,-0.4289114316406768,-2.182019202169465,-0.24861725406072743,-0.05688054651792096,0.4140301207313113,MODELING_HISTORY,Cluster 2,2.4693071660322956
PROJ_036,"Bollaram Industrial Area, Hyderabad - TSPCB",Hyderabad,2025-07-03,Monsoon,9,30,55,25.3875,75.7083333333333,5.08333333333333,54,Satisfactory,o3,2.834813994370874,0.00810249484683897,-1.7420844982750454,-0.7262264403118607,-0.552744500406194,0.36867704804836343,MODELING_HISTORY,Cluster 2,2.207222537009424
PROJ_036,"Bollaram Industrial Area, Hyderabad - TSPCB",Hyderabad,2025-07-04,Monsoon,8,33,56,25.775,74.625,5.67541666666667,55,Satisfactory,o3,2.99935440240869,0.06400823597920202,-1.7728168449105854,-1.1793827712652092,-0.7867295132121789,0.2941497964462162,MODELING_HISTORY,Cluster 2,2.4620335192723837
PROJ_036,"Bollaram Industrial Area, Hyderabad - TSPCB",Hyderabad,2025-07-05,Monsoon,9,34,57,25.8,74.9166666666667,5.90541666666667,56,Satisfactory,o3,3.0411631460002315,0.00990995431712893,-1.8115313001259612,-1.3759907444692885,-0.8426632762057713,0.319614606153604,MODELING_HISTORY,Cluster 2,2.5851012857187188
PROJ_036,"Bollaram Industrial Area, Hyderabad - TSPCB",Hyderabad,2025-07-06,Monsoon,13,53,58,26.4583333333333,68.75,5.96541666666667,57,Satisfactory,o3,2.395222055528695,0.05448594612875596,-1.7707603591331098,-1.7471075837531893,-1.0537771087744234,0.06462386224788971,MODELING_HISTORY,Cluster 2,2.476688364959994
PROJ_036,"Bollaram Industrial Area, Hyderabad - TSPCB",Hyderabad,2025-07-07,Monsoon,15,55,56,24.8166666666667,79.4166666666667,5.76458333333333,55,Satisfactory,o3,2.5473317680185152,-0.6613987676174197,-1.6866938373579765,-1.485991278302853,-0.781190038259989,-0.01616812984020441,MODELING_HISTORY,Cluster 2,2.3276855474192826
PROJ_036,"Bollaram Industrial Area, Hyderabad - TSPCB",Hyderabad,2025-07-08,Monsoon,16,45,54,25.275,76,5.52333333333333,53,Satisfactory,o3,2.5300620722653075,-0.35514666240697224,-1.5558796883556787,-1.2820800546439384,-0.6851936568007125,0.26908223179804147,MODELING_HISTORY,Cluster 2,2.0873981777321133
PROJ_036,"Bollaram Industrial Area, Hyderabad - TSPCB",Hyderabad,2025-07-09,Monsoon,17,53,56,25.3166666666667,76.5833333333333,4.70083333333333,55,Satisfactory,o3,2.010061837427678,-0.3982881304367683,-1.706404481119125,-0.8617131657650896,-0.3881865577420275,0.06395740246721222,MODELING_HISTORY,Cluster 2,1.8796691222213082
PROJ_036,"Bollaram Industrial Area, Hyderabad - TSPCB",Hyderabad,2025-07-10,Monsoon,21,62,57,25.8375,74.7916666666667,3.82166666666667,61,Satisfactory,pm10,1.291647700883291,-0.3303529818045827,-1.7453134582833458,-0.5206126129114079,-0.04793488237015891,-0.05632784935522361,MODELING_HISTORY,Cluster 2,1.8311526091606858
PROJ_036,"Bollaram Industrial Area, Hyderabad - TSPCB",Hyderabad,2025-07-11,Monsoon,23,74,58,26.4416666666667,72.8333333333333,3.01541666666667,73,Satisfactory,pm10,0.5984092093743706,-0.2354570022763031,-1.7983647190732068,-0.22287559285683023,0.21913207656321987,-0.3213311981688174,MODELING_HISTORY,Cluster 2,2.108307883648282
PROJ_036,"Bollaram Industrial Area, Hyderabad - TSPCB",Hyderabad,2025-07-12,Monsoon,17,61,57,26.6041666666667,72.4166666666667,3.77083333333333,60,Satisfactory,pm10,1.3288426055515743,0.00426150812707824,-1.7779954346013636,-0.4828540588584719,-0.07330601604334008,-0.1835730361240936,MODELING_HISTORY,Cluster 2,1.87235166549124
PROJ_036,"Bollaram Industrial Area, Hyderabad - TSPCB",Hyderabad,2025-07-13,Monsoon,15,54,59,26.9833333333333,67.5416666666667,4.22458333333333,58,Satisfactory,o3,1.5582349692512996,0.3008662639225825,-1.8915773003565952,-0.7233527415329757,-0.3656590511285394,0.01297436735439293,MODELING_HISTORY,Cluster 2,2.063686435065486
PROJ_036,"Bollaram Industrial Area, Hyderabad - TSPCB",Hyderabad,2025-07-14,Monsoon,10,53,60,26.9333333333333,68.8333333333333,4.6633333333333304,59,Satisfactory,o3,1.9314275213125784,0.3248595114529651,-1.9967464168324711,-0.9052957239065172,-0.5608492326648014,-0.1293025077954309,MODELING_HISTORY,Cluster 2,2.23175655098114
PROJ_036,"Bollaram Industrial Area, Hyderabad - TSPCB",Hyderabad,2025-07-15,Monsoon,9,39,57,26.1625,76.0833333333333,4.20625,56,Satisfactory,o3,2.2764832418215826,0.14861838355467577,-1.8952933402622252,-0.35302294397129597,-0.15889458167600556,0.06306676147728953,MODELING_HISTORY,Cluster 2,2.0767153113788925
PROJ_036,"Bollaram Industrial Area, Hyderabad - TSPCB",Hyderabad,2025-07-16,Monsoon,11,44,59,26.2833333333333,77.8333333333333,3.00125,58,Satisfactory,o3,1.6566050483803043,0.1318097763188088,-2.061199730730068,0.31094825330347764,0.3693602438695812,-0.07525843739283876,MODELING_HISTORY,Cluster 2,2.2101822510141482
PROJ_036,"Bollaram Industrial Area, Hyderabad - TSPCB",Hyderabad,2025-07-19,Monsoon,27,66,57,24.9166666666667,85.1666666666667,2.22,65,Satisfactory,pm10,0.6733583003690675,-0.8635603423698991,-1.8028346924136656,0.448612585727126,0.8844881751572748,-0.13997064295069436,MODELING_HISTORY,Cluster 2,2.2705738700914186
PROJ_036,"Bollaram Industrial Area, Hyderabad - TSPCB",Hyderabad,2025-07-20,Monsoon,19,61,58,26.1458333333333,76.375,2.89875,60,Satisfactory,pm10,1.020813112514593,-0.18104904197289384,-1.8842575820210157,0.08395454895521949,0.3654365152189612,-0.18970749509639828,MODELING_HISTORY,Cluster 2,2.04723653195521
PROJ_036,"Bollaram Industrial Area, Hyderabad - TSPCB",Hyderabad,2025-07-21,Monsoon,17,47,56,25.9083333333333,80.75,3.24125,55,Satisfactory,o3,1.6230268876964382,-0.20375771150513833,-1.7982183025599232,0.06225146359774225,0.4271444130192231,0.03426758607926974,MODELING_HISTORY,Cluster 2,1.8615585153858676
PROJ_036,"Bollaram Industrial Area, Hyderabad - TSPCB",Hyderabad,2025-07-23,Monsoon,6,14,52,23.8916666666667,90.5,4.84125,51,Satisfactory,o3,3.576161246979967,-0.5058493327942365,-1.6904247251604456,-0.19116113215348296,-0.0606468055430186,0.4713406996363548,MODELING_HISTORY,Cluster 2,2.601940472868712
PROJ_036,"Bollaram Industrial Area, Hyderabad - TSPCB",Hyderabad,2025-07-24,Monsoon,9,19,49,23.3,90.75,5.14625,49,Good,o3,3.5604881321264337,-0.7774742872935634,-1.4508162889268226,-0.3974992100659151,-0.22785691486728876,0.4796437632655241,MODELING_HISTORY,Cluster 2,2.4800592820090386
PROJ_036,"Bollaram Industrial Area, Hyderabad - TSPCB",Hyderabad,2025-07-25,Monsoon,8,20,51,23.5208333333333,91.0833333333333,5.4175,50,Good,o3,3.666391974996075,-0.7538382360750647,-1.571834008691087,-0.6140572309469352,-0.30224017945614856,0.4308453189490007,MODELING_HISTORY,Cluster 2,2.650297029465679
PROJ_036,"Bollaram Industrial Area, Hyderabad - TSPCB",Hyderabad,2025-07-26,Monsoon,5,13,49,22.8791666666667,94.7916666666667,6.18,49,Good,o3,4.32853640081377,-0.9336296617727172,-1.469441358066895,-0.9006097901108563,-0.5375759373884128,0.5006386356048439,MODELING_HISTORY,Cluster 2,3.2112302423464696
PROJ_036,"Bollaram Industrial Area, Hyderabad - TSPCB",Hyderabad,2025-07-27,Monsoon,7,24,55,25.5041666666667,74.7083333333333,6.37458333333333,54,Satisfactory,o3,3.504267588804929,0.05595342428367317,-1.699049706759147,-1.49143840719702,-1.040337098652757,0.5263188498602213,MODELING_HISTORY,Cluster 2,2.844363783493386
PROJ_036,"Bollaram Industrial Area, Hyderabad - TSPCB",Hyderabad,2025-07-28,Monsoon,11,42,55,25.8458333333333,69.625,6.4275,54,Satisfactory,o3,2.919506103078798,0.010894831781808,-1.604418961648412,-1.8020038216018297,-1.2475561405092863,0.2887654711435268,MODELING_HISTORY,Cluster 2,2.601087532464431
PROJ_036,"Bollaram Industrial Area, Hyderabad - TSPCB",Hyderabad,2025-07-29,Monsoon,10,48,55,25.8416666666667,70.5,6.36,54,Satisfactory,o3,2.8284617838940274,-0.05081927762955979,-1.615178052423826,-1.7947222384049906,-1.242341347581208,0.08646620469927191,MODELING_HISTORY,Cluster 2,2.5538549863712534
PROJ_036,"Bollaram Industrial Area, Hyderabad - TSPCB",Hyderabad,2025-08-01,Monsoon,15,55,56,26.0333333333333,73.7083333333333,3.92916666666667,55,Satisfactory,o3,1.6266873997070617,-0.07052223095074563,-1.749387849577122,-0.4099804132931402,-0.16351856861350422,-0.09486464843754153,MODELING_HISTORY,Cluster 2,1.800552801959043
PROJ_036,"Bollaram Industrial Area, Hyderabad - TSPCB",Hyderabad,2025-08-04,Monsoon,16,45,60,25.6833333333333,83.5,1.01333333333333,59,Satisfactory,o3,0.8349225353202764,-0.11141784619691344,-2.1983754665372977,1.5523674069239544,1.3037929626263336,-0.07873683554492547,MODELING_HISTORY,Cluster 2,2.9925013986371134
PROJ_036,"Bollaram Industrial Area, Hyderabad - TSPCB",Hyderabad,2025-08-05,Monsoon,39,74,60,25.6291666666667,84.0416666666667,1.24708333333333,73,Satisfactory,pm10,-0.31041299984762943,-0.9185260596864044,-1.8803149383280149,0.6425695840399199,1.4592434600743318,0.04266594590796406,MODELING_HISTORY,Cluster 3,2.076795408204732
PROJ_036,"Bollaram Industrial Area, Hyderabad - TSPCB",Hyderabad,2025-08-06,Monsoon,33,69,62,25.8625,82.8333333333333,1.17375,68,Satisfactory,pm10,-0.11572922429841737,-0.6562703771261877,-2.081076483476089,0.8207914647105039,1.3991938313130583,-0.03418799325010217,MODELING_HISTORY,Cluster 3,2.379358840927964
PROJ_036,"Bollaram Industrial Area, Hyderabad - TSPCB",Hyderabad,2025-08-07,Monsoon,34,81,59,25.45,84.8333333333333,1.18875,81,Satisfactory,pm10,-0.28505360043007777,-0.9455826777705596,-1.8750992295409352,0.7530235313474952,1.3559934491020005,-0.3252285811585395,MODELING_HISTORY,Cluster 3,2.0965318147859104
PROJ_036,"Bollaram Industrial Area, Hyderabad - TSPCB",Hyderabad,2025-08-08,Monsoon,14,26,54,25.2791666666667,82.7083333333333,1.65291666666667,53,Satisfactory,o3,1.562017312795486,0.01077641507006385,-1.833791928201416,1.4628934271998846,1.0570750818661203,0.3471206194346445,MODELING_HISTORY,Cluster 2,2.5604718890339284
PROJ_036,"Bollaram Industrial Area, Hyderabad - TSPCB",Hyderabad,2025-08-09,Monsoon,21,47,55,24.025,88.2083333333333,1.655,54,Satisfactory,o3,1.1125867694478098,-0.7849111378129365,-1.8235353919712591,1.249236428748758,1.084686743361972,0.06882014403521808,MODELING_HISTORY,Cluster 2,2.5040530512308514
PROJ_036,"Bollaram Industrial Area, Hyderabad - TSPCB",Hyderabad,2025-08-11,Monsoon,17,36,55,24.3041666666667,86.5,3.17,54,Satisfactory,o3,2.0068727431522446,-0.6078426518838465,-1.793834108459275,0.4070273218574183,0.5074420900455395,0.2927916634408746,MODELING_HISTORY,Cluster 2,2.0070732097563644
PROJ_036,"Bollaram Industrial Area, Hyderabad - TSPCB",Hyderabad,2025-08-12,Monsoon,13,34,54,24.5416666666667,84.3333333333333,3.9,53,Satisfactory,o3,2.407984430726178,-0.45100200397214896,-1.7303534376465963,0.0167463432782462,0.13529430774457224,0.2520631662957927,MODELING_HISTORY,Cluster 2,1.9506444673920802
PROJ_036,"Bollaram Industrial Area, Hyderabad - TSPCB",Hyderabad,2025-08-13,Monsoon,16,33,51,23.5958333333333,89.875,4.03416666666667,50,Good,o3,2.582300388771673,-0.8795551354272839,-1.5301375327867033,0.00296074206151375,0.222199533123631,0.33601561344623915,MODELING_HISTORY,Cluster 2,1.939035074404494
PROJ_036,"Bollaram Industrial Area, Hyderabad - TSPCB",Hyderabad,2025-08-14,Monsoon,8,20,53,23.6958333333333,87.125,3.94833333333333,52,Satisfactory,o3,2.952367372630688,-0.4791498467421184,-1.7620010542577726,0.3302221352957394,0.09893505946336312,0.41579771816639755,MODELING_HISTORY,Cluster 2,2.309366187373258
PROJ_036,"Bollaram Industrial Area, Hyderabad - TSPCB",Hyderabad,2025-08-15,Monsoon,6,13,54,23.9791666666667,87.6666666666667,4.32416666666667,53,Satisfactory,o3,3.2968323218414595,-0.3532440702175531,-1.835734590090774,0.14061258590254466,0.03408988986872752,0.521255095014092,MODELING_HISTORY,Cluster 2,2.530118033242054
PROJ_036,"Bollaram Industrial Area, Hyderabad - TSPCB",Hyderabad,2025-08-16,Monsoon,12,25,52,23.6416666666667,88,5.07375,51,Satisfactory,o3,3.2212207493395786,-0.7415630919051355,-1.588263086538288,-0.5314886720853309,-0.24186905812815307,0.4814645233593149,MODELING_HISTORY,Cluster 2,2.3258760973772827
PROJ_036,"Bollaram Industrial Area, Hyderabad - TSPCB",Hyderabad,2025-08-17,Monsoon,10,25,53,23.7375,87.7083333333333,4.29958333333333,52,Satisfactory,o3,2.9505750619605196,-0.607740628112317,-1.7145863872749971,0.00137544318302773,0.00621575470925006,0.3724086438530037,MODELING_HISTORY,Cluster 2,2.2239587165082266
PROJ_036,"Bollaram Industrial Area, Hyderabad - TSPCB",Hyderabad,2025-08-18,Monsoon,8,16,51,23.2125,89.7916666666667,6.1375,50,Good,o3,4.011457017619322,-0.8046543630770511,-1.5381894415718187,-1.0064668217847177,-0.6352065979024168,0.607072675647782,MODELING_HISTORY,Cluster 2,2.985577516073992
PROJ_036,"Bollaram Industrial Area, Hyderabad - TSPCB",Hyderabad,2025-08-20,Monsoon,6,21,53,24.3791666666667,83.5416666666667,5.68125,52,Satisfactory,o3,3.5833259557108796,-0.3388251360862339,-1.6699193871040765,-0.8548383040722258,-0.6080274669885544,0.4341809887884387,MODELING_HISTORY,Cluster 2,2.65031791432049
PROJ_036,"Bollaram Industrial Area, Hyderabad - TSPCB",Hyderabad,2025-08-21,Monsoon,11,52,56,25.5541666666667,75.9583333333333,4.73041666666667,55,Satisfactory,o3,2.199731745386901,-0.19861648039161775,-1.771470914581238,-0.7721990076014112,-0.48659629069203025,-0.13003849830852146,MODELING_HISTORY,Cluster 2,1.9577861155374947
PROJ_036,"Bollaram Industrial Area, Hyderabad - TSPCB",Hyderabad,2025-08-22,Monsoon,11,45,56,25.3666666666667,75.5416666666667,4.54,55,Satisfactory,o3,2.253309616626408,-0.14075886272804516,-1.7917819704342397,-0.5553556638284496,-0.4203469097298118,0.04966347131861438,MODELING_HISTORY,Cluster 2,1.9515367053149888
PROJ_036,"Bollaram Industrial Area, Hyderabad - TSPCB",Hyderabad,2025-08-23,Monsoon,10,42,56,24.9916666666667,75.25,4.97166666666667,55,Satisfactory,o3,2.5197767753226885,-0.20122273141803737,-1.7883921304057324,-0.7407458160606991,-0.6428511814232122,0.13674631785222566,MODELING_HISTORY,Cluster 2,2.0791146468501602
PROJ_036,"Bollaram Industrial Area, Hyderabad - TSPCB",Hyderabad,2025-08-25,Monsoon,10,43,56,25.0958333333333,73.0833333333333,4.62666666666667,55,Satisfactory,o3,2.3037479499900613,-0.09626313898717476,-1.7969490065747833,-0.526817428155952,-0.5943895507090872,0.12100330377839366,MODELING_HISTORY,Cluster 2,1.9723440473095823
PROJ_036,"Bollaram Industrial Area, Hyderabad - TSPCB",Hyderabad,2025-08-26,Monsoon,10,27,51,23.5916666666667,87.0833333333333,3.71333333333333,50,Good,o3,2.680080022776851,-0.59015026801932,-1.616437643453532,0.4108840994046411,0.1587187138113011,0.2935199369739419,MODELING_HISTORY,Cluster 2,2.085892748924524
PROJ_036,"Bollaram Industrial Area, Hyderabad - TSPCB",Hyderabad,2025-08-27,Monsoon,8,14,49,23.025,92.2916666666667,4.3991666666666696,49,Good,o3,3.4323479877565735,-0.7493601709018062,-1.5180060073632182,0.1929559047134808,0.07460283957242542,0.516574604683317,MODELING_HISTORY,Cluster 2,2.4581457201731682
PROJ_036,"Bollaram Industrial Area, Hyderabad - TSPCB",Hyderabad,2025-08-30,Monsoon,12,34,56,25.4333333333333,78.875,3.55958333333333,55,Satisfactory,o3,2.1211450094725386,-0.04822869172000729,-1.8568698184475092,0.14955335884795828,0.1583340084824421,0.2483695601250034,MODELING_HISTORY,Cluster 2,2.0064341363934837
PROJ_036,"Bollaram Industrial Area, Hyderabad - TSPCB",Hyderabad,2025-08-31,Monsoon,11,25,54,24.6125,85.6666666666667,3.96708333333333,53,Satisfactory,o3,2.7006881347803873,-0.347502271043933,-1.7652850033628231,0.08364895987078824,0.19317834118462313,0.38189162401231896,MODELING_HISTORY,Cluster 2,2.1168590419721984
PROJ_036,"Bollaram Industrial Area, Hyderabad - TSPCB",Hyderabad,2025-09-01,Monsoon,13,43,54,24.1791666666667,86.2916666666667,4.3775,53,Satisfactory,o3,2.4867355072731634,-0.7205099103305594,-1.7047984276779344,-0.34244962228732556,-0.06715721347028536,0.04435953326275514,MODELING_HISTORY,Cluster 2,1.983740778877934
PROJ_036,"Bollaram Industrial Area, Hyderabad - TSPCB",Hyderabad,2025-09-02,Monsoon,13,28,52,23.8875,87.125,4.57125,51,Satisfactory,o3,2.900806807807496,-0.6699525611725159,-1.593319616347505,-0.2774942644057151,-0.0590316856259091,0.4156852092447728,MODELING_HISTORY,Cluster 2,2.093733321005075
PROJ_036,"Bollaram Industrial Area, Hyderabad - TSPCB",Hyderabad,2025-09-03,Monsoon,21,65,55,24.4375,80.1666666666667,4.30208333333333,64,Satisfactory,pm10,1.6203479168139991,-0.8659466340494486,-1.625948342078707,-0.6851873226405416,-0.2354221831150488,-0.12668354503300472,MODELING_HISTORY,Cluster 2,1.8094448761708388
PROJ_036,"Bollaram Industrial Area, Hyderabad - TSPCB",Hyderabad,2025-09-04,Monsoon,19,69,56,24.8875,77.1666666666667,4.07625,68,Satisfactory,pm10,1.4155141118066583,-0.6616381440268305,-1.7038174277026417,-0.5864173950134763,-0.26378672076010123,-0.28118616182188866,MODELING_HISTORY,Cluster 2,1.8214329918326255
PROJ_036,"Bollaram Industrial Area, Hyderabad - TSPCB",Hyderabad,2025-09-05,Monsoon,12,47,56,24.9958333333333,78.4166666666667,3.47208333333333,55,Satisfactory,o3,1.8361049624337005,-0.25743317482313544,-1.849480415288192,0.1463034608676967,0.02949089748333316,-0.04814497014159167,MODELING_HISTORY,Cluster 2,1.936483850251801
PROJ_036,"Bollaram Industrial Area, Hyderabad - TSPCB",Hyderabad,2025-09-06,Monsoon,14,46,57,25.0458333333333,80.125,3.02291666666667,56,Satisfactory,o3,1.6467411671229184,-0.28973689720163115,-1.919806089060058,0.3859436105822621,0.3078524496712121,0.00180536192199932,MODELING_HISTORY,Cluster 2,2.0579803254769713
PROJ_036,"Bollaram Industrial Area, Hyderabad - TSPCB",Hyderabad,2025-09-09,Monsoon,20,70,60,25.5083333333333,77.3333333333333,1.48541666666667,69,Satisfactory,pm10,0.2725034097542103,-0.34655919057289336,-2.075795457864385,0.9726240361574744,0.7840545268164147,-0.42167974914586015,MODELING_HISTORY,Cluster 3,2.6282716541161593
PROJ_036,"Bollaram Industrial Area, Hyderabad - TSPCB",Hyderabad,2025-09-10,Monsoon,18,55,57,25.3125,83.9583333333333,2.36708333333333,56,Satisfactory,o3,1.1750373961079663,-0.45911430993690056,-1.9055688575900271,0.5989595567733738,0.7515676958681143,-0.1874860877117945,MODELING_HISTORY,Cluster 2,2.179807926846426
PROJ_036,"Bollaram Industrial Area, Hyderabad - TSPCB",Hyderabad,2025-09-11,Monsoon,15,34,52,23.425,92.0833333333333,3.4175,51,Satisfactory,o3,2.3962919181466034,-0.921294082723778,-1.6469779484283205,0.4256930502077668,0.48407977187881435,0.22244984771379012,MODELING_HISTORY,Cluster 2,2.068629165549945
PROJ_036,"Bollaram Industrial Area, Hyderabad - TSPCB",Hyderabad,2025-09-12,Monsoon,20,34,52,23.3,91.0833333333333,3.24166666666667,51,Satisfactory,o3,2.153035022395131,-1.0060546154955343,-1.595836784749121,0.4554338870559635,0.5763631336727844,0.4162253482155371,MODELING_HISTORY,Cluster 2,1.989916376645655
PROJ_036,"Bollaram Industrial Area, Hyderabad - TSPCB",Hyderabad,2025-09-13,Monsoon,22,40,52,23.6791666666667,91.1666666666667,2.155,51,Satisfactory,o3,1.5284596535665211,-0.934247542622442,-1.6180171166585438,1.0243943856392543,1.027318576267133,0.2575061033749541,MODELING_HISTORY,Cluster 2,2.1968471550136783
PROJ_036,"Bollaram Industrial Area, Hyderabad - TSPCB",Hyderabad,2025-09-14,Monsoon,22,41,57,24.6291666666667,85.875,1.81,56,Satisfactory,o3,1.1682796632759391,-0.5576925993738039,-1.9219366564383904,1.0923518354054098,1.0801704663864475,0.28065747306905153,MODELING_HISTORY,Cluster 2,2.441594161631031
PROJ_036,"Bollaram Industrial Area, Hyderabad - TSPCB",Hyderabad,2025-09-15,Monsoon,11,23,55,24.6375,87.0833333333333,2.57083333333333,54,Satisfactory,o3,2.2019046069173123,-0.24663834163979617,-1.9106588874805672,1.0050382443931865,0.769627718861501,0.3373503815102038,MODELING_HISTORY,Cluster 2,2.3879642716155587
PROJ_036,"Bollaram Industrial Area, Hyderabad - TSPCB",Hyderabad,2025-09-16,Monsoon,14,37,56,24.3875,89.375,1.74916666666667,55,Satisfactory,o3,1.5654802200541809,-0.5044252633248772,-1.9761577174290987,1.3672598513963128,1.0890770667833525,0.03778663095939889,MODELING_HISTORY,Cluster 2,2.598574102611256
PROJ_036,"Bollaram Industrial Area, Hyderabad - TSPCB",Hyderabad,2025-09-17,Monsoon,18,33,56,24.8833333333333,86.0833333333333,1.30541666666667,55,Satisfactory,o3,1.2456011621331946,-0.301037291540244,-1.9400834956448636,1.5604566061858638,1.2860545820186655,0.2819210441362496,MODELING_HISTORY,Cluster 2,2.716083274853033
PROJ_036,"Bollaram Industrial Area, Hyderabad - TSPCB",Hyderabad,2025-09-18,Monsoon,17,29,54,25.3375,84.2916666666667,1.70416666666667,53,Satisfactory,o3,1.4720397719214922,-0.11767963734557266,-1.7963570527069432,1.32283148365814,1.1439935319456305,0.35631000478221786,MODELING_HISTORY,Cluster 2,2.432683625438408
PROJ_036,"Bollaram Industrial Area, Hyderabad - TSPCB",Hyderabad,2025-09-19,Monsoon,20,53,57,25.3041666666667,83.625,1.83625,56,Satisfactory,o3,0.9307996883739372,-0.426528147087706,-1.912026181124854,0.9276206695128926,0.9755460131885192,-0.08931127764899978,MODELING_HISTORY,Cluster 2,2.3934109978216505
PROJ_036,"Bollaram Industrial Area, Hyderabad - TSPCB",Hyderabad,2025-09-20,Monsoon,23,52,57,25.1375,84.25,2.21666666666667,56,Satisfactory,o3,1.0338593841497732,-0.5640618621785308,-1.8618960292418276,0.64082537444025,0.89619175718334,0.0646100491562033,MODELING_HISTORY,Cluster 2,2.204188045387352
PROJ_036,"Bollaram Industrial Area, Hyderabad - TSPCB",Hyderabad,2025-09-21,Monsoon,20,41,57,24.9541666666667,85.5,2.79791666666667,56,Satisfactory,o3,1.6086259068651014,-0.5173602350462257,-1.8867761313528713,0.44189314534660007,0.7219535778008348,0.25151305243317046,MODELING_HISTORY,Cluster 2,2.059303894089198
PROJ_036,"Bollaram Industrial Area, Hyderabad - TSPCB",Hyderabad,2025-09-22,Monsoon,13,23,55,24.4333333333333,88.7083333333333,2.96416666666667,54,Satisfactory,o3,2.3471848838857388,-0.41269180444140097,-1.8742148395912976,0.7225664821985023,0.6962466790015711,0.4173294513118576,MODELING_HISTORY,Cluster 2,2.2640193921565777
PROJ_036,"Bollaram Industrial Area, Hyderabad - TSPCB",Hyderabad,2025-09-24,Monsoon,27,55,54,24.5125,81.9583333333333,4.16666666666667,54,Satisfactory,pm10,1.628553517323453,-0.9074642339668114,-1.516701406143218,-0.6392850019506209,0.05870200716633655,0.2919730518140144,MODELING_HISTORY,Cluster 2,1.7138027041235815
PROJ_036,"Bollaram Industrial Area, Hyderabad - TSPCB",Hyderabad,2025-09-25,Monsoon,22,47,49,22.9375,87.5,4.86958333333333,49,Good,o3,2.444516385515485,-1.2881311757752787,-1.2708441477783636,-0.6908544340511555,-0.25127191706603624,0.31114242633449496,MODELING_HISTORY,Cluster 2,1.882813413676872
PROJ_036,"Bollaram Industrial Area, Hyderabad - TSPCB",Hyderabad,2025-09-26,Monsoon,19,28,53,23.25,91.2916666666667,3.50208333333333,52,Satisfactory,o3,2.402982219918405,-0.965225774160979,-1.6661603344580844,0.3565015362636784,0.5020329610757868,0.549927623085528,MODELING_HISTORY,Cluster 2,2.078922111113746
PROJ_036,"Bollaram Industrial Area, Hyderabad - TSPCB",Hyderabad,2025-09-27,Monsoon,11,21,49,22.8541666666667,94.25,3.98375,49,Good,o3,3.092770802574378,-0.9411901496844516,-1.5049247391678386,0.35242671302769646,0.28709372105907843,0.4070717744770804,MODELING_HISTORY,Cluster 2,2.2998143129890556
PROJ_036,"Bollaram Industrial Area, Hyderabad - TSPCB",Hyderabad,2025-09-28,Monsoon,9,19,51,23.4541666666667,83.9583333333333,4.11125,50,Good,o3,2.9515658441819532,-0.4616275642256275,-1.6084774292037052,0.2747966315907697,-0.0985681238300643,0.53425704846113,MODELING_HISTORY,Cluster 2,2.17578982118287
PROJ_036,"Bollaram Industrial Area, Hyderabad - TSPCB",Hyderabad,2025-09-29,Monsoon,18,50,55,24.5666666666667,77.2083333333333,3.31208333333333,54,Satisfactory,o3,1.5230748719323577,-0.454414101832774,-1.721869346414995,0.16684026932935808,0.06171546386438337,0.12089273701599154,MODELING_HISTORY,Cluster 2,1.8191358564727285
PROJ_036,"Bollaram Industrial Area, Hyderabad - TSPCB",Hyderabad,2025-09-30,Monsoon,11,40,56,24.7166666666667,80.9583333333333,3.40291666666667,55,Satisfactory,o3,2.0456219574085157,-0.2959635425729845,-1.8862389356880775,0.3040927123911986,0.13791275251344834,0.06073148378721475,MODELING_HISTORY,Cluster 2,2.0418796129192236
PROJ_036,"Bollaram Industrial Area, Hyderabad - TSPCB",Hyderabad,2025-10-01,Post-monsoon,14,42,55,24.9625,77.375,3.45625,54,Satisfactory,o3,1.8490497502689327,-0.22111160106400451,-1.766600790673036,0.1786375749459725,0.05312725495662762,0.15842799641685107,MODELING_HISTORY,Cluster 2,1.8656073815113363
PROJ_036,"Bollaram Industrial Area, Hyderabad - TSPCB",Hyderabad,2025-10-02,Post-monsoon,12,28,54,24.5833333333333,80.25,3.27833333333333,53,Satisfactory,o3,2.1996067927468848,-0.1893785728026406,-1.7689001144917145,0.515743260361356,0.22303869167200668,0.39170474884106266,MODELING_HISTORY,Cluster 2,2.0429913630796537
PROJ_036,"Bollaram Industrial Area, Hyderabad - TSPCB",Hyderabad,2025-10-03,Post-monsoon,12,40,56,25.1208333333333,79.25,3.30708333333333,55,Satisfactory,o3,1.9218875667053592,-0.16855987912006104,-1.8683256460595905,0.30012393921227387,0.182276633062019,0.09650204585963176,MODELING_HISTORY,Cluster 2,2.005897529856071
PROJ_036,"Bollaram Industrial Area, Hyderabad - TSPCB",Hyderabad,2025-10-04,Post-monsoon,16,40,55,25.1041666666667,82.7916666666667,2.81208333333333,54,Satisfactory,o3,1.6984374830535882,-0.31272724206003666,-1.7963408343763991,0.5382921538193651,0.5675213822679299,0.15217085662725433,MODELING_HISTORY,Cluster 2,1.998422812686364
PROJ_036,"Bollaram Industrial Area, Hyderabad - TSPCB",Hyderabad,2025-10-05,Post-monsoon,16,37,54,24.4041666666667,84.0416666666667,2.04,53,Satisfactory,o3,1.5048878826200784,-0.4076388580057101,-1.7919046410864163,1.1719568430991705,0.8094304453045466,0.19473645888291272,MODELING_HISTORY,Cluster 2,2.3293702578567332
PROJ_036,"Bollaram Industrial Area, Hyderabad - TSPCB",Hyderabad,2025-10-06,Post-monsoon,12,38,54,23.6291666666667,85.9166666666667,2.10583333333333,53,Satisfactory,o3,1.7029952902408705,-0.5695136002135776,-1.8511682610203948,1.2985809305524016,0.669476151833702,0.04124674385240916,MODELING_HISTORY,Cluster 2,2.465412031385003
PROJ_036,"Bollaram Industrial Area, Hyderabad - TSPCB",Hyderabad,2025-10-07,Post-monsoon,14,34,57,23.8958333333333,86.25,1.5325,56,Satisfactory,o3,1.4643166478642449,-0.4755419964214649,-2.05137424742055,1.6060553587315771,0.9893537419572792,0.1827953832051244,MODELING_HISTORY,Cluster 2,2.8124380496677857
PROJ_036,"Bollaram Industrial Area, Hyderabad - TSPCB",Hyderabad,2025-10-08,Post-monsoon,26,85,58,24.7833333333333,79.625,1.53625,85,Satisfactory,pm10,-0.08277104948912162,-0.8497294025892081,-1.8738828672398524,0.7766431497201216,0.7625670603392256,-0.5845027345143194,MODELING_HISTORY,Cluster 3,2.1776527215816
PROJ_036,"Bollaram Industrial Area, Hyderabad - TSPCB",Hyderabad,2025-10-09,Post-monsoon,37,92,58,24.8416666666667,79.0833333333333,1.69375,92,Satisfactory,pm10,-0.5018367340567356,-1.1275083618965531,-1.7242236893646663,0.36724703797585617,0.8421923648209582,-0.345509591568263,MODELING_HISTORY,Cluster 3,1.8594162917808257
PROJ_036,"Bollaram Industrial Area, Hyderabad - TSPCB",Hyderabad,2025-10-10,Post-monsoon,43,132,58,24.4208333333333,70.0416666666667,2.04875,121,Moderately Polluted,pm10,-1.526491504688506,-1.5172574370623622,-1.558993256396459,-0.27249764651884517,0.15999850015616313,-0.936305224844968,MODELING_HISTORY,Cluster 3,1.9160133886200779
PROJ_036,"Bollaram Industrial Area, Hyderabad - TSPCB",Hyderabad,2025-10-11,Post-monsoon,43,132,57,23.7458333333333,69.5416666666667,2.5525,121,Moderately Polluted,pm10,-1.307199825153504,-1.693749970198433,-1.476057341372001,-0.5047717746014116,-0.1422645642752804,-0.8710523692473995,MODELING_HISTORY,Cluster 3,1.9448490176177358
PROJ_036,"Bollaram Industrial Area, Hyderabad - TSPCB",Hyderabad,2025-10-12,Post-monsoon,53,112,58,24.125,71.1666666666667,2.44291666666667,107,Moderately Polluted,pm10,-1.245529340019692,-1.6465305245942825,-1.4532446933695284,-0.5273627800654236,0.311101787276432,-0.05752206584347526,MODELING_HISTORY,Cluster 3,1.9103729997854781
PROJ_036,"Bollaram Industrial Area, Hyderabad - TSPCB",Hyderabad,2025-10-13,Post-monsoon,60,107,55,23.425,80.9166666666667,2.2375,104,Moderately Polluted,pm10,-1.153855292177065,-2.153992140728328,-1.2399141151272612,-0.4154155159261131,0.8167186038853615,0.17249262939189314,MODELING_HISTORY,Cluster 3,1.934244104441264
PROJ_036,"Bollaram Industrial Area, Hyderabad - TSPCB",Hyderabad,2025-10-14,Post-monsoon,30,108,56,24.2458333333333,85.6666666666667,2.54958333333333,105,Moderately Polluted,pm10,-0.05527824981531844,-1.5424793341714769,-1.6436893792440708,-0.12635137407160818,0.4870026632494654,-1.0334667067552146,MODELING_HISTORY,Cluster 3,2.080355083687732
PROJ_036,"Bollaram Industrial Area, Hyderabad - TSPCB",Hyderabad,2025-10-17,Post-monsoon,55,123,58,25.3,71.2916666666667,2.6825,115,Moderately Polluted,pm10,-1.4537704426431095,-1.5616332694954431,-1.3870956115544877,-0.9847806966876328,0.3728055784566327,-0.31010078633687704,MODELING_HISTORY,Cluster 3,2.1308016434590997
PROJ_036,"Bollaram Industrial Area, Hyderabad - TSPCB",Hyderabad,2025-10-19,Post-monsoon,60,123,57,25.0916666666667,71.375,2.605,115,Moderately Polluted,pm10,-1.619571814937258,-1.7032250005534195,-1.2719615065149554,-1.0039448902984065,0.45952803857925145,-0.130444259620542,MODELING_HISTORY,Cluster 3,2.1547533850041494
PROJ_036,"Bollaram Industrial Area, Hyderabad - TSPCB",Hyderabad,2025-10-20,Post-monsoon,19,84,55,24.6708333333333,79.875,1.99333333333333,84,Satisfactory,pm10,0.3665337322758844,-0.7647558080828589,-1.745065642168295,0.6764507065434455,0.47356726659568305,-0.8071207129443461,MODELING_HISTORY,Cluster 3,2.2830179433875273
PROJ_036,"Bollaram Industrial Area, Hyderabad - TSPCB",Hyderabad,2025-10-21,Post-monsoon,21,95,56,24.7833333333333,79.625,2.76916666666667,95,Satisfactory,pm10,0.3891619849627777,-0.9517822552596488,-1.726946949624949,-0.0036407535512231,0.16979278867981362,-0.959338239594115,MODELING_HISTORY,Cluster 2,2.27700840154284
PROJ_036,"Bollaram Industrial Area, Hyderabad - TSPCB",Hyderabad,2025-10-22,Post-monsoon,15,86,57,24.6666666666667,82.375,3.48958333333333,86,Satisfactory,pm10,1.0994591815137562,-0.906921431128027,-1.844773980743459,-0.2734677637133376,-0.04905645506086176,-0.9429280796481498,MODELING_HISTORY,Cluster 2,2.0526282209389146
PROJ_036,"Bollaram Industrial Area, Hyderabad - TSPCB",Hyderabad,2025-10-23,Post-monsoon,8,66,55,23.8791666666667,88.0416666666667,4.19166666666667,65,Satisfactory,pm10,2.162622860210178,-0.9576788735421582,-1.8178937841539744,-0.3033523097956792,-0.19874978521688505,-0.7217079711371075,MODELING_HISTORY,Cluster 2,2.0393490691024425
PROJ_036,"Bollaram Industrial Area, Hyderabad - TSPCB",Hyderabad,2025-10-24,Post-monsoon,6,42,54,23.3375,88.9166666666667,2.81958333333333,53,Satisfactory,o3,2.178914890055303,-0.7014278354794958,-1.89255049533501,0.9443584899368204,0.3589786272858816,-0.2667889914092994,MODELING_HISTORY,Cluster 2,2.3735599006701302
PROJ_036,"Bollaram Industrial Area, Hyderabad - TSPCB",Hyderabad,2025-10-25,Post-monsoon,19,66,52,23.15,89.875,2.33833333333333,65,Satisfactory,pm10,1.1739698638505858,-1.2345333959729068,-1.6133711211823922,0.8017078298701412,0.6245450268375439,-0.4370938680910398,MODELING_HISTORY,Cluster 2,2.230669042913851
PROJ_036,"Bollaram Industrial Area, Hyderabad - TSPCB",Hyderabad,2025-10-27,Post-monsoon,18,104,59,24.6708333333333,78.0416666666667,1.94458333333333,102,Moderately Polluted,pm10,-0.08800068137087033,-0.8970559357508249,-1.9818116427459511,0.5140871161580696,0.28416407072036715,-1.2849081560527442,MODELING_HISTORY,Cluster 3,2.2384979884826777
PROJ_036,"Bollaram Industrial Area, Hyderabad - TSPCB",Hyderabad,2025-10-28,Post-monsoon,16,26,53,23.2333333333333,89.7083333333333,3.8625,52,Satisfactory,o3,2.6386763619062767,-0.872357862639461,-1.6796554893958158,0.21008019035058645,0.2666346104751224,0.5366084198064136,MODELING_HISTORY,Cluster 2,2.122177930935891
PROJ_036,"Bollaram Industrial Area, Hyderabad - TSPCB",Hyderabad,2025-10-29,Post-monsoon,16,22,48,22.1333333333333,93.8333333333333,4.86375,48,Good,o3,3.29723254626003,-1.2729939320865713,-1.3424854371024977,-0.23875430497447003,-0.07371171486557704,0.6508056963912049,MODELING_HISTORY,Cluster 2,2.3709927483816733
PROJ_036,"Bollaram Industrial Area, Hyderabad - TSPCB",Hyderabad,2025-10-30,Post-monsoon,30,37,54,24.6125,74.625,4.57791666666667,53,Satisfactory,o3,1.86557128535216,-0.5836174299438216,-1.4562500429385328,-0.7906428203751056,-0.2054551109353781,0.9794650367992296,MODELING_HISTORY,Cluster 2,1.6242779308528907
PROJ_036,"Bollaram Industrial Area, Hyderabad - TSPCB",Hyderabad,2025-10-31,Post-monsoon,31,48,56,23.8541666666667,71.75,3.05458333333333,55,Satisfactory,o3,0.9418496815842572,-0.6757424764800266,-1.6399641495970936,0.1840791641005321,0.07156544176025117,0.7582928888855838,MODELING_HISTORY,Cluster 2,1.9092858617218345
PROJ_036,"Bollaram Industrial Area, Hyderabad - TSPCB",Hyderabad,2025-11-01,Post-monsoon,42,67,57,24.7,80.625,1.80916666666667,69,Satisfactory,pm2_5,-0.07192922698060467,-1.057860662243158,-1.6345399747439329,0.4372646346601639,1.0757745022158245,0.4386149960719693,MODELING_HISTORY,Cluster 3,1.927688819508465
PROJ_036,"Bollaram Industrial Area, Hyderabad - TSPCB",Hyderabad,2025-11-02,Post-monsoon,25,34,58,24.3583333333333,82.9166666666667,2.70666666666667,57,Satisfactory,o3,1.501177231323082,-0.5979567600776092,-1.9046542911554445,0.5393777165576802,0.6935626137704085,0.6810435151001236,MODELING_HISTORY,Cluster 2,2.1260688092129434
PROJ_036,"Bollaram Industrial Area, Hyderabad - TSPCB",Hyderabad,2025-11-05,Post-monsoon,43,66,61,24.325,76.2916666666667,1.96208333333333,71,Satisfactory,pm2_5,-0.1507720571069185,-1.0439652901351852,-1.8603986285149656,0.35307043247057923,0.819056577991722,0.62487148795881,MODELING_HISTORY,Cluster 3,2.0969404903233593
PROJ_036,"Bollaram Industrial Area, Hyderabad - TSPCB",Hyderabad,2025-11-07,Post-monsoon,40,91,59,23.5416666666667,61.75,2.47958333333333,91,Satisfactory,pm10,-0.6586558125513235,-1.030741580503464,-1.671226293067268,0.02727680012336991,-0.2608006136087064,0.1805498193133882,MODELING_HISTORY,Cluster 3,1.8029501242244879
PROJ_036,"Bollaram Industrial Area, Hyderabad - TSPCB",Hyderabad,2025-11-08,Post-monsoon,39,91,59,22.2958333333333,57.75,1.97666666666667,91,Satisfactory,pm10,-0.894472137809261,-1.1289976730755038,-1.7137060502300074,0.5608934500303762,-0.43923924430627265,0.24631010705500372,MODELING_HISTORY,Cluster 3,1.80154821268196
PROJ_036,"Bollaram Industrial Area, Hyderabad - TSPCB",Hyderabad,2025-11-11,Post-monsoon,59,73,60,21.6625,56.7916666666667,1.91833333333333,98,Satisfactory,pm2_5,-1.187019333896952,-1.458194223526636,-1.572949041271424,0.4157643471339446,-0.09482473765768246,1.4705995181271887,MODELING_HISTORY,Cluster 3,1.7252971991307753
PROJ_036,"Bollaram Industrial Area, Hyderabad - TSPCB",Hyderabad,2025-11-12,Post-monsoon,57,72,60,21.8458333333333,55.0416666666667,2.45791666666667,95,Satisfactory,pm2_5,-0.938620263815798,-1.361464162208024,-1.5604631595093654,0.0948867757780579,-0.3604805520625072,1.4704748832856531,MODELING_HISTORY,Cluster 3,1.6973047694031744
PROJ_036,"Bollaram Industrial Area, Hyderabad - TSPCB",Hyderabad,2025-11-13,Post-monsoon,50,62,58,21.3083333333333,50.6666666666667,2.62291666666667,83,Satisfactory,pm2_5,-0.5444868945709006,-1.1216400237246689,-1.5126117574485525,0.336366502876143,-0.7355987626392411,1.5573756041462812,MODELING_HISTORY,Cluster 3,1.6445218046355317
PROJ_036,"Bollaram Industrial Area, Hyderabad - TSPCB",Hyderabad,2025-11-14,Post-monsoon,52,64,57,20.375,55.7083333333333,2.48125,86,Satisfactory,pm2_5,-0.538549796814201,-1.523014197066079,-1.460297071739746,0.4794960655196755,-0.6012032676509714,1.5367577084371358,MODELING_HISTORY,Cluster 3,1.6813766331478261
PROJ_036,"Bollaram Industrial Area, Hyderabad - TSPCB",Hyderabad,2025-11-15,Post-monsoon,63,94,56,20.6375,55,1.87458333333333,107,Moderately Polluted,pm2_5,-1.7130613335208025,-1.919412005825336,-1.2555162459262414,0.3452140235668136,-0.35949866635324457,1.1470603325456803,MODELING_HISTORY,Cluster 3,1.786509573327902
PROJ_036,"Bollaram Industrial Area, Hyderabad - TSPCB",Hyderabad,2025-11-16,Post-monsoon,65,84,55,20.4041666666667,53.0416666666667,2.71333333333333,114,Moderately Polluted,pm2_5,-1.2752098896381652,-1.921844452197954,-1.1328116034145213,-0.1102365559755212,-0.680602863390258,1.5504332738242028,MODELING_HISTORY,Cluster 3,1.6295929019829636
PROJ_036,"Bollaram Industrial Area, Hyderabad - TSPCB",Hyderabad,2025-11-17,Post-monsoon,67,89,54,20.1833333333333,53.7083333333333,3.05208333333333,121,Moderately Polluted,pm2_5,-1.2639858732176146,-2.1087128048137775,-1.026461865309776,-0.3871187608325088,-0.8049254346635937,1.5120965679645826,MODELING_HISTORY,Cluster 3,1.7701192101103183
PROJ_036,"Bollaram Industrial Area, Hyderabad - TSPCB",Hyderabad,2025-11-19,Post-monsoon,70,99,56,20.5166666666667,59.0833333333333,1.75666666666667,131,Moderately Polluted,pm2_5,-1.9628712928454664,-2.2471775589719964,-1.188290281542418,0.2257744315378072,-0.08169356466492655,1.2126975289109363,MODELING_HISTORY,Cluster 3,2.0480400637695326
PROJ_036,"Bollaram Industrial Area, Hyderabad - TSPCB",Hyderabad,2025-11-20,Post-monsoon,59,86,56,20.6083333333333,58.4583333333333,2.215,98,Satisfactory,pm2_5,-1.2127317150793886,-1.892773689225295,-1.3065715717855622,0.2693878699891562,-0.3718693415188794,1.1669922894644214,MODELING_HISTORY,Cluster 3,1.671148579603719
PROJ_036,"Bollaram Industrial Area, Hyderabad - TSPCB",Hyderabad,2025-11-21,Post-monsoon,48,60,56,22.5458333333333,64.125,2.10208333333333,79,Satisfactory,pm2_5,-0.3397848810379549,-1.130110350766215,-1.46780960676369,0.5418773938436707,0.14400717147435657,1.2136165280947089,MODELING_HISTORY,Cluster 3,1.6757917363293433
PROJ_036,"Bollaram Industrial Area, Hyderabad - TSPCB",Hyderabad,2025-11-22,Post-monsoon,46,58,57,23.975,68.3333333333333,1.87583333333333,76,Satisfactory,pm2_5,-0.2776896088250347,-0.8563266516426762,-1.5640475354476413,0.5377388462926851,0.5815636050357739,1.0421286782265955,MODELING_HISTORY,Cluster 3,1.7859282183819862
PROJ_036,"Bollaram Industrial Area, Hyderabad - TSPCB",Hyderabad,2025-11-23,Post-monsoon,45,56,58,24.1833333333333,66,1.72791666666667,74,Satisfactory,pm2_5,-0.341341795738925,-0.6906376842423703,-1.639135397351928,0.6481262015121315,0.5687162500640446,1.0796718746309684,MODELING_HISTORY,Cluster 3,1.8643833793194682
PROJ_036,"Bollaram Industrial Area, Hyderabad - TSPCB",Hyderabad,2025-11-24,Post-monsoon,43,54,57,23.7625,58.1666666666667,2.30875,71,Satisfactory,pm2_5,-0.18298595429448633,-0.5432726836314787,-1.550137633563511,0.4237029941258254,-0.03634992438759207,1.2274090572253262,MODELING_HISTORY,Cluster 3,1.854105603900554
PROJ_036,"Bollaram Industrial Area, Hyderabad - TSPCB",Hyderabad,2025-11-25,Post-monsoon,53,116,56,22.7916666666667,63.7916666666667,2.44125,110,Moderately Polluted,pm10,-1.4519553139954129,-1.76641869132555,-1.3148618423961025,-0.33815219299974264,-0.20223616533200883,0.01643349315087454,MODELING_HISTORY,Cluster 3,1.8091625789637875
PROJ_036,"Bollaram Industrial Area, Hyderabad - TSPCB",Hyderabad,2025-11-29,Post-monsoon,66,132,53,20.3416666666667,58.125,2.56291666666667,121,Moderately Polluted,pm10,-2.1487134707867033,-2.577719052084134,-0.9588815050322416,-0.47051695264922666,-0.7044131633127848,0.29710428194466143,MODELING_HISTORY,Cluster 3,2.3891832867260003
PROJ_036,"Bollaram Industrial Area, Hyderabad - TSPCB",Hyderabad,2025-11-30,Post-monsoon,59,110,54,21.4333333333333,59.625,2.53208333333333,106,Moderately Polluted,pm10,-1.527799190846845,-2.0118638336782175,-1.1246038527304485,-0.255955406317526,-0.4620984640237724,0.5121217581709059,MODELING_HISTORY,Cluster 3,1.7874667689078751
PROJ_036,"Bollaram Industrial Area, Hyderabad - TSPCB",Hyderabad,2025-12-04,Winter,74,125,60,23.2708333333333,63.7083333333333,2.33166666666667,145,Moderately Polluted,pm2_5,-2.3530958236843516,-2.169347569003088,-1.3088109286838752,-0.8992494171886369,0.21809065686583864,0.55189456517168,MODELING_HISTORY,Cluster 3,2.6172939561395854
PROJ_036,"Bollaram Industrial Area, Hyderabad - TSPCB",Hyderabad,2025-12-05,Winter,67,134,54,22.1583333333333,56.5,2.86666666666667,122,Moderately Polluted,pm10,-2.1979753261276973,-2.194181603716983,-0.9613586459721678,-0.9520565969797912,-0.6031565914764385,0.23495405360418944,MODELING_HISTORY,Cluster 3,2.4088057037186847
PROJ_036,"Bollaram Industrial Area, Hyderabad - TSPCB",Hyderabad,2025-12-08,Winter,69,119,54,20.0333333333333,48.6666666666667,2.54333333333333,128,Moderately Polluted,pm2_5,-2.231488438236677,-2.2991044978430044,-0.9771597854551616,-0.33087832884168183,-0.986752412690354,0.8990648676671222,MODELING_HISTORY,Cluster 3,2.218806417032507
PROJ_036,"Bollaram Industrial Area, Hyderabad - TSPCB",Hyderabad,2025-12-13,Winter,58,126,55,20.1,45.25,2.10625,117,Moderately Polluted,pm10,-2.306922119387239,-1.999247453188076,-1.1725112697865403,0.12409481092483277,-1.1862522910234594,0.3595560948864917,MODELING_HISTORY,Cluster 3,2.1061366746781323
PROJ_036,"Bollaram Industrial Area, Hyderabad - TSPCB",Hyderabad,2025-12-14,Winter,63,122,55,20.5083333333333,50.9166666666667,2.23333333333333,114,Moderately Polluted,pm10,-2.1996056820712457,-2.1438507831657976,-1.125215732462367,-0.10706940951522914,-0.8370176984142119,0.5362255729139862,MODELING_HISTORY,Cluster 3,2.1276151852846397
PROJ_036,"Bollaram Industrial Area, Hyderabad - TSPCB",Hyderabad,2025-12-15,Winter,71,145,54,20.175,57.2083333333333,2.07875,134,Moderately Polluted,pm2_5,-2.772628194176796,-2.7822840480623783,-0.9720728687102624,-0.3620716210376469,-0.5806275180940758,0.1593202381804712,MODELING_HISTORY,Cluster 3,2.850182026601521
PROJ_036,"Bollaram Industrial Area, Hyderabad - TSPCB",Hyderabad,2025-12-16,Winter,68,141,54,20.4833333333333,56.375,2.06625,127,Moderately Polluted,pm10,-2.6398605026807074,-2.5871605188005895,-1.0061817542008895,-0.28958449735311653,-0.5915974184601478,0.14552125506628458,MODELING_HISTORY,Cluster 3,2.639897906262773
PROJ_036,"Bollaram Industrial Area, Hyderabad - TSPCB",Hyderabad,2025-12-19,Winter,52,96,53,19.8458333333333,43.9583333333333,2.79458333333333,96,Satisfactory,pm10,-1.276264438159116,-1.6462171989640693,-1.116689999213621,0.13371779288468244,-1.449964448172665,0.9443726801018336,MODELING_HISTORY,Cluster 3,1.4145821087431236
PROJ_036,"Bollaram Industrial Area, Hyderabad - TSPCB",Hyderabad,2025-12-20,Winter,50,101,52,19.4541666666667,48.4583333333333,2.6575,100,Satisfactory,pm10,-1.235465958906221,-1.8617473072869484,-1.0982173708906455,0.2628156664751523,-1.345691408060337,0.6838453081017495,MODELING_HISTORY,Cluster 3,1.4899621003827292
PROJ_036,"Bollaram Industrial Area, Hyderabad - TSPCB",Hyderabad,2025-12-21,Winter,68,150,53,19.5125,57.3333333333333,1.79458333333333,133,Moderately Polluted,pm10,-2.8624412082300252,-2.898348873298776,-0.9623466139749178,-0.06058963898337244,-0.6536380248340481,-0.06249826304888226,MODELING_HISTORY,Cluster 3,2.917912077601608
PROJ_036,"Bollaram Industrial Area, Hyderabad - TSPCB",Hyderabad,2026-01-05,Winter,74,128,59,20.7583333333333,58.2083333333333,2.18833333333333,145,Moderately Polluted,pm2_5,-2.5233735676905473,-2.5852191430629747,-1.2652531681806565,-0.4700741035177524,-0.3382682785592691,0.6843483707452539,MODELING_HISTORY,Cluster 3,2.735561201425229
PROJ_036,"Bollaram Industrial Area, Hyderabad - TSPCB",Hyderabad,2026-01-06,Winter,72,125,56,20.0666666666667,56.125,2.58416666666667,138,Moderately Polluted,pm2_5,-2.252164693029832,-2.6364787599545507,-1.0834583774496955,-0.5324768772763746,-0.6844567177115841,0.7569392381660685,MODELING_HISTORY,Cluster 3,2.556324858222001
PROJ_036,"Bollaram Industrial Area, Hyderabad - TSPCB",Hyderabad,2026-01-07,Winter,54,120,56,19.7125,49.2083333333333,2.50833333333333,113,Moderately Polluted,pm10,-1.805250872193163,-2.093856072761449,-1.2877892145950358,0.02432834870495504,-1.2656590359383024,0.35201426886666254,MODELING_HISTORY,Cluster 3,1.9753121079261768
PROJ_036,"Bollaram Industrial Area, Hyderabad - TSPCB",Hyderabad,2026-01-23,Winter,62,122,48,21.5875,51.3333333333333,2.69708333333333,114,Moderately Polluted,pm10,-1.946997716614404,-1.924711648889603,-0.6542906814731607,-0.4677585995404048,-0.8490297907795746,0.4109011187036175,MODELING_HISTORY,Cluster 3,1.7547199279558359
PROJ_036,"Bollaram Industrial Area, Hyderabad - TSPCB",Hyderabad,2026-01-25,Winter,68,123,43,22.8458333333333,56.9583333333333,2.30083333333333,124,Moderately Polluted,pm2_5,-2.1637220129546164,-1.898970876956967,-0.2876872341564935,-0.4843103639441861,-0.20141351134093863,0.3895592288731235,MODELING_HISTORY,Cluster 3,1.770487122168353
PROJ_036,"Bollaram Industrial Area, Hyderabad - TSPCB",Hyderabad,2026-01-27,Winter,61,119,44,23.7166666666667,52.4583333333333,2.67333333333333,112,Moderately Polluted,pm10,-1.8713862946501132,-1.425431603577747,-0.3917758575058253,-0.648454857565954,-0.48193939961491267,0.28639461438208,MODELING_HISTORY,Cluster 3,1.50741566835877
PROJ_036,"Bollaram Industrial Area, Hyderabad - TSPCB",Hyderabad,2026-01-28,Winter,65,131,44,23.6291666666667,53.9583333333333,1.81708333333333,120,Moderately Polluted,pm10,-2.5298440460718803,-1.619481595721798,-0.38152006711279735,-0.2746434694879947,-0.12842371948480769,0.06720307233084283,MODELING_HISTORY,Cluster 3,1.863878428528613
PROJ_036,"Bollaram Industrial Area, Hyderabad - TSPCB",Hyderabad,2026-01-29,Winter,68,137,44,23.5833333333333,55.7916666666667,2.52208333333333,124,Moderately Polluted,"pm10,pm2_5",-2.404361030506602,-1.8639935313259577,-0.3074443567553431,-0.8614308277203309,-0.301081122936794,0.04010994696789177,MODELING_HISTORY,Cluster 3,2.1237003923181677
PROJ_036,"Bollaram Industrial Area, Hyderabad - TSPCB",Hyderabad,2026-02-06,Winter,71,145,43,22.8541666666667,52.9583333333333,2.39333333333333,134,Moderately Polluted,pm2_5,-2.742554147244068,-2.073593115675279,-0.20582987396471983,-0.7974661158650869,-0.4707258017468541,0.01982863140836528,MODELING_HISTORY,Cluster 3,2.4061705969377565
PROJ_036,"Bollaram Industrial Area, Hyderabad - TSPCB",Hyderabad,2026-02-09,Winter,45,100,44,22.5833333333333,37.2083333333333,1.9925,100,Satisfactory,pm10,-1.6438464171234497,-0.6604711796927558,-0.6056088676250023,0.5317619837339136,-1.1712578212960063,0.4401100359404562,MODELING_HISTORY,Cluster 3,1.0240202122203206
PROJ_036,"Bollaram Industrial Area, Hyderabad - TSPCB",Hyderabad,2026-02-10,Winter,51,103,44,23.175,40.25,2.38666666666667,101,Moderately Polluted,pm10,-1.6653183396785596,-0.8020884845829113,-0.5119683985530378,0.02507588616176798,-1.0194294194570923,0.5254156923413826,MODELING_HISTORY,Cluster 3,0.9921465600718957
PROJ_036,"Bollaram Industrial Area, Hyderabad - TSPCB",Hyderabad,2026-02-11,Winter,57,113,44,22.8875,51.5,2.40458333333333,108,Moderately Polluted,pm10,-1.7423998628222988,-1.417442715418208,-0.4691643209364715,-0.21715903025156855,-0.5793204185296534,0.3351922789355331,MODELING_HISTORY,Cluster 3,1.1960819513246397
PROJ_036,"Bollaram Industrial Area, Hyderabad - TSPCB",Hyderabad,2026-02-12,Winter,61,120,44,22.9833333333333,51,2.33875,113,Moderately Polluted,pm10,-2.0404420330579707,-1.5281368716576411,-0.41363870027585536,-0.33451083947269855,-0.5333701197615832,0.30544798176290844,MODELING_HISTORY,Cluster 3,1.4785035442908727
PROJ_036,"Bollaram Industrial Area, Hyderabad - TSPCB",Hyderabad,2026-02-13,Winter,59,118,44,23.7333333333333,44.2916666666667,2.125,111,Moderately Polluted,pm10,-2.2180445520480117,-1.0877210972904674,-0.41847537072511864,-0.2023367283756657,-0.6329366570441685,0.3351277619539131,MODELING_HISTORY,Cluster 3,1.466400495839175
PROJ_036,"Bollaram Industrial Area, Hyderabad - TSPCB",Hyderabad,2026-02-15,Winter,67,117,45,24.475,40.4583333333333,1.91041666666667,121,Moderately Polluted,pm2_5,-2.653134892124291,-0.9459461896964946,-0.37742546802677074,-0.31334016302655465,-0.4516273672715379,0.664859432827434,MODELING_HISTORY,Cluster 3,1.8767926791639244
PROJ_036,"Bollaram Industrial Area, Hyderabad - TSPCB",Hyderabad,2026-02-20,Winter,48,95,46,24.925,48.625,2.96,95,Satisfactory,pm10,-1.0475100266188893,-0.5654364614614269,-0.657761086075582,-0.4991945137841068,-0.6395507595534328,0.4356425069530984,MODELING_HISTORY,Cluster 3,1.2144738618133482
PROJ_036,"Bollaram Industrial Area, Hyderabad - TSPCB",Hyderabad,2026-02-21,Winter,40,88,52,25.6833333333333,48.2916666666667,2.52291666666667,88,Satisfactory,pm10,-0.9270533312337292,-0.1263489093938267,-1.1538451982299918,-0.1306112521685815,-0.4766005689438017,0.30216851321283256,MODELING_HISTORY,Cluster 3,1.5789197838706366
PROJ_036,"Bollaram Industrial Area, Hyderabad - TSPCB",Hyderabad,2026-02-25,Winter,51,105,47,24.6166666666667,57,1.6175,103,Moderately Polluted,pm10,-1.6630244648676191,-0.9283257818041226,-0.777482431840518,0.2259860806454398,0.1236448153507692,0.11422541845469215,MODELING_HISTORY,Cluster 3,1.1096453260068573
PROJ_036,"Bollaram Industrial Area, Hyderabad - TSPCB",Hyderabad,2026-02-26,Winter,45,99,53,25.2208333333333,52.25,2.04375,99,Satisfactory,pm10,-1.379446356213469,-0.5183701240235341,-1.1897023485128435,0.01138296050232673,-0.19387654176913993,0.153969646184938,MODELING_HISTORY,Cluster 3,1.452377154528133
PROJ_036,"Bollaram Industrial Area, Hyderabad - TSPCB",Hyderabad,2026-02-27,Winter,41,88,51,25.6083333333333,50.7083333333333,2.13666666666667,88,Satisfactory,pm10,-1.0424174450126,-0.19945059557414513,-1.108422809164641,0.11230190906343672,-0.2358353728842857,0.27596710053338397,MODELING_HISTORY,Cluster 3,1.4430105036787848
PROJ_036,"Bollaram Industrial Area, Hyderabad - TSPCB",Hyderabad,2026-02-28,Winter,53,104,49,25.8958333333333,50.5,2.63208333333333,102,Moderately Polluted,pm10,-1.5113955386209017,-0.5734764422688331,-0.788375102064004,-0.6370708900413251,-0.2684269627596437,0.3148499462953464,MODELING_HISTORY,Cluster 3,1.492185778091511
PROJ_036,"Bollaram Industrial Area, Hyderabad - TSPCB",Hyderabad,2026-03-01,Summer / Pre-monsoon,57,95,48,26.45,49.7916666666667,2.47166666666667,95,Satisfactory,"pm10,pm2_5",-1.5491308830034838,-0.4035765094366506,-0.6878256847661042,-0.5935089283715527,-0.03374903408119766,0.6480584179214576,MODELING_HISTORY,Cluster 3,1.4796160140447063
PROJ_036,"Bollaram Industrial Area, Hyderabad - TSPCB",Hyderabad,2026-08-17,Monsoon,11,21,26,25.925,74.25,4.81208333333333,26,Good,o3,3.0221136017621495,0.28647654134228556,0.10886441938964107,-0.2918400513018864,-0.35907204513056407,0.43578590812270634,MODELING_HISTORY,Cluster 2,1.4944521778828392
PROJ_036,"Bollaram Industrial Area, Hyderabad - TSPCB",Hyderabad,2026-08-19,Monsoon,15,30,26,24.8583333333333,79.7916666666667,4.13458333333333,30,Good,pm10,2.624271763912852,-0.22716497147186487,0.09792036134410896,0.10321745697645512,-0.03762563149547154,0.29067232410614374,MODELING_HISTORY,Cluster 2,1.0524702998334974
PROJ_036,"Bollaram Industrial Area, Hyderabad - TSPCB",Hyderabad,2026-08-20,Monsoon,18,36,26,25.4125,77.7083333333333,4.04791666666667,36,Good,pm10,2.3140078897589627,-0.157824997505717,0.15085810631099633,-0.02321575883830751,0.00979973537586476,0.2483337650396314,MODELING_HISTORY,Cluster 2,0.7341522545083476
PROJ_036,"Bollaram Industrial Area, Hyderabad - TSPCB",Hyderabad,2026-08-26,Monsoon,17,35,26,25.9208333333333,73.375,4.685,35,Good,pm10,2.4972403336490365,0.05786105529384414,0.1934779236365753,-0.4616310360119118,-0.3276387405566693,0.31272745882647784,MODELING_HISTORY,Cluster 2,0.954641535692797
PROJ_044,"Central University, Hyderabad - TSPCB",Hyderabad,2025-03-01,Summer / Pre-monsoon,29,88,16,27.1083333333333,42.8333333333333,2.85,88,Satisfactory,pm10,-0.34929649315295974,0.5957437769691317,1.057408645176179,0.07126359343061828,-0.8085280510788457,-0.32707605005974894,MODELING_HISTORY,Cluster 1,1.4763876868904016
PROJ_044,"Central University, Hyderabad - TSPCB",Hyderabad,2025-03-02,Summer / Pre-monsoon,19,65,16,27.9458333333333,37.9166666666667,2.01333333333333,64,Satisfactory,pm10,-0.08884728616466886,1.4315346423820114,0.8932871002941799,0.9611250520814412,-0.6130496169290304,-0.13378845946350104,MODELING_HISTORY,Cluster 1,1.6282960132129212
PROJ_044,"Central University, Hyderabad - TSPCB",Hyderabad,2025-03-03,Summer / Pre-monsoon,24,90,16,28.4791666666667,33.375,1.75041666666667,90,Satisfactory,pm10,-0.9588720296754388,1.3483586648904842,0.992485353590288,0.7454584064249754,-0.6807385921090423,-0.5451936119960068,MODELING_HISTORY,Cluster 1,1.402804231852469
PROJ_044,"Central University, Hyderabad - TSPCB",Hyderabad,2025-03-05,Summer / Pre-monsoon,45,155,16,27.5458333333333,33.5833333333333,2.31208333333333,136,Moderately Polluted,pm10,-2.5893463041523694,9.50371122793496e-4,1.3394620048241166,-0.5545307781963666,-1.0365294268680794,-1.3182367008797589,MODELING_HISTORY,Cluster 3,2.465768152878595
PROJ_044,"Central University, Hyderabad - TSPCB",Hyderabad,2025-03-06,Summer / Pre-monsoon,32,114,17,25.1833333333333,26.25,2.29375,109,Moderately Polluted,pm10,-1.532739111978603,0.36928680826334154,1.0616682316612056,0.4461907696320222,-1.6506959701911266,-0.5234718375336129,MODELING_HISTORY,Cluster 3,1.7731076402932726
PROJ_044,"Central University, Hyderabad - TSPCB",Hyderabad,2025-03-07,Summer / Pre-monsoon,40,113,16,26.1833333333333,25,1.70875,108,Moderately Polluted,pm10,-2.044272462871004,0.5275154067078001,1.2047046444273797,0.5542335086353037,-1.1962219718166467,-0.2830774139304001,MODELING_HISTORY,Cluster 1,2.100910579756729
PROJ_044,"Central University, Hyderabad - TSPCB",Hyderabad,2025-03-08,Summer / Pre-monsoon,36,109,17,27.4416666666667,27.25,1.5575,105,Moderately Polluted,pm10,-1.8967408589273724,0.8746461893317186,1.090582261088256,0.5925033967157405,-0.9112765774903336,-0.4333421720383158,MODELING_HISTORY,Cluster 1,1.8372562354867334
PROJ_044,"Central University, Hyderabad - TSPCB",Hyderabad,2025-03-11,Summer / Pre-monsoon,29,83,16,27.75,45.8333333333333,2.58791666666667,83,Satisfactory,pm10,-0.302620523954549,0.7242964630501924,1.0357328423249637,0.1937842554492566,-0.4703937442226669,-0.29931269278417416,MODELING_HISTORY,Cluster 1,1.4324331836884594
PROJ_044,"Central University, Hyderabad - TSPCB",Hyderabad,2025-03-12,Summer / Pre-monsoon,31,88,16,28.5041666666667,40,1.82,88,Satisfactory,pm10,-0.9383789146054397,1.034784752401955,1.054349297690417,0.5372302471373893,-0.30686740920535466,-0.3431423033061789,MODELING_HISTORY,Cluster 1,1.377046184733918
PROJ_044,"Central University, Hyderabad - TSPCB",Hyderabad,2025-03-13,Summer / Pre-monsoon,29,86,16,29.775,33.9166666666667,2.58208333333333,86,Satisfactory,pm10,-0.7217232483451839,1.4906995762353292,1.1069404110837766,-0.04574001964875066,-0.657012866665432,-0.2970645300654063,MODELING_HISTORY,Cluster 1,1.2297285653927676
PROJ_044,"Central University, Hyderabad - TSPCB",Hyderabad,2025-03-14,Summer / Pre-monsoon,25,76,17,30.6,31.375,2.03458333333333,76,Satisfactory,pm10,-0.7252243105452993,1.975289667909828,0.9740127556322348,0.38661873498653937,-0.4467729638771713,-0.22211851919207845,MODELING_HISTORY,Cluster 1,1.3438089752555382
PROJ_044,"Central University, Hyderabad - TSPCB",Hyderabad,2025-03-15,Summer / Pre-monsoon,23,68,16,30.9,28,2.63208333333333,67,Satisfactory,pm10,-0.3541325134263002,2.213169004214467,1.051224100192815,0.09344669714365042,-0.739059838142848,-0.03339483025147087,MODELING_HISTORY,Cluster 1,1.5226746332365069
PROJ_044,"Central University, Hyderabad - TSPCB",Hyderabad,2025-03-16,Summer / Pre-monsoon,19,60,16,30.925,22.6666666666667,3.17041666666667,59,Satisfactory,pm10,0.00451866567996808,2.490671578641793,1.0409802599112608,-0.08322113889572291,-1.162349914254833,0.13224763990970578,MODELING_HISTORY,Cluster 1,1.8038056238632292
PROJ_044,"Central University, Hyderabad - TSPCB",Hyderabad,2025-03-17,Summer / Pre-monsoon,18,63,16,30.2375,27.0833333333333,2.50375,62,Satisfactory,pm10,-0.16150769123419084,2.255147901636963,0.9730039999370768,0.4221380148922045,-0.8841363269729857,-0.0474808705365947,MODELING_HISTORY,Cluster 1,1.6314553967648269
PROJ_044,"Central University, Hyderabad - TSPCB",Hyderabad,2025-03-18,Summer / Pre-monsoon,27,83,16,30.7458333333333,29.1666666666667,2.25,83,Satisfactory,pm10,-0.8853915679335328,1.9434677696896423,1.0909506573046208,0.1366144855585366,-0.5977508117480987,-0.2917694747437417,MODELING_HISTORY,Cluster 1,1.362051619477818
PROJ_044,"Central University, Hyderabad - TSPCB",Hyderabad,2025-03-19,Summer / Pre-monsoon,14,53,16,29.9958333333333,32.5833333333333,3.54,52,Satisfactory,pm10,0.7160125419263991,2.137044001150856,0.9469937753768336,-0.07522587661855962,-1.086724871492146,0.04035900463708897,MODELING_HISTORY,Cluster 1,2.0041476536687837
PROJ_044,"Central University, Hyderabad - TSPCB",Hyderabad,2025-03-20,Summer / Pre-monsoon,9,40,15,28.7291666666667,49.9166666666667,3.21666666666667,40,Good,pm10,1.4674100471778473,1.6138417884288672,0.8421927465390484,0.4684912635976808,-0.4824615379747671,-0.0462718545054145,MODELING_HISTORY,Cluster 2,2.1921661205895075
PROJ_044,"Central University, Hyderabad - TSPCB",Hyderabad,2025-03-21,Summer / Pre-monsoon,13,54,16,28.2875,51.7083333333333,3.15,53,Satisfactory,pm10,1.0989991630467584,1.2442552742871062,0.8280488628238141,0.33815756947987674,-0.4665219356743702,-0.24935566595225356,MODELING_HISTORY,Cluster 2,1.9000161756893752
PROJ_044,"Central University, Hyderabad - TSPCB",Hyderabad,2025-03-22,Summer / Pre-monsoon,14,38,17,26.8083333333333,61.5833333333333,2.86958333333333,38,Good,pm10,1.5480441366660809,0.7936302241886383,0.6875538205772384,0.7929354883449352,-0.08093776894980759,0.10074239943914386,MODELING_HISTORY,Cluster 2,1.6446774932155752
PROJ_044,"Central University, Hyderabad - TSPCB",Hyderabad,2025-03-23,Summer / Pre-monsoon,15,48,16,26.8208333333333,68.7916666666667,1.65083333333333,48,Good,pm10,1.020371963393906,0.568799521454979,0.6861811349805158,1.4612601536094476,0.6032587727588932,-0.2996301136674746,MODELING_HISTORY,Cluster 2,2.122962395033662
PROJ_044,"Central University, Hyderabad - TSPCB",Hyderabad,2025-03-24,Summer / Pre-monsoon,17,55,16,27.1,63.5416666666667,1.80291666666667,54,Satisfactory,pm10,0.7463861307569077,0.6588873961908709,0.7482497237112858,1.2387200878020717,0.375213966528243,-0.3252633622138855,MODELING_HISTORY,Cluster 2,2.1095056920638786
PROJ_044,"Central University, Hyderabad - TSPCB",Hyderabad,2025-03-25,Summer / Pre-monsoon,23,72,17,27.525,54.0833333333333,1.29916666666667,71,Satisfactory,pm10,-0.2243934320100054,0.7747624156664301,0.7876174019114893,1.2599334694191775,0.24970343270042483,-0.42543469970419,MODELING_HISTORY,Cluster 1,1.826906221143436
PROJ_044,"Central University, Hyderabad - TSPCB",Hyderabad,2025-03-26,Summer / Pre-monsoon,27,79,16,28.0291666666667,45.2083333333333,1.8325,79,Satisfactory,pm10,-0.4940581722621187,0.9492481369040292,0.9724417524007748,0.7382714755079559,-0.1917468780693376,-0.3199453913616949,MODELING_HISTORY,Cluster 1,1.4643280078721042
PROJ_044,"Central University, Hyderabad - TSPCB",Hyderabad,2025-03-27,Summer / Pre-monsoon,32,87,16,29.2458333333333,38.3333333333333,2.32708333333333,87,Satisfactory,pm10,-0.8082807204676933,1.195467987979929,1.1078401240173423,0.10005361204803588,-0.42264940803715656,-0.2678912425276504,MODELING_HISTORY,Cluster 1,1.247478362242016
PROJ_044,"Central University, Hyderabad - TSPCB",Hyderabad,2025-03-28,Summer / Pre-monsoon,35,96,17,30.3416666666667,34.1666666666667,1.96083333333333,96,Satisfactory,pm10,-1.3659376445321916,1.4372535015331334,1.1005160318664289,0.05848196155997365,-0.2936713719899281,-0.3897654351297649,MODELING_HISTORY,Cluster 1,1.3516197773585883
PROJ_044,"Central University, Hyderabad - TSPCB",Hyderabad,2025-03-29,Summer / Pre-monsoon,36,98,17,30.5375,34.875,1.93916666666667,98,Satisfactory,pm10,-1.4316697802077902,1.42146547215548,1.1140037402678924,0.00422158914408687,-0.22338496923318635,-0.42603479780066217,MODELING_HISTORY,Cluster 1,1.3863613035750355
PROJ_044,"Central University, Hyderabad - TSPCB",Hyderabad,2025-03-30,Summer / Pre-monsoon,33,91,16,31.2166666666667,31.4583333333333,2.19208333333333,91,Satisfactory,pm10,-1.201294919301849,1.7838256045094407,1.167548170671344,-0.09890966155877906,-0.3599842970667028,-0.33740046721177136,MODELING_HISTORY,Cluster 1,1.4078332318313322
PROJ_044,"Central University, Hyderabad - TSPCB",Hyderabad,2025-03-31,Summer / Pre-monsoon,25,70,16,30.625,29,2.34083333333333,69,Satisfactory,pm10,-0.5375758261323194,2.086748894277698,1.0545939708846737,0.25630586976616776,-0.6122900205881383,-0.02754555734853892,MODELING_HISTORY,Cluster 1,1.445127409766243
PROJ_044,"Central University, Hyderabad - TSPCB",Hyderabad,2025-04-01,Summer / Pre-monsoon,22,70,16,29.2291666666667,46.3333333333333,2.47458333333333,69,Satisfactory,pm10,0.08250945515688841,1.32195183984898,0.9491971981534878,0.34249445529734324,-0.23452708098488076,-0.32460173211790616,MODELING_HISTORY,Cluster 1,1.4489919544185996
PROJ_044,"Central University, Hyderabad - TSPCB",Hyderabad,2025-04-02,Summer / Pre-monsoon,12,41,16,28.1708333333333,52.875,2.70333333333333,41,Good,pm10,1.2327440581133011,1.3747936087411443,0.7702243575687913,0.7851465981929597,-0.21623905128430415,6.368090458478662e-5,MODELING_HISTORY,Cluster 2,2.132340378270991
PROJ_044,"Central University, Hyderabad - TSPCB",Hyderabad,2025-04-05,Summer / Pre-monsoon,19,57,16,27.2125,64.375,1.62875,56,Satisfactory,pm10,0.5944826356716184,0.613609661513703,0.7637792706916601,1.274152938629832,0.5105369199329066,-0.3312449929180394,MODELING_HISTORY,Cluster 2,2.189117405275044
PROJ_044,"Central University, Hyderabad - TSPCB",Hyderabad,2025-04-08,Summer / Pre-monsoon,14,54,16,28.6458333333333,51.4583333333333,1.91041666666667,53,Satisfactory,pm10,0.551109371131359,1.4153618418866831,0.7790626464715569,1.089122205418308,0.04180770290892272,-0.2976414412825059,MODELING_HISTORY,Cluster 1,2.009254064055716
PROJ_044,"Central University, Hyderabad - TSPCB",Hyderabad,2025-04-12,Summer / Pre-monsoon,28,90,16,30.2,30.4166666666667,2.63541666666667,90,Satisfactory,pm10,-0.8476081439865958,1.6617702408025654,1.1206621541026565,-0.1376420377301925,-0.7928216706672326,-0.39775400284976814,MODELING_HISTORY,Cluster 1,1.2708892693190683
PROJ_044,"Central University, Hyderabad - TSPCB",Hyderabad,2025-04-13,Summer / Pre-monsoon,30,101,16,29.9416666666667,31.3333333333333,1.80041666666667,100,Satisfactory,pm10,-1.427264330803722,1.4954336051481385,1.106816802572999,0.2990305825466234,-0.5241214674749765,-0.645045578881986,MODELING_HISTORY,Cluster 1,1.4368052954616684
PROJ_044,"Central University, Hyderabad - TSPCB",Hyderabad,2025-04-17,Summer / Pre-monsoon,20,66,16,29.5666666666667,54.2916666666667,2.61291666666667,65,Satisfactory,pm10,0.4651540200731733,1.2352183378400408,0.905926994651908,0.25327799899164355,0.06916834943731684,-0.43296229329852554,MODELING_HISTORY,Cluster 1,1.664607222197926
PROJ_044,"Central University, Hyderabad - TSPCB",Hyderabad,2025-04-18,Summer / Pre-monsoon,25,75,16,30.6041666666667,47.4583333333333,2.10125,74,Satisfactory,pm10,-0.2684768061104143,1.5148890843666716,0.9859941635802963,0.2934071019710142,0.1708556494094337,-0.4527241122543778,MODELING_HISTORY,Cluster 1,1.2910756177862446
PROJ_044,"Central University, Hyderabad - TSPCB",Hyderabad,2025-04-22,Summer / Pre-monsoon,27,80,16,32.425,41.2083333333333,1.7925,80,Satisfactory,pm10,-0.761072009862133,2.035992386794193,1.045287456869955,0.19555498159780993,0.3101520198074021,-0.5221557537024705,MODELING_HISTORY,Cluster 1,1.3745821629879245
PROJ_044,"Central University, Hyderabad - TSPCB",Hyderabad,2025-04-29,Summer / Pre-monsoon,13,54,22,30.7125,46.125,2.41375,53,Satisfactory,pm10,0.5405737630188319,1.998906948637223,0.45958754905242305,0.4717558152522731,-0.05880244621686449,-0.29126773747430845,MODELING_HISTORY,Cluster 1,1.6901426976135037
PROJ_044,"Central University, Hyderabad - TSPCB",Hyderabad,2025-04-30,Summer / Pre-monsoon,20,74,24,32.1291666666667,39.0833333333333,2.81083333333333,73,Satisfactory,pm10,-0.13179910722069005,2.136987109794423,0.5049397363307675,-0.30073540603250865,-0.2672232044105524,-0.46377411826113096,MODELING_HISTORY,Cluster 1,1.211420171871965
PROJ_044,"Central University, Hyderabad - TSPCB",Hyderabad,2025-05-02,Summer / Pre-monsoon,15,57,24,31.9958333333333,44.5416666666667,2.85625,56,Satisfactory,pm10,0.5066969093943515,2.2191553849713546,0.4066740448562828,-0.07185901200979335,-0.07314994600693746,-0.298920138653893,MODELING_HISTORY,Cluster 1,1.646096942311001
PROJ_044,"Central University, Hyderabad - TSPCB",Hyderabad,2025-05-03,Summer / Pre-monsoon,15,58,25,31.7916666666667,40.75,2.90958333333333,57,Satisfactory,pm10,0.4119970072007243,2.267800719662395,0.35722034730134805,-0.0832442733512462,-0.27797930480542743,-0.243213676636272,MODELING_HISTORY,Cluster 1,1.5838008107942114
PROJ_044,"Central University, Hyderabad - TSPCB",Hyderabad,2025-05-04,Summer / Pre-monsoon,21,76,22,31.0708333333333,37.9583333333333,2.6225,76,Satisfactory,pm10,-0.2569736885853692,1.9125687563063616,0.6253867488196203,-0.05349221727938791,-0.3960845885188449,-0.4270800971686138,MODELING_HISTORY,Cluster 1,1.0698686784224898
PROJ_044,"Central University, Hyderabad - TSPCB",Hyderabad,2025-05-05,Summer / Pre-monsoon,16,64,19,30.8708333333333,43.4166666666667,2.09583333333333,63,Satisfactory,pm10,0.08016205908843,1.9814246975017356,0.6923306227395586,0.544388949958893,-0.03658146452449482,-0.4359566674606955,MODELING_HISTORY,Cluster 1,1.4914102078237008
PROJ_044,"Central University, Hyderabad - TSPCB",Hyderabad,2025-05-07,Summer / Pre-monsoon,14,49,23,30.2291666666667,40.2916666666667,2.07708333333333,49,Good,pm10,0.33138595395623266,2.118683034187469,0.3963579155691158,0.7971748149675328,-0.19169802433753735,-0.02515679115134966,MODELING_HISTORY,Cluster 1,1.709114561697827
PROJ_044,"Central University, Hyderabad - TSPCB",Hyderabad,2025-05-08,Summer / Pre-monsoon,18,57,22,30.1916666666667,38.0416666666667,2.21208333333333,56,Satisfactory,pm10,0.06346513421246289,2.003546900920041,0.531454662654833,0.57245367240496,-0.3136806377453901,-0.04106191496357518,MODELING_HISTORY,Cluster 1,1.4239551818131964
PROJ_044,"Central University, Hyderabad - TSPCB",Hyderabad,2025-05-09,Summer / Pre-monsoon,23,73,24,30.3375,40.5416666666667,2.29541666666667,72,Satisfactory,pm10,-0.32117498034176883,1.6893490666336004,0.4818994348624145,0.21352695286391415,-0.2309054581333191,-0.28489324311305725,MODELING_HISTORY,Cluster 1,0.8883238272337863
PROJ_044,"Central University, Hyderabad - TSPCB",Hyderabad,2025-05-10,Summer / Pre-monsoon,21,67,23,31.2333333333333,39.5416666666667,2.23125,66,Satisfactory,pm10,-0.21440775205909268,2.0259771262506985,0.5263670674940846,0.2505036293050619,-0.11394917277667166,-0.2520446936324806,MODELING_HISTORY,Cluster 1,1.147986771109774
PROJ_044,"Central University, Hyderabad - TSPCB",Hyderabad,2025-05-11,Summer / Pre-monsoon,24,74,22,31.2541666666667,44.7083333333333,2.11833333333333,73,Satisfactory,pm10,-0.3491006118586788,1.7595214837821205,0.6110555695769516,0.18129006631592387,0.14397606229185622,-0.4124327503337262,MODELING_HISTORY,Cluster 1,0.982535143295817
PROJ_044,"Central University, Hyderabad - TSPCB",Hyderabad,2025-05-12,Summer / Pre-monsoon,24,66,15,31.1583333333333,46.5416666666667,2.59083333333333,65,Satisfactory,pm10,0.10208444263212438,1.7369598131387118,1.063183141545541,0.0156799759680344,0.07569982348973744,-0.26120362011573905,MODELING_HISTORY,Cluster 1,1.5317565917198797
PROJ_044,"Central University, Hyderabad - TSPCB",Hyderabad,2025-05-14,Summer / Pre-monsoon,19,48,22,29.8166666666667,55.9583333333333,2.00416666666667,48,Good,pm10,0.5828377158930551,1.4886721112795696,0.4554699023407705,0.7455860893292673,0.48494728677555976,-0.05332123924196618,MODELING_HISTORY,Cluster 1,1.7215280953734333
PROJ_044,"Central University, Hyderabad - TSPCB",Hyderabad,2025-05-31,Summer / Pre-monsoon,24,85,25,28.3958333333333,57.875,4.26666666666667,85,Satisfactory,pm10,0.6966319900443996,0.44399610593117966,0.46658184788505447,-1.0479496488921272,-0.5993146050744281,-0.5956764831539592,MODELING_HISTORY,Cluster 2,1.4896432505762633
PROJ_044,"Central University, Hyderabad - TSPCB",Hyderabad,2025-06-05,Monsoon,16,57,22,26.9416666666667,68.25,1.52041666666667,56,Satisfactory,pm10,0.6975607765281484,0.5016782168412284,0.32497991010133903,1.3713248875126929,0.613623931115805,-0.4490975541215182,MODELING_HISTORY,Cluster 2,2.063762816830796
PROJ_044,"Central University, Hyderabad - TSPCB",Hyderabad,2025-06-06,Monsoon,21,75,21,27.6041666666667,68.6666666666667,1.715,74,Satisfactory,pm10,0.276012606527599,0.3374896291851858,0.4884717248367393,0.8902945527933206,0.6370098914108897,-0.7531225257510534,MODELING_HISTORY,Cluster 1,1.881958624472568
PROJ_044,"Central University, Hyderabad - TSPCB",Hyderabad,2025-06-07,Monsoon,27,85,18,28.25,62.6666666666667,2.68208333333333,85,Satisfactory,pm10,0.14716637019792894,0.35539099401258073,0.8432630818873454,3.478191348842037e-4,0.18933988371116392,-0.6923886851638313,MODELING_HISTORY,Cluster 1,1.6792459491240974
PROJ_044,"Central University, Hyderabad - TSPCB",Hyderabad,2025-06-08,Monsoon,23,77,24,28.4875,63.375,3.24916666666667,77,Satisfactory,pm10,0.6134751979060964,0.4934258306311452,0.4363196606460275,-0.30630694993195057,0.02897786710714392,-0.5883305516315932,MODELING_HISTORY,Cluster 2,1.3484539120204715
PROJ_044,"Central University, Hyderabad - TSPCB",Hyderabad,2025-06-09,Monsoon,16,53,21,25.7166666666667,79.25,3.35583333333333,52,Satisfactory,pm10,1.8363327861378775,-0.20256370519285805,0.4282299185257055,0.32083768622073366,0.22718884135917433,-0.3607026432561507,MODELING_HISTORY,Cluster 2,0.7360449104837611
PROJ_044,"Central University, Hyderabad - TSPCB",Hyderabad,2025-06-10,Monsoon,20,67,22,27.1666666666667,69.7083333333333,3.92458333333333,66,Satisfactory,pm10,1.3844308108912555,0.12428602862086532,0.5121065111373735,-0.4295302079621354,-0.1539343719830567,-0.4533195698053007,MODELING_HISTORY,Cluster 2,0.6972183732022978
PROJ_044,"Central University, Hyderabad - TSPCB",Hyderabad,2025-06-11,Monsoon,23,70,22,26.2291666666667,76.125,3.45583333333333,69,Satisfactory,pm10,1.235123806584537,-0.3222614548733545,0.4917789007626042,-0.11597394636191694,0.16423837352520665,-0.49488261169028847,MODELING_HISTORY,Cluster 2,0.6317912942311938
PROJ_044,"Central University, Hyderabad - TSPCB",Hyderabad,2025-06-14,Monsoon,9,30,22,27.4291666666667,74.0833333333333,2.6725,30,Good,pm10,2.027607490862124,0.7601760457263235,0.25706184238625723,0.9219538836856952,0.5396838265731725,-0.08645367560056774,MODELING_HISTORY,Cluster 2,1.638836197460811
PROJ_044,"Central University, Hyderabad - TSPCB",Hyderabad,2025-06-19,Monsoon,10,41,22,26.8416666666667,70.125,5.59708333333333,41,Good,pm10,2.8846767037977576,0.3660340044683571,0.4450189012160825,-1.0382170832006343,-0.8083958686491464,-0.06644823611242859,MODELING_HISTORY,Cluster 2,1.6529897359416585
PROJ_044,"Central University, Hyderabad - TSPCB",Hyderabad,2025-06-20,Monsoon,9,40,22,26.8458333333333,70,4.74833333333333,40,Good,pm10,2.588089369543519,0.4724005937378239,0.3868792323162782,-0.4472951235820295,-0.517552497202827,-0.12341814091548088,MODELING_HISTORY,Cluster 2,1.27303818127942
PROJ_044,"Central University, Hyderabad - TSPCB",Hyderabad,2025-06-22,Monsoon,10,41,23,27.2291666666667,65.6666666666667,4.60125,41,Good,pm10,2.3511225056241893,0.6641111230131521,0.3483340343694067,-0.42255818596082306,-0.5669625448484469,-0.06594566569021157,MODELING_HISTORY,Cluster 2,1.232405814809155
PROJ_044,"Central University, Hyderabad - TSPCB",Hyderabad,2025-06-23,Monsoon,11,43,25,25.9833333333333,71.3333333333333,5.54416666666667,43,Good,pm10,2.825954343343797,0.09960666277177468,0.2502272044418421,-0.964537846651316,-0.86177581553986,-0.03382080663895862,MODELING_HISTORY,Cluster 2,1.4441366380514682
PROJ_044,"Central University, Hyderabad - TSPCB",Hyderabad,2025-06-24,Monsoon,9,33,22,25.3583333333333,75.625,5.75291666666667,33,Good,pm10,3.314447146904986,-0.03492759302095699,0.39263042589863306,-0.8741603583905222,-0.8368325762777329,0.09859850286336136,MODELING_HISTORY,Cluster 2,1.8333751878162734
PROJ_044,"Central University, Hyderabad - TSPCB",Hyderabad,2025-06-26,Monsoon,11,44,22,25.8333333333333,75.9583333333333,4.62791666666667,44,Good,pm10,2.5811221144303516,0.00314147998128483,0.3752374377663217,-0.33979678063194774,-0.3777525205403798,-0.1953844280035521,MODELING_HISTORY,Cluster 2,1.0421292887106584
PROJ_044,"Central University, Hyderabad - TSPCB",Hyderabad,2025-07-02,Monsoon,6,25,22,24.4375,84.875,4.1375,25,Good,pm10,3.1661190539516775,-0.23037860758044043,0.2167586024484537,0.412418961873568,-0.02864812414301176,0.00339568364436607,MODELING_HISTORY,Cluster 2,1.6787479553046818
PROJ_044,"Central University, Hyderabad - TSPCB",Hyderabad,2025-07-03,Monsoon,5,26,23,25.1875,77.4166666666667,4.76833333333333,26,Good,pm10,3.2146052075813705,0.10851748008108572,0.21188533128295592,-0.06858966631163144,-0.4629316959694743,0.06081845225403549,MODELING_HISTORY,Cluster 2,1.6418775413998938
PROJ_044,"Central University, Hyderabad - TSPCB",Hyderabad,2025-07-04,Monsoon,6,30,20,25.6875,75.7916666666667,5.28416666666667,30,Good,pm10,3.2842466464661353,0.16687945222330772,0.4592186179918786,-0.4974154792162988,-0.6473708252406049,0.00350633597382427,MODELING_HISTORY,Cluster 2,1.7705245577489106
PROJ_044,"Central University, Hyderabad - TSPCB",Hyderabad,2025-07-05,Monsoon,5,31,21,25.6458333333333,76.375,5.56708333333333,31,Good,pm10,3.417099748946029,0.12536055580842018,0.3978748037791231,-0.6786624756497219,-0.7554994553140646,-0.04150246863615525,MODELING_HISTORY,Cluster 2,1.9033321503450322
PROJ_044,"Central University, Hyderabad - TSPCB",Hyderabad,2025-07-08,Monsoon,12,54,22,25.3458333333333,76.0416666666667,5.12166666666667,53,Satisfactory,pm10,2.573734134610323,-0.2714066388132091,0.4192914571294152,-0.7160912405067685,-0.6672993995668182,-0.35464696787895417,MODELING_HISTORY,Cluster 2,1.1060986399543615
PROJ_044,"Central University, Hyderabad - TSPCB",Hyderabad,2025-07-09,Monsoon,13,56,22,25.4,76.5,4.49041666666667,55,Satisfactory,pm10,2.259739091845226,-0.2601173975509813,0.39895552607329093,-0.3483019303106608,-0.4077076728557067,-0.4132942899518959,MODELING_HISTORY,Cluster 2,0.7238399593901509
PROJ_044,"Central University, Hyderabad - TSPCB",Hyderabad,2025-07-11,Monsoon,15,56,22,26.7,71.875,2.93458333333333,55,Satisfactory,pm10,1.416274846177299,0.25394159593705656,0.3723599149479538,0.484888233678472,0.1988716584315154,-0.4254210471909868,MODELING_HISTORY,Cluster 2,1.0052789599237921
PROJ_044,"Central University, Hyderabad - TSPCB",Hyderabad,2025-07-12,Monsoon,13,51,21,26.9125,70.7083333333333,3.72,50,Good,pm10,1.86316114446788,0.3617727009521744,0.4548800554855525,0.04209995730837324,-0.10486543755339656,-0.3304828160945393,MODELING_HISTORY,Cluster 2,0.85547836961667445
PROJ_044,"Central University, Hyderabad - TSPCB",Hyderabad,2025-07-17,Monsoon,16,58,23,26.5583333333333,79.2916666666667,1.97791666666667,57,Satisfactory,pm10,1.1426793886827342,0.04542225212532939,0.2450785454642383,1.0543444435201,0.8224907812338623,-0.5933735864064953,MODELING_HISTORY,Cluster 2,1.4615665412427554
PROJ_044,"Central University, Hyderabad - TSPCB",Hyderabad,2025-07-18,Monsoon,11,31,19,25.6458333333333,83.375,1.9975,31,Good,pm10,1.9854667459236373,0.104317921347216,0.3805544532777207,1.5393318958442863,0.9136558645740536,-0.14681145464752535,MODELING_HISTORY,Cluster 2,1.9071227340594776
PROJ_044,"Central University, Hyderabad - TSPCB",Hyderabad,2025-07-20,Monsoon,14,53,22,26.1041666666667,77.2916666666667,2.79875,52,Satisfactory,pm10,1.6029504464732385,0.02626602904251846,0.323142242969401,0.6791313355138306,0.3742212366275038,-0.44735571758363385,MODELING_HISTORY,Cluster 2,1.033389982141173
PROJ_044,"Central University, Hyderabad - TSPCB",Hyderabad,2025-07-21,Monsoon,8,42,22,25.9708333333333,80.4583333333333,3.0975,42,Good,pm10,2.200634276436045,0.11266278317633471,0.24200014709208248,0.7162427578877203,0.3330902745321299,-0.4175875912270789,MODELING_HISTORY,Cluster 2,1.2125894991372768
PROJ_044,"Central University, Hyderabad - TSPCB",Hyderabad,2025-07-22,Monsoon,3,19,22,24.9791666666667,85.0416666666667,4.02833333333333,22,Good,o3,3.316548775227739,0.01610268180428346,0.174767373226701,0.5324239518306176,0.0813234091081882,0.0055497406461633,MODELING_HISTORY,Cluster 2,1.883477518140314
PROJ_044,"Central University, Hyderabad - TSPCB",Hyderabad,2025-07-23,Monsoon,2,10,22,24.05,89.2916666666667,4.7375,22,Good,o3,3.941321225531915,-0.2616985534432417,0.16259462620193058,0.27300600296424093,-0.10828649504607513,0.21581327954346208,MODELING_HISTORY,Cluster 2,2.3653856317453776
PROJ_044,"Central University, Hyderabad - TSPCB",Hyderabad,2025-07-24,Monsoon,4,17,24,23.5458333333333,89.25,4.93875,24,Good,o3,3.8246884765832823,-0.5041701433972174,0.07213405375477565,0.07964483655626164,-0.26333131099688656,0.16805926306007757,MODELING_HISTORY,Cluster 2,2.221920313326257
PROJ_044,"Central University, Hyderabad - TSPCB",Hyderabad,2025-07-25,Monsoon,5,23,23,23.7416666666667,89.3333333333333,5.27,23,Good,"o3,pm10",3.8166848320746927,-0.5708525951445982,0.17523726159210568,-0.23236640592973143,-0.3695706904854346,0.05485936505970637,MODELING_HISTORY,Cluster 2,2.199620143376841
PROJ_044,"Central University, Hyderabad - TSPCB",Hyderabad,2025-07-27,Monsoon,6,27,22,25.4875,74.7916666666667,6.07916666666667,27,Good,pm10,3.628072539524561,0.11225068168730318,0.37169717202661495,-0.983282297024298,-0.9847910823417584,0.16297263544879714,MODELING_HISTORY,Cluster 2,2.1756060172371074
PROJ_044,"Central University, Hyderabad - TSPCB",Hyderabad,2025-07-28,Monsoon,7,33,22,25.7083333333333,70.8333333333333,6.08125,33,Good,pm10,3.377080820616076,0.1948268762793413,0.4075262083938508,-1.0739290413384168,-1.127655630861773,0.10049643675195016,MODELING_HISTORY,Cluster 2,2.008656069230005
PROJ_044,"Central University, Hyderabad - TSPCB",Hyderabad,2025-07-29,Monsoon,7,37,21,25.75,71.625,5.98791666666667,37,Good,pm10,3.2887515507623815,0.14959056674822457,0.469017985366995,-1.048503643896349,-1.0808315624868978,-0.02571984455872883,MODELING_HISTORY,Cluster 2,1.9246542109028042
PROJ_044,"Central University, Hyderabad - TSPCB",Hyderabad,2025-07-30,Monsoon,8,36,21,25.0958333333333,78.5,5.00125,36,Good,pm10,3.07093084426699,-0.12255060986958605,0.3945749273104914,-0.35234120416163983,-0.5263646046631485,-0.09186940643258128,MODELING_HISTORY,Cluster 2,1.485607617366803
PROJ_044,"Central University, Hyderabad - TSPCB",Hyderabad,2025-07-31,Monsoon,11,47,22,25.6291666666667,75.875,4.20166666666667,47,Good,pm10,2.35496296330996,-0.03455583422787199,0.3536577900311638,-0.05904376958654878,-0.2752264147098717,-0.28119718107241937,MODELING_HISTORY,Cluster 2,0.8449525073957193
PROJ_044,"Central University, Hyderabad - TSPCB",Hyderabad,2025-08-01,Monsoon,13,52,21,26.0625,74.375,3.65916666666667,51,Satisfactory,pm10,1.9364262833188488,0.06115730090136867,0.4289435926380439,0.16911195403785018,-0.06991813140463166,-0.37009215365313736,MODELING_HISTORY,Cluster 2,0.7396938630552558
PROJ_044,"Central University, Hyderabad - TSPCB",Hyderabad,2025-08-02,Monsoon,17,72,22,26.4833333333333,73.125,2.67541666666667,71,Satisfactory,pm10,0.9796675953663994,-0.01229319431155842,0.39524242172968593,0.4882786590230894,0.24912466015813775,-0.7721407994121575,MODELING_HISTORY,Cluster 2,1.098066055544417
PROJ_044,"Central University, Hyderabad - TSPCB",Hyderabad,2025-08-03,Monsoon,19,66,21,26.25,78.75,2.14791666666667,65,Satisfactory,pm10,0.9780649719509164,-0.16089816620750189,0.42431392336861334,0.8658866477576329,0.6973712713269147,-0.662796923451676,MODELING_HISTORY,Cluster 2,1.3721852844328397
PROJ_044,"Central University, Hyderabad - TSPCB",Hyderabad,2025-08-04,Monsoon,16,55,21,25.9166666666667,82.6666666666667,0.969583333333333,54,Satisfactory,pm10,0.9132614947619366,-0.07693101098597663,0.2940054531095686,1.8370201152999377,1.2418549786187838,-0.6075322408554875,MODELING_HISTORY,Cluster 2,2.247636935324748
PROJ_044,"Central University, Hyderabad - TSPCB",Hyderabad,2025-08-05,Monsoon,21,61,23,25.9458333333333,82.8333333333333,1.1475,60,Satisfactory,pm10,0.7052374364290385,-0.2552104175488137,0.24300668984854537,1.5333194166595856,1.2405689678953191,-0.5551980081205771,MODELING_HISTORY,Cluster 2,2.0371350687788765
PROJ_044,"Central University, Hyderabad - TSPCB",Hyderabad,2025-08-06,Monsoon,21,64,21,26.15,81.5,1.16625,63,Satisfactory,pm10,0.6316120808094104,-0.2003448401014339,0.382075070939461,1.4912421503496562,1.1924630129284552,-0.6330390391298951,MODELING_HISTORY,Cluster 2,2.0560071669464506
PROJ_044,"Central University, Hyderabad - TSPCB",Hyderabad,2025-08-08,Monsoon,8,30,21,25.5291666666667,82.0833333333333,1.5175,30,Good,pm10,1.8563662374513004,0.22410590522484783,0.19390311406510505,1.9310941788495155,0.9735760024198264,-0.21661196211366215,MODELING_HISTORY,Cluster 2,2.267688844397211
PROJ_044,"Central University, Hyderabad - TSPCB",Hyderabad,2025-08-09,Monsoon,11,34,22,24.175,88.1666666666667,1.63041666666667,34,Good,pm10,1.9186771948661001,-0.3660098015073443,0.13797898793763583,1.8978409508017324,1.001269363058493,-0.2156782146789956,MODELING_HISTORY,Cluster 2,2.183415894597208
PROJ_044,"Central University, Hyderabad - TSPCB",Hyderabad,2025-08-12,Monsoon,8,30,23,24.5666666666667,84.375,3.77208333333333,30,Good,pm10,2.836969765426697,-0.2491656116904913,0.16705095025346753,0.5401224574145427,0.10815334496182528,-0.06054173529777299,MODELING_HISTORY,Cluster 2,1.4472187083211419
PROJ_044,"Central University, Hyderabad - TSPCB",Hyderabad,2025-08-14,Monsoon,3,16,22,23.8,86.6666666666667,3.7575,22,Good,o3,3.341058195823217,-0.2398865638721102,0.13478754513407104,0.8868468108695392,0.08649202457330413,0.1032323633740645,MODELING_HISTORY,Cluster 2,2.055374422783454
PROJ_044,"Central University, Hyderabad - TSPCB",Hyderabad,2025-08-17,Monsoon,6,36,22,23.7166666666667,88.0416666666667,4.13916666666667,36,Good,pm10,3.0549455348056114,-0.5950203980457983,0.21035766478127493,0.3907647287915372,-0.0765031558716106,-0.27995534490744917,MODELING_HISTORY,Cluster 2,1.5992462185492142
PROJ_044,"Central University, Hyderabad - TSPCB",Hyderabad,2025-08-18,Monsoon,2,32,22,23.3291666666667,89.3333333333333,5.92375,32,Good,pm10,4.017817798902118,-0.7474530505114576,0.244245298325738,-0.6193445045566648,-0.7730894270536369,-0.22550785732562828,MODELING_HISTORY,Cluster 2,2.457223440835315
PROJ_044,"Central University, Hyderabad - TSPCB",Hyderabad,2025-08-19,Monsoon,1,30,22,23.5958333333333,86.0416666666667,6.37416666666667,30,Good,pm10,4.178269658536877,-0.5898543733932241,0.268768018016396,-0.897947297555018,-1.031791518868576,-0.14993802712448873,MODELING_HISTORY,Cluster 2,2.6439438643944944
PROJ_044,"Central University, Hyderabad - TSPCB",Hyderabad,2025-08-20,Monsoon,3,33,22,24.3916666666667,83.2916666666667,5.34041666666667,33,Good,pm10,3.5497030910439253,-0.316923532170307,0.26081495750486267,-0.37891318185601675,-0.6322907695523178,-0.20947989148225143,MODELING_HISTORY,Cluster 2,1.9257530726799819
PROJ_044,"Central University, Hyderabad - TSPCB",Hyderabad,2025-08-21,Monsoon,7,37,22,25.5416666666667,76.4583333333333,4.515,37,Good,pm10,2.8128129056389453,0.08534101064305266,0.3074307985610062,-0.07875323379352639,-0.3881622952670158,-0.16500331418882616,MODELING_HISTORY,Cluster 2,1.270808231221242
PROJ_044,"Central University, Hyderabad - TSPCB",Hyderabad,2025-08-22,Monsoon,9,39,21,25.375,76.4166666666667,4.27583333333333,39,Good,pm10,2.629234676097353,0.01034771166438264,0.38205871301594607,0.04951258649485757,-0.30582447063583285,-0.15295448378339807,MODELING_HISTORY,Cluster 2,1.131308729654941
PROJ_044,"Central University, Hyderabad - TSPCB",Hyderabad,2025-08-23,Monsoon,6,36,22,25.0083333333333,75.5833333333333,4.71625,36,Good,pm10,2.93767668860236,0.00561750531099131,0.3007817548475019,-0.1073262109474762,-0.5858824329732037,-0.12267160708548104,MODELING_HISTORY,Cluster 2,1.363061687542379
PROJ_044,"Central University, Hyderabad - TSPCB",Hyderabad,2025-08-24,Monsoon,6,36,23,25.2916666666667,72.75,4.61,36,Good,pm10,2.8072506130983923,0.1584356505821495,0.24496967592472596,-0.0720831136946809,-0.616983019465841,-0.09241956570588734,MODELING_HISTORY,Cluster 2,1.2777885688776667
PROJ_044,"Central University, Hyderabad - TSPCB",Hyderabad,2025-08-29,Monsoon,6,24,23,24.5916666666667,82.5416666666667,4.14875,24,Good,pm10,3.118862577560051,-0.12049706288669748,0.16253233071408918,0.3941957985810598,-0.09561156037558333,0.06415947770130745,MODELING_HISTORY,Cluster 2,1.6302971042192964
PROJ_044,"Central University, Hyderabad - TSPCB",Hyderabad,2025-09-02,Monsoon,5,25,16,23.975,85.9583333333333,4.41,25,Good,pm10,3.396114780023914,-0.35873323528679846,0.5905434037227311,0.36779898631610375,-0.17321322386641247,-0.05247543302538941,MODELING_HISTORY,Cluster 2,1.9481164367370516
PROJ_044,"Central University, Hyderabad - TSPCB",Hyderabad,2025-09-03,Monsoon,15,69,25,24.5166666666667,80.0833333333333,4.06125,68,Satisfactory,pm10,1.866379714439148,-0.7018298768725938,0.2014687225829508,-0.1561401795673325,-0.28323474385003317,-0.6740857663197757,MODELING_HISTORY,Cluster 2,0.5186677206933343
PROJ_044,"Central University, Hyderabad - TSPCB",Hyderabad,2025-09-04,Monsoon,14,59,23,24.9625,77.3333333333333,3.84791666666667,58,Satisfactory,pm10,1.9378203286062092,-0.3797482837740592,0.30779906048560385,0.07095520504905384,-0.2075547233378179,-0.4695015362441129,MODELING_HISTORY,Cluster 2,0.5342731862349711
PROJ_044,"Central University, Hyderabad - TSPCB",Hyderabad,2025-09-05,Monsoon,8,42,18,25.1083333333333,77.7916666666667,3.42916666666667,42,Good,pm10,2.326194930833186,-0.0237074332081056,0.5108456876158208,0.6601448368361862,-0.02195645061026652,-0.33930229072179546,MODELING_HISTORY,Cluster 2,1.2712774628931687
PROJ_044,"Central University, Hyderabad - TSPCB",Hyderabad,2025-09-06,Monsoon,9,45,20,25.1625,80.3333333333333,2.93791666666667,45,Good,pm10,2.085292255180098,-0.09785281539987936,0.3653449455188851,0.8982552076093486,0.2644568596156008,-0.4332749543079031,MODELING_HISTORY,Cluster 2,1.300188248663315
PROJ_044,"Central University, Hyderabad - TSPCB",Hyderabad,2025-09-09,Monsoon,16,69,15,25.775,75.2916666666667,1.5575,68,Satisfactory,pm10,0.7485874375829005,-0.07769352869098482,0.7470673965625456,1.4266355788584129,0.6305351979423865,-0.8418470973885682,MODELING_HISTORY,Cluster 2,2.050505710824558
PROJ_044,"Central University, Hyderabad - TSPCB",Hyderabad,2025-09-12,Monsoon,16,46,21,23.4541666666667,90.4166666666667,3.09291666666667,46,Good,pm10,2.212530395518679,-0.9365500004110502,0.33675755401110563,0.8091072925300904,0.46988412761512366,-0.25410843481067313,MODELING_HISTORY,Cluster 2,1.414599338837198
PROJ_044,"Central University, Hyderabad - TSPCB",Hyderabad,2025-09-21,Monsoon,10,38,57,25.0666666666667,85.375,2.66208333333333,56,Satisfactory,o3,1.9071403768601705,-0.24502115459049204,-2.013812864391177,0.7589636423269689,0.6269933888914865,-0.04807291804783274,MODELING_HISTORY,Cluster 2,2.30362831665038
PROJ_044,"Central University, Hyderabad - TSPCB",Hyderabad,2025-09-25,Monsoon,12,36,22,23.1083333333333,86.625,4.70041666666667,36,Good,pm10,3.083270280976584,-0.8573413491683708,0.3076106544897932,-0.02230999709910586,-0.32119191681272985,0.02377511461072216,MODELING_HISTORY,Cluster 2,1.5958828598623553
PROJ_044,"Central University, Hyderabad - TSPCB",Hyderabad,2025-09-30,Monsoon,7,23,23,24.7958333333333,80.75,3.33833333333333,23,Good,"o3,pm10",2.7296963010380058,0.03521056132351744,0.13835443716850074,0.8978010141552615,0.1798861569931484,0.09705633371076344,MODELING_HISTORY,Cluster 2,1.6258927060524404
PROJ_044,"Central University, Hyderabad - TSPCB",Hyderabad,2025-10-01,Post-monsoon,7,28,23,25.05,77.25,3.42791666666667,28,Good,pm10,2.5740427949426934,0.13488099631426495,0.16473974935133537,0.7737365249328374,0.01706790143432246,0.01905181762824308,MODELING_HISTORY,Cluster 2,1.4611864724897323
PROJ_044,"Central University, Hyderabad - TSPCB",Hyderabad,2025-10-07,Post-monsoon,9,26,22,24.0625,85.625,1.50916666666667,26,Good,pm10,2.0244831883785026,-0.185015213162034,0.10467546430030591,2.1201378596210203,0.9409012595285372,-0.05057358741549325,MODELING_HISTORY,Cluster 2,2.417251575543644
PROJ_044,"Central University, Hyderabad - TSPCB",Hyderabad,2025-10-08,Post-monsoon,21,39,22,25.0166666666667,79,1.49,39,Good,pm10,1.2088610644129345,-0.15334599083527156,0.29694993821774324,1.6584707142656696,0.9582838812655554,0.11273603448116946,MODELING_HISTORY,Cluster 2,1.9917340476188323
PROJ_044,"Central University, Hyderabad - TSPCB",Hyderabad,2025-10-10,Post-monsoon,35,35,24,25.0166666666667,67.7083333333333,2.04708333333333,57,Satisfactory,pm2_5,0.7897512095498866,-0.11653112755075765,0.3976442740815675,1.0564899025786587,0.5787552314156164,0.9412670261078424,MODELING_HISTORY,Cluster 2,1.620919340049015
PROJ_044,"Central University, Hyderabad - TSPCB",Hyderabad,2025-10-11,Post-monsoon,22,47,20,24.4375,66.6666666666667,2.45958333333333,47,Good,pm10,1.1406321861209363,-0.10419446001888602,0.5312991330133546,1.0699875599167137,0.00346266969904279,0.2146145584115651,MODELING_HISTORY,Cluster 2,1.5192876874794226
PROJ_044,"Central University, Hyderabad - TSPCB",Hyderabad,2025-10-12,Post-monsoon,28,52,21,25.0958333333333,66.0833333333333,2.4875,51,Satisfactory,pm10,0.8317111621197864,-0.11667860107585946,0.557398159132811,0.7834183740275033,0.14278102358413408,0.290189825196104,MODELING_HISTORY,Cluster 2,1.4329272598181777
PROJ_044,"Central University, Hyderabad - TSPCB",Hyderabad,2025-10-13,Post-monsoon,30,49,20,24.025,77.5833333333333,2.105,50,Good,pm2_5,1.002747010787156,-0.6650205826523641,0.5669024579899746,1.122732253771772,0.6288350229384484,0.2865337245197474,MODELING_HISTORY,Cluster 2,1.6623801506343572
PROJ_044,"Central University, Hyderabad - TSPCB",Hyderabad,2025-10-14,Post-monsoon,16,17,17,24.6791666666667,82.75,2.48541666666667,27,Good,pm2_5,2.331781613987427,-0.08861190829226272,0.5636608743888036,1.3885780418041704,0.7387110523887045,0.45658908296109457,MODELING_HISTORY,Cluster 2,1.8773689480179307
PROJ_044,"Central University, Hyderabad - TSPCB",Hyderabad,2025-10-15,Post-monsoon,15,15,18,25.0958333333333,78.6666666666667,2.73083333333333,25,Good,pm2_5,2.376995396259874,0.14114287736084524,0.5184037095848031,1.2193257198915282,0.5455055564357737,0.5321646816893189,MODELING_HISTORY,Cluster 2,1.7756270884336558
PROJ_044,"Central University, Hyderabad - TSPCB",Hyderabad,2025-10-16,Post-monsoon,26,25,20,25.8166666666667,71.5,2.33458333333333,43,Good,pm2_5,1.474388430083323,0.21627530363048855,0.5464685022843672,1.0693753338379584,0.6446348583105781,0.748051973550209,MODELING_HISTORY,Cluster 2,1.5212311502073113
PROJ_044,"Central University, Hyderabad - TSPCB",Hyderabad,2025-10-17,Post-monsoon,36,34,18,25.9375,69.125,2.50708333333333,59,Satisfactory,pm2_5,1.0214252457815771,0.00707700939583511,0.8216631471944323,0.6717042531189146,0.6253488872663916,0.9130603239007,MODELING_HISTORY,Cluster 2,1.4011606304545516
PROJ_044,"Central University, Hyderabad - TSPCB",Hyderabad,2025-10-18,Post-monsoon,30,91,21,25.9958333333333,64.625,2.13083333333333,91,Satisfactory,pm10,-0.1900588577843232,-0.28236260979674016,0.628730319853507,0.5031648468479032,0.14960946871495637,-0.6505156206119528,MODELING_HISTORY,Cluster 3,1.1930545765199034
PROJ_044,"Central University, Hyderabad - TSPCB",Hyderabad,2025-10-19,Post-monsoon,30,113,22,25.7458333333333,68.5416666666667,2.45625,108,Moderately Polluted,pm10,-0.3865363112666953,-0.705036682357902,0.5941745414484556,0.0914273681193438,0.01917416990457356,-1.2187644449780235,MODELING_HISTORY,Cluster 3,0.8756967184235931
PROJ_044,"Central University, Hyderabad - TSPCB",Hyderabad,2025-10-20,Post-monsoon,8,34,20,25.15,77.5416666666667,1.83541666666667,34,Good,pm10,1.813279771629634,0.2056718311767211,0.2895550329164745,1.762636226033122,0.5987042066655416,-0.213673611013981,MODELING_HISTORY,Cluster 2,2.1062772368421254
PROJ_044,"Central University, Hyderabad - TSPCB",Hyderabad,2025-10-21,Post-monsoon,13,53,20,25.1166666666667,78.6666666666667,2.61375,52,Satisfactory,pm10,1.6386049043914661,-0.194598621039971,0.41024243128141646,0.965669080930225,0.3306517515473961,-0.47628976428332725,MODELING_HISTORY,Cluster 2,1.2886724540440926
PROJ_044,"Central University, Hyderabad - TSPCB",Hyderabad,2025-10-22,Post-monsoon,6,37,20,24.9041666666667,81.4166666666667,3.30291666666667,37,Good,pm10,2.5127823136261487,-0.07538486818361145,0.33220770327836885,0.8248501570076243,0.132742751982382,-0.3261701687452455,MODELING_HISTORY,Cluster 2,1.4406132480448595
PROJ_044,"Central University, Hyderabad - TSPCB",Hyderabad,2025-10-23,Post-monsoon,5,23,25,23.8208333333333,88.3333333333333,3.91416666666667,25,Good,o3,3.225337704210349,-0.4129778996429029,-0.02007045239251625,0.6372451384727149,0.09338294449399907,0.00500163837717046,MODELING_HISTORY,Cluster 2,1.8279132979371102
PROJ_044,"Central University, Hyderabad - TSPCB",Hyderabad,2025-10-28,Post-monsoon,9,28,21,23.2666666666667,89.625,3.81541666666667,28,Good,pm10,3.049459004418762,-0.6912623932823174,0.2701701840548967,0.6763885937345582,0.13559040220805668,0.00156588580762799,MODELING_HISTORY,Cluster 2,1.7584948857717306
PROJ_044,"Central University, Hyderabad - TSPCB",Hyderabad,2025-10-29,Post-monsoon,8,20,20,22.2666666666667,92.5,4.68625,20,Good,"o3,pm10",3.696046955999735,-0.9672102903058998,0.3350681270061029,0.3256833974605948,-0.18372183325607885,0.2142361966122794,MODELING_HISTORY,Cluster 2,2.265711908259907
PROJ_044,"Central University, Hyderabad - TSPCB",Hyderabad,2025-10-30,Post-monsoon,14,38,18,24.5916666666667,75.125,4.32208333333333,38,Good,pm10,2.5318002814968863,-0.2164352017454063,0.6262504776526338,0.05836955299838209,-0.3984154739982624,0.0967350649047346,MODELING_HISTORY,Cluster 2,1.1191927352093687
PROJ_044,"Central University, Hyderabad - TSPCB",Hyderabad,2025-10-31,Post-monsoon,13,39,16,23.95,72.4166666666667,2.89833333333333,39,Good,pm10,1.9352048584025632,-0.14768405965991874,0.6665610971924946,1.1251890802105553,-0.1106329107062857,0.01920399072395512,MODELING_HISTORY,Cluster 2,1.5601107747638285
PROJ_044,"Central University, Hyderabad - TSPCB",Hyderabad,2025-11-01,Post-monsoon,14,48,20,24.8333333333333,80.8333333333333,1.74333333333333,48,Good,pm10,1.4161570027704031,-0.21644955805468688,0.3578033715867476,1.5932381517172671,0.735853337376758,-0.3830991820936844,MODELING_HISTORY,Cluster 2,1.8994930229664024
PROJ_044,"Central University, Hyderabad - TSPCB",Hyderabad,2025-11-02,Post-monsoon,6,27,21,24.4791666666667,82.875,2.63291666666667,27,Good,pm10,2.4765147902020495,-0.05530083489450103,0.2093105088253554,1.3997141099326444,0.4295114229864129,-0.10811837749020894,MODELING_HISTORY,Cluster 2,1.8829535737623848
PROJ_044,"Central University, Hyderabad - TSPCB",Hyderabad,2025-11-05,Post-monsoon,21,64,20,24.4666666666667,76.8333333333333,1.87833333333333,63,Satisfactory,pm10,0.8609383798699123,-0.4974788422703903,0.47631089886153216,1.2712112837240843,0.5008338738097312,-0.43641591730950385,MODELING_HISTORY,Cluster 2,1.7913094260430455
PROJ_044,"Central University, Hyderabad - TSPCB",Hyderabad,2025-11-08,Post-monsoon,33,98,18,22.5791666666667,58.625,1.98333333333333,98,Satisfactory,pm10,-0.4991244745816617,-0.9827738789842342,0.8287662808301405,0.9738718684839012,-0.5317764016700297,-0.46638268262016275,MODELING_HISTORY,Cluster 3,1.0736224328804138
PROJ_044,"Central University, Hyderabad - TSPCB",Hyderabad,2025-11-11,Post-monsoon,56,140,23,22.4875,54.75,1.72875,126,Moderately Polluted,pm10,-2.2430929049368418,-1.7686599714869056,0.8340135358347812,0.24144830149137275,-0.4550081906840238,-0.5877658328862767,MODELING_HISTORY,Cluster 3,1.686995925027199
PROJ_044,"Central University, Hyderabad - TSPCB",Hyderabad,2025-11-12,Post-monsoon,53,148,17,22.7333333333333,51.8333333333333,2.21875,132,Moderately Polluted,pm10,-2.140786362870163,-1.6828776294753722,1.2291984738894313,-0.05415552741282781,-0.8136556407665125,-0.8781381755042549,MODELING_HISTORY,Cluster 3,1.8418874449287987
PROJ_044,"Central University, Hyderabad - TSPCB",Hyderabad,2025-11-19,Post-monsoon,68,129,19,21.325,57.0833333333333,1.49791666666667,124,Moderately Polluted,pm2_5,-2.3602794424406626,-2.199453815442294,1.1792650388780197,0.4202228919755648,-0.17979606807054987,0.10479071035118435,MODELING_HISTORY,Cluster 3,2.1565425885098035
PROJ_044,"Central University, Hyderabad - TSPCB",Hyderabad,2025-11-20,Post-monsoon,52,99,21,21.5,55.25,1.74541666666667,99,Satisfactory,pm10,-1.2647291984076736,-1.5023202574400116,0.8472921896422927,0.8421940923610818,-0.41369153405156606,0.31659256059682983,MODELING_HISTORY,Cluster 3,1.0861601850588583
PROJ_044,"Central University, Hyderabad - TSPCB",Hyderabad,2025-11-21,Post-monsoon,42,82,10,23.0375,63.0833333333333,1.69625,82,Satisfactory,pm10,-0.414566480801905,-0.9928969747658086,1.3983388627035818,1.117176400118338,0.06364164767320946,0.0888523544447225,MODELING_HISTORY,Cluster 3,1.618394659986532
PROJ_044,"Central University, Hyderabad - TSPCB",Hyderabad,2025-11-22,Post-monsoon,34,69,23,24.325,68.4166666666667,1.69041666666667,68,Satisfactory,pm10,0.06514136704722334,-0.586099799320969,0.4616315885240974,1.096006534392837,0.4125218453781159,0.06093795531446851,MODELING_HISTORY,Cluster 3,1.3771468045735296
PROJ_044,"Central University, Hyderabad - TSPCB",Hyderabad,2025-11-25,Post-monsoon,44,86,20,22.9708333333333,65.375,2.09416666666667,86,Satisfactory,pm10,-0.4135086685599654,-1.203488191467232,0.8049041485706047,0.6775493073936665,0.01655853633508675,0.1234547108229696,MODELING_HISTORY,Cluster 3,0.991777048154228
PROJ_044,"Central University, Hyderabad - TSPCB",Hyderabad,2025-11-26,Post-monsoon,66,115,24,22.6375,67.5833333333333,1.91958333333333,117,Moderately Polluted,pm2_5,-1.6760773435683634,-2.0723788071149305,0.825898209213419,0.04981501696861257,0.32865818880939934,0.2034811830357121,MODELING_HISTORY,Cluster 3,1.5366989783250244
PROJ_044,"Central University, Hyderabad - TSPCB",Hyderabad,2025-11-29,Post-monsoon,59,119,16,20.6125,58.875,2.04916666666667,112,Moderately Polluted,pm10,-1.5820606166257742,-2.1684629382083553,1.264700980919709,0.4561818418820009,-0.5118835917159061,0.04653678103103836,MODELING_HISTORY,Cluster 3,1.7922858150480778
PROJ_044,"Central University, Hyderabad - TSPCB",Hyderabad,2025-11-30,Post-monsoon,52,99,21,21.6166666666667,60.9166666666667,1.98333333333333,99,Satisfactory,pm10,-1.0303044628705504,-1.6610768887597231,0.8426830897377515,0.6460331751723873,-0.2583811414920299,0.23483322221818392,MODELING_HISTORY,Cluster 3,1.0635012384534832
PROJ_044,"Central University, Hyderabad - TSPCB",Hyderabad,2025-12-01,Winter,46,85,22,22.55,64.5416666666667,1.76125,85,Satisfactory,pm10,-0.6135724045227455,-1.277854188680603,0.6793822300189475,0.903259398860646,0.08320591904976682,0.2522810379116204,MODELING_HISTORY,Cluster 3,0.9277063185675853
PROJ_044,"Central University, Hyderabad - TSPCB",Hyderabad,2025-12-02,Winter,58,111,22,22.9541666666667,66.0833333333333,2.1175,107,Moderately Polluted,pm10,-1.308038021645553,-1.77000342692545,0.8734599257887046,0.11128825394562458,0.1287390856680616,0.01593917123763476,MODELING_HISTORY,Cluster 3,1.202455753679734
PROJ_044,"Central University, Hyderabad - TSPCB",Hyderabad,2025-12-03,Winter,60,110,23,23.175,62.5,2.31541666666667,106,Moderately Polluted,pm10,-1.3735406210547318,-1.6650188618853223,0.8579314167571109,-0.07643214858557174,-0.01044187178526723,0.1755225060215414,MODELING_HISTORY,Cluster 3,1.2042498199057692
PROJ_044,"Central University, Hyderabad - TSPCB",Hyderabad,2025-12-04,Winter,56,105,24,23.6583333333333,63.7083333333333,2.05625,103,Moderately Polluted,pm10,-1.2531673777665964,-1.440641553515812,0.7295975140539729,0.14837682789400108,0.16341464883094772,0.1022810199814448,MODELING_HISTORY,Cluster 3,0.8801214878286018
PROJ_044,"Central University, Hyderabad - TSPCB",Hyderabad,2025-12-05,Winter,50,118,23,22.7708333333333,55.0416666666667,2.59791666666667,111,Moderately Polluted,pm10,-1.2867486604341745,-1.4418767783275812,0.7848258352225025,-0.03876890258397258,-0.6884737789649674,-0.23089280991269517,MODELING_HISTORY,Cluster 3,0.9955750687151331
PROJ_044,"Central University, Hyderabad - TSPCB",Hyderabad,2025-12-07,Winter,58,128,22,22.4458333333333,49.0833333333333,2.265,118,Moderately Polluted,pm10,-1.98730450061458,-1.5748520691698542,0.9529863373008108,-0.00536635065591872,-0.7730795044127486,-0.10395132342919268,MODELING_HISTORY,Cluster 3,1.5209659660996082
PROJ_044,"Central University, Hyderabad - TSPCB",Hyderabad,2025-12-08,Winter,57,130,21,21.1666666666667,45,2.29958333333333,119,Moderately Polluted,pm10,-2.037615673180154,-1.7422882030266869,1.005210443150777,0.16925763647168168,-1.1663262951898348,-0.06190317452318339,MODELING_HISTORY,Cluster 3,1.6239787036414453
PROJ_044,"Central University, Hyderabad - TSPCB",Hyderabad,2025-12-09,Winter,43,114,22,21.6958333333333,37.375,3.07416666666667,109,Moderately Polluted,pm10,-1.207552592947012,-1.0241706071015657,0.8306771851359435,0.05840228791635141,-1.8162428315211243,-0.0312152312446603,MODELING_HISTORY,Cluster 3,0.8582336463170438
PROJ_044,"Central University, Hyderabad - TSPCB",Hyderabad,2025-12-10,Winter,37,97,21,21.7083333333333,37.125,3.03416666666667,97,Satisfactory,pm10,-0.7124491438252388,-0.7148883887784286,0.8006455026920536,0.3795193810352647,-1.8131762401087832,0.1669674651213114,MODELING_HISTORY,Cluster 3,0.8183728741965236
PROJ_044,"Central University, Hyderabad - TSPCB",Hyderabad,2025-12-11,Winter,32,89,19,20.9708333333333,34.8333333333333,2.38791666666667,89,Satisfactory,pm10,-0.686946419739427,-0.572521010874336,0.8213586648154538,1.1127474435348987,-1.8197698027644824,0.20973829697732188,MODELING_HISTORY,Cluster 3,1.1653999663426398
PROJ_044,"Central University, Hyderabad - TSPCB",Hyderabad,2025-12-12,Winter,46,104,22,20.5875,37.5,1.91166666666667,102,Moderately Polluted,pm10,-1.5381349278418253,-1.134856699922821,0.7752895157987568,0.9990980206749708,-1.4439689641461555,0.31878495685968583,MODELING_HISTORY,Cluster 3,1.1128512816187843
PROJ_044,"Central University, Hyderabad - TSPCB",Hyderabad,2025-12-13,Winter,47,111,16,21,42.875,1.63375,107,Moderately Polluted,pm10,-1.644939169709421,-1.2587937568977932,1.149657627228723,1.0774604546269535,-1.0974273546222366,0.01656326848682644,MODELING_HISTORY,Cluster 3,1.4820407137944247
PROJ_044,"Central University, Hyderabad - TSPCB",Hyderabad,2025-12-14,Winter,47,107,15,21.3583333333333,48,1.7775,104,Moderately Polluted,pm10,-1.3838767886594143,-1.2978932958569602,1.2035186395272168,0.9606868406368728,-0.8703575209226042,0.01704308191239824,MODELING_HISTORY,Cluster 3,1.3787507583716823
PROJ_044,"Central University, Hyderabad - TSPCB",Hyderabad,2025-12-15,Winter,53,121,17,21.0083333333333,53.9583333333333,1.70958333333333,113,Moderately Polluted,pm10,-1.7197728536054273,-1.80986048419651,1.1367007158399,0.7492564476104626,-0.6404728012963378,-0.1766814621706549,MODELING_HISTORY,Cluster 3,1.5894833795824697
PROJ_044,"Central University, Hyderabad - TSPCB",Hyderabad,2025-12-16,Winter,54,121,22,21.1916666666667,54.0416666666667,1.73791666666667,113,Moderately Polluted,pm10,-1.7825724195079264,-1.8013437671738366,0.8348107908472759,0.6366316165086943,-0.6003423309018976,-0.11436082992793056,MODELING_HISTORY,Cluster 3,1.4095226111137649
PROJ_044,"Central University, Hyderabad - TSPCB",Hyderabad,2025-12-19,Winter,31,92,23,20.9166666666667,39.5833333333333,2.69166666666667,92,Satisfactory,pm10,-0.5040935692174686,-0.7644193600148802,0.559091200856422,0.8544975824830588,-1.7830038451509378,0.07317245831497493,MODELING_HISTORY,Cluster 3,0.8553512965278198
PROJ_044,"Central University, Hyderabad - TSPCB",Hyderabad,2025-12-20,Winter,36,99,18,20.3791666666667,44.6666666666667,2.3725,99,Satisfactory,pm10,-0.735341858427,-1.169742742178391,0.9028540862899378,0.9907680071814616,-1.5039245225453293,-0.02332162914053371,MODELING_HISTORY,Cluster 3,1.0773002496613633
PROJ_044,"Central University, Hyderabad - TSPCB",Hyderabad,2025-12-21,Winter,53,119,20,20.3125,54.6666666666667,1.44541666666667,112,Moderately Polluted,pm10,-1.7736878514874026,-1.9468766178160912,0.917593131385377,1.001585547802318,-0.6067459808879825,-0.09379067582869476,MODELING_HISTORY,Cluster 3,1.6400737320849297
PROJ_044,"Central University, Hyderabad - TSPCB",Hyderabad,2025-12-22,Winter,61,138,24,21.0708333333333,50.5833333333333,1.7,125,Moderately Polluted,pm10,-2.437031401882595,-2.0420120931457677,0.8198959031230094,0.36572168773021113,-0.7200090208568655,-0.2095990752199769,MODELING_HISTORY,Cluster 3,1.9604847418960187
PROJ_044,"Central University, Hyderabad - TSPCB",Hyderabad,2025-12-23,Winter,57,138,18,20.5625,51.0416666666667,1.675,125,Moderately Polluted,pm10,-2.250916569616999,-2.076856785838966,1.143811335857173,0.5902925136146201,-0.8407026079207578,-0.3784717402205952,MODELING_HISTORY,Cluster 3,2.0105863702424522
PROJ_044,"Central University, Hyderabad - TSPCB",Hyderabad,2025-12-24,Winter,63,131,22,21.0958333333333,50.375,2.14833333333333,120,Moderately Polluted,pm10,-2.1706814230495435,-2.034149765452101,0.9866376599163666,0.10862428516972383,-0.8110349785262906,0.04909470760934256,MODELING_HISTORY,Cluster 3,1.860498810824231
PROJ_044,"Central University, Hyderabad - TSPCB",Hyderabad,2025-12-27,Winter,67,143,22,20.775,53.7083333333333,1.37,128,Moderately Polluted,pm10,-2.74481001539305,-2.339911457887137,0.9917330311972394,0.453910082568175,-0.4477886593325765,-0.1818321030419413,MODELING_HISTORY,Cluster 3,2.419887862758303
PROJ_044,"Central University, Hyderabad - TSPCB",Hyderabad,2025-12-28,Winter,60,125,15,20.5875,54.125,1.47375,116,Moderately Polluted,pm10,-2.0706635971180902,-2.0674747882669875,1.3323003192049276,0.791971379012484,-0.5143842632510225,-0.02956339122838344,MODELING_HISTORY,Cluster 3,2.039453377313808
PROJ_044,"Central University, Hyderabad - TSPCB",Hyderabad,2025-12-29,Winter,51,116,22,20.4791666666667,52.9166666666667,1.51208333333333,110,Moderately Polluted,pm10,-1.6934280023796329,-1.7965521274681189,0.7749471481272306,0.9943484422980546,-0.6911179087204311,-0.05545005478967389,MODELING_HISTORY,Cluster 3,1.438671781794152
PROJ_044,"Central University, Hyderabad - TSPCB",Hyderabad,2025-12-30,Winter,59,142,15,20.6583333333333,55.5416666666667,0.830416666666667,128,Moderately Polluted,pm10,-2.595646902845231,-2.1920002378350256,1.3038580308767842,1.0654568346248614,-0.3342261895597819,-0.5493417085363351,MODELING_HISTORY,Cluster 3,2.4725369074465946
PROJ_044,"Central University, Hyderabad - TSPCB",Hyderabad,2025-12-31,Winter,60,136,15,21.6,55.4166666666667,1.43333333333333,123,Moderately Polluted,pm10,-2.297580911243627,-1.988709878525048,1.3537063771598814,0.5785862960057715,-0.3642476270539336,-0.3796720031327722,MODELING_HISTORY,Cluster 3,2.1141138943475077
PROJ_044,"Central University, Hyderabad - TSPCB",Hyderabad,2026-01-02,Winter,71,140,15,23.0125,62.9166666666667,1.90416666666667,134,Moderately Polluted,pm2_5,-2.3713289999937732,-2.1948675805690105,1.5080110490349676,-0.2213018489533357,0.13860153225755417,-0.2479360171785565,MODELING_HISTORY,Cluster 3,2.420439952664357
PROJ_044,"Central University, Hyderabad - TSPCB",Hyderabad,2026-01-03,Winter,63,127,15,22.7208333333333,61.875,2.31291666666667,117,Moderately Polluted,pm10,-1.7307495538444029,-1.9699070312014575,1.418570406482124,-0.15707865142869248,-0.15485323046007288,-0.1604520671409767,MODELING_HISTORY,Cluster 3,1.9112057729342917
PROJ_044,"Central University, Hyderabad - TSPCB",Hyderabad,2026-01-04,Winter,56,115,14,22.1375,58.75,2.33875,109,Moderately Polluted,pm10,-1.329651597001579,-1.74593524916715,1.3881030178874951,0.18592089652041316,-0.4246662354902676,-0.04163100077832651,MODELING_HISTORY,Cluster 3,1.5752566911655301
PROJ_044,"Central University, Hyderabad - TSPCB",Hyderabad,2026-01-05,Winter,54,119,14,21.475,55.4166666666667,1.94541666666667,112,Moderately Polluted,pm10,-1.569095281391209,-1.7637331762852868,1.3505813766185542,0.5522344563868686,-0.5710920717034846,-0.147212922072549,MODELING_HISTORY,Cluster 3,1.6248602961455874
PROJ_044,"Central University, Hyderabad - TSPCB",Hyderabad,2026-01-06,Winter,52,113,15,21.0333333333333,51.3333333333333,2.34833333333333,108,Moderately Polluted,pm10,-1.3270838131339369,-1.67710070210812,1.2851164266039443,0.4500197105306381,-0.9419184637522658,0.04656031047512712,MODELING_HISTORY,Cluster 3,1.445589607650839
PROJ_044,"Central University, Hyderabad - TSPCB",Hyderabad,2026-01-07,Winter,39,99,14,20.5458333333333,47.4166666666667,2.15,99,Satisfactory,pm10,-0.8194227944244705,-1.2485513792035707,1.1733043860474683,1.078586554838244,-1.2401086056637267,-0.00767031024644734,MODELING_HISTORY,Cluster 3,1.3429815917051253
PROJ_044,"Central University, Hyderabad - TSPCB",Hyderabad,2026-01-08,Winter,39,94,16,20.2666666666667,44.75,2.17375,94,Satisfactory,pm10,-0.7878231542802432,-1.1870291612080832,1.0463381818829829,1.1377557527924391,-1.3646331994877805,0.18881975689210292,MODELING_HISTORY,Cluster 3,1.2682154327338573
PROJ_044,"Central University, Hyderabad - TSPCB",Hyderabad,2026-01-21,Winter,36,85,16,22.5625,49.5833333333333,2.85958333333333,85,Satisfactory,pm10,-0.19392283480635655,-0.7224605780718397,1.0516368227049673,0.5109961092592175,-1.0795178745434233,0.1417375222477598,MODELING_HISTORY,Cluster 3,1.2826346439242529
PROJ_044,"Central University, Hyderabad - TSPCB",Hyderabad,2026-01-22,Winter,43,82,16,22.1166666666667,48.5,2.42958333333333,82,Satisfactory,pm10,-0.5347270324170932,-0.864465197305861,1.1047706227668732,0.7359584049746684,-0.8936619771747396,0.4868958632955851,MODELING_HISTORY,Cluster 3,1.1834926851850234
PROJ_044,"Central University, Hyderabad - TSPCB",Hyderabad,2026-01-23,Winter,59,86,15,22.0416666666667,50,2.49916666666667,98,Satisfactory,pm2_5,-1.019044332949993,-1.2925879622807797,1.3596548211505688,0.3239808838272802,-0.6171568317331548,0.9446730895488348,MODELING_HISTORY,Cluster 3,1.3269187025610767
PROJ_044,"Central University, Hyderabad - TSPCB",Hyderabad,2026-01-27,Winter,33,80,15,23.925,51.8333333333333,2.575,80,Satisfactory,pm10,-0.09795868271937457,-0.34800257542473645,1.0692776792779477,0.6307439789109589,-0.7086633506727412,0.02515509773174791,MODELING_HISTORY,Cluster 3,1.4905591107430125
PROJ_044,"Central University, Hyderabad - TSPCB",Hyderabad,2026-01-28,Winter,38,96,15,24.0208333333333,52.7083333333333,1.60166666666667,96,Satisfactory,pm10,-0.9323469979190302,-0.5342452552434946,1.094741044452181,1.0020105720843944,-0.3168666499400224,-0.2636862030360031,MODELING_HISTORY,Cluster 3,1.283878640093922
PROJ_044,"Central University, Hyderabad - TSPCB",Hyderabad,2026-01-29,Winter,44,101,14,24.1458333333333,54.0833333333333,2.18666666666667,100,Satisfactory,pm10,-0.9350168862021124,-0.7661969632416363,1.2638360375483708,0.42867850962469806,-0.3814293864844861,-0.17317770794079113,MODELING_HISTORY,Cluster 3,1.2145853286769566
PROJ_044,"Central University, Hyderabad - TSPCB",Hyderabad,2026-01-31,Winter,49,64,15,23.2125,52.9166666666667,2.48916666666667,81,Satisfactory,pm2_5,-0.25793286615744604,-0.6901008463553965,1.2195127926978726,0.5822412510174892,-0.3672442105674287,1.0185538872639543,MODELING_HISTORY,Cluster 3,1.3966904086106515
PROJ_044,"Central University, Hyderabad - TSPCB",Hyderabad,2026-02-01,Winter,53,69,15,22.6375,58.7083333333333,2.13708333333333,88,Satisfactory,pm2_5,-0.4554410976110374,-1.0882787125767348,1.2268501801646956,0.7339516148056062,-0.05674511278936459,0.9602818844487016,MODELING_HISTORY,Cluster 3,1.3179961686970445
PROJ_044,"Central University, Hyderabad - TSPCB",Hyderabad,2026-02-02,Winter,58,76,15,22.8416666666667,58.5,1.7475,97,Satisfactory,pm2_5,-0.9103910496426384,-1.176277457481075,1.2772984239763894,0.7934999530464983,0.15109078508834517,0.9383096223487728,MODELING_HISTORY,Cluster 3,1.2929303779085515
PROJ_044,"Central University, Hyderabad - TSPCB",Hyderabad,2026-02-05,Winter,39,51,14,23.2291666666667,54,2.22666666666667,64,Satisfactory,pm2_5,0.22396130472841988,-0.36005249222069535,1.1310688870412462,1.0926169766794829,-0.3237974937460546,0.93909810980745,MODELING_HISTORY,Cluster 3,1.8566441171500492
PROJ_044,"Central University, Hyderabad - TSPCB",Hyderabad,2026-02-06,Winter,42,55,14,23.5916666666667,50.4583333333333,2.04833333333333,69,Satisfactory,pm2_5,-0.11543292259600592,-0.262829796291117,1.1787942225806154,1.0764772911644036,-0.31738209714777366,0.9744614698748078,MODELING_HISTORY,Cluster 3,1.7223697422381232
PROJ_044,"Central University, Hyderabad - TSPCB",Hyderabad,2026-02-07,Winter,46,60,15,23.4125,45.625,1.76916666666667,76,Satisfactory,pm2_5,-0.5693392309964593,-0.27183693828173555,1.1675758821530688,1.163115188954885,-0.3939635220919095,1.0722990886949617,MODELING_HISTORY,Cluster 3,1.5788324585378362
PROJ_044,"Central University, Hyderabad - TSPCB",Hyderabad,2026-02-09,Winter,32,41,15,23.5916666666667,34.4166666666667,1.67291666666667,52,Satisfactory,pm2_5,-0.10413240502724735,0.5779513061869124,1.0131699103198724,1.7254961835486644,-0.9054501423132368,1.196775644216208,MODELING_HISTORY,Cluster 1,2.387793839733973
PROJ_044,"Central University, Hyderabad - TSPCB",Hyderabad,2026-02-10,Winter,32,41,15,23.8583333333333,40.3333333333333,2.03333333333333,52,Satisfactory,pm2_5,0.18154788581795617,0.4349688329110422,1.0163565652493465,1.427739663868948,-0.762275239927932,1.109812341418879,MODELING_HISTORY,Cluster 3,2.310570899313912
PROJ_044,"Central University, Hyderabad - TSPCB",Hyderabad,2026-02-11,Winter,35,46,14,23.5333333333333,49.6666666666667,2.13416666666667,57,Satisfactory,pm2_5,0.2864708201996502,-0.02704684491925653,1.091269380835762,1.2638026831525178,-0.456217024745826,0.964429371391706,MODELING_HISTORY,Cluster 3,2.078429377677911
PROJ_044,"Central University, Hyderabad - TSPCB",Hyderabad,2026-02-12,Winter,35,45,15,23.525,48.9583333333333,2.05083333333333,57,Satisfactory,pm2_5,0.24653058892087965,0.00744528385263599,1.0242942273480544,1.3225121686766264,-0.4488783009930909,1.003278827628672,MODELING_HISTORY,Cluster 3,2.0650877600512256
PROJ_044,"Central University, Hyderabad - TSPCB",Hyderabad,2026-02-13,Winter,38,53,16,24.1458333333333,43.9583333333333,1.82875,62,Satisfactory,pm2_5,-0.2402110956323888,0.16590506853044887,1.0197071698158024,1.260837134526607,-0.4693457228608116,0.9529800017532984,MODELING_HISTORY,Cluster 3,1.881343439847141
PROJ_044,"Central University, Hyderabad - TSPCB",Hyderabad,2026-02-14,Winter,46,52,15,24.725,39.7916666666667,1.91458333333333,76,Satisfactory,pm2_5,-0.5411664119149495,0.258859544045514,1.202741709802759,0.9934847917479804,-0.4348189738584535,1.299159962618807,MODELING_HISTORY,Cluster 3,1.842251948238021
PROJ_044,"Central University, Hyderabad - TSPCB",Hyderabad,2026-02-15,Winter,56,65,15,24.9875,40.2916666666667,1.66291666666667,93,Satisfactory,pm2_5,-1.1913512606385506,-0.01039858221674054,1.3256048612440994,0.7888910753407721,-0.1891051006922657,1.3029441575042977,MODELING_HISTORY,Cluster 3,1.6579389714191615
PROJ_044,"Central University, Hyderabad - TSPCB",Hyderabad,2026-02-20,Winter,33,37,15,25.3041666666667,47.625,2.78208333333333,53,Satisfactory,pm2_5,0.6703866437457214,0.5021510725017843,1.0586566349894082,0.7288019492082042,-0.48905454008991706,1.0946268039822709,MODELING_HISTORY,Cluster 2,1.8948778670293356
PROJ_044,"Central University, Hyderabad - TSPCB",Hyderabad,2026-02-21,Winter,26,29,15,26.15,47.3333333333333,2.29208333333333,43,Good,pm2_5,0.8058298893799961,0.9626984919477776,0.9522324722295747,1.1662947087470574,-0.27209365274336217,0.9709773101523096,MODELING_HISTORY,Cluster 2,2.265095623739477
PROJ_044,"Central University, Hyderabad - TSPCB",Hyderabad,2026-02-22,Winter,26,29,15,26.1208333333333,48.7083333333333,1.72375,43,Good,pm2_5,0.6115314215618313,0.9640947497258616,0.9167239579694046,1.5395312662985048,-0.0167920330910043,0.91937524231804,MODELING_HISTORY,Cluster 1,2.4285224312947133
PROJ_044,"Central University, Hyderabad - TSPCB",Hyderabad,2026-02-23,Winter,25,28,15,25.2333333333333,59.0416666666667,1.5875,42,Good,pm2_5,0.8911341472531669,0.5083291093731405,0.8495609858346376,1.7331526927950902,0.29787265251835654,0.7866214716887806,MODELING_HISTORY,Cluster 2,2.416044471790372
PROJ_044,"Central University, Hyderabad - TSPCB",Hyderabad,2026-02-24,Winter,26,29,16,23.7625,67.375,1.93791666666667,43,Good,pm2_5,1.2275470666173205,-0.12216447053452124,0.7698489392568624,1.6195122964291817,0.29456841550156576,0.7738326530045194,MODELING_HISTORY,Cluster 2,2.0700513419134223
PROJ_044,"Central University, Hyderabad - TSPCB",Hyderabad,2026-02-27,Winter,16,29,15,25.2,57.125,1.77833333333333,29,Good,pm10,1.1736177330324304,0.7118420795632115,0.7609388204614601,1.8028181011309048,-0.01398280420800773,0.478171002151891,MODELING_HISTORY,Cluster 2,2.449789293651705
PROJ_044,"Central University, Hyderabad - TSPCB",Hyderabad,2026-02-28,Winter,21,39,17,25.4458333333333,55.375,2.17708333333333,39,Good,pm10,0.9230334242143134,0.578038752934214,0.7362786597802266,1.2959352087523497,-0.16251574828662016,0.4618622737027264,MODELING_HISTORY,Cluster 2,2.0440292624018435
PROJ_044,"Central University, Hyderabad - TSPCB",Hyderabad,2026-03-01,Summer / Pre-monsoon,23,42,15,26.1666666666667,54.4583333333333,1.94041666666667,42,Good,pm10,0.6808351433801482,0.7168361144240726,0.8909107601468574,1.3101697123844973,0.0094042769613678,0.40778547359256495,MODELING_HISTORY,Cluster 2,2.264503909431153
PROJ_044,"Central University, Hyderabad - TSPCB",Hyderabad,2026-03-02,Summer / Pre-monsoon,27,50,15,27.1958333333333,51,1.51333333333333,50,Good,pm10,0.11559844291031268,0.9198262462733272,0.951037143124568,1.3120246653288,0.2012870363902876,0.3289320614088842,MODELING_HISTORY,Cluster 1,2.039496376949873
PROJ_044,"Central University, Hyderabad - TSPCB",Hyderabad,2026-03-03,Summer / Pre-monsoon,25,46,15,27.7625,44.7916666666667,1.81791666666667,46,Good,pm10,0.2040335054291963,1.2817248571754143,0.9672826976118264,1.1424850353297054,-0.08099049562950822,0.43918683607549946,MODELING_HISTORY,Cluster 1,1.930205010197167
PROJ_044,"Central University, Hyderabad - TSPCB",Hyderabad,2026-03-04,Summer / Pre-monsoon,23,41,15,27.1708333333333,37.5416666666667,1.90791666666667,41,Good,pm10,0.23368288315518132,1.4446204456556824,0.9583315206168656,1.28018754608949,-0.492641923700846,0.6412594576077174,MODELING_HISTORY,Cluster 1,2.0323657399274793
PROJ_044,"Central University, Hyderabad - TSPCB",Hyderabad,2026-03-05,Summer / Pre-monsoon,21,37,16,27.0875,32.9166666666667,1.67416666666667,37,Good,pm10,0.15558097621808442,1.659849585579737,0.8679742782615568,1.535021859765458,-0.6137255783233637,0.7390521413152473,MODELING_HISTORY,Cluster 1,2.155072781811823
PROJ_044,"Central University, Hyderabad - TSPCB",Hyderabad,2026-03-06,Summer / Pre-monsoon,30,54,16,27.4333333333333,29.625,2.13791666666667,53,Satisfactory,pm10,-0.3501227079637963,1.438445099153445,1.0363821728340346,0.8474988806220862,-0.8051302177044412,0.7020733139281884,MODELING_HISTORY,Cluster 1,1.558799005382868
PROJ_044,"Central University, Hyderabad - TSPCB",Hyderabad,2026-03-07,Summer / Pre-monsoon,34,63,15,27.9166666666667,31.8333333333333,1.52083333333333,62,Satisfactory,pm10,-0.8451840336892062,1.362654214842175,1.1246021934948092,1.0229614145137726,-0.4080292864280928,0.5215094999858547,MODELING_HISTORY,Cluster 1,1.6737904825169205
PROJ_044,"Central University, Hyderabad - TSPCB",Hyderabad,2026-03-08,Summer / Pre-monsoon,30,54,15,27.8791666666667,37.2083333333333,1.83958333333333,53,Satisfactory,pm10,-0.286062622563191,1.343767714136455,1.064576783262783,0.963739293463277,-0.3320984926768745,0.5354899398286708,MODELING_HISTORY,Cluster 1,1.6688991849670018
PROJ_044,"Central University, Hyderabad - TSPCB",Hyderabad,2026-03-09,Summer / Pre-monsoon,26,47,15,27.4333333333333,51.625,2.45291666666667,47,Good,pm10,0.5918661873440685,0.9261517154798522,0.987022246405216,0.70713458192353,-0.07767156249031505,0.3968252763228899,MODELING_HISTORY,Cluster 1,1.9950772059811912
PROJ_044,"Central University, Hyderabad - TSPCB",Hyderabad,2026-03-11,Summer / Pre-monsoon,12,23,15,27.7291666666667,41.2083333333333,2.1075,23,Good,pm10,1.0694004889431046,1.8508530526172688,0.8118257257502111,1.4616543190218376,-0.4207752163529237,0.6127511750651684,MODELING_HISTORY,Cluster 1,2.6512821742887307
PROJ_044,"Central University, Hyderabad - TSPCB",Hyderabad,2026-03-12,Summer / Pre-monsoon,22,39,16,28.1458333333333,40.125,1.94833333333333,39,Good,pm10,0.3462240681443279,1.6220376316470582,0.8874049890255988,1.1450261467457483,-0.265575249264398,0.570860141039108,MODELING_HISTORY,Cluster 1,1.9835485270297026
PROJ_044,"Central University, Hyderabad - TSPCB",Hyderabad,2026-03-13,Summer / Pre-monsoon,24,43,15,29.625,29.4583333333333,2.04375,43,Good,pm10,-0.05595408498840454,2.1731588474495203,1.0407082820430282,0.8626149532435361,-0.4920011853261614,0.6292171245434114,MODELING_HISTORY,Cluster 1,1.8642888352502238
PROJ_044,"Central University, Hyderabad - TSPCB",Hyderabad,2026-03-14,Summer / Pre-monsoon,21,39,15,29.0708333333333,39.0416666666667,2.74416666666667,39,Good,pm10,0.6512572660988032,1.813810611041184,0.9981382505861104,0.5338752493307863,-0.4766242659191132,0.5387319527786547,MODELING_HISTORY,Cluster 1,1.9856971859639811
PROJ_044,"Central University, Hyderabad - TSPCB",Hyderabad,2026-03-15,Summer / Pre-monsoon,16,29,15,28.2875,41.8333333333333,2.91458333333333,29,Good,pm10,1.157630618267131,1.7470228259031435,0.9155069726377002,0.7119073757019009,-0.5711539974932216,0.6138074849393349,MODELING_HISTORY,Cluster 1,2.3856942424258345
PROJ_044,"Central University, Hyderabad - TSPCB",Hyderabad,2026-03-16,Summer / Pre-monsoon,18,33,15,27.55,43.75,2.51083333333333,33,Good,pm10,0.9268474048497448,1.4802023344279236,0.9059687946691846,0.9873441544895368,-0.4479893266153973,0.5744477419714877,MODELING_HISTORY,Cluster 1,2.2830662419056247
PROJ_044,"Central University, Hyderabad - TSPCB",Hyderabad,2026-03-17,Summer / Pre-monsoon,11,21,15,26.4416666666667,49.1666666666667,2.37708333333333,21,Good,pm10,1.4847972768051911,1.3512116053610688,0.7676363664602202,1.4590685858245105,-0.3998834862491343,0.5862226614733633,MODELING_HISTORY,Cluster 2,2.488149854606849
PROJ_044,"Central University, Hyderabad - TSPCB",Hyderabad,2026-03-18,Summer / Pre-monsoon,9,17,15,23.3666666666667,61.5833333333333,2.9525,17,Good,pm10,2.257597037411057,0.3394184519980166,0.6860644484878193,1.5102561794861091,-0.583622764010316,0.617017489028104,MODELING_HISTORY,Cluster 2,2.0822876643275237
PROJ_044,"Central University, Hyderabad - TSPCB",Hyderabad,2026-03-19,Summer / Pre-monsoon,10,18,15,24.5333333333333,62,1.59541666666667,18,Good,pm10,1.6354273167772222,0.6705605832937056,0.6409048184730314,2.220692097986992,0.107336082538741,0.4832192163973699,MODELING_HISTORY,Cluster 2,2.7283475344164514
PROJ_044,"Central University, Hyderabad - TSPCB",Hyderabad,2026-03-20,Summer / Pre-monsoon,12,22,15,24.7291666666667,60.875,1.23916666666667,22,Good,pm10,1.319810654936845,0.6956421386181456,0.6569111272804948,2.3551061185651827,0.2314600429336976,0.44362889667191074,MODELING_HISTORY,Cluster 2,2.8811693733644996
PROJ_044,"Central University, Hyderabad - TSPCB",Hyderabad,2026-03-21,Summer / Pre-monsoon,15,27,16,25.6458333333333,59.625,1.65125,27,Good,pm10,1.23223258992736,0.7881281327678392,0.6740399953014901,1.8479997287685244,0.19186475204126271,0.4283709004143277,MODELING_HISTORY,Cluster 2,2.4853435067555747
PROJ_044,"Central University, Hyderabad - TSPCB",Hyderabad,2026-03-26,Summer / Pre-monsoon,22,39,16,29.7958333333333,39.5416666666667,1.49,39,Good,pm10,0.09715023489115744,2.0444180166646593,0.8874017344651426,1.2335900276290903,0.1214640625455578,0.4652062318437757,MODELING_HISTORY,Cluster 1,2.0143193452930306
PROJ_044,"Central University, Hyderabad - TSPCB",Hyderabad,2026-03-27,Summer / Pre-monsoon,19,34,17,29.9291666666667,38.875,1.96791666666667,34,Good,pm10,0.4486245508223982,2.1632576107073427,0.8118937044641648,1.0042161534217224,-0.07952596788336636,0.5175345350487994,MODELING_HISTORY,Cluster 1,2.068872169342387
PROJ_044,"Central University, Hyderabad - TSPCB",Hyderabad,2026-03-28,Summer / Pre-monsoon,15,28,16,30.1333333333333,34.6666666666667,2.53125,28,Good,pm10,0.8096402968886334,2.4268506507546475,0.8677163377559459,0.7739309885122078,-0.4532595870539483,0.6005089052284533,MODELING_HISTORY,Cluster 1,2.3350273585591763
PROJ_044,"Central University, Hyderabad - TSPCB",Hyderabad,2026-03-29,Summer / Pre-monsoon,20,37,17,30.0708333333333,34.7916666666667,2.21333333333333,37,Good,pm10,0.35316008550927697,2.2419870552449854,0.8562947862996387,0.7916122051243917,-0.3090729419695588,0.5492700961871257,MODELING_HISTORY,Cluster 1,1.9602333448048033
PROJ_044,"Central University, Hyderabad - TSPCB",Hyderabad,2026-03-30,Summer / Pre-monsoon,14,26,17,29.0083333333333,46.7916666666667,2.09541666666667,26,Good,pm10,1.0313612667101664,1.9001794427235037,0.7104539005441413,1.188583855998749,0.01169281308136124,0.4678231184618266,MODELING_HISTORY,Cluster 1,2.4458681587920186
PROJ_044,"Central University, Hyderabad - TSPCB",Hyderabad,2026-03-31,Summer / Pre-monsoon,9,16,17,27.0208333333333,57.7916666666667,2.22791666666667,17,Good,o3,1.7638302909954922,1.3303276142180092,0.5817713201378947,1.5151451605086674,0.07679695254951208,0.4774393980058684,MODELING_HISTORY,Cluster 2,2.464043211972033
PROJ_044,"Central University, Hyderabad - TSPCB",Hyderabad,2026-04-02,Summer / Pre-monsoon,8,14,16,28.1041666666667,49,1.79916666666667,16,Good,o3,1.415221478879254,1.904780604267154,0.6522233490309535,1.7425118633217909,0.03881161386065895,0.5388069395701305,MODELING_HISTORY,Cluster 1,3.0305897041005263
PROJ_044,"Central University, Hyderabad - TSPCB",Hyderabad,2026-04-03,Summer / Pre-monsoon,9,17,16,28.9416666666667,47.9166666666667,1.48666666666667,17,Good,pm10,1.1486553254283705,2.0979998973053364,0.6661812435616228,1.794335685343111,0.23247699454835563,0.45486628544047986,MODELING_HISTORY,Cluster 1,2.9224056839006005
PROJ_044,"Central University, Hyderabad - TSPCB",Hyderabad,2026-04-04,Summer / Pre-monsoon,9,16,16,29.3,43.25,1.70916666666667,16,Good,"o3,pm10",1.1303709642290465,2.304752887765763,0.6973968834758847,1.629297787969196,0.02674516278894906,0.5457299299926915,MODELING_HISTORY,Cluster 1,2.875491568903369
PROJ_044,"Central University, Hyderabad - TSPCB",Hyderabad,2026-04-05,Summer / Pre-monsoon,11,19,16,29.4708333333333,45.625,1.98833333333333,19,Good,pm10,1.179096658793636,2.179285574219694,0.734167669292981,1.3420809066459132,0.06193728381370422,0.5129060124723689,MODELING_HISTORY,Cluster 1,2.71745073659887
PROJ_044,"Central University, Hyderabad - TSPCB",Hyderabad,2026-04-06,Summer / Pre-monsoon,8,15,17,29.2583333333333,40.1666666666667,2.70541666666667,17,Good,o3,1.4982818843243089,2.3301451466973755,0.6840722898459304,1.0110546171874124,-0.4720299522302727,0.6474616680000573,MODELING_HISTORY,Cluster 1,2.8439430335257243
PROJ_044,"Central University, Hyderabad - TSPCB",Hyderabad,2026-04-07,Summer / Pre-monsoon,10,17,17,28.6125,31.6666666666667,2.45,17,Good,"o3,pm10,pm2_5",1.1026671469113687,2.3943240759279876,0.7160948051192002,1.2387988613682437,-0.7886177481313865,0.8240707473888009,MODELING_HISTORY,Cluster 1,2.6775727631332376
PROJ_044,"Central University, Hyderabad - TSPCB",Hyderabad,2026-04-08,Summer / Pre-monsoon,14,25,16,29.3166666666667,34.0416666666667,1.86458333333333,25,Good,pm10,0.6372970884555392,2.370324531535518,0.8072131920877428,1.3729432036052456,-0.3576776352463822,0.6555224421333803,MODELING_HISTORY,Cluster 1,2.4711453403232766
PROJ_044,"Central University, Hyderabad - TSPCB",Hyderabad,2026-04-09,Summer / Pre-monsoon,13,24,15,29.7958333333333,35.2916666666667,2.13,24,Good,pm10,0.8191188371195617,2.4500160635661197,0.8742721112934251,1.169890169983799,-0.34503813472432854,0.606248763751863,MODELING_HISTORY,Cluster 1,2.5294042934975103
PROJ_044,"Central University, Hyderabad - TSPCB",Hyderabad,2026-04-10,Summer / Pre-monsoon,18,32,16,30.5625,35.3333333333333,2.06291666666667,32,Good,pm10,0.4564186198097962,2.44101392730815,0.8866970166129224,0.9228168492261936,-0.16589591044384658,0.5502393860882523,MODELING_HISTORY,Cluster 1,2.18952583657382
PROJ_044,"Central University, Hyderabad - TSPCB",Hyderabad,2026-04-11,Summer / Pre-monsoon,16,28,16,31.4166666666667,39,1.68208333333333,28,Good,pm10,0.5065004439398506,2.6375649989846597,0.8370266262101171,1.126570825232598,0.23228391419080752,0.4521897047768124,MODELING_HISTORY,Cluster 1,2.3978138008583216
PROJ_044,"Central University, Hyderabad - TSPCB",Hyderabad,2026-04-12,Summer / Pre-monsoon,17,31,15,32.0583333333333,37.25,2.01916666666667,31,Good,pm10,0.4996387596673975,2.753394773554827,0.9488810523639472,0.7876897253871438,0.13544058725456143,0.41831379489643167,MODELING_HISTORY,Cluster 1,2.355213491949553
PROJ_044,"Central University, Hyderabad - TSPCB",Hyderabad,2026-04-13,Summer / Pre-monsoon,17,31,15,32.1208333333333,38.9166666666667,2.96333333333333,31,Good,pm10,0.9208756231231892,2.6393862140420934,0.9948309179672352,0.14920184611455045,-0.13046078490446167,0.4414357449303216,MODELING_HISTORY,Cluster 1,2.4248636517702113
PROJ_044,"Central University, Hyderabad - TSPCB",Hyderabad,2026-04-14,Summer / Pre-monsoon,14,25,16,32.6583333333333,37.4583333333333,2.66958333333333,25,Good,pm10,0.9480700632425274,2.9462448118396276,0.8848310992774983,0.38880286991618546,-0.01815047734118694,0.4661165068528,MODELING_HISTORY,Cluster 1,2.6080384595203348
PROJ_044,"Central University, Hyderabad - TSPCB",Hyderabad,2026-04-15,Summer / Pre-monsoon,17,32,17,32.95,32.1666666666667,2.53666666666667,32,Good,pm10,0.5192211347831364,3.0426914729498917,0.8802161803625438,0.32192700589556955,-0.12517618358006696,0.4679620337211931,MODELING_HISTORY,Cluster 1,2.3946522406261983
PROJ_044,"Central University, Hyderabad - TSPCB",Hyderabad,2026-04-21,Summer / Pre-monsoon,11,21,15,31.1958333333333,43.7916666666667,2.00958333333333,21,Good,pm10,1.0596981496208882,2.595349583398522,0.8311539418118535,1.100573248821017,0.22503543801539572,0.3927156424111838,MODELING_HISTORY,Cluster 1,2.704927034307504
PROJ_044,"Central University, Hyderabad - TSPCB",Hyderabad,2026-04-22,Summer / Pre-monsoon,9,17,15,31.2,40.0416666666667,1.925,17,Good,pm10,1.069264967844553,2.793504811863395,0.8105599509131455,1.251409223877304,0.09711508398821957,0.4732408227467555,MODELING_HISTORY,Cluster 1,2.868707864374355
PROJ_044,"Central University, Hyderabad - TSPCB",Hyderabad,2026-04-23,Summer / Pre-monsoon,16,29,15,30.9,43.7083333333333,1.62416666666667,29,Good,pm10,0.6051772103748649,2.381999578841876,0.8758192782097115,1.2131818943586812,0.3562414910286576,0.3712596051794698,MODELING_HISTORY,Cluster 1,2.392418764692476
PROJ_044,"Central University, Hyderabad - TSPCB",Hyderabad,2026-04-24,Summer / Pre-monsoon,15,28,17,30.7708333333333,41.1666666666667,1.68083333333333,28,Good,pm10,0.6015806373049968,2.44982906880324,0.7455641762928681,1.2147804048154185,0.20579077969024295,0.42405651152472695,MODELING_HISTORY,Cluster 1,2.370849264073563
PROJ_044,"Central University, Hyderabad - TSPCB",Hyderabad,2026-04-25,Summer / Pre-monsoon,18,32,15,32.0416666666667,37.7083333333333,1.575,32,Good,pm10,0.2826652949986484,2.7433896007497967,0.9363406583568984,1.0505246754461013,0.32292065210652315,0.3987251438170733,MODELING_HISTORY,Cluster 1,2.3484425077689113
PROJ_044,"Central University, Hyderabad - TSPCB",Hyderabad,2026-04-26,Summer / Pre-monsoon,14,25,15,32.6625,38.9583333333333,2.27916666666667,25,Good,pm10,0.8359049713305458,2.937898670326597,0.9223975367384588,0.6493170705316618,0.18226087760705809,0.41351822651664694,MODELING_HISTORY,Cluster 1,2.607217249558611
PROJ_044,"Central University, Hyderabad - TSPCB",Hyderabad,2026-04-27,Summer / Pre-monsoon,14,25,16,33.0541666666667,34.9166666666667,2.87583333333333,25,Good,pm10,0.9559463914407468,3.090750626302165,0.909845344957118,0.21139335729577252,-0.13443285173974867,0.49597750814753977,MODELING_HISTORY,Cluster 1,2.6863212098326983
PROJ_044,"Central University, Hyderabad - TSPCB",Hyderabad,2026-04-28,Summer / Pre-monsoon,12,22,16,32.9,35.6666666666667,2.28875,22,Good,pm10,0.8605407111911212,3.1550308890450363,0.8463105627520389,0.6865718445671167,0.06756947245232231,0.46183273847586953,MODELING_HISTORY,Cluster 1,2.7418311471781767
PROJ_044,"Central University, Hyderabad - TSPCB",Hyderabad,2026-04-29,Summer / Pre-monsoon,10,18,16,32.8375,34.125,2.24041666666667,18,Good,pm10,0.9420065926597828,3.271139908140141,0.8193509702963631,0.8129496794568434,0.00395167688987277,0.5134162024140112,MODELING_HISTORY,Cluster 1,2.896523348436667
PROJ_044,"Central University, Hyderabad - TSPCB",Hyderabad,2026-04-30,Summer / Pre-monsoon,12,22,16,33.2833333333333,29.7916666666667,2.36583333333333,22,Good,pm10,0.7331983851188414,3.4044942390937103,0.8753850596396769,0.610068832386553,-0.1356487170980933,0.5373520085605005,MODELING_HISTORY,Cluster 1,2.8305340530316845
PROJ_044,"Central University, Hyderabad - TSPCB",Hyderabad,2026-05-01,Summer / Pre-monsoon,11,19,16,32.3333333333333,26.7916666666667,2.83166666666667,19,Good,pm10,0.9628836326565536,3.292015127812304,0.8817891775525123,0.48892744012788875,-0.562750985585194,0.6998357182831897,MODELING_HISTORY,Cluster 1,2.859040531769719
PROJ_044,"Central University, Hyderabad - TSPCB",Hyderabad,2026-05-02,Summer / Pre-monsoon,8,14,16,33.1583333333333,27.0833333333333,2.48083333333333,16,Good,o3,0.991017502352205,3.6079986680171894,0.8315702498639135,0.721518369582403,-0.3245178670539005,0.6464391359219344,MODELING_HISTORY,Cluster 1,3.135033873230613
PROJ_044,"Central University, Hyderabad - TSPCB",Hyderabad,2026-05-03,Summer / Pre-monsoon,10,18,16,33.0708333333333,27,3.06291666666667,18,Good,pm10,1.0889806542944562,3.4608344058084684,0.8905609344711632,0.26928773505035364,-0.54014448353361,0.6581365127477706,MODELING_HISTORY,Cluster 1,3.020001943301065
PROJ_044,"Central University, Hyderabad - TSPCB",Hyderabad,2026-05-04,Summer / Pre-monsoon,8,15,16,31.9708333333333,32.125,2.3225,16,Good,o3,1.0693966850828005,3.2005958183054863,0.7911642414001852,0.9513954736126524,-0.25003167716886365,0.5981327139982233,MODELING_HISTORY,Cluster 1,2.9674067487240343
PROJ_044,"Central University, Hyderabad - TSPCB",Hyderabad,2026-05-07,Summer / Pre-monsoon,6,11,33,30.1708333333333,49,2.40333333333333,33,Good,o3,1.577610321189498,2.359625847467424,-0.3936713936784425,0.9794452573325264,0.11865907403872424,0.5841148682664119,MODELING_HISTORY,Cluster 1,2.809410360688119
PROJ_044,"Central University, Hyderabad - TSPCB",Hyderabad,2026-05-08,Summer / Pre-monsoon,5,9,19,29.8833333333333,50.125,2.42583333333333,19,Good,o3,1.8061480593134984,2.3220500520764107,0.4743086257194819,1.1722566317419552,0.09984229928570476,0.49663926640171824,MODELING_HISTORY,Cluster 2,3.008553182611341
PROJ_044,"Central University, Hyderabad - TSPCB",Hyderabad,2026-05-09,Summer / Pre-monsoon,4,8,11,29.8625,52.5,2.29791666666667,11,Good,o3,1.9291086718557613,2.3011717654664756,0.9540383721185776,1.3571171117575065,0.22136182228985815,0.3848673932123839,MODELING_HISTORY,Cluster 2,3.19648331512166
PROJ_044,"Central University, Hyderabad - TSPCB",Hyderabad,2026-05-10,Summer / Pre-monsoon,5,10,10,30.2833333333333,50.4166666666667,2.51875,10,Good,"o3,pm10",1.892879673299971,2.397575636303942,1.0564661856409177,1.1346040272924194,0.12656596558661243,0.3864859007009504,MODELING_HISTORY,Cluster 2,3.1987890179735743
PROJ_044,"Central University, Hyderabad - TSPCB",Hyderabad,2026-05-11,Summer / Pre-monsoon,6,10,10,30.2666666666667,52.0416666666667,2.47166666666667,10,Good,"o3,pm10,pm2_5",1.88483524437381,2.3304460297346687,1.060056748034008,1.1396621137456944,0.22268872272725243,0.3955596268164369,MODELING_HISTORY,Cluster 2,3.14561518416731
PROJ_044,"Central University, Hyderabad - TSPCB",Hyderabad,2026-05-12,Summer / Pre-monsoon,10,32,10,31.0125,48.9583333333333,2.33291666666667,32,Good,pm10,1.1832904579268972,2.29245608674788,1.1483417595347083,0.8571816068123304,0.1997994657642723,-0.00506387993291235,MODELING_HISTORY,Cluster 1,2.702750791820871
PROJ_044,"Central University, Hyderabad - TSPCB",Hyderabad,2026-05-13,Summer / Pre-monsoon,11,66,10,31.8791666666667,47.5833333333333,2.14541666666667,65,Satisfactory,pm10,0.35978164416005487,2.173872682960692,1.2098608913049864,0.5369433330647622,0.15631910578793137,-0.8480475878996813,MODELING_HISTORY,Cluster 1,2.03970549846649
PROJ_044,"Central University, Hyderabad - TSPCB",Hyderabad,2026-05-14,Summer / Pre-monsoon,23,98,10,32.4166666666667,44,1.64291666666667,98,Satisfactory,pm10,-0.9298018929311282,1.8713715482096815,1.384483764546286,0.26036743325069844,0.29348064115298395,-1.2080509753101327,MODELING_HISTORY,Cluster 1,1.628830758998626
PROJ_044,"Central University, Hyderabad - TSPCB",Hyderabad,2026-05-15,Summer / Pre-monsoon,24,87,11,32.3208333333333,45.125,2.28958333333333,87,Satisfactory,pm10,-0.46323955513173126,1.8535363791543864,1.3484022638484874,-0.0878759742984368,0.17360486886622334,-0.8682102894433057,MODELING_HISTORY,Cluster 1,1.5777432342389797
PROJ_044,"Central University, Hyderabad - TSPCB",Hyderabad,2026-05-16,Summer / Pre-monsoon,29,112,12,33,42.2083333333333,2.11291666666667,107,Moderately Polluted,pm10,-1.270250762888921,1.7468483236751404,1.3853010217221569,-0.3960619793049647,0.16110555347273506,-1.300989504609905,MODELING_HISTORY,Cluster 1,1.6438853293162612
PROJ_044,"Central University, Hyderabad - TSPCB",Hyderabad,2026-05-20,Summer / Pre-monsoon,19,65,11,33.275,42,3.35291666666667,64,Satisfactory,pm10,0.43579322435393586,2.3922454513220703,1.3420734769049103,-0.5913136672940984,-0.14823872586418685,-0.4470977904292095,MODELING_HISTORY,Cluster 1,2.2224840252720193
PROJ_044,"Central University, Hyderabad - TSPCB",Hyderabad,2026-05-22,Summer / Pre-monsoon,17,72,10,32.4291666666667,47.7083333333333,4.96708333333333,71,Satisfactory,pm10,1.1891667070552563,1.8728170253859044,1.446804822489142,-1.582307742909539,-0.7079961863749034,-0.6540372690801973,MODELING_HISTORY,Cluster 2,2.9282437258678313
PROJ_044,"Central University, Hyderabad - TSPCB",Hyderabad,2026-05-23,Summer / Pre-monsoon,18,72,10,32.3875,46.625,4.29625,71,Satisfactory,pm10,0.8621298694079517,1.9313336238062928,1.425646029516233,-1.1508294989046128,-0.4973171454099594,-0.6359611552524485,MODELING_HISTORY,Cluster 1,2.5572856741959704
PROJ_044,"Central University, Hyderabad - TSPCB",Hyderabad,2026-05-24,Summer / Pre-monsoon,10,46,10,31.9,47.1666666666667,4.62833333333333,46,Good,pm10,1.7685219420478655,2.205813815200201,1.307546108959036,-0.8966229700131265,-0.6520351258334247,-0.2444570990210989,MODELING_HISTORY,Cluster 2,2.866698079604331
PROJ_044,"Central University, Hyderabad - TSPCB",Hyderabad,2026-05-25,Summer / Pre-monsoon,14,66,10,31.9708333333333,45.7083333333333,3.46208333333333,65,Satisfactory,pm10,0.7514250030220714,2.0774164024178057,1.3234320952822622,-0.4005631612227966,-0.3276868108655059,-0.6416238858084075,MODELING_HISTORY,Cluster 1,2.249830889766963
PROJ_044,"Central University, Hyderabad - TSPCB",Hyderabad,2026-05-26,Summer / Pre-monsoon,14,56,11,31.7666666666667,48.125,3.03375,55,Satisfactory,pm10,0.8301586023396211,2.098409045146869,1.2133260502307313,-0.01822917441178717,-0.04760424038124483,-0.4370575661761642,MODELING_HISTORY,Cluster 1,2.2266124001644605
PROJ_044,"Central University, Hyderabad - TSPCB",Hyderabad,2026-05-29,Summer / Pre-monsoon,12,50,11,31.2916666666667,51.1666666666667,3.1175,50,Good,pm10,1.130670982109821,1.9989017508573612,1.169897269687116,0.07433327425918074,-0.02700426120143381,-0.3779337860448606,MODELING_HISTORY,Cluster 1,2.408250355566573
PROJ_044,"Central University, Hyderabad - TSPCB",Hyderabad,2026-06-04,Monsoon,8,37,11,29.8083333333333,56,3.25333333333333,37,Good,pm10,1.7228999220408523,1.7305002374409075,1.0769346500903214,0.3648329757810003,-0.09685141893489992,-0.18822740315169195,MODELING_HISTORY,Cluster 2,2.351880911376371
PROJ_044,"Central University, Hyderabad - TSPCB",Hyderabad,2026-06-09,Monsoon,6,51,11,27.8041666666667,71.7916666666667,3.79625,50,Good,pm10,2.187052737653251,0.6778253708445868,1.0199302551504013,0.11621506665500336,-0.08405873685719778,-0.7165099056365115,MODELING_HISTORY,Cluster 2,1.5272749976411473
PROJ_044,"Central University, Hyderabad - TSPCB",Hyderabad,2026-06-11,Monsoon,8,46,11,29.8333333333333,57.375,2.86916666666667,46,Good,pm10,1.4273960570843331,1.6366258567601957,1.0635144016305895,0.5260806213318491,0.04630794614395637,-0.4557574133482713,MODELING_HISTORY,Cluster 2,2.3243782607801973
PROJ_044,"Central University, Hyderabad - TSPCB",Hyderabad,2026-06-12,Monsoon,10,56,10,29.725,57.5833333333333,2.89708333333333,55,Satisfactory,pm10,1.2015694939577262,1.4632455724094944,1.162627261317913,0.39528000775970695,0.00301288556891718,-0.6343503795125923,MODELING_HISTORY,Cluster 2,2.222754117939666
PROJ_044,"Central University, Hyderabad - TSPCB",Hyderabad,2026-06-13,Monsoon,7,27,10,27.7291666666667,68.4166666666667,2.85916666666667,27,Good,pm10,2.1681921661752215,1.0642226001663186,1.024625341026848,0.969229425336273,0.269836727354657,-0.08738640118550214,MODELING_HISTORY,Cluster 2,2.141568763047414
PROJ_044,"Central University, Hyderabad - TSPCB",Hyderabad,2026-06-16,Monsoon,16,84,12,29.5083333333333,53.25,2.85541666666667,84,Satisfactory,pm10,0.344109978058063,1.1349637762023936,1.151345133006161,0.06266012345737586,-0.2470189323976864,-1.0200166808288902,MODELING_HISTORY,Cluster 1,1.7247615895313317
PROJ_044,"Central University, Hyderabad - TSPCB",Hyderabad,2026-06-19,Monsoon,9,21,10,30.4458333333333,51.6666666666667,2.76166666666667,21,Good,pm10,1.6840328333158454,2.184056451899197,1.1287098883067246,0.7603123019741523,0.11619469131269829,0.24371529178656168,MODELING_HISTORY,Cluster 2,2.8843930343347193
PROJ_044,"Central University, Hyderabad - TSPCB",Hyderabad,2026-06-20,Monsoon,10,23,10,30.9,50.0833333333333,3.09875,23,Good,pm10,1.69814678901713,2.262102343115431,1.1726724957746262,0.44495778028868727,0.00461740248649811,0.2493260322951689,MODELING_HISTORY,Cluster 2,2.874662001123294
PROJ_044,"Central University, Hyderabad - TSPCB",Hyderabad,2026-06-21,Monsoon,6,14,12,28.3958333333333,64.625,2.4,14,Good,pm10,2.1331231364817627,1.5111514395590713,0.8665116806248905,1.3232772807146287,0.44578445616816326,0.2108693266682799,MODELING_HISTORY,Cluster 2,2.5809098262215455
PROJ_044,"Central University, Hyderabad - TSPCB",Hyderabad,2026-06-22,Monsoon,5,13,12,29.9083333333333,56.875,3.50541666666667,13,Good,pm10,2.390016538656842,2.00996315390664,0.9594905169157146,0.45830931384711127,-0.04702244860464316,0.30051161221715544,MODELING_HISTORY,Cluster 2,2.6798372165471562
PROJ_044,"Central University, Hyderabad - TSPCB",Hyderabad,2026-06-26,Monsoon,6,32,10,27.1833333333333,71.0416666666667,3.09541666666667,32,Good,pm10,2.2791670926547987,0.8158581131174277,1.0156011220093648,0.8489564603282796,0.16018111038745889,-0.2460520930557671,MODELING_HISTORY,Cluster 2,1.9519007364364378
PROJ_044,"Central University, Hyderabad - TSPCB",Hyderabad,2026-06-28,Monsoon,9,16,11,26.7625,80.9583333333333,2.26125,16,Good,pm10,2.4135479197576597,0.605604020911289,0.8833469826381853,1.4875071092804846,0.9390082168921622,0.08776163887927572,MODELING_HISTORY,Cluster 2,2.2735877832735145
PROJ_044,"Central University, Hyderabad - TSPCB",Hyderabad,2026-06-29,Monsoon,6,23,11,26.4791666666667,76.6666666666667,3.195,23,Good,pm10,2.647058596441941,0.5778148667141566,0.9174953815132874,0.9256503155512372,0.2963129631521838,-0.06005960281174881,MODELING_HISTORY,Cluster 2,1.985732748381707
PROJ_044,"Central University, Hyderabad - TSPCB",Hyderabad,2026-06-30,Monsoon,6,27,11,26.4708333333333,73.7083333333333,4.93708333333333,27,Good,pm10,3.199669824621063,0.47448980694097415,1.025882227160474,-0.24789198118171196,-0.47492532596887627,-0.01549065454966339,MODELING_HISTORY,Cluster 2,1.9957471980242028
PROJ_044,"Central University, Hyderabad - TSPCB",Hyderabad,2026-07-01,Monsoon,6,29,11,25.675,77.7083333333333,5.18208333333333,29,Good,pm10,3.383867798911311,0.14028715850463375,1.0172604096417384,-0.3405371227606775,-0.5352044333651556,-0.07101871555218522,MODELING_HISTORY,Cluster 2,2.04631651273169
PROJ_044,"Central University, Hyderabad - TSPCB",Hyderabad,2026-07-02,Monsoon,8,36,11,25.0291666666667,83.25,5.09166666666667,36,Good,pm10,3.3096361555919502,-0.26847076110895296,1.0174760641118412,-0.3269629558069236,-0.38624784166633475,-0.22904505347356272,MODELING_HISTORY,Cluster 2,1.938218940309345
PROJ_044,"Central University, Hyderabad - TSPCB",Hyderabad,2026-07-05,Monsoon,6,24,11,25.0458333333333,78.4166666666667,6.34375,24,Good,pm10,3.9863174635793537,-0.0669542081568189,1.06223504432555,-0.9815663564048818,-0.9902471910529526,0.14066531915980954,MODELING_HISTORY,Cluster 2,2.668151810628501
PROJ_044,"Central University, Hyderabad - TSPCB",Hyderabad,2026-07-08,Monsoon,9,16,11,27.2166666666667,69.875,6.05375,16,Good,pm10,3.654600819585193,0.7094337503628145,1.130247735508185,-1.0291433120043314,-0.8015635095660256,0.4479288304024346,MODELING_HISTORY,Cluster 2,2.6117529457502773
PROJ_044,"Central University, Hyderabad - TSPCB",Hyderabad,2026-07-09,Monsoon,11,23,10,26.7291666666667,74.2916666666667,4.15833333333333,23,Good,pm10,2.8264817761101533,0.5219548581586742,1.103015188182156,0.16957881934865715,-0.02214244884326233,0.19125994582833664,MODELING_HISTORY,Cluster 2,1.8383465388419877
PROJ_044,"Central University, Hyderabad - TSPCB",Hyderabad,2026-07-10,Monsoon,14,26,11,27.6666666666667,65.75,3.99375,26,Good,pm10,2.3615266952175142,0.8999056628583043,1.1113547599978395,0.08955699927351235,-0.1266132360535706,0.3065032567640108,MODELING_HISTORY,Cluster 2,1.7880784461978922
PROJ_044,"Central University, Hyderabad - TSPCB",Hyderabad,2026-07-11,Monsoon,12,22,11,28.3083333333333,61.6666666666667,4.4675,22,Good,pm10,2.5692318304526367,1.2024891061057996,1.130591614377335,-0.21041996544876607,-0.3748951010064758,0.388861038782499,MODELING_HISTORY,Cluster 2,2.065130376959145
PROJ_044,"Central University, Hyderabad - TSPCB",Hyderabad,2026-07-12,Monsoon,14,25,11,28.525,57.4583333333333,4.82041666666667,25,Good,pm10,2.4816334977921932,1.272311848028176,1.193999046350505,-0.5246902679896814,-0.6197317657800356,0.4607150283676842,MODELING_HISTORY,Cluster 2,2.1284371902158794
PROJ_044,"Central University, Hyderabad - TSPCB",Hyderabad,2026-07-13,Monsoon,13,24,11,28.8708333333333,58.3333333333333,4.89,24,Good,pm10,2.570818047634881,1.3482853389871972,1.186486475938312,-0.5890250648827144,-0.5704316658271449,0.4207622463503699,MODELING_HISTORY,Cluster 2,2.224855616160718
PROJ_044,"Central University, Hyderabad - TSPCB",Hyderabad,2026-07-14,Monsoon,15,27,11,28.45,57.3333333333333,4.38583333333333,27,Good,pm10,2.2363464577044807,1.2552805208868851,1.184399662511748,-0.2673359660566955,-0.4733738848341909,0.42914037126157745,MODELING_HISTORY,Cluster 2,2.0087961526150804
PROJ_044,"Central University, Hyderabad - TSPCB",Hyderabad,2026-07-15,Monsoon,15,29,11,28.1625,55.5416666666667,4.26125,29,Good,pm10,2.111118431070098,1.2335080130735068,1.1823155154224718,-0.1583657827955115,-0.5537154753778837,0.41618552517749374,MODELING_HISTORY,Cluster 2,1.9600584481118766
PROJ_044,"Central University, Hyderabad - TSPCB",Hyderabad,2026-07-16,Monsoon,15,29,10,27.7958333333333,64.2916666666667,3.77041666666667,29,Good,pm10,2.150905196325033,0.9404850825605402,1.1851213976303925,0.18664110982308957,-0.0854632748921838,0.26456915949372967,MODELING_HISTORY,Cluster 2,1.8105548671399503
PROJ_044,"Central University, Hyderabad - TSPCB",Hyderabad,2026-07-17,Monsoon,12,20,10,24.575,87.1666666666667,2.85291666666667,20,Good,"pm10,pm2_5",2.7135580998499633,-0.21081038214119324,0.9682381906642404,1.266256489981412,0.6741960619776919,0.14419081592925162,MODELING_HISTORY,Cluster 2,2.0903693424146534
PROJ_044,"Central University, Hyderabad - TSPCB",Hyderabad,2026-07-18,Monsoon,11,19,10,25.0916666666667,80.5833333333333,4.1804166666666696,19,Good,pm10,3.119131162845848,0.01399843493282664,1.0555635925751137,0.38041889215859725,-3.0956784250735225e-4,0.28181014729825765,MODELING_HISTORY,Cluster 2,1.9314571943192615
PROJ_044,"Central University, Hyderabad - TSPCB",Hyderabad,2026-07-19,Monsoon,6,11,11,25.8666666666667,77.125,3.94125,11,Good,"o3,pm10",3.2102635752141446,0.48791963463631927,0.9323264615928204,0.6225145253499019,0.02563576479053236,0.30514058837462166,MODELING_HISTORY,Cluster 2,2.155108503116003
PROJ_044,"Central University, Hyderabad - TSPCB",Hyderabad,2026-07-20,Monsoon,7,11,11,25.1166666666667,81.75,4.43916666666667,12,Good,pm2_5,3.5193717766494106,0.12469374811407088,0.9450566539460588,0.3513956029408274,-0.0652172133463298,0.337281276876537,MODELING_HISTORY,Cluster 2,2.213718145249706
PROJ_044,"Central University, Hyderabad - TSPCB",Hyderabad,2026-07-21,Monsoon,10,17,10,23.8291666666667,88.4583333333333,4.28291666666667,17,Good,"pm10,pm2_5",3.464201503165897,-0.4635993661733466,1.0030288779419276,0.4852032900213519,0.08134449756721296,0.2459269571786088,MODELING_HISTORY,Cluster 2,2.2042160065416723
PROJ_044,"Central University, Hyderabad - TSPCB",Hyderabad,2026-07-22,Monsoon,9,13,11,23.7791666666667,86.125,5.09166666666667,15,Good,pm2_5,3.833382502788128,-0.41546817810440984,0.9731944719214348,0.01645029217265015,-0.3034164378211093,0.400344430006764,MODELING_HISTORY,Cluster 2,2.405434375908153
PROJ_044,"Central University, Hyderabad - TSPCB",Hyderabad,2026-07-23,Monsoon,9,17,11,25.1208333333333,75,5.11041666666667,17,Good,pm10,3.4451204804589786,0.16373111108084232,1.034966259516215,-0.16224080047965983,-0.5748637326344536,0.4037279200409624,MODELING_HISTORY,Cluster 2,2.112910231696905
PROJ_044,"Central University, Hyderabad - TSPCB",Hyderabad,2026-07-24,Monsoon,8,13,11,26.2166666666667,69.4583333333333,5.30583333333333,13,Good,"pm10,pm2_5",3.460131265422479,0.6129313983454532,1.0621702557051345,-0.35331847430647256,-0.6955718438238829,0.5050728263668969,MODELING_HISTORY,Cluster 2,2.274141612038033
PROJ_044,"Central University, Hyderabad - TSPCB",Hyderabad,2026-07-25,Monsoon,9,18,11,26.1083333333333,70.5,4.25833333333333,18,Good,pm10,2.9394538964520542,0.5755726020309737,1.0191303024038667,0.280356854022038,-0.30454302480469303,0.34848047906902785,MODELING_HISTORY,Cluster 2,1.919538850355882
PROJ_044,"Central University, Hyderabad - TSPCB",Hyderabad,2026-07-26,Monsoon,8,12,11,26.0583333333333,77.375,4.20541666666667,13,Good,pm2_5,3.2377921944326036,0.4505006638239465,0.973148510040534,0.3699026907213643,-0.00272757572405857,0.3532294064203622,MODELING_HISTORY,Cluster 2,2.0896947174746683
PROJ_044,"Central University, Hyderabad - TSPCB",Hyderabad,2026-07-27,Monsoon,10,17,11,25.1,84.5,4.3925,17,Good,"pm10,pm2_5",3.3632848446349675,-0.0767021152378432,0.9761197413554638,0.25314426503602183,0.07417855784162242,0.2523930223467065,MODELING_HISTORY,Cluster 2,2.040306437166293
PROJ_044,"Central University, Hyderabad - TSPCB",Hyderabad,2026-08-02,Monsoon,9,40,11,26.4625,74.9583333333333,3.92041666666667,40,Good,pm10,2.4786455213627043,0.32877294632352067,1.018936513809927,0.23461292886606255,-0.08493925416397147,-0.3050239884003455,MODELING_HISTORY,Cluster 2,1.5137443545690672
PROJ_044,"Central University, Hyderabad - TSPCB",Hyderabad,2026-08-03,Monsoon,9,36,11,25.9625,80.0833333333333,3.64833333333333,36,Good,pm10,2.589261513890164,0.1323840545743551,0.9752135963180272,0.49532392070834,0.16562502991417388,-0.27412928186678126,MODELING_HISTORY,Cluster 2,1.591232596588528
PROJ_044,"Central University, Hyderabad - TSPCB",Hyderabad,2026-08-05,Monsoon,9,15,11,25.3625,84.625,3.64083333333333,15,Good,"pm10,pm2_5",3.12377816921363,0.0818654752670882,0.92462490349025,0.7542939848997174,0.384083833579456,0.20774946849987225,MODELING_HISTORY,Cluster 2,2.03946426907311
PROJ_044,"Central University, Hyderabad - TSPCB",Hyderabad,2026-08-06,Monsoon,8,11,11,25.8375,78.7916666666667,3.97541666666667,13,Good,pm2_5,3.2062683751697736,0.3897954204213905,0.9517555742988776,0.5540138817052971,0.10956905667568316,0.35499497023546467,MODELING_HISTORY,Cluster 2,2.0999112085582667
PROJ_044,"Central University, Hyderabad - TSPCB",Hyderabad,2026-08-07,Monsoon,10,16,11,25.4,78.3333333333333,4.40333333333333,17,Good,pm2_5,3.2237045219658036,0.17848680298186553,1.0001984704997435,0.2417890708872792,-0.12302685523727908,0.35810163369260306,MODELING_HISTORY,Cluster 2,1.976010048500391
PROJ_044,"Central University, Hyderabad - TSPCB",Hyderabad,2026-08-08,Monsoon,12,18,11,25.4,77.4583333333333,3.92125,20,Good,pm2_5,2.9080307187172467,0.18375749008319364,1.0033797384431968,0.5024245570223567,0.03932649140375383,0.36779487120972776,MODELING_HISTORY,Cluster 2,1.8296539382649826
PROJ_044,"Central University, Hyderabad - TSPCB",Hyderabad,2026-08-09,Monsoon,12,19,11,26.2416666666667,73.5,4.11291666666667,20,Good,pm2_5,2.841903948987204,0.4595806034066223,1.039747464958859,0.27284873447162494,-0.06756207314267981,0.3700955629297419,MODELING_HISTORY,Cluster 2,1.8135504154771775
PROJ_044,"Central University, Hyderabad - TSPCB",Hyderabad,2026-08-10,Monsoon,11,17,10,26.3083333333333,74.0833333333333,3.51791666666667,18,Good,pm2_5,2.6911398073913513,0.5495565497656119,1.0559258928909137,0.7039675116853433,0.17433793631103545,0.330451007089733,MODELING_HISTORY,Cluster 2,1.9421698499543023
PROJ_044,"Central University, Hyderabad - TSPCB",Hyderabad,2026-08-11,Monsoon,11,17,11,26.1125,73.6666666666667,3.80291666666667,18,Good,pm2_5,2.7935620414572204,0.4926808917919733,1.0064430934809914,0.5336383682425189,0.02641154149104735,0.37058799753991334,MODELING_HISTORY,Cluster 2,1.8727271230323563
PROJ_044,"Central University, Hyderabad - TSPCB",Hyderabad,2026-08-12,Monsoon,8,11,11,25.3541666666667,81.0833333333333,4.46666666666667,13,Good,pm2_5,3.4765083696002588,0.17439047348494957,0.9638134350737956,0.2834983092363812,-0.04893452561890721,0.3726320652891829,MODELING_HISTORY,Cluster 2,2.177082565708433
PROJ_044,"Central University, Hyderabad - TSPCB",Hyderabad,2026-08-13,Monsoon,8,13,11,25.725,78.3333333333333,3.96583333333333,13,Good,"pm10,pm2_5",3.1556287789291355,0.35850572787568463,0.9537793208293348,0.5585107759955334,0.06632112375534716,0.318108578528381,MODELING_HISTORY,Cluster 2,2.055210752064303
PROJ_044,"Central University, Hyderabad - TSPCB",Hyderabad,2026-08-14,Monsoon,9,13,11,25.4916666666667,77.0416666666667,4.56125,15,Good,pm2_5,3.340612923427746,0.27387996699888895,0.9986490183607682,0.18009457262671158,-0.21701021211145188,0.4203454456018067,MODELING_HISTORY,Cluster 2,2.07922716383214
PROJ_044,"Central University, Hyderabad - TSPCB",Hyderabad,2026-08-15,Monsoon,9,14,11,25.9458333333333,74.6666666666667,4.5825,15,Good,pm2_5,3.256853727248245,0.43188244204948795,1.0152497955369262,0.10720403515611854,-0.25719911197969203,0.4093311535382077,MODELING_HISTORY,Cluster 2,2.053855586618041
PROJ_044,"Central University, Hyderabad - TSPCB",Hyderabad,2026-08-16,Monsoon,10,17,11,25.55,76.5,3.83541666666667,17,Good,"pm10,pm2_5",2.9245993070872776,0.3027135139870746,0.9791899600940378,0.5954631824456592,0.0259190944800402,0.32224489468133966,MODELING_HISTORY,Cluster 2,1.9023841565082877
PROJ_044,"Central University, Hyderabad - TSPCB",Hyderabad,2026-08-17,Monsoon,11,16,11,26.3166666666667,71.75,4.66208333333333,18,Good,pm2_5,3.105887202246772,0.5316548887984449,1.060503163251007,-0.04301776157769765,-0.3234492925248383,0.4622083625703522,MODELING_HISTORY,Cluster 2,1.9766990535237425
PROJ_044,"Central University, Hyderabad - TSPCB",Hyderabad,2026-08-18,Monsoon,10,15,11,25.725,74.4583333333333,4.0775,17,Good,pm2_5,3.0047276323891596,0.40097751816549126,0.9988755882333537,0.43978093152675346,-0.10435281173908052,0.40783357297063727,MODELING_HISTORY,Cluster 2,1.9363880634625157
PROJ_044,"Central University, Hyderabad - TSPCB",Hyderabad,2026-08-19,Monsoon,10,15,12,25.2916666666667,76.75,4.01583333333333,17,Good,pm2_5,3.0419888946602702,0.2417747483924696,0.918456764823977,0.5180864514669369,-0.05522506848119468,0.3991144536439768,MODELING_HISTORY,Cluster 2,1.9049117450728796
PROJ_044,"Central University, Hyderabad - TSPCB",Hyderabad,2026-08-20,Monsoon,12,20,12,25.7416666666667,75.5416666666667,3.85916666666667,20,Good,"pm10,pm2_5",2.777978693484204,0.2987870804218331,0.950215221421122,0.4784969798821022,0.02522435824613583,0.3333904562592533,MODELING_HISTORY,Cluster 2,1.7373602537351946
PROJ_044,"Central University, Hyderabad - TSPCB",Hyderabad,2026-08-21,Monsoon,13,21,11,26.4958333333333,69.7083333333333,3.87416666666667,22,Good,pm2_5,2.574125947756373,0.6058014184140087,1.0574563639559502,0.3731398407175706,-0.08806626801320877,0.3890176357220932,MODELING_HISTORY,Cluster 2,1.7631867067214586
PROJ_044,"Central University, Hyderabad - TSPCB",Hyderabad,2026-08-22,Monsoon,10,16,12,26.5208333333333,69.875,4.14375,17,Good,pm2_5,2.8655363916195222,0.6938745235800389,0.9664892002850212,0.29200910575536043,-0.19692748361564,0.4225574922689619,MODELING_HISTORY,Cluster 2,1.904267226704418
PROJ_044,"Central University, Hyderabad - TSPCB",Hyderabad,2026-08-23,Monsoon,8,12,11,24.6041666666667,86.2916666666667,3.35708333333333,13,Good,pm2_5,3.161718798619432,-0.06051630539280579,0.8777983061301284,1.083248670305963,0.4405716156950239,0.24506487562351711,MODELING_HISTORY,Cluster 2,2.2107268194772196
PROJ_044,"Central University, Hyderabad - TSPCB",Hyderabad,2026-08-24,Monsoon,9,15,11,24.4375,86.875,3.58416666666667,15,Good,"pm10,pm2_5",3.1848484505351324,-0.18440689343276656,0.901354304800284,0.9035993167343824,0.3563827732636034,0.2194106656727133,MODELING_HISTORY,Cluster 2,2.1232036444178837
PROJ_044,"Central University, Hyderabad - TSPCB",Hyderabad,2026-08-25,Monsoon,11,17,12,25.5541666666667,77.2083333333333,4.03541666666667,18,Good,pm2_5,2.9846704318880555,0.2446017118316836,0.9359105585478864,0.42889916856519583,1.6197605793344394e-4,0.3654497616583045,MODELING_HISTORY,Cluster 2,1.836871661038658
PROJ_044,"Central University, Hyderabad - TSPCB",Hyderabad,2026-08-26,Monsoon,15,25,11,26.1791666666667,71.625,4.38041666666667,25,Good,"pm10,pm2_5",2.69835685405476,0.3559500237966291,1.1025336795367104,-0.00736504565034024,-0.23122321345165817,0.37758144645243336,MODELING_HISTORY,Cluster 2,1.652485073447361
PROJ_044,"Central University, Hyderabad - TSPCB",Hyderabad,2026-08-31,Monsoon,12,19,12,24.85,76.4583333333333,4.05083333333333,20,Good,pm2_5,2.9243321283273316,0.06797033436736423,0.9439226524193676,0.47434786879395774,-0.13396887449171924,0.4027579657165389,MODELING_HISTORY,Cluster 2,1.7723572887135757
PROJ_179,"ECIL Kapra, Hyderabad - TSPCB",Hyderabad,2025-03-01,Summer / Pre-monsoon,30,76,35,26.5958333333333,46.5416666666667,2.39416666666667,76,Satisfactory,pm10,-0.3780340790889265,0.48702009045776645,-0.19625873966185475,0.33062034665759665,-0.47474721179889623,0.08690163406619338,MODELING_HISTORY,Cluster 1,1.0631908082945112
PROJ_179,"ECIL Kapra, Hyderabad - TSPCB",Hyderabad,2025-03-02,Summer / Pre-monsoon,30,74,29,27.6416666666667,39.7083333333333,1.69958333333333,73,Satisfactory,pm10,-0.7734266907619635,1.005709918815393,0.1820771739326335,0.7569196177320642,-0.3300466166368396,0.10533441128785954,MODELING_HISTORY,Cluster 1,0.9759940247985214
PROJ_179,"ECIL Kapra, Hyderabad - TSPCB",Hyderabad,2025-03-03,Summer / Pre-monsoon,33,78,33,29.4,30.4583333333333,1.45541666666667,78,Satisfactory,pm10,-1.356524130249733,1.5788771931118712,0.01059345761232988,0.5865923713490965,-0.3165517964021895,0.17946387239395947,MODELING_HISTORY,Cluster 1,0.9242061690729467
PROJ_179,"ECIL Kapra, Hyderabad - TSPCB",Hyderabad,2025-03-04,Summer / Pre-monsoon,31,78,48,29.5208333333333,32.3333333333333,1.59583333333333,78,Satisfactory,pm10,-1.318099669378524,1.55795160812431,-0.9623782400184092,0.3685432072411223,-0.30238020625334155,0.18613685579013367,MODELING_HISTORY,Cluster 1,1.121774950608009
PROJ_179,"ECIL Kapra, Hyderabad - TSPCB",Hyderabad,2025-03-05,Summer / Pre-monsoon,34,83,49,27.9541666666667,31.9166666666667,2.41208333333333,83,Satisfactory,pm10,-1.1473135436451405,1.0400737096633548,-0.9604260683763396,-0.08309878902462758,-0.8230761052020995,0.3146807023111736,MODELING_HISTORY,Cluster 1,0.9719169981380913
PROJ_179,"ECIL Kapra, Hyderabad - TSPCB",Hyderabad,2025-03-06,Summer / Pre-monsoon,29,73,49,25.7041666666667,23.25,2.29708333333333,72,Satisfactory,pm10,-0.9991244687993364,1.0041925090865609,-1.0401251053939615,0.5238704982008755,-1.4847353239443932,0.6325539372837792,MODELING_HISTORY,Cluster 1,1.19255573840287
PROJ_179,"ECIL Kapra, Hyderabad - TSPCB",Hyderabad,2025-03-07,Summer / Pre-monsoon,30,76,35,26.175,23.5,1.67,76,Satisfactory,pm10,-1.2345885196636983,1.123985093354217,-0.16372726059060744,0.9606423751270434,-1.1861895954130484,0.43000160218566574,MODELING_HISTORY,Cluster 1,1.1759973215041262
PROJ_179,"ECIL Kapra, Hyderabad - TSPCB",Hyderabad,2025-03-08,Summer / Pre-monsoon,34,68,36,27.6583333333333,24.6666666666667,1.32583333333333,67,Satisfactory,pm10,-1.363004509235198,1.448339971719383,-0.19227033732786425,0.9672314287821971,-0.6782750812037084,0.6628501556145154,MODELING_HISTORY,Cluster 1,1.2177817405522635
PROJ_179,"ECIL Kapra, Hyderabad - TSPCB",Hyderabad,2025-03-09,Summer / Pre-monsoon,35,65,48,27.6208333333333,37.2916666666667,2.21291666666667,64,Satisfactory,pm10,-0.757389547579076,0.9914456175482466,-0.9413371385796828,0.22438957483284416,-0.4639566814192898,0.7130797260054128,MODELING_HISTORY,Cluster 1,0.9653336768317912
PROJ_179,"ECIL Kapra, Hyderabad - TSPCB",Hyderabad,2025-03-10,Summer / Pre-monsoon,31,71,48,26.4,56.5,2.70333333333333,70,Satisfactory,pm10,-0.03733781663766049,0.14000701654711456,-1.035618225232866,0.01014372880901242,-0.16811275567294534,0.21200599434900247,MODELING_HISTORY,Cluster 1,1.7108271285682475
PROJ_179,"ECIL Kapra, Hyderabad - TSPCB",Hyderabad,2025-03-11,Summer / Pre-monsoon,33,77,36,27.4666666666667,48.4583333333333,2.0325,77,Satisfactory,pm10,-0.6202304280263955,0.5832277474434842,-0.23698639184511872,0.3640435155445549,-0.09266103647460006,0.08068108669819912,MODELING_HISTORY,Cluster 1,0.9309083415474007
PROJ_179,"ECIL Kapra, Hyderabad - TSPCB",Hyderabad,2025-03-12,Summer / Pre-monsoon,36,84,50,28.9916666666667,38,1.68708333333333,84,Satisfactory,pm10,-1.4068046875772786,1.103004382274304,-1.0441113098894486,0.17220387601449394,-0.13774348572782597,0.17775436170622022,MODELING_HISTORY,Cluster 1,1.1759101918048875
PROJ_179,"ECIL Kapra, Hyderabad - TSPCB",Hyderabad,2025-03-13,Summer / Pre-monsoon,33,79,26,30.3791666666667,32.8333333333333,1.94083333333333,79,Satisfactory,pm10,-1.0926870394321018,1.6866843226437327,0.4878123723085043,0.18585211986093797,-0.2624115203648419,0.04152651489887322,MODELING_HISTORY,Cluster 1,0.7995337338892257
PROJ_179,"ECIL Kapra, Hyderabad - TSPCB",Hyderabad,2025-03-14,Summer / Pre-monsoon,34,78,23,31.2291666666667,30.5833333333333,1.90166666666667,78,Satisfactory,pm10,-1.1766877294914644,1.9387471635359887,0.7058874832305301,0.1263997702871979,-0.1894074118156286,0.06818166750372917,MODELING_HISTORY,Cluster 1,1.0969692531058195
PROJ_179,"ECIL Kapra, Hyderabad - TSPCB",Hyderabad,2025-03-15,Summer / Pre-monsoon,32,80,37,30.9,28.1666666666667,2.215,80,Satisfactory,pm10,-1.192886526328935,1.9089816234536003,-0.18357071242770545,-0.1376310445361354,-0.4864292160773576,0.11924720042456652,MODELING_HISTORY,Cluster 1,0.6830398249631343
PROJ_179,"ECIL Kapra, Hyderabad - TSPCB",Hyderabad,2025-03-16,Summer / Pre-monsoon,31,76,42,31.1333333333333,21.9583333333333,2.54458333333333,76,Satisfactory,pm10,-1.1552356569149174,2.167226795083183,-0.4762048590809731,-0.34946664090414276,-0.8072398853546728,0.3208899320891032,MODELING_HISTORY,Cluster 1,0.9878684400504195
PROJ_179,"ECIL Kapra, Hyderabad - TSPCB",Hyderabad,2025-03-17,Summer / Pre-monsoon,36,84,52,30.8125,25.2083333333333,1.86333333333333,84,Satisfactory,pm10,-1.726417679021815,1.8618101743581976,-1.0937968622930807,-0.14854957043967543,-0.436074377320292,0.30359737260015707,MODELING_HISTORY,Cluster 1,1.4436344936854022
PROJ_179,"ECIL Kapra, Hyderabad - TSPCB",Hyderabad,2025-03-18,Summer / Pre-monsoon,37,86,63,30.65,30.7083333333333,1.98125,86,Satisfactory,pm10,-1.694595523799232,1.5993618798934144,-1.792143042698244,-0.37396378571944977,-0.27436131625126203,0.29809532837867153,MODELING_HISTORY,Cluster 1,1.9391774485600983
PROJ_179,"ECIL Kapra, Hyderabad - TSPCB",Hyderabad,2025-03-19,Summer / Pre-monsoon,37,84,35,29.6833333333333,34.2083333333333,2.90333333333333,84,Satisfactory,pm10,-0.9392687395275828,1.2662457810173453,0.0074541755189595,-0.5825002465926643,-0.6146382543911417,0.1964687060480952,MODELING_HISTORY,Cluster 1,0.521551745831732
PROJ_179,"ECIL Kapra, Hyderabad - TSPCB",Hyderabad,2025-03-20,Summer / Pre-monsoon,38,83,63,28.3541666666667,53.2083333333333,2.71791666666667,83,Satisfactory,pm10,-0.7375187830164682,0.383517379034601,-1.8515003273358701,-0.6471976145955742,0.04377373666594016,0.22177545592943215,MODELING_HISTORY,Cluster 1,2.067549045010639
PROJ_179,"ECIL Kapra, Hyderabad - TSPCB",Hyderabad,2025-03-21,Summer / Pre-monsoon,37,81,58,28.625,51.0833333333333,2.51458333333333,81,Satisfactory,pm10,-0.7714189700326859,0.5704394139305906,-1.548479168556549,-0.4515403585883031,0.06539683211975637,0.20671020168899895,MODELING_HISTORY,Cluster 1,1.6750343288381417
PROJ_179,"ECIL Kapra, Hyderabad - TSPCB",Hyderabad,2025-03-22,Summer / Pre-monsoon,38,81,20,26.5541666666667,63.9166666666667,2.30833333333333,81,Satisfactory,pm10,-0.19283865557861185,-0.2104406894626611,0.7933553119798671,0.24681524232750143,0.33826606024120076,-0.12898006256003536,MODELING_HISTORY,Cluster 3,1.3172742441535197
PROJ_179,"ECIL Kapra, Hyderabad - TSPCB",Hyderabad,2025-03-23,Summer / Pre-monsoon,35,81,14,26.6958333333333,72.9583333333333,1.31916666666667,81,Satisfactory,pm10,-0.23102831886396613,-0.2892048087207375,1.057483464830069,0.9651793559825568,1.01875526138988,-0.484843491782515,MODELING_HISTORY,Cluster 3,1.5322357655903263
PROJ_179,"ECIL Kapra, Hyderabad - TSPCB",Hyderabad,2025-03-24,Summer / Pre-monsoon,51,105,50,26.9833333333333,65.0416666666667,1.435,103,Moderately Polluted,pm10,-1.6306611751033917,-0.6248240325035899,-0.9721962370900216,-0.02665509228288587,0.8596629118921045,-0.12839930210210207,MODELING_HISTORY,Cluster 3,1.3492175487093516
PROJ_179,"ECIL Kapra, Hyderabad - TSPCB",Hyderabad,2025-03-25,Summer / Pre-monsoon,39,86,53,27.5125,55,1.18958333333333,86,Satisfactory,pm10,-1.2917523851316046,0.23673926975532428,-1.3005967006397876,0.511731207437108,0.5362858509804099,0.0444754941188407,MODELING_HISTORY,Cluster 1,1.8152538178514235
PROJ_179,"ECIL Kapra, Hyderabad - TSPCB",Hyderabad,2025-03-26,Summer / Pre-monsoon,48,89,30,28.5958333333333,42.8333333333333,1.69291666666667,89,Satisfactory,pm10,-1.5679338383453645,0.610147056470323,0.3521597726298023,0.0895996586075577,0.16092429109524486,0.29164299536384086,MODELING_HISTORY,Cluster 1,1.1864259774643289
PROJ_179,"ECIL Kapra, Hyderabad - TSPCB",Hyderabad,2025-03-27,Summer / Pre-monsoon,42,89,50,29.7208333333333,38.3333333333333,2.16708333333333,89,Satisfactory,pm10,-1.5041522559092408,1.0430329425899147,-0.9323594609785096,-0.4163221678772583,-0.11549890255279507,0.2531843122556021,MODELING_HISTORY,Cluster 1,1.1707369092704718
PROJ_179,"ECIL Kapra, Hyderabad - TSPCB",Hyderabad,2025-03-30,Summer / Pre-monsoon,36,90,19,31.3583333333333,31.5833333333333,2.03625,90,Satisfactory,pm10,-1.360981622175095,1.7701481418586664,1.0043413218955886,-0.0989294325052198,-0.2181866616048881,-0.20076151425950353,MODELING_HISTORY,Cluster 1,1.3169211089804642
PROJ_179,"ECIL Kapra, Hyderabad - TSPCB",Hyderabad,2025-04-01,Summer / Pre-monsoon,31,86,47,28.4875,51.1666666666667,2.41583333333333,86,Satisfactory,pm10,-0.6311854849626385,0.631745267743137,-0.9219518105232544,-0.18073049590107965,-0.05558684731361971,-0.21268665267954787,MODELING_HISTORY,Cluster 1,1.103284601724997
PROJ_179,"ECIL Kapra, Hyderabad - TSPCB",Hyderabad,2025-04-02,Summer / Pre-monsoon,27,83,40,27.3875,58.0833333333333,2.39375,83,Satisfactory,pm10,-0.19846017371751887,0.30949118426209155,-0.5679627617499929,0.12980726286478272,0.00759514580159068,-0.3832117536175914,MODELING_HISTORY,Cluster 1,1.31164598887892
PROJ_179,"ECIL Kapra, Hyderabad - TSPCB",Hyderabad,2025-04-03,Summer / Pre-monsoon,35,92,38,25.3083333333333,73.75,1.73791666666667,92,Satisfactory,pm10,-0.40839301100343456,-0.8030665724839973,-0.45141959612229215,0.5345754051181544,0.6397515152359173,-0.5002048096332744,MODELING_HISTORY,Cluster 3,0.8014143733507094
PROJ_179,"ECIL Kapra, Hyderabad - TSPCB",Hyderabad,2025-04-06,Summer / Pre-monsoon,32,85,41,28.1291666666667,57.0416666666667,1.43,85,Satisfactory,pm10,-0.8337461178882745,0.4630937198546645,-0.6080178758151479,0.5380329884135919,0.49985977690126326,-0.32201930504822807,MODELING_HISTORY,Cluster 1,1.2087709869803236
PROJ_179,"ECIL Kapra, Hyderabad - TSPCB",Hyderabad,2025-04-12,Summer / Pre-monsoon,33,161,29,31.1416666666667,28,2.7775,140,Moderately Polluted,pm10,-2.508014374030112,1.085370120412707,0.4733254446374585,-1.2340919373681152,-1.1299093130371776,-1.890132201375338,MODELING_HISTORY,Cluster 1,2.1501220362620654
PROJ_179,"ECIL Kapra, Hyderabad - TSPCB",Hyderabad,2025-04-13,Summer / Pre-monsoon,30,86,59,30.6916666666667,28.5,1.68916666666667,86,Satisfactory,pm10,-1.6252450245898715,1.8443612560482865,-1.628424479597789,0.01087447068808644,-0.3735380768743792,0.03193590378420041,MODELING_HISTORY,Cluster 1,1.7988320060712077
PROJ_179,"ECIL Kapra, Hyderabad - TSPCB",Hyderabad,2025-04-17,Summer / Pre-monsoon,27,76,44,30.1833333333333,53.8333333333333,2.03125,76,Satisfactory,pm10,-0.4320472622442506,1.1507048671285638,-0.7976807855890549,0.04647550330544958,0.4286845525676133,-0.285885658083173,MODELING_HISTORY,Cluster 1,0.8178460663474535
PROJ_179,"ECIL Kapra, Hyderabad - TSPCB",Hyderabad,2025-04-18,Summer / Pre-monsoon,27,81,43,31.0666666666667,47.25,1.60083333333333,81,Satisfactory,pm10,-0.8855934793796539,1.525083611351307,-0.7167564205244057,0.2057260122565483,0.424573103445487,-0.3857720159936646,MODELING_HISTORY,Cluster 1,0.7053188840751647
PROJ_179,"ECIL Kapra, Hyderabad - TSPCB",Hyderabad,2025-04-23,Summer / Pre-monsoon,40,79,25,33.0375,37,2.04208333333333,79,Satisfactory,pm10,-1.2301822453076985,2.008412716481247,0.6617796071921248,-0.3872945616559923,0.380716682598344,0.08461543402957941,MODELING_HISTORY,Cluster 1,1.1355736703598465
PROJ_179,"ECIL Kapra, Hyderabad - TSPCB",Hyderabad,2025-04-24,Summer / Pre-monsoon,43,77,57,33.675,30.9166666666667,2.20541666666667,77,Satisfactory,pm10,-1.6476271684750512,2.2265431290456608,-1.2991028248925265,-0.9069064044281668,0.2560225858929195,0.5414484487553093,MODELING_HISTORY,Cluster 1,1.8793634925430587
PROJ_179,"ECIL Kapra, Hyderabad - TSPCB",Hyderabad,2025-04-25,Summer / Pre-monsoon,34,76,30,33.4125,35.3333333333333,1.65083333333333,76,Satisfactory,pm10,-1.242685349771893,2.317478071287024,0.2595193714343027,-0.06325291068631245,0.4279801950296951,-0.0386084650672317,MODELING_HISTORY,Cluster 1,1.121897711281658
PROJ_179,"ECIL Kapra, Hyderabad - TSPCB",Hyderabad,2025-04-26,Summer / Pre-monsoon,34,67,48,32.4916666666667,40.9583333333333,1.47541666666667,66,Satisfactory,pm10,-1.117649065680522,2.0296840291208462,-0.9356020618097094,0.05975014039395843,0.6399515114884302,0.2652791708438474,MODELING_HISTORY,Cluster 1,1.1220707211853014
PROJ_179,"ECIL Kapra, Hyderabad - TSPCB",Hyderabad,2025-04-27,Summer / Pre-monsoon,32,64,29,28.6291666666667,64.4166666666667,1.64,63,Satisfactory,pm10,-0.07576901967652683,0.5739533360635278,0.12051881622139914,0.6127414605366048,0.9086783943864754,-0.01763875663725753,MODELING_HISTORY,Cluster 1,1.3048453225264012
PROJ_179,"ECIL Kapra, Hyderabad - TSPCB",Hyderabad,2025-04-28,Summer / Pre-monsoon,36,60,31,30.4958333333333,47.875,1.88541666666667,59,Satisfactory,"pm10,pm2_5",-0.5060829780249835,1.406242782205363,0.12979617025614798,0.20754114303953997,0.5372516062675092,0.4124253780527451,MODELING_HISTORY,Cluster 1,0.4921573723842755
PROJ_179,"ECIL Kapra, Hyderabad - TSPCB",Hyderabad,2025-04-29,Summer / Pre-monsoon,27,66,23,30.7791666666667,48.7916666666667,1.84125,65,Satisfactory,pm10,-0.2886914349543486,1.5782358312586393,0.537681992245574,0.4096349497532352,0.4353263496628831,-0.1517991566434148,MODELING_HISTORY,Cluster 1,0.9961017398032337
PROJ_179,"ECIL Kapra, Hyderabad - TSPCB",Hyderabad,2025-04-30,Summer / Pre-monsoon,28,65,23,31.5875,44.5,2.31458333333333,64,Satisfactory,pm10,-0.23990933290961625,1.8328629122181488,0.5990681331232726,-0.0029842246553961,0.23787150531633464,-0.04094502193283496,MODELING_HISTORY,Cluster 1,1.0251158789042454
PROJ_179,"ECIL Kapra, Hyderabad - TSPCB",Hyderabad,2025-05-01,Summer / Pre-monsoon,27,61,38,31.0708333333333,52.25,2.25583333333333,60,Satisfactory,pm10,-0.06872293108721919,1.5368798522648204,-0.4063229180124983,-0.0149563582581384,0.5028962999107841,0.03261332117355194,MODELING_HISTORY,Cluster 1,0.8101078822461572
PROJ_179,"ECIL Kapra, Hyderabad - TSPCB",Hyderabad,2025-05-02,Summer / Pre-monsoon,34,64,40,31.6541666666667,47.2083333333333,2.35666666666667,63,Satisfactory,pm10,-0.45717281197900383,1.629922020912472,-0.4166524976852924,-0.333601724639229,0.45835464608222853,0.2790837751802409,MODELING_HISTORY,Cluster 1,0.5783791454504269
PROJ_179,"ECIL Kapra, Hyderabad - TSPCB",Hyderabad,2025-05-03,Summer / Pre-monsoon,29,61,39,32.3708333333333,41.0416666666667,2.56375,60,Satisfactory,pm10,-0.33219925036673803,2.083916752307274,-0.3743270139192426,-0.3940993938312777,0.17661211739348676,0.23449560456921412,MODELING_HISTORY,Cluster 1,0.9461210721959107
PROJ_179,"ECIL Kapra, Hyderabad - TSPCB",Hyderabad,2025-05-04,Summer / Pre-monsoon,47,66,56,30.625,44.125,1.80291666666667,78,Satisfactory,pm2_5,-1.288474368231823,1.2314857143496567,-1.3101622627383032,-0.27065159787710025,0.6059040427583938,0.8879106192338544,MODELING_HISTORY,Cluster 1,1.3120576159559487
PROJ_179,"ECIL Kapra, Hyderabad - TSPCB",Hyderabad,2025-05-05,Summer / Pre-monsoon,31,68,56,31.0666666666667,43.2916666666667,1.755,67,Satisfactory,pm10,-0.8975390835553305,1.6601805643216976,-1.4899572445512406,0.03021194736963939,0.36599030916931746,0.24508634944983387,MODELING_HISTORY,Cluster 1,1.420645719028055
PROJ_179,"ECIL Kapra, Hyderabad - TSPCB",Hyderabad,2025-05-07,Summer / Pre-monsoon,25,73,68,31.1625,36.1666666666667,1.40666666666667,72,Satisfactory,pm10,-1.2325261201606463,1.9703891567115688,-2.3096869293722935,0.24402854266289295,0.0965178788582176,0.07637022658112975,MODELING_HISTORY,Cluster 1,2.3485870391692485
PROJ_179,"ECIL Kapra, Hyderabad - TSPCB",Hyderabad,2025-05-08,Summer / Pre-monsoon,28,82,54,30.5583333333333,38.25,1.93791666666667,82,Satisfactory,pm10,-1.0984241087927342,1.5988593367913049,-1.3607941819651217,-0.04885744300291661,-0.11123276672123356,-0.10858321861346032,MODELING_HISTORY,Cluster 1,1.3082866007531582
PROJ_179,"ECIL Kapra, Hyderabad - TSPCB",Hyderabad,2025-05-09,Summer / Pre-monsoon,30,88,42,30.8458333333333,40.3333333333333,1.865,88,Satisfactory,pm10,-1.1631178502305424,1.524291494286695,-0.5746752370341621,-0.0299746395382191,0.03292740499923763,-0.32294231775958626,MODELING_HISTORY,Cluster 1,0.6176453061715155
PROJ_179,"ECIL Kapra, Hyderabad - TSPCB",Hyderabad,2025-05-10,Summer / Pre-monsoon,31,89,58,31.4833333333333,40.0416666666667,1.88916666666667,89,Satisfactory,pm10,-1.3593480819133277,1.6188323226700565,-1.566386652761361,-0.3130040548180031,0.12667079000866244,-0.2257449508987587,MODELING_HISTORY,Cluster 1,1.5948689313566613
PROJ_179,"ECIL Kapra, Hyderabad - TSPCB",Hyderabad,2025-05-11,Summer / Pre-monsoon,33,91,67,32.4333333333333,39.9166666666667,1.65666666666667,91,Satisfactory,pm10,-1.657026078520542,1.779427413523367,-2.110670646713854,-0.43154569895092654,0.3738773367169554,-0.2009590986055269,MODELING_HISTORY,Cluster 1,2.240494343924503
PROJ_179,"ECIL Kapra, Hyderabad - TSPCB",Hyderabad,2025-05-12,Summer / Pre-monsoon,35,92,48,31.7791666666667,44.4166666666667,2.59041666666667,92,Satisfactory,pm10,-1.0728642948783855,1.4017237075912177,-0.8534954298376103,-0.8501605625565234,0.13663184953227017,-0.2721304723715766,MODELING_HISTORY,Cluster 1,1.0884825539676797
PROJ_179,"ECIL Kapra, Hyderabad - TSPCB",Hyderabad,2025-05-13,Summer / Pre-monsoon,67,90,55,31.375,47.9166666666667,1.86083333333333,121,Moderately Polluted,pm2_5,-2.2521984025343595,0.6364862302074308,-0.979635196927368,-1.0634475143001794,1.0497005029331845,0.9133379260663848,MODELING_HISTORY,Cluster 1,2.076812404063557
PROJ_179,"ECIL Kapra, Hyderabad - TSPCB",Hyderabad,2025-05-14,Summer / Pre-monsoon,35,88,55,30.8791666666667,50.25,1.78375,88,Satisfactory,pm10,-1.205434270717987,1.1306332938699426,-1.3781820141865675,-0.25443337358425555,0.5525489432913312,-0.210436315666704,MODELING_HISTORY,Cluster 1,1.3582860339287788
PROJ_179,"ECIL Kapra, Hyderabad - TSPCB",Hyderabad,2025-05-15,Summer / Pre-monsoon,37,87,47,29.4541666666667,59.625,1.46875,87,Satisfactory,pm10,-1.0314573991161429,0.5493962231074405,-0.9158403406098206,0.14457982386646562,0.8622765366406886,-0.25755040373730437,MODELING_HISTORY,Cluster 1,1.1906079253444288
PROJ_179,"ECIL Kapra, Hyderabad - TSPCB",Hyderabad,2025-05-16,Summer / Pre-monsoon,38,88,59,29.6291666666667,57.5,1.20625,88,Satisfactory,pm10,-1.3430092087602776,0.624330319450884,-1.6691948252128312,0.15767123737746713,0.9165333212860473,-0.1511914781405896,MODELING_HISTORY,Cluster 1,1.8250446577933135
PROJ_179,"ECIL Kapra, Hyderabad - TSPCB",Hyderabad,2025-05-17,Summer / Pre-monsoon,40,90,59,29.8708333333333,57.75,1.56375,90,Satisfactory,pm10,-1.2986044693975258,0.5799706562436078,-1.6214039632001682,-0.172369848207367,0.8559073215952236,-0.12541481943018806,MODELING_HISTORY,Cluster 1,1.7722688961967665
PROJ_179,"ECIL Kapra, Hyderabad - TSPCB",Hyderabad,2025-05-18,Summer / Pre-monsoon,39,90,13,29.6625,61,1.51,90,Satisfactory,pm10,-0.828491627615061,0.5308031342728459,1.270591017981528,0.34101275751719573,0.9321984950070916,-0.5329872742429695,MODELING_HISTORY,Cluster 1,1.6719098109794044
PROJ_179,"ECIL Kapra, Hyderabad - TSPCB",Hyderabad,2025-05-19,Summer / Pre-monsoon,37,86,59,28.7916666666667,67.8333333333333,1.82291666666667,86,Satisfactory,pm10,-0.7414281619550394,0.12650839771426314,-1.696535291114573,-0.14304707042033893,0.972615506205083,-0.21990532581761696,MODELING_HISTORY,Cluster 1,2.0081837164327156
PROJ_179,"ECIL Kapra, Hyderabad - TSPCB",Hyderabad,2025-05-20,Summer / Pre-monsoon,33,94,59,30.0333333333333,63.4583333333333,1.88708333333333,94,Satisfactory,pm10,-0.8960098590741112,0.5233582163408041,-1.6983677706273694,-0.318425271076761,0.8434130667277926,-0.5583895866977753,MODELING_HISTORY,Cluster 1,1.8082317498944163
PROJ_179,"ECIL Kapra, Hyderabad - TSPCB",Hyderabad,2025-05-21,Summer / Pre-monsoon,31,94,42,26.35,82.2083333333333,1.38,94,Satisfactory,pm10,-0.32288930579026365,-0.7326941643745699,-0.7832220061096329,0.6272113218040749,1.1783511412915633,-0.8748377082775975,MODELING_HISTORY,Cluster 3,1.1272048151722072
PROJ_179,"ECIL Kapra, Hyderabad - TSPCB",Hyderabad,2025-05-22,Summer / Pre-monsoon,26,93,21,26.3541666666667,79.5,2.2625,93,Satisfactory,pm10,0.3067461199780346,-0.5857735986896243,0.5462849395823438,0.373807322723287,0.6616635508892605,-1.0899407880101026,MODELING_HISTORY,Cluster 3,1.415608649386742
PROJ_179,"ECIL Kapra, Hyderabad - TSPCB",Hyderabad,2025-05-23,Summer / Pre-monsoon,31,95,30,27.1625,71.25,2.52458333333333,95,Satisfactory,pm10,-0.08079802628131058,-0.3226954599380488,0.08918123941187676,-0.08268883593463411,0.4402099707918799,-0.7940687818908241,MODELING_HISTORY,Cluster 3,1.1956914503038953
PROJ_179,"ECIL Kapra, Hyderabad - TSPCB",Hyderabad,2025-05-24,Summer / Pre-monsoon,34,91,30,26.6291666666667,74.9583333333333,2.10333333333333,91,Satisfactory,pm10,-0.15545788829998547,-0.533269465665242,0.0771064096503065,0.22265653070190689,0.735816150797729,-0.6388116546253939,MODELING_HISTORY,Cluster 3,0.9396803051371236
PROJ_179,"ECIL Kapra, Hyderabad - TSPCB",Hyderabad,2025-05-27,Summer / Pre-monsoon,36,97,51,26.0208333333333,80.625,2.92041666666667,97,Satisfactory,pm10,-0.01254009784491107,-1.0340503770778515,-1.2083808704197283,-0.5612039266158916,0.5840917801183017,-0.5753889330592095,MODELING_HISTORY,Cluster 3,1.8492576563998826
PROJ_179,"ECIL Kapra, Hyderabad - TSPCB",Hyderabad,2025-05-29,Summer / Pre-monsoon,37,96,27,26.1,81.4583333333333,3.09791666666667,96,Satisfactory,pm10,0.2619624502416957,-1.030662977780653,0.33365008384099015,-0.4733532541531788,0.5758004512527841,-0.6933103946264506,MODELING_HISTORY,Cluster 3,1.5146133689394485
PROJ_179,"ECIL Kapra, Hyderabad - TSPCB",Hyderabad,2025-05-30,Summer / Pre-monsoon,36,96,57,27.6708333333333,71.25,3.63541666666667,96,Satisfactory,pm10,-0.0371132304221965,-0.4534767082802471,-1.498161168206143,-1.2588000007616262,0.2088664563177794,-0.410384343302316,MODELING_HISTORY,Cluster 2,2.4863921999986283
PROJ_179,"ECIL Kapra, Hyderabad - TSPCB",Hyderabad,2025-05-31,Summer / Pre-monsoon,36,97,40,28.375,59.75,3.88333333333333,97,Satisfactory,pm10,-0.12688743697033705,0.03092261297478149,-0.3561191490265761,-1.3121471198493615,-0.24539716928146332,-0.4009550532419054,MODELING_HISTORY,Cluster 1,1.93122047631576
PROJ_179,"ECIL Kapra, Hyderabad - TSPCB",Hyderabad,2025-06-01,Monsoon,34,96,68,28.0291666666667,60.875,3.985,96,Satisfactory,pm10,-0.1953188235783011,-0.07740904790585026,-2.161669906476691,-1.5561384706991184,-0.30348034175915584,-0.2417444742963188,MODELING_HISTORY,Cluster 1,2.9551244047777137
PROJ_179,"ECIL Kapra, Hyderabad - TSPCB",Hyderabad,2025-06-02,Monsoon,34,95,58,27.2958333333333,66.0416666666667,3.54583333333333,95,Satisfactory,pm10,-0.12084965558579214,-0.3288823512471857,-1.5790093173721302,-1.08619408772309,-0.04845485096405239,-0.3540717515076638,MODELING_HISTORY,Cluster 3,2.44865569675062
PROJ_179,"ECIL Kapra, Hyderabad - TSPCB",Hyderabad,2025-06-04,Monsoon,33,96,69,28.2333333333333,59.7916666666667,2.85583333333333,96,Satisfactory,pm10,-0.662605749228627,0.11322016382724624,-2.29111940971902,-0.8211953727282233,0.07496264453593124,-0.3278115105398514,MODELING_HISTORY,Cluster 1,2.6136725651987165
PROJ_179,"ECIL Kapra, Hyderabad - TSPCB",Hyderabad,2025-06-05,Monsoon,33,95,69,28.1958333333333,61.3333333333333,1.48916666666667,95,Satisfactory,pm10,-1.1556413587034085,0.18531885916531585,-2.3714212190666957,0.08870917494954278,0.6299355586769095,-0.40123354467396255,MODELING_HISTORY,Cluster 1,2.578210730774058
PROJ_179,"ECIL Kapra, Hyderabad - TSPCB",Hyderabad,2025-06-06,Monsoon,40,95,58,29.0916666666667,60.7916666666667,1.50583333333333,95,Satisfactory,pm10,-1.311111748435522,0.27366956837905376,-1.5755377557208703,-0.08134898772554566,0.8512471064888738,-0.2652817819409676,MODELING_HISTORY,Cluster 1,1.8930840788204606
PROJ_179,"ECIL Kapra, Hyderabad - TSPCB",Hyderabad,2025-06-07,Monsoon,40,84,58,29.8708333333333,55.5833333333333,2.54958333333333,84,Satisfactory,pm10,-0.8304761535633715,0.6226158029633533,-1.505389676757427,-0.7489038042729194,0.44945283455326823,0.10510306753558302,MODELING_HISTORY,Cluster 1,1.7029129835078576
PROJ_179,"ECIL Kapra, Hyderabad - TSPCB",Hyderabad,2025-06-08,Monsoon,37,85,33,29.4375,59.0416666666667,3.15291666666667,85,Satisfactory,pm10,-0.21272232585989745,0.46164779260766786,0.06255004097658311,-0.8092971705610543,0.23325260816831847,-0.20414799793307803,MODELING_HISTORY,Cluster 1,1.2933497972345882
PROJ_179,"ECIL Kapra, Hyderabad - TSPCB",Hyderabad,2025-06-09,Monsoon,36,79,43,25.8875,77.9583333333333,3.55416666666667,79,Satisfactory,pm10,0.5937364302279249,-0.8442872660340603,-0.6822883832142068,-0.7072581436407251,0.3332704443248825,-0.10179495069993498,MODELING_HISTORY,Cluster 2,1.45770002817786
PROJ_179,"ECIL Kapra, Hyderabad - TSPCB",Hyderabad,2025-06-12,Monsoon,39,76,32,26.4708333333333,80.0833333333333,1.34875,76,Satisfactory,pm10,-0.2045267164197172,-0.6046040670587794,-0.06986168860788235,0.7327000445659729,1.3647025512782247,-0.1849581942928344,MODELING_HISTORY,Cluster 3,0.93428761631281
PROJ_179,"ECIL Kapra, Hyderabad - TSPCB",Hyderabad,2025-06-13,Monsoon,31,72,26,27.5166666666667,76.0416666666667,1.21625,71,Satisfactory,pm10,-0.02283596825609202,-0.03262169638458823,0.23243396000636035,0.9658224048516568,1.289719563255702,-0.41915003357069225,MODELING_HISTORY,Cluster 3,1.4742299670700918
PROJ_179,"ECIL Kapra, Hyderabad - TSPCB",Hyderabad,2025-06-14,Monsoon,35,73,28,27.7583333333333,73.625,2.20208333333333,72,Satisfactory,pm10,0.1513432889664626,-0.08541657380631859,0.21820939107637177,0.17941578294989843,0.9384517448956728,-0.2050715464483334,MODELING_HISTORY,Cluster 3,1.454691264951401
PROJ_179,"ECIL Kapra, Hyderabad - TSPCB",Hyderabad,2025-06-15,Monsoon,35,68,39,26.5541666666667,76.4583333333333,3.45583333333333,67,Satisfactory,pm10,0.771905202353977,-0.5060007023165809,-0.4452410244420405,-0.5617890058693351,0.4544903018785081,0.08819583688913449,MODELING_HISTORY,Cluster 2,1.0605661888084865
PROJ_179,"ECIL Kapra, Hyderabad - TSPCB",Hyderabad,2025-06-16,Monsoon,39,55,26,26.35,74.9166666666667,5.08791666666667,64,Satisfactory,pm2_5,1.6349825593399152,-0.573106586860996,0.500651644140803,-1.4460165677528791,-0.08585082781248932,0.5887797334828346,MODELING_HISTORY,Cluster 2,1.305039538532704
PROJ_179,"ECIL Kapra, Hyderabad - TSPCB",Hyderabad,2025-06-17,Monsoon,50,68,31,27.4875,65.9166666666667,4.36583333333333,83,Satisfactory,pm2_5,0.4600288802064252,-0.35960112490237384,0.3364452124564801,-1.4844788413774563,0.10390527707166863,0.7396969478769168,MODELING_HISTORY,Cluster 2,1.7275807394276423
PROJ_179,"ECIL Kapra, Hyderabad - TSPCB",Hyderabad,2025-06-18,Monsoon,41,73,37,27.5041666666667,65.7916666666667,4.52166666666667,72,Satisfactory,pm10,0.645597515595958,-0.24362225053667533,-0.13519992869325922,-1.5005764333893028,-0.13788974471169757,0.3422019715625316,MODELING_HISTORY,Cluster 2,1.5972249459977443
PROJ_179,"ECIL Kapra, Hyderabad - TSPCB",Hyderabad,2025-06-19,Monsoon,36,71,30,27.2,68.125,5.32333333333333,70,Satisfactory,pm10,1.2834455052793357,-0.3151192833994531,0.27875686247520165,-1.8068596503431913,-0.4587629103916524,0.1852168805290284,MODELING_HISTORY,Cluster 2,1.60356091463236
PROJ_179,"ECIL Kapra, Hyderabad - TSPCB",Hyderabad,2025-06-20,Monsoon,34,61,40,27.3791666666667,67.2083333333333,4.47083333333333,60,Satisfactory,pm10,1.0831473659615218,-0.0490901542349583,-0.4326528622712525,-1.22467019195504,-0.1305601269194635,0.38945507866534707,MODELING_HISTORY,Cluster 2,1.226803687425909
PROJ_179,"ECIL Kapra, Hyderabad - TSPCB",Hyderabad,2025-06-21,Monsoon,36,61,52,28.1041666666667,63.4583333333333,4.42208333333333,60,Satisfactory,pm10,0.7899743407400515,0.16739281333041955,-1.1510297150152655,-1.430143241751763,-0.11289299224511334,0.5644418470003243,MODELING_HISTORY,Cluster 2,1.9201713723439293
PROJ_179,"ECIL Kapra, Hyderabad - TSPCB",Hyderabad,2025-06-22,Monsoon,35,61,21,28.1833333333333,60.4583333333333,4.41708333333333,60,Satisfactory,pm10,0.9927984806260192,0.3378469608531197,0.816151499597884,-1.1048142325371246,-0.2510030074950501,0.34906372961279686,MODELING_HISTORY,Cluster 2,1.456938793392039
PROJ_179,"ECIL Kapra, Hyderabad - TSPCB",Hyderabad,2025-06-23,Monsoon,33,58,27,26.6541666666667,67.625,5.14125,57,Satisfactory,pm10,1.5799658385730906,-0.20914255654661157,0.4017096491330834,-1.3995830193180363,-0.4697720275949847,0.4047758051229142,MODELING_HISTORY,Cluster 2,1.1979722127196293
PROJ_179,"ECIL Kapra, Hyderabad - TSPCB",Hyderabad,2025-06-24,Monsoon,34,59,27,25.6333333333333,74.7083333333333,5.27208333333333,58,Satisfactory,pm10,1.7910750166239813,-0.6833246703299907,0.384061333408643,-1.4124228293649166,-0.3769780056629156,0.3678333069925376,MODELING_HISTORY,Cluster 2,1.276171874229771
PROJ_179,"ECIL Kapra, Hyderabad - TSPCB",Hyderabad,2025-06-26,Monsoon,39,64,42,25.9958333333333,75.375,4.02083333333333,64,Satisfactory,pm2_5,0.921896144273002,-0.6904337145809042,-0.5673500858768465,-0.9343807078608312,0.21966876908191857,0.4324156922199637,MODELING_HISTORY,Cluster 2,1.2234347782675257
PROJ_179,"ECIL Kapra, Hyderabad - TSPCB",Hyderabad,2025-06-28,Monsoon,31,59,43,27.425,64.375,4.48416666666667,58,Satisfactory,pm10,1.1210908010053622,0.11884903957722312,-0.6501937519954183,-1.1737952252667434,-0.27920927960794734,0.3944282175303855,MODELING_HISTORY,Cluster 2,1.3131627696000363
PROJ_179,"ECIL Kapra, Hyderabad - TSPCB",Hyderabad,2025-06-29,Monsoon,36,61,32,26.7916666666667,65.375,5.08833333333333,60,Satisfactory,pm10,1.308954814610933,-0.20710739106292397,0.13004292903693546,-1.513301520492515,-0.4824588082478312,0.4996170189331783,MODELING_HISTORY,Cluster 2,1.2987951838686649
PROJ_179,"ECIL Kapra, Hyderabad - TSPCB",Hyderabad,2025-07-01,Monsoon,35,64,35,24.3333333333333,83.7083333333333,4.99875,63,Satisfactory,pm10,1.7528488906538269,-1.2936936111358988,-0.16833362383052253,-1.2439178534933133,-0.12361106462100092,0.2514258290618295,MODELING_HISTORY,Cluster 2,1.4292243654483854
PROJ_179,"ECIL Kapra, Hyderabad - TSPCB",Hyderabad,2025-07-02,Monsoon,36,64,26,24.5375,85.0416666666667,3.83125,63,Satisfactory,pm10,1.3514980526536604,-1.1958513924909289,0.35051544370081184,-0.4403227423103714,0.3938448934545927,0.12639106208113943,MODELING_HISTORY,Cluster 2,1.0275706850999953
PROJ_179,"ECIL Kapra, Hyderabad - TSPCB",Hyderabad,2025-07-03,Monsoon,35,67,28,25.1416666666667,78.125,4.27791666666667,66,Satisfactory,pm10,1.2967103929487644,-0.9114749469712176,0.27100192462850176,-0.811036780971851,0.01446132292367208,0.13049964020259688,MODELING_HISTORY,Cluster 2,0.9351939914413357
PROJ_179,"ECIL Kapra, Hyderabad - TSPCB",Hyderabad,2025-07-04,Monsoon,33,68,43,25.6666666666667,76.4166666666667,4.71541666666667,67,Satisfactory,pm10,1.3340558983761404,-0.7736187157187898,-0.6672038249158276,-1.2724341063534703,-0.16635266820065708,0.163141390948374,MODELING_HISTORY,Cluster 2,1.3588871078825009
PROJ_179,"ECIL Kapra, Hyderabad - TSPCB",Hyderabad,2025-07-05,Monsoon,38,75,17,25.8833333333333,75.25,5.20541666666667,74,Satisfactory,pm10,1.421495222699793,-0.8672099420153186,1.0845018313527457,-1.5408611877232254,-0.3254300507004412,0.01867543403378932,MODELING_HISTORY,Cluster 2,1.7694519973394738
PROJ_179,"ECIL Kapra, Hyderabad - TSPCB",Hyderabad,2025-07-06,Monsoon,36,73,45,26.4,70.1666666666667,4.93708333333333,72,Satisfactory,pm10,1.0417849197128772,-0.5620238457478086,-0.7095514112322854,-1.6184172844882048,-0.3614411355235698,0.23260606634220435,MODELING_HISTORY,Cluster 2,1.6811067194165805
PROJ_179,"ECIL Kapra, Hyderabad - TSPCB",Hyderabad,2025-07-07,Monsoon,19,76,27,25.3541666666667,76.4583333333333,5.09958333333333,76,Satisfactory,pm10,1.8977273034792912,-0.6526646843470255,0.2099256518316222,-1.105831509691255,-0.6486794902003103,-0.6192373189485824,MODELING_HISTORY,Cluster 2,0.9724750515842396
PROJ_179,"ECIL Kapra, Hyderabad - TSPCB",Hyderabad,2025-07-08,Monsoon,19,75,47,25.8541666666667,72.7083333333333,4.95,74,Satisfactory,pm10,1.5852000937359023,-0.43882240118790605,-1.0496995906753217,-1.2402080113108611,-0.6526480342049616,-0.428178635393103,MODELING_HISTORY,Cluster 2,1.4677951424812816
PROJ_179,"ECIL Kapra, Hyderabad - TSPCB",Hyderabad,2025-07-09,Monsoon,32,75,47,25.9583333333333,73,4.245,74,Satisfactory,pm10,0.9121509891382484,-0.6269510435001093,-0.9338297817509598,-1.067717743746388,-0.14530484604042415,-0.00664570861974805,MODELING_HISTORY,Cluster 2,1.4945609091065806
PROJ_179,"ECIL Kapra, Hyderabad - TSPCB",Hyderabad,2025-07-10,Monsoon,35,78,40,26.7125,70.6666666666667,3.43416666666667,78,Satisfactory,pm10,0.412041367651338,-0.4041399354294518,-0.4755864970846708,-0.646124619987697,0.1977843372122195,-0.07183443200742443,MODELING_HISTORY,Cluster 2,1.3898268007419639
PROJ_179,"ECIL Kapra, Hyderabad - TSPCB",Hyderabad,2025-07-11,Monsoon,33,76,48,27.4916666666667,67.9166666666667,2.79666666666667,76,Satisfactory,pm10,0.09639076290564036,-0.04823392765692434,-1.0239214533461596,-0.3316749334336193,0.41609544717618735,-0.07212278749565162,MODELING_HISTORY,Cluster 2,1.8872943333699594
PROJ_179,"ECIL Kapra, Hyderabad - TSPCB",Hyderabad,2025-07-12,Monsoon,35,76,44,27.7458333333333,66.7083333333333,3.4825,76,Satisfactory,pm10,0.30774931014482676,-0.04885207093345184,-0.702050573246074,-0.8169612092020884,0.1909859046163528,0.01511961443887108,MODELING_HISTORY,Cluster 2,1.6364646845854651
PROJ_179,"ECIL Kapra, Hyderabad - TSPCB",Hyderabad,2025-07-13,Monsoon,35,77,33,28.2875,60.9583333333333,3.8025,77,Satisfactory,pm10,0.3470502168611876,0.21753262963151304,0.04144852903857152,-0.978482884639292,-0.08310679898420015,-0.00977098329973701,MODELING_HISTORY,Cluster 2,1.5598877920958376
PROJ_179,"ECIL Kapra, Hyderabad - TSPCB",Hyderabad,2025-07-14,Monsoon,33,74,36,28.3791666666667,60.625,4.24416666666667,73,Satisfactory,pm10,0.6083536957177742,0.27699582412349677,-0.15033208148499028,-1.2390125391566251,-0.2575486428285975,0.0384861189850758,MODELING_HISTORY,Cluster 2,1.5367680969263366
PROJ_179,"ECIL Kapra, Hyderabad - TSPCB",Hyderabad,2025-07-15,Monsoon,30,73,47,27.3125,68.2916666666667,4.04166666666667,72,Satisfactory,pm10,0.7707421331813225,-0.11120424297008948,-0.9365152477203492,-1.0300757348000045,-0.08004856220111217,-0.04037360968311093,MODELING_HISTORY,Cluster 2,1.5210345527230993
PROJ_179,"ECIL Kapra, Hyderabad - TSPCB",Hyderabad,2025-07-16,Monsoon,31,74,40,27.9708333333333,67.875,2.75666666666667,73,Satisfactory,pm10,0.2289598690681072,0.13524826904872755,-0.5375800200474371,-0.22965361750696517,0.47305024221926417,-0.1796411222952168,MODELING_HISTORY,Cluster 2,1.579048275066199
PROJ_179,"ECIL Kapra, Hyderabad - TSPCB",Hyderabad,2025-07-17,Monsoon,32,74,38,27.1791666666667,76.5,1.66166666666667,73,Satisfactory,pm10,0.01221481685799602,-0.21649147290854487,-0.49733767235360354,0.558711313731377,1.108456002603146,-0.3108793842322234,MODELING_HISTORY,Cluster 3,1.3798701598637262
PROJ_179,"ECIL Kapra, Hyderabad - TSPCB",Hyderabad,2025-07-18,Monsoon,30,74,23,25.8791666666667,83.25,1.75875,73,Satisfactory,pm10,0.4415736419317295,-0.6476992435249612,0.396156658295828,0.823990511095139,1.105154314664699,-0.5204688927598554,MODELING_HISTORY,Cluster 3,1.55001277577454
PROJ_179,"ECIL Kapra, Hyderabad - TSPCB",Hyderabad,2025-07-19,Monsoon,33,76,28,25.5208333333333,83.5,2.10583333333333,76,Satisfactory,pm10,0.4288603406316775,-0.8520202143568459,0.12950762749686226,0.5100161311947942,0.9792655539722512,-0.3908519581417883,MODELING_HISTORY,Cluster 3,1.4084790157739444
PROJ_179,"ECIL Kapra, Hyderabad - TSPCB",Hyderabad,2025-07-20,Monsoon,32,76,32,26.2875,79.0833333333333,2.395,76,Satisfactory,pm10,0.40988249209120886,-0.5632107940137583,-0.09539702176762832,0.21997498986255912,0.7985558611393475,-0.3547272593624759,MODELING_HISTORY,Cluster 2,1.359156866961809
PROJ_179,"ECIL Kapra, Hyderabad - TSPCB",Hyderabad,2025-07-21,Monsoon,36,84,43,26.1958333333333,79.8333333333333,2.8925,84,Satisfactory,pm10,0.2675017617689307,-0.8255337904489578,-0.713482497880793,-0.3650629749670808,0.662260020880004,-0.30871025523003537,MODELING_HISTORY,Cluster 3,1.6448929429071164
PROJ_179,"ECIL Kapra, Hyderabad - TSPCB",Hyderabad,2025-07-22,Monsoon,28,75,59,25.2,84.3333333333333,3.70208333333333,74,Satisfactory,pm10,1.022290739216552,-1.0159858951101648,-1.8203357455437632,-0.6873975750373582,0.3229456728665268,-0.232431153136284,MODELING_HISTORY,Cluster 2,2.1307178923276973
PROJ_179,"ECIL Kapra, Hyderabad - TSPCB",Hyderabad,2025-07-23,Monsoon,23,67,59,24.3916666666667,87.4166666666667,4.45,66,Satisfactory,pm10,1.731330247090523,-1.1658195259198612,-1.8707451815329577,-0.9070587245743048,0.01572250423300636,-0.17801376378919537,MODELING_HISTORY,Cluster 2,2.1981451950466058
PROJ_179,"ECIL Kapra, Hyderabad - TSPCB",Hyderabad,2025-07-24,Monsoon,29,70,28,23.8166666666667,87.5416666666667,4.61291666666667,69,Satisfactory,pm10,1.8304333032109008,-1.4175166857168966,0.17234720462718725,-0.7973602049092475,-0.05282258946936347,-0.21836995510185253,MODELING_HISTORY,Cluster 2,1.2787959257203616
PROJ_179,"ECIL Kapra, Hyderabad - TSPCB",Hyderabad,2025-07-25,Monsoon,26,50,18,23.9333333333333,88.4583333333333,4.82958333333333,50,Good,pm10,2.495916589013433,-1.1573842875280995,0.7565445202299922,-0.6139954729631861,-0.0155066060828416,0.08900470355524243,MODELING_HISTORY,Cluster 2,1.4654315271802552
PROJ_179,"ECIL Kapra, Hyderabad - TSPCB",Hyderabad,2025-07-26,Monsoon,30,56,27,23.45,90.7916666666667,5.90125,55,Satisfactory,pm10,2.6917303897472458,-1.57781558669798,0.2830251088033105,-1.495571140406445,-0.3437564449144622,0.1987255537315054,MODELING_HISTORY,Cluster 2,2.0903154442179206
PROJ_179,"ECIL Kapra, Hyderabad - TSPCB",Hyderabad,2025-07-27,Monsoon,32,53,26,25.7208333333333,74,5.85875,52,Satisfactory,"pm10,pm2_5",2.192213883204107,-0.5896736584916861,0.4513905649782366,-1.7002770675311776,-0.6033774732387093,0.4760945957669442,MODELING_HISTORY,Cluster 2,1.624452232194248
PROJ_179,"ECIL Kapra, Hyderabad - TSPCB",Hyderabad,2025-07-28,Monsoon,30,63,33,25.875,70.9166666666667,5.45125,62,Satisfactory,pm10,1.7559751621908677,-0.5033608245152561,-0.01329225212428952,-1.5557193380500949,-0.6459855803368786,0.2228224624307556,MODELING_HISTORY,Cluster 2,1.3171868036766796
PROJ_179,"ECIL Kapra, Hyderabad - TSPCB",Hyderabad,2025-07-29,Monsoon,28,74,30,25.8375,71.5833333333333,5.36541666666667,73,Satisfactory,pm10,1.6112371185727323,-0.5913665362178373,0.16024484407562367,-1.5271016069185963,-0.6960130512320966,-0.1571358460254983,MODELING_HISTORY,Cluster 2,1.3079881482588422
PROJ_179,"ECIL Kapra, Hyderabad - TSPCB",Hyderabad,2025-07-30,Monsoon,22,71,50,25.3458333333333,77.375,4.61875,70,Satisfactory,pm10,1.545733922579795,-0.68362544190367,-1.250272398735155,-1.030460155615835,-0.3464485829780436,-0.262821715151056,MODELING_HISTORY,Cluster 2,1.5515209836526864
PROJ_179,"ECIL Kapra, Hyderabad - TSPCB",Hyderabad,2025-07-31,Monsoon,30,85,50,25.8583333333333,75.5833333333333,3.92083333333333,85,Satisfactory,pm10,0.6915084835455343,-0.7630141668960987,-1.1625581826145193,-0.930118551387049,-0.03375593959322337,-0.3588142952941971,MODELING_HISTORY,Cluster 2,1.7347820568098276
PROJ_179,"ECIL Kapra, Hyderabad - TSPCB",Hyderabad,2025-08-01,Monsoon,22,76,29,26.3541666666667,73.5416666666667,3.51583333333333,76,Satisfactory,pm10,1.0482532224079335,-0.2756736239074664,0.05680767076122151,-0.26267073329920043,0.00941500946404966,-0.5929072777066052,MODELING_HISTORY,Cluster 2,0.5935665389217485
PROJ_179,"ECIL Kapra, Hyderabad - TSPCB",Hyderabad,2025-08-02,Monsoon,23,62,37,26.7125,73.25,2.40041666666667,61,Satisfactory,pm10,0.7550571440064011,0.0173755685455465,-0.5111002391962182,0.4590731781066844,0.5587599566995618,-0.22916425265230952,MODELING_HISTORY,Cluster 2,1.3006999608970529
PROJ_179,"ECIL Kapra, Hyderabad - TSPCB",Hyderabad,2025-08-03,Monsoon,23,62,37,26.65,77.5,1.86708333333333,61,Satisfactory,pm10,0.6478392556582101,-0.07513095410799292,-0.5548168825481811,0.8015044725326794,0.9101035604833498,-0.32201616440615805,MODELING_HISTORY,Cluster 2,1.5838818983989067
PROJ_179,"ECIL Kapra, Hyderabad - TSPCB",Hyderabad,2025-08-04,Monsoon,24,25,19,26.0916666666667,82,1.13291666666667,40,Good,pm2_5,1.3120178298407523,0.1152259668817448,0.4904895750696041,1.8348855759274372,1.4991753026801018,0.4222762199329806,MODELING_HISTORY,Cluster 2,2.208442365966161
PROJ_179,"ECIL Kapra, Hyderabad - TSPCB",Hyderabad,2025-08-05,Monsoon,29,67,24,26.125,81.9583333333333,1.08791666666667,66,Satisfactory,pm10,0.28829018200515455,-0.4089214175785026,0.283662127958306,1.3165678218648051,1.357715811164637,-0.4063553844015425,MODELING_HISTORY,Cluster 3,1.684990190069018
PROJ_179,"ECIL Kapra, Hyderabad - TSPCB",Hyderabad,2025-08-06,Monsoon,33,67,29,26.2458333333333,81.375,1.16125,66,Satisfactory,pm10,0.1382891992276839,-0.45921240623449944,0.02092920090795298,1.1210753093258845,1.3980734509478938,-0.21901905535128097,MODELING_HISTORY,Cluster 3,1.4341247051537762
PROJ_179,"ECIL Kapra, Hyderabad - TSPCB",Hyderabad,2025-08-07,Monsoon,32,70,31,25.7833333333333,84.8333333333333,0.957083333333333,69,Satisfactory,pm10,0.11211736357509994,-0.6587008198386726,-0.1429013932287133,1.2763701981846023,1.5057180777909762,-0.3558628118582148,MODELING_HISTORY,Cluster 3,1.4591535136285023
PROJ_179,"ECIL Kapra, Hyderabad - TSPCB",Hyderabad,2025-08-08,Monsoon,28,71,21,25.8,81.7916666666667,1.27166666666667,70,Satisfactory,pm10,0.3453224620624241,-0.5080794787146001,0.473388968430844,1.2518422281749817,1.1938613310425858,-0.5328266856935057,MODELING_HISTORY,Cluster 3,1.696990456070715
PROJ_179,"ECIL Kapra, Hyderabad - TSPCB",Hyderabad,2025-08-09,Monsoon,25,68,35,24.7583333333333,85.5833333333333,1.69583333333333,67,Satisfactory,pm10,0.6774022416643697,-0.8148245027275508,-0.4588473288659332,1.0497106998595531,1.0090118948113926,-0.4464247367556964,MODELING_HISTORY,Cluster 2,1.7839434124971627
PROJ_179,"ECIL Kapra, Hyderabad - TSPCB",Hyderabad,2025-08-10,Monsoon,23,66,35,24.6541666666667,85.9166666666667,2.005,65,Satisfactory,pm10,0.912785427598757,-0.8129597554652707,-0.4709244387575709,0.9191654790179686,0.8722703343375036,-0.45163611607269377,MODELING_HISTORY,Cluster 2,1.5710680629820664
PROJ_179,"ECIL Kapra, Hyderabad - TSPCB",Hyderabad,2025-08-11,Monsoon,28,67,35,24.775,84.625,2.915,66,Satisfactory,pm10,1.0741729943759135,-0.9361854582006136,-0.3558818092834021,0.19181435507528577,0.5912964671941285,-0.23091724321457943,MODELING_HISTORY,Cluster 2,1.054314614405707
PROJ_179,"ECIL Kapra, Hyderabad - TSPCB",Hyderabad,2025-08-12,Monsoon,24,68,36,24.95,82.9166666666667,3.475,67,Satisfactory,pm10,1.3456933517020764,-0.8257632731906832,-0.4270722328273334,-0.12698915523813054,0.27253500197894853,-0.3450338594439497,MODELING_HISTORY,Cluster 2,0.784954607135569
PROJ_179,"ECIL Kapra, Hyderabad - TSPCB",Hyderabad,2025-08-13,Monsoon,118,137,37,23.8791666666667,87.9166666666667,3.76875,293,Poor,pm2_5,-2.5581865460540314,-3.834788500753566,0.6897833185256037,-2.8600636101606467,1.426742508904502,1.3522156819717168,MODELING_HISTORY,Cluster 3,4.636094695264349
PROJ_179,"ECIL Kapra, Hyderabad - TSPCB",Hyderabad,2025-08-19,Monsoon,39,65,33,23.8875,84.5,5.94875,64,Satisfactory,"pm10,pm2_5",2.0459237778538375,-1.5837409401048317,0.04928765676163968,-1.8914457222894543,-0.4390592722851327,0.4218912893742924,MODELING_HISTORY,Cluster 2,2.1248628977766573
PROJ_179,"ECIL Kapra, Hyderabad - TSPCB",Hyderabad,2025-08-20,Monsoon,24,66,43,24.5875,82.6666666666667,4.73791666666667,65,Satisfactory,pm10,1.842170039321944,-0.9951747446383428,-0.8103847789167775,-0.9609724142160256,-0.23176510885017643,-0.15152665531145243,MODELING_HISTORY,Cluster 2,1.3229304119606704
PROJ_179,"ECIL Kapra, Hyderabad - TSPCB",Hyderabad,2025-08-21,Monsoon,22,66,55,25.7541666666667,76.125,4.06583333333333,65,Satisfactory,pm10,1.3348882603800023,-0.46624065448212937,-1.5939611386460002,-0.7156236401424438,-0.1032777017824727,-0.13637760790883846,MODELING_HISTORY,Cluster 2,1.7262505729832023
PROJ_179,"ECIL Kapra, Hyderabad - TSPCB",Hyderabad,2025-08-22,Monsoon,23,66,36,25.5958333333333,75.8333333333333,3.92625,65,Satisfactory,pm10,1.400260675213297,-0.4737498678662141,-0.38460228335920776,-0.43996050256307584,-0.08012484270296094,-0.23057710845793564,MODELING_HISTORY,Cluster 2,0.5489236658608677
PROJ_179,"ECIL Kapra, Hyderabad - TSPCB",Hyderabad,2025-08-23,Monsoon,24,77,62,25.3125,74.375,4.49166666666667,77,Satisfactory,pm10,1.1463721063499253,-0.7121545452702804,-1.9781313322606475,-1.143426965400994,-0.4190034450829079,-0.21175414248694735,MODELING_HISTORY,Cluster 2,2.291448280637578
PROJ_179,"ECIL Kapra, Hyderabad - TSPCB",Hyderabad,2025-08-24,Monsoon,33,85,26,25.5958333333333,71.75,4.2675,85,Satisfactory,pm10,0.848072267277348,-0.7647521537624001,0.4243447075626272,-0.9415544235247052,-0.3094548142550788,-0.3281275813847153,MODELING_HISTORY,Cluster 2,1.2155636530728133
PROJ_179,"ECIL Kapra, Hyderabad - TSPCB",Hyderabad,2025-08-25,Monsoon,35,85,36,25.6333333333333,71.0416666666667,4.09541666666667,85,Satisfactory,pm10,0.6180140472455964,-0.7762222966494889,-0.19329875750260775,-0.9689393680163778,-0.22993569353789595,-0.18472560695677745,MODELING_HISTORY,Cluster 2,1.357441901153718
PROJ_179,"ECIL Kapra, Hyderabad - TSPCB",Hyderabad,2025-08-26,Monsoon,35,86,34,24.1916666666667,84.125,3.31041666666667,86,Satisfactory,pm10,0.6683527496160326,-1.4181640565799216,-0.1707857625627171,-0.306542191302846,0.35003766887449617,-0.3943591016707807,MODELING_HISTORY,Cluster 2,1.5121950498889616
PROJ_179,"ECIL Kapra, Hyderabad - TSPCB",Hyderabad,2025-08-27,Monsoon,30,68,32,23.375,91.0416666666667,3.95375,67,Satisfactory,pm10,1.64089815420162,-1.567519375047349,-0.1255210558712503,-0.3603512965769245,0.28944987603730105,-0.17155055928015786,MODELING_HISTORY,Cluster 2,1.3013969176618836
PROJ_179,"ECIL Kapra, Hyderabad - TSPCB",Hyderabad,2025-08-28,Monsoon,30,65,52,23.625,89.3333333333333,4.03958333333333,64,Satisfactory,pm10,1.5206965776191257,-1.4680027482619835,-1.3853268054461023,-0.6074028103838418,0.25600841349932457,0.06379879385932459,MODELING_HISTORY,Cluster 2,1.885983659280708
PROJ_179,"ECIL Kapra, Hyderabad - TSPCB",Hyderabad,2025-08-29,Monsoon,31,73,52,24.9208333333333,81.4166666666667,3.7475,72,Satisfactory,pm10,0.9810174899592132,-1.0270335163394095,-1.334729871393583,-0.6467690941615363,0.21035943191507167,-0.06086640381942756,MODELING_HISTORY,Cluster 2,1.7355859648113756
PROJ_179,"ECIL Kapra, Hyderabad - TSPCB",Hyderabad,2025-08-30,Monsoon,29,73,52,25.7833333333333,78.2083333333333,3.02958333333333,72,Satisfactory,pm10,0.6453161307273613,-0.6412790662573264,-1.3742575825580576,-0.22973817828179535,0.4359747548708755,-0.1697530607663666,MODELING_HISTORY,Cluster 2,1.761911649721272
PROJ_179,"ECIL Kapra, Hyderabad - TSPCB",Hyderabad,2025-08-31,Monsoon,29,74,44,24.9583333333333,84.25,3.44875,73,Satisfactory,pm10,1.0362211826554055,-1.0341188849687932,-0.8741456030156564,-0.3558362183665904,0.3910575606327169,-0.278327148826952,MODELING_HISTORY,Cluster 2,1.3292929422260993
PROJ_179,"ECIL Kapra, Hyderabad - TSPCB",Hyderabad,2025-09-01,Monsoon,26,64,38,24.6,83.9583333333333,3.8525,63,Satisfactory,pm10,1.5354005070534076,-0.9680599136967344,-0.523593475680836,-0.3596567089249403,0.1850633800613064,-0.1353988604713473,MODELING_HISTORY,Cluster 2,0.8968752085893671
PROJ_179,"ECIL Kapra, Hyderabad - TSPCB",Hyderabad,2025-09-02,Monsoon,24,60,29,24.2958333333333,84.8333333333333,4.1325,59,Satisfactory,pm10,1.890387883268219,-0.9904545681187156,0.02704361048932988,-0.3418322025777354,0.05798063176857715,-0.15460193079267473,MODELING_HISTORY,Cluster 2,0.7574530185980234
PROJ_179,"ECIL Kapra, Hyderabad - TSPCB",Hyderabad,2025-09-03,Monsoon,27,68,42,24.8166666666667,79.125,3.61333333333333,67,Satisfactory,pm10,1.1713172321592809,-0.8260918802338405,-0.7543348366491808,-0.30681632307851436,0.10809013343533946,-0.11919219235932448,MODELING_HISTORY,Cluster 2,1.0683719904109417
PROJ_179,"ECIL Kapra, Hyderabad - TSPCB",Hyderabad,2025-09-04,Monsoon,29,75,53,25.3333333333333,75.9166666666667,3.42,74,Satisfactory,pm10,0.7123372792371525,-0.7294539990663199,-1.4127436788150494,-0.4469541330176197,0.12627745427827514,-0.1302583466531879,MODELING_HISTORY,Cluster 2,1.7858244329814077
PROJ_179,"ECIL Kapra, Hyderabad - TSPCB",Hyderabad,2025-09-05,Monsoon,29,73,48,25.4791666666667,76.2083333333333,2.94666666666667,72,Satisfactory,pm10,0.6033951362408881,-0.6379897486210581,-1.1222342395284928,-0.08819351807099501,0.33977290111939823,-0.15519842058170177,MODELING_HISTORY,Cluster 2,1.603455980419635
PROJ_179,"ECIL Kapra, Hyderabad - TSPCB",Hyderabad,2025-09-06,Monsoon,29,73,53,25.7291666666667,77.75,2.63958333333333,72,Satisfactory,pm10,0.4697926515155445,-0.6086307419448715,-1.4578847121673904,0.02712340520039773,0.5512081397690811,-0.17422550838699355,MODELING_HISTORY,Cluster 2,1.9462674861249747
PROJ_179,"ECIL Kapra, Hyderabad - TSPCB",Hyderabad,2025-09-07,Monsoon,29,77,35,25.8083333333333,71.0833333333333,2.54958333333333,77,Satisfactory,pm10,0.33329340570140353,-0.4043499951607333,-0.29143639408469574,0.24040320959808104,0.2990005396514327,-0.30703158832092764,MODELING_HISTORY,Cluster 2,1.4442314481709797
PROJ_179,"ECIL Kapra, Hyderabad - TSPCB",Hyderabad,2025-09-08,Monsoon,28,71,25,26.3958333333333,70.7083333333333,2.12625,70,Satisfactory,pm10,0.36283446441799183,-0.1312807764285183,0.3106039547730217,0.6175613518381456,0.5374913357953686,-0.31538188512085125,MODELING_HISTORY,Cluster 2,1.5843120619106805
PROJ_179,"ECIL Kapra, Hyderabad - TSPCB",Hyderabad,2025-09-09,Monsoon,24,68,32,27.3541666666667,66.5833333333333,1.61333333333333,67,Satisfactory,pm10,0.14558385206882385,0.34591736968675335,-0.18534450235973632,0.8936936832564063,0.65374076145775,-0.35170201216121216,MODELING_HISTORY,Cluster 1,1.706896166971428
PROJ_179,"ECIL Kapra, Hyderabad - TSPCB",Hyderabad,2025-09-10,Monsoon,24,72,46,26.2541666666667,76.7916666666667,1.97166666666667,71,Satisfactory,pm10,0.3875056763211904,-0.28662644178417296,-1.0991254962638313,0.5867761809235567,0.7479858761453304,-0.4312027665512596,MODELING_HISTORY,Cluster 2,1.8912566185937498
PROJ_179,"ECIL Kapra, Hyderabad - TSPCB",Hyderabad,2025-09-11,Monsoon,23,66,46,24.2166666666667,87.2083333333333,3.19791666666667,65,Satisfactory,pm10,1.3506165312392011,-1.06417457244011,-1.1155887661200163,0.07773814044502059,0.43317407970831334,-0.3031287158999438,MODELING_HISTORY,Cluster 2,1.4614969003605642
PROJ_179,"ECIL Kapra, Hyderabad - TSPCB",Hyderabad,2025-09-12,Monsoon,25,64,27,23.775,89.0833333333333,2.76833333333333,63,Satisfactory,pm10,1.3700079548083364,-1.172993426627511,0.07630274535327365,0.5700406248989046,0.6339986770124033,-0.34622643236777084,MODELING_HISTORY,Cluster 2,1.2525610373525968
PROJ_179,"ECIL Kapra, Hyderabad - TSPCB",Hyderabad,2025-09-13,Monsoon,28,61,30,24.0833333333333,90.0416666666667,1.84083333333333,60,Satisfactory,pm10,0.95313823001386,-1.088476219931381,-0.13137097959021504,1.0725843674161883,1.124080665774165,-0.2250176594887971,MODELING_HISTORY,Cluster 2,1.7148054403976318
PROJ_179,"ECIL Kapra, Hyderabad - TSPCB",Hyderabad,2025-09-14,Monsoon,31,70,61,25.1083333333333,85.75,1.69375,69,Satisfactory,pm10,0.23903963010227677,-0.9208882298431892,-2.032102516572681,0.6073446713522758,1.1736709521400348,-0.11449697859353634,MODELING_HISTORY,Cluster 3,2.4355759753355084
PROJ_179,"ECIL Kapra, Hyderabad - TSPCB",Hyderabad,2025-09-15,Monsoon,32,78,51,25.2458333333333,84.7083333333333,2.30166666666667,78,Satisfactory,pm10,0.35091432001248457,-0.9984484573358968,-1.3372509888892248,0.19319733847190865,0.8979061735666114,-0.30545313582722167,MODELING_HISTORY,Cluster 3,1.935957427155052
PROJ_179,"ECIL Kapra, Hyderabad - TSPCB",Hyderabad,2025-09-16,Monsoon,32,77,42,25.15,85.875,1.645,77,Satisfactory,pm10,0.210233580207946,-0.9750937894441676,-0.8076058086069378,0.730264442038508,1.16839658526543,-0.3946215380306227,MODELING_HISTORY,Cluster 3,1.5104180725903718
PROJ_179,"ECIL Kapra, Hyderabad - TSPCB",Hyderabad,2025-09-17,Monsoon,29,77,38,25.3041666666667,85.9166666666667,1.00291666666667,77,Satisfactory,pm10,0.07038964117620694,-0.8216680455930474,-0.6215087194556596,1.236402077041994,1.37069256774283,-0.5766574691238582,MODELING_HISTORY,Cluster 3,1.52450838504206
PROJ_179,"ECIL Kapra, Hyderabad - TSPCB",Hyderabad,2025-09-18,Monsoon,30,78,24,25.625,83.9166666666667,1.36708333333333,78,Satisfactory,pm10,0.22218453035602237,-0.73287449074083,0.3110212032380534,1.0664401963552357,1.2119657248910758,-0.6310500145326102,MODELING_HISTORY,Cluster 3,1.4185631903955116
PROJ_179,"ECIL Kapra, Hyderabad - TSPCB",Hyderabad,2025-09-19,Monsoon,28,75,58,25.6458333333333,82.25,1.79666666666667,74,Satisfactory,pm10,0.19526230068083228,-0.6944851725222964,-1.8460184455404984,0.5303491634398024,0.9944157504069766,-0.3372182207154616,MODELING_HISTORY,Cluster 3,2.265120025352457
PROJ_179,"ECIL Kapra, Hyderabad - TSPCB",Hyderabad,2025-09-20,Monsoon,81,82,58,25.6333333333333,82.5,2.25125,169,Moderately Polluted,pm2_5,-1.3497745550175193,-1.8829825843376935,-1.1889055627545404,-0.967431438270156,1.7168101136498723,1.4314630675252382,MODELING_HISTORY,Cluster 3,2.0827304285798527
PROJ_179,"ECIL Kapra, Hyderabad - TSPCB",Hyderabad,2025-09-21,Monsoon,73,85,39,25.5458333333333,83.7916666666667,2.44583333333333,141,Moderately Polluted,pm2_5,-0.8982094372787953,-1.7979941295648292,-0.06822230945544148,-0.763598972692322,1.518176954590742,0.9267639896294916,MODELING_HISTORY,Cluster 3,1.4058894375668827
PROJ_179,"ECIL Kapra, Hyderabad - TSPCB",Hyderabad,2025-09-22,Monsoon,58,84,23,24.6791666666667,87.7083333333333,2.55833333333333,97,Satisfactory,pm2_5,-0.12657093784255047,-1.7780105449775787,0.7504940706794788,-0.2565380750480956,1.2412752223862349,0.28559983462243616,MODELING_HISTORY,Cluster 3,1.479990837826958
PROJ_179,"ECIL Kapra, Hyderabad - TSPCB",Hyderabad,2025-09-23,Monsoon,67,81,45,24.6666666666667,85.75,3.19541666666667,121,Moderately Polluted,pm2_5,-0.31046073398159113,-1.960391323310892,-0.5033650456255754,-1.043742811139008,1.1172267787969106,0.9101393758966332,MODELING_HISTORY,Cluster 3,1.927959538049118
PROJ_179,"ECIL Kapra, Hyderabad - TSPCB",Hyderabad,2025-09-24,Monsoon,38,81,58,25.0083333333333,79.5833333333333,3.82958333333333,81,Satisfactory,pm10,0.5509207701866352,-1.1927101574509549,-1.6111974545293557,-0.9862518785854312,0.19812533711342512,0.06571636133701166,MODELING_HISTORY,Cluster 2,2.2909553097358097
PROJ_179,"ECIL Kapra, Hyderabad - TSPCB",Hyderabad,2025-09-25,Monsoon,36,89,58,23.4333333333333,84.4583333333333,4.50083333333333,89,Satisfactory,pm10,0.8968848026982924,-1.782329543762471,-1.626502155787333,-1.2745095545856424,-0.16750692746819384,-0.1589165884147653,MODELING_HISTORY,Cluster 2,2.566821957900609
PROJ_179,"ECIL Kapra, Hyderabad - TSPCB",Hyderabad,2025-09-26,Monsoon,35,74,40,23.7666666666667,87.9583333333333,3.31083333333333,73,Satisfactory,pm10,0.9603362585330556,-1.51039572473557,-0.5856385449629559,-0.21384734324785787,0.512972625034319,-0.0907946719088294,MODELING_HISTORY,Cluster 2,1.5375743016384154
PROJ_179,"ECIL Kapra, Hyderabad - TSPCB",Hyderabad,2025-09-27,Monsoon,22,42,19,23.3708333333333,91.875,3.56125,42,Good,pm10,2.3531594358947134,-1.1141562437635968,0.548479639422261,0.43270515107851526,0.4730202059560909,0.05597628442925437,MODELING_HISTORY,Cluster 2,1.3978886000009294
PROJ_179,"ECIL Kapra, Hyderabad - TSPCB",Hyderabad,2025-09-28,Monsoon,22,57,33,23.8708333333333,82.4166666666667,3.3975,56,Satisfactory,pm10,1.6315552925306904,-0.8877357704281693,-0.29148938644932615,0.24131288893509464,0.15014797256041829,-0.10418088685686346,MODELING_HISTORY,Cluster 2,0.8545913941939876
PROJ_179,"ECIL Kapra, Hyderabad - TSPCB",Hyderabad,2025-09-29,Monsoon,22,69,37,24.9416666666667,76.7916666666667,2.89666666666667,68,Satisfactory,pm10,0.9919613921546712,-0.5722726142749985,-0.523503505580155,0.305500389106923,0.1979433609605976,-0.37104356579231873,MODELING_HISTORY,Cluster 2,1.0681508926925682
PROJ_179,"ECIL Kapra, Hyderabad - TSPCB",Hyderabad,2025-09-30,Monsoon,23,70,46,25.1291666666667,79.5,3.0575,69,Satisfactory,pm10,0.9963906843635808,-0.6662822396037186,-1.0796922583448345,0.04607302338939467,0.29064366553924476,-0.33887691314479523,MODELING_HISTORY,Cluster 2,1.378207121870534
PROJ_179,"ECIL Kapra, Hyderabad - TSPCB",Hyderabad,2025-10-01,Post-monsoon,23,70,39,25.4416666666667,76.0416666666667,3.1475,69,Satisfactory,pm10,0.9937848757417114,-0.4937003229918846,-0.6145800018443596,0.02757436940432572,0.16422231067406978,-0.3466610856409853,MODELING_HISTORY,Cluster 2,0.9845274683008228
PROJ_179,"ECIL Kapra, Hyderabad - TSPCB",Hyderabad,2025-10-02,Post-monsoon,23,68,37,25.0625,78.7083333333333,3.12,67,Satisfactory,pm10,1.1156712953673795,-0.629867099190822,-0.5057628365732008,0.12203695232313032,0.23425818490279143,-0.33410445925469523,MODELING_HISTORY,Cluster 2,0.9154468277382908
PROJ_179,"ECIL Kapra, Hyderabad - TSPCB",Hyderabad,2025-10-03,Post-monsoon,23,67,11,25.7333333333333,76.1666666666667,3.18125,66,Satisfactory,pm10,1.287519429056138,-0.36399745734091993,1.164637471808657,0.26382515402899714,0.2038829679709272,-0.48820198315006,MODELING_HISTORY,Cluster 2,1.3004788257468771
PROJ_179,"ECIL Kapra, Hyderabad - TSPCB",Hyderabad,2025-10-04,Post-monsoon,24,69,53,25.9375,78.8333333333333,2.6475,68,Satisfactory,pm10,0.722137807798436,-0.4528248197502059,-1.5222672701576736,0.13397533368256523,0.5590645363868395,-0.28394146931956804,MODELING_HISTORY,Cluster 2,1.8578822054470845
PROJ_179,"ECIL Kapra, Hyderabad - TSPCB",Hyderabad,2025-10-05,Post-monsoon,26,78,53,25.2916666666667,80.7916666666667,2.00125,78,Satisfactory,pm10,0.2950425531899933,-0.7310706058301994,-1.5373353386224675,0.5110169349239415,0.7552477559159785,-0.46645078863422273,MODELING_HISTORY,Cluster 3,2.063629409664365
PROJ_179,"ECIL Kapra, Hyderabad - TSPCB",Hyderabad,2025-10-06,Post-monsoon,27,75,53,24.4708333333333,82.1666666666667,2.35208333333333,74,Satisfactory,pm10,0.5235175199354088,-0.9726179246089548,-1.526406274224992,0.38770323008070634,0.5964614904379681,-0.3133800285045809,MODELING_HISTORY,Cluster 2,2.1414431991903684
PROJ_179,"ECIL Kapra, Hyderabad - TSPCB",Hyderabad,2025-10-07,Post-monsoon,26,74,39,24.5791666666667,83.125,1.72708333333333,73,Satisfactory,pm10,0.4551599377025235,-0.8730436018415271,-0.6859147645756952,0.9474773446739836,0.8576398274285892,-0.4805317888339019,MODELING_HISTORY,Cluster 3,1.7126139308844806
PROJ_179,"ECIL Kapra, Hyderabad - TSPCB",Hyderabad,2025-10-08,Post-monsoon,28,69,15,25.7583333333333,75.7916666666667,1.27916666666667,68,Satisfactory,pm10,0.2869055044581178,-0.31448910465040925,0.8716920461148545,1.353825597630289,0.9567273729800648,-0.4295039710174099,MODELING_HISTORY,Cluster 3,1.9029551039174188
PROJ_179,"ECIL Kapra, Hyderabad - TSPCB",Hyderabad,2025-10-09,Post-monsoon,42,71,26,25.6833333333333,76.4166666666667,1.56375,70,Satisfactory,pm10,-0.13100546797845358,-0.692001285702934,0.3530748093667996,0.749354874754392,1.1042726683596742,0.11685547851537416,MODELING_HISTORY,Cluster 3,1.001680865899002
PROJ_179,"ECIL Kapra, Hyderabad - TSPCB",Hyderabad,2025-10-10,Post-monsoon,41,68,58,25.7958333333333,62.375,2.03375,67,Satisfactory,"pm10,pm2_5",-0.46794512965504814,-0.2942805571355041,-1.6203269978546595,0.2243904804680364,0.41298123318091806,0.623624132243239,MODELING_HISTORY,Cluster 3,1.8992642505542365
PROJ_179,"ECIL Kapra, Hyderabad - TSPCB",Hyderabad,2025-10-11,Post-monsoon,38,66,18,25.5,59.1666666666667,2.565,65,Satisfactory,pm10,0.12972454144775938,-0.1724604127605544,0.9164476604940304,0.3937099767244636,-0.01000420255073369,0.3744930356237195,MODELING_HISTORY,Cluster 3,1.6048110627387
PROJ_179,"ECIL Kapra, Hyderabad - TSPCB",Hyderabad,2025-10-12,Post-monsoon,39,64,14,26.0041666666667,61.5833333333333,2.26791666666667,64,Satisfactory,pm2_5,0.09612230800131022,-0.09953317042772336,1.162518258564889,0.5491751292762633,0.29479175655500356,0.35010147218702736,MODELING_HISTORY,Cluster 3,1.770335627756826
PROJ_179,"ECIL Kapra, Hyderabad - TSPCB",Hyderabad,2025-10-13,Post-monsoon,41,64,29,24.9,74.375,1.92916666666667,67,Satisfactory,pm2_5,0.1300433876135459,-0.7503791075091839,0.15761154637459843,0.6767596104793507,0.8013824535067453,0.3703941797885699,MODELING_HISTORY,Cluster 3,1.1639682570581669
PROJ_179,"ECIL Kapra, Hyderabad - TSPCB",Hyderabad,2025-10-14,Post-monsoon,37,64,31,24.5166666666667,84.9166666666667,2.29916666666667,63,Satisfactory,pm10,0.6592560285296074,-1.0953307683456028,-0.03722748862078989,0.5048172426163706,0.9591059349046624,0.1160998150670643,MODELING_HISTORY,Cluster 2,1.4918275760377357
PROJ_179,"ECIL Kapra, Hyderabad - TSPCB",Hyderabad,2025-10-15,Post-monsoon,37,69,30,25.2708333333333,77.9583333333333,2.60791666666667,68,Satisfactory,pm10,0.4987751344448452,-0.8009897911268705,0.08285216175561172,0.19462739337503715,0.6540429856953813,0.0702429866995687,MODELING_HISTORY,Cluster 2,1.3378767696153657
PROJ_179,"ECIL Kapra, Hyderabad - TSPCB",Hyderabad,2025-10-16,Post-monsoon,40,72,26,26.325,69.25,2.24625,71,Satisfactory,pm10,-0.01279028209819627,-0.3683957188847843,0.4002094192535676,0.278238661230233,0.6289272255690821,0.13507326537755476,MODELING_HISTORY,Cluster 3,1.1855326741884107
PROJ_179,"ECIL Kapra, Hyderabad - TSPCB",Hyderabad,2025-10-17,Post-monsoon,38,73,30,26.3791666666667,67.5416666666667,2.48166666666667,72,Satisfactory,pm10,0.04645375174342793,-0.3022128214561317,0.14305618921310076,0.11790645213113247,0.44574623185603174,0.10331512398350186,MODELING_HISTORY,Cluster 3,1.2493168582621936
PROJ_179,"ECIL Kapra, Hyderabad - TSPCB",Hyderabad,2025-10-18,Post-monsoon,37,74,30,26.4041666666667,63,2.09166666666667,73,Satisfactory,pm10,-0.2146310928638846,-0.12188525757796234,0.12716343509269887,0.4032866688677436,0.3875012714519994,0.09029302678541672,MODELING_HISTORY,Cluster 3,1.1459523383378045
PROJ_179,"ECIL Kapra, Hyderabad - TSPCB",Hyderabad,2025-10-19,Post-monsoon,39,81,33,25.625,70.4583333333333,2.31916666666667,81,Satisfactory,pm10,-0.1328859641366346,-0.6471077180447504,-0.05426884576974397,0.1875510225192924,0.4791359941008476,-0.05137423417452348,MODELING_HISTORY,Cluster 3,0.9260269486575535
PROJ_179,"ECIL Kapra, Hyderabad - TSPCB",Hyderabad,2025-10-20,Post-monsoon,42,108,36,25.5875,74.5416666666667,2.05208333333333,105,Moderately Polluted,pm10,-0.7743722839385898,-1.0919200382118739,-0.20350773688476137,0.00868096667698248,0.6240941875920661,-0.6677749095566923,MODELING_HISTORY,Cluster 3,0.5059330997353241
PROJ_179,"ECIL Kapra, Hyderabad - TSPCB",Hyderabad,2025-10-21,Post-monsoon,46,110,31,25.1416666666667,78.9583333333333,2.57541666666667,106,Moderately Polluted,pm10,-0.5578708124173455,-1.457232236729778,0.17080786022070946,-0.35278183734500507,0.5985412266362068,-0.6240637287796561,MODELING_HISTORY,Cluster 3,0.9621565740867117
PROJ_179,"ECIL Kapra, Hyderabad - TSPCB",Hyderabad,2025-10-22,Post-monsoon,33,92,31,24.9458333333333,81.5,3.07708333333333,92,Satisfactory,pm10,0.4546458164154654,-1.1710799386323878,0.01035629846738765,-0.2243030692833468,0.3703321338121768,-0.6498019452842436,MODELING_HISTORY,Cluster 2,1.4850250802894982
PROJ_179,"ECIL Kapra, Hyderabad - TSPCB",Hyderabad,2025-10-23,Post-monsoon,32,95,31,23.6041666666667,90.5416666666667,3.61416666666667,95,Satisfactory,pm10,0.9101733797831816,-1.787768073287143,-0.01748079515346275,-0.4472028811565139,0.29958467537703953,-0.7994889589371288,MODELING_HISTORY,Cluster 2,1.6869815831687507
PROJ_179,"ECIL Kapra, Hyderabad - TSPCB",Hyderabad,2025-10-24,Post-monsoon,34,89,25,23.0958333333333,91.25,2.48875,89,Satisfactory,pm10,0.5928863275538784,-1.7970396420055268,0.3096297179145848,0.4299745842975131,0.7261923286901957,-0.6673462110151438,MODELING_HISTORY,Cluster 3,1.7740595305277362
PROJ_179,"ECIL Kapra, Hyderabad - TSPCB",Hyderabad,2025-10-25,Post-monsoon,47,84,24,23.3583333333333,89.3333333333333,1.97666666666667,84,Satisfactory,pm10,0.04255771965243399,-1.849569687635753,0.5025428843624773,0.5195215222170746,1.1293414981769487,-0.09218074549056272,MODELING_HISTORY,Cluster 3,1.4037860615689233
PROJ_179,"ECIL Kapra, Hyderabad - TSPCB",Hyderabad,2025-10-27,Post-monsoon,39,95,38,24.5875,81.25,1.23083333333333,95,Satisfactory,pm10,-0.5827410288833541,-1.249861848485116,-0.4626709003803631,0.81907843931494,1.0640609169581805,-0.5363499407756638,MODELING_HISTORY,Cluster 3,0.8365860476493322
PROJ_179,"ECIL Kapra, Hyderabad - TSPCB",Hyderabad,2025-10-28,Post-monsoon,40,94,31,23.5708333333333,88.2916666666667,3.57458333333333,94,Satisfactory,pm10,0.616699890551329,-1.8775879243555171,0.08051075643844702,-0.5690867104538104,0.3648912055197479,-0.4500173323132072,MODELING_HISTORY,Cluster 2,1.9234180076312755
PROJ_179,"ECIL Kapra, Hyderabad - TSPCB",Hyderabad,2025-10-29,Post-monsoon,33,89,23,22.4958333333333,91.625,4.43916666666667,89,Satisfactory,pm10,1.4545362238234296,-2.082432403450899,0.520006578667559,-0.7398141192488867,-0.0707816974722465,-0.58264330492270755,MODELING_HISTORY,Cluster 2,1.9364133801339931
PROJ_179,"ECIL Kapra, Hyderabad - TSPCB",Hyderabad,2025-10-30,Post-monsoon,26,79,30,24.6791666666667,76,3.65166666666667,79,Satisfactory,pm10,1.0278424387345422,-0.8436744524407775,0.02036748845076379,-0.2658721332047262,-0.13865964530846925,-0.4555623655944848,MODELING_HISTORY,Cluster 2,0.8336028646207873
PROJ_179,"ECIL Kapra, Hyderabad - TSPCB",Hyderabad,2025-10-31,Post-monsoon,23,63,28,24.2083333333333,72.375,2.47041666666667,62,Satisfactory,pm10,0.890164738429821,-0.5169610564427812,0.03388231148687739,0.8224284892272583,0.11723189546894956,-0.1652341759518314,MODELING_HISTORY,Cluster 2,1.3416916335794618
PROJ_179,"ECIL Kapra, Hyderabad - TSPCB",Hyderabad,2025-11-01,Post-monsoon,23,73,35,25.0166666666667,81.375,1.47583333333333,72,Satisfactory,pm10,0.43921820736608175,-0.6272544444184809,-0.4702258067077395,1.1752180357680009,0.8959105543764911,-0.6032731714342499,MODELING_HISTORY,Cluster 3,1.7427380423190728
PROJ_179,"ECIL Kapra, Hyderabad - TSPCB",Hyderabad,2025-11-02,Post-monsoon,23,64,35,24.9708333333333,81.7083333333333,2.4175,63,Satisfactory,pm10,1.003298413807628,-0.6345808228735104,-0.4328915697360554,0.6414969262432524,0.6158100877763417,-0.33030339563255134,MODELING_HISTORY,Cluster 2,1.2527666515424285
PROJ_179,"ECIL Kapra, Hyderabad - TSPCB",Hyderabad,2025-11-05,Post-monsoon,24,66,32,25.0208333333333,74,1.86666666666667,65,Satisfactory,pm10,0.5419414150368768,-0.38930533324713296,-0.2311544419708969,1.0199201201222918,0.5214575750768254,-0.2778526443488204,MODELING_HISTORY,Cluster 2,1.7140328914323244
PROJ_179,"ECIL Kapra, Hyderabad - TSPCB",Hyderabad,2025-11-06,Post-monsoon,23,59,32,24.4875,67,1.96666666666667,58,Satisfactory,pm10,0.5886164469709769,-0.2213098373251939,-0.23036367053534457,1.1394448192040991,0.15400595267334788,0.00355168859955471,MODELING_HISTORY,Cluster 2,1.7746722860625348
PROJ_179,"ECIL Kapra, Hyderabad - TSPCB",Hyderabad,2025-11-07,Post-monsoon,24,66,58,24.2458333333333,61.0416666666667,2.28375,65,Satisfactory,pm10,0.19788143346374903,-0.25797549470331116,-1.8266710364990864,0.6503706641876134,-0.2430018245984276,0.17595195335140118,MODELING_HISTORY,Cluster 3,2.357888551734687
PROJ_179,"ECIL Kapra, Hyderabad - TSPCB",Hyderabad,2025-11-11,Post-monsoon,23,61,29,23.2041666666667,51.75,1.81583333333333,60,Satisfactory,pm10,0.17016530689079845,-0.0668261336103752,-0.01198454914159578,1.4817766579949256,-0.5978593168136064,0.23222741004004285,MODELING_HISTORY,Cluster 3,1.8354706114027128
PROJ_179,"ECIL Kapra, Hyderabad - TSPCB",Hyderabad,2025-11-12,Post-monsoon,25,67,64,23.1416666666667,50.2916666666667,2.13083333333333,66,Satisfactory,pm10,-0.19820373562150215,-0.21730321444248496,-2.1818865124363787,0.8529062357030568,-0.7618249190312718,0.44973788303754125,MODELING_HISTORY,Cluster 3,2.5462517587035083
PROJ_179,"ECIL Kapra, Hyderabad - TSPCB",Hyderabad,2025-11-13,Post-monsoon,28,67,64,22.4625,47.125,2.3675,66,Satisfactory,pm10,-0.25210544986929717,-0.35670114209198955,-2.1325315978407717,0.7349050988711374,-1.021026524735001,0.6579202517010052,MODELING_HISTORY,Cluster 3,2.4268671906591215
PROJ_179,"ECIL Kapra, Hyderabad - TSPCB",Hyderabad,2025-11-14,Post-monsoon,28,69,18,21.5208333333333,51.75,1.98,68,Satisfactory,pm10,0.07067183110711223,-0.6213459398369708,0.7412178884343467,1.5191409944802587,-0.873086588047027,0.23652199780027028,MODELING_HISTORY,Cluster 3,1.7229341368579363
PROJ_179,"ECIL Kapra, Hyderabad - TSPCB",Hyderabad,2025-11-15,Post-monsoon,33,78,52,21.725,50.9583333333333,1.69083333333333,78,Satisfactory,pm10,-0.6734673065845518,-0.7706998231440565,-1.357009779404695,1.169026952031208,-0.719255356182193,0.4226467611539516,MODELING_HISTORY,Cluster 3,1.6743557745193112
PROJ_179,"ECIL Kapra, Hyderabad - TSPCB",Hyderabad,2025-11-16,Post-monsoon,29,85,23,21.6791666666667,48.375,2.41708333333333,85,Satisfactory,pm10,-0.22210678436521697,-0.7155172894077898,0.492880179606334,1.0063833848143493,-1.2163566718773349,-0.01980351434802618,MODELING_HISTORY,Cluster 3,1.0974066386277823
PROJ_179,"ECIL Kapra, Hyderabad - TSPCB",Hyderabad,2025-11-17,Post-monsoon,28,89,70,21.5583333333333,47.6666666666667,2.65375,89,Satisfactory,pm10,-0.5699647743894448,-0.830718645560133,-2.484298644745274,0.4008784013083368,-1.365116969280047,0.21143846541494205,MODELING_HISTORY,Cluster 3,2.590334802961562
PROJ_179,"ECIL Kapra, Hyderabad - TSPCB",Hyderabad,2025-11-18,Post-monsoon,28,87,70,22.1875,48.5,1.99166666666667,87,Satisfactory,pm10,-0.796709198302868,-0.6389185217246333,-2.516537400538134,0.7704280247241309,-0.9878679589903978,0.17709372957584454,MODELING_HISTORY,Cluster 3,2.645915235298845
PROJ_179,"ECIL Kapra, Hyderabad - TSPCB",Hyderabad,2025-11-19,Post-monsoon,27,72,46,22.1916666666667,50.6666666666667,1.7025,71,Satisfactory,pm10,-0.34409634899757313,-0.46852166067366674,-1.0464530765126565,1.3429475169707594,-0.7372930846231665,0.2911901050090238,MODELING_HISTORY,Cluster 3,1.6857994517573158
PROJ_179,"ECIL Kapra, Hyderabad - TSPCB",Hyderabad,2025-11-20,Post-monsoon,25,78,52,22.2166666666667,51.375,1.87875,78,Satisfactory,pm10,-0.360324754199457,-0.527985732530645,-1.4358836761884772,1.1498175815427345,-0.8367063311512816,0.1101478927071591,MODELING_HISTORY,Cluster 3,1.8570647741791992
PROJ_179,"ECIL Kapra, Hyderabad - TSPCB",Hyderabad,2025-11-21,Post-monsoon,28,79,43,23.6791666666667,58.9583333333333,1.91625,79,Satisfactory,pm10,-0.23583926646083136,-0.48395439672784296,-0.8311754483762128,0.9145860200894956,-0.29222574256809775,-0.06601107049740682,MODELING_HISTORY,Cluster 3,1.3749111609897633
PROJ_179,"ECIL Kapra, Hyderabad - TSPCB",Hyderabad,2025-11-22,Post-monsoon,30,85,47,24.75,65.6666666666667,1.70125,85,Satisfactory,pm10,-0.39572339924561384,-0.5300723660215373,-1.0732190985566292,0.7510544125635381,0.21025210703959443,-0.28870740153622554,MODELING_HISTORY,Cluster 3,1.4083527316908815
PROJ_179,"ECIL Kapra, Hyderabad - TSPCB",Hyderabad,2025-11-23,Post-monsoon,33,85,47,25.0791666666667,63,1.61083333333333,85,Satisfactory,pm10,-0.59938580653637,-0.4322824561140012,-1.0292568127452824,0.7145999213672689,0.2383970270808407,-0.1611153007920145,MODELING_HISTORY,Cluster 3,1.3291436978876585
PROJ_179,"ECIL Kapra, Hyderabad - TSPCB",Hyderabad,2025-11-24,Post-monsoon,32,88,48,24.5625,56.375,1.84458333333333,88,Satisfactory,pm10,-0.6912399791138621,-0.3862045058582512,-1.073068102242644,0.6398799178032291,-0.2191774555929647,-0.11994816456349576,MODELING_HISTORY,Cluster 3,1.3467695713322836
PROJ_179,"ECIL Kapra, Hyderabad - TSPCB",Hyderabad,2025-11-25,Post-monsoon,27,77,37,23.7333333333333,61.4583333333333,2.03416666666667,77,Satisfactory,pm10,-0.00962122388625535,-0.5051898733471977,-0.4658889170093993,0.9167989964060104,-0.2364703141783452,-0.1310039187322948,MODELING_HISTORY,Cluster 3,1.3143870546749965
PROJ_179,"ECIL Kapra, Hyderabad - TSPCB",Hyderabad,2025-11-26,Post-monsoon,28,74,28,23.4708333333333,63.7916666666667,2.0475,73,Satisfactory,pm10,0.16299812770273392,-0.6089514385805379,0.10276330741430388,1.025657440265512,-0.1572912381166619,-0.10625527463832436,MODELING_HISTORY,Cluster 3,1.3570668253760279
PROJ_179,"ECIL Kapra, Hyderabad - TSPCB",Hyderabad,2025-11-27,Post-monsoon,30,73,39,23.0708333333333,65.4166666666667,2.19791666666667,72,Satisfactory,pm10,0.1458844165454054,-0.8038961801827252,-0.5761505060799101,0.8325988361839568,-0.16041537960189836,0.07420555722576891,MODELING_HISTORY,Cluster 3,1.3774966307116658
PROJ_179,"ECIL Kapra, Hyderabad - TSPCB",Hyderabad,2025-11-28,Post-monsoon,33,81,58,22.4458333333333,54.4583333333333,2.83583333333333,81,Satisfactory,pm10,-0.25169414618249175,-0.847849525043878,-1.674490552820273,0.21836866709760688,-0.9025117950726946,0.36110724774804537,MODELING_HISTORY,Cluster 3,1.8969529216504757
PROJ_179,"ECIL Kapra, Hyderabad - TSPCB",Hyderabad,2025-11-29,Post-monsoon,35,77,43,21.45,53.5,2.27416666666667,77,Satisfactory,pm10,-0.33385881567414344,-0.971840841539974,-0.7442987378434974,0.8624668658356622,-0.8341376186057389,0.4631787150471142,MODELING_HISTORY,Cluster 3,1.1414383005995439
PROJ_179,"ECIL Kapra, Hyderabad - TSPCB",Hyderabad,2025-11-30,Post-monsoon,30,82,28,22.1666666666667,56.4583333333333,2.215,82,Satisfactory,pm10,-0.12888743137122635,-0.8218503710312963,0.15218303855391052,1.0001404439118908,-0.7138647160042344,-0.03757665581773934,MODELING_HISTORY,Cluster 3,1.0611953868904054
PROJ_179,"ECIL Kapra, Hyderabad - TSPCB",Hyderabad,2025-12-01,Winter,28,82,40,22.8208333333333,61.9166666666667,1.90708333333333,82,Satisfactory,pm10,-0.17344577171050293,-0.7862270548059991,-0.659072366319717,1.02192589383953,-0.31861329966765917,-0.1622565030743447,MODELING_HISTORY,Cluster 3,1.272975885765134
PROJ_179,"ECIL Kapra, Hyderabad - TSPCB",Hyderabad,2025-12-02,Winter,29,84,25,23.4125,63.4166666666667,1.99,84,Satisfactory,pm10,-0.06697267344067734,-0.7239994942866251,0.3151172446836662,0.9877748806935832,-0.20375574284883685,-0.333704023447827,MODELING_HISTORY,Cluster 3,1.1457804342919666
PROJ_179,"ECIL Kapra, Hyderabad - TSPCB",Hyderabad,2025-12-03,Winter,33,93,28,23.4041666666667,60.7083333333333,2.21375,93,Satisfactory,pm10,-0.3632440978733079,-0.8428214338303017,0.20423708528438167,0.6548008113583943,-0.37551871122451097,-0.3352888329980256,MODELING_HISTORY,Cluster 3,0.6927982285540019
PROJ_179,"ECIL Kapra, Hyderabad - TSPCB",Hyderabad,2025-12-04,Winter,29,76,29,23.8375,62.6666666666667,2.02291666666667,76,Satisfactory,pm10,0.03696970192864851,-0.5346909514524949,0.06109186673017566,0.9489837782909054,-0.13258139696033516,-0.11608427622714584,MODELING_HISTORY,Cluster 3,1.2407306473337631
PROJ_179,"ECIL Kapra, Hyderabad - TSPCB",Hyderabad,2025-12-05,Winter,29,17,28,23.0041666666667,53.125,2.47625,48,Good,pm2_5,1.1549034996255785,0.12248156052287752,0.09430194244127454,1.3548469113481332,-0.44574072196262593,1.560023018780826,MODELING_HISTORY,Cluster 2,1.7381887290719709
PROJ_179,"ECIL Kapra, Hyderabad - TSPCB",Hyderabad,2025-12-06,Winter,29,23,29,22.1791666666667,52.0416666666667,2.03625,48,Good,pm2_5,0.8506014574458933,-0.05508960581757123,0.0071471453086536,1.6929243130453635,-0.4871579925695213,1.455408696898008,MODELING_HISTORY,Cluster 2,2.122323093546243
PROJ_179,"ECIL Kapra, Hyderabad - TSPCB",Hyderabad,2025-12-07,Winter,29,77,29,22.5333333333333,48.25,2.195,77,Satisfactory,pm10,-0.2346272310704162,-0.4303978092304079,0.1019901909377372,1.0577522504871997,-0.9637550669756664,0.16490716313904938,MODELING_HISTORY,Cluster 3,1.145229925499182
PROJ_179,"ECIL Kapra, Hyderabad - TSPCB",Hyderabad,2025-12-08,Winter,27,80,39,21.6166666666667,42.7083333333333,2.29708333333333,80,Satisfactory,pm10,-0.38360023540267335,-0.4865760681006499,-0.5411791497040941,1.052621926657391,-1.4030396130117702,0.23150909163267697,MODELING_HISTORY,Cluster 3,1.193084442946977
PROJ_179,"ECIL Kapra, Hyderabad - TSPCB",Hyderabad,2025-12-09,Winter,27,84,59,21.8791666666667,37.625,2.97666666666667,84,Satisfactory,pm10,-0.48410517625830274,-0.4075913043722131,-1.7487286200963794,0.36134661993422545,-1.8242033835754288,0.3784402408620645,MODELING_HISTORY,Cluster 3,1.968862068605935
PROJ_179,"ECIL Kapra, Hyderabad - TSPCB",Hyderabad,2025-12-10,Winter,30,88,47,21.875,36.9166666666667,2.98541666666667,88,Satisfactory,pm10,-0.5684755406945489,-0.4725194177095532,-0.9436367867831692,0.3734281462493904,-1.8338134437886229,0.31394904251681954,MODELING_HISTORY,Cluster 3,1.2040297250403373
PROJ_179,"ECIL Kapra, Hyderabad - TSPCB",Hyderabad,2025-12-11,Winter,29,74,50,21.2666666666667,33.875,2.53833333333333,73,Satisfactory,pm10,-0.530576182047735,-0.323130580000933,-1.1858707556585832,0.8832388854809221,-1.8150862235405851,0.7020607727862708,MODELING_HISTORY,Cluster 3,1.570694160860995
PROJ_179,"ECIL Kapra, Hyderabad - TSPCB",Hyderabad,2025-12-12,Winter,25,76,39,20.9583333333333,36.2916666666667,1.95375,76,Satisfactory,pm10,-0.5254807918419715,-0.3364457718060484,-0.5758202628279618,1.4723787652298352,-1.641077778034445,0.3752003326910454,MODELING_HISTORY,Cluster 3,1.4969974935225199
PROJ_179,"ECIL Kapra, Hyderabad - TSPCB",Hyderabad,2025-12-13,Winter,26,77,38,21.25,41.9166666666667,1.72458333333333,77,Satisfactory,pm10,-0.5273973375368336,-0.4446805727762867,-0.5264076874194352,1.5407639712980856,-1.2818711313468358,0.2628877381327271,MODELING_HISTORY,Cluster 3,1.484628582880881
PROJ_179,"ECIL Kapra, Hyderabad - TSPCB",Hyderabad,2025-12-15,Winter,28,93,55,21.0833333333333,53.6666666666667,1.70375,93,Satisfactory,pm10,-0.7447125577429019,-1.049708611945941,-1.6044979223397249,1.1725127742694372,-0.8866972048165027,-0.11612567400934316,MODELING_HISTORY,Cluster 3,1.8704557021844097
PROJ_179,"ECIL Kapra, Hyderabad - TSPCB",Hyderabad,2025-12-16,Winter,29,91,38,21.5083333333333,53.3333333333333,1.71208333333333,91,Satisfactory,pm10,-0.6156740496528392,-0.9212690693431436,-0.5085771208404555,1.2734387815029122,-0.8192277057288233,-0.16908293771938887,MODELING_HISTORY,Cluster 3,1.1281066700581461
PROJ_179,"ECIL Kapra, Hyderabad - TSPCB",Hyderabad,2025-12-17,Winter,30,92,57,21.9625,52.125,1.92166666666667,92,Satisfactory,pm10,-0.7788592074126943,-0.8608218608760824,-1.6802443619331868,0.8670263205155273,-0.8543350616582271,-0.01585189564742983,MODELING_HISTORY,Cluster 3,1.8331775380460074
PROJ_179,"ECIL Kapra, Hyderabad - TSPCB",Hyderabad,2025-12-18,Winter,30,91,52,21.5625,44,2.33541666666667,91,Satisfactory,pm10,-0.7430978380229427,-0.7310004460268441,-1.320151299691125,0.7378725011104635,-1.380751668117173,0.14508624935740227,MODELING_HISTORY,Cluster 3,1.4771588688589716
PROJ_179,"ECIL Kapra, Hyderabad - TSPCB",Hyderabad,2025-12-19,Winter,27,78,55,21.0041666666667,40.3333333333333,2.50833333333333,78,Satisfactory,pm10,-0.4308382157132409,-0.5743892932321458,-1.5486341735740354,0.8679733813215593,-1.643948226339909,0.47754302540014304,MODELING_HISTORY,Cluster 3,1.822683237700036
PROJ_179,"ECIL Kapra, Hyderabad - TSPCB",Hyderabad,2025-12-20,Winter,31,107,33,20.6041666666667,44.375,2.31,104,Moderately Polluted,pm10,-0.9003046643022359,-1.1085804955672802,-0.09750157591942488,0.892217276573775,-1.5864308021746814,-0.30681402156444326,MODELING_HISTORY,Cluster 3,0.5631921037793458
PROJ_179,"ECIL Kapra, Hyderabad - TSPCB",Hyderabad,2025-12-21,Winter,37,105,20,20.6333333333333,53.0833333333333,1.53333333333333,103,Moderately Polluted,pm10,-1.0337397458960602,-1.3714644098105675,0.725567958812415,1.3798789514114476,-0.8478962159617265,-0.31387287454322915,MODELING_HISTORY,Cluster 3,1.2632890689736411
PROJ_179,"ECIL Kapra, Hyderabad - TSPCB",Hyderabad,2025-12-22,Winter,28,82,48,21.2208333333333,49.9166666666667,1.75,82,Satisfactory,pm10,-0.5544152619037354,-0.791662147077435,-1.1571656876063037,1.3088957820642788,-0.9692084333298588,0.1605537900020227,MODELING_HISTORY,Cluster 3,1.6093529920877352
PROJ_179,"ECIL Kapra, Hyderabad - TSPCB",Hyderabad,2025-12-23,Winter,35,84,62,20.975,48.75,1.61458333333333,84,Satisfactory,pm10,-0.994792657086515,-0.982943123470811,-1.967651978669297,1.1324469380240068,-0.8861134047281847,0.4886279435287382,MODELING_HISTORY,Cluster 3,2.175522400904721
PROJ_179,"ECIL Kapra, Hyderabad - TSPCB",Hyderabad,2025-12-25,Winter,27,72,28,21.0583333333333,48.7083333333333,1.70708333333333,71,Satisfactory,pm10,-0.2109885701617616,-0.6377973744999783,0.0875699073075481,1.6701022371155352,-0.9934421134033632,0.25476660606451895,MODELING_HISTORY,Cluster 3,1.5401903815650655
PROJ_179,"ECIL Kapra, Hyderabad - TSPCB",Hyderabad,2025-12-26,Winter,35,78,46,20.5625,54.25,1.465,78,Satisfactory,pm10,-0.6591478956580834,-1.1374121459499067,-0.991606527627162,1.4717768907360804,-0.6481993411558102,0.45100942082903395,MODELING_HISTORY,Cluster 3,1.5661028544704172
PROJ_179,"ECIL Kapra, Hyderabad - TSPCB",Hyderabad,2025-12-27,Winter,26,59,37,20.725,53.125,1.27041666666667,58,Satisfactory,pm10,-0.05858563222047264,-0.6638060426066813,-0.5549613773221713,2.0386246112430153,-0.6458740598826301,0.5299105394200583,MODELING_HISTORY,Cluster 3,2.0226294922147865
PROJ_179,"ECIL Kapra, Hyderabad - TSPCB",Hyderabad,2025-12-28,Winter,26,64,46,20.6666666666667,53.5833333333333,1.49625,63,Satisfactory,pm10,-0.12399121528506774,-0.7731999693659648,-1.110194370836248,1.7623470629348836,-0.7432176000014248,0.47875932223959494,MODELING_HISTORY,Cluster 3,2.019311536515379
PROJ_179,"ECIL Kapra, Hyderabad - TSPCB",Hyderabad,2025-12-29,Winter,25,71,66,20.5166666666667,53.0833333333333,1.53125,70,Satisfactory,pm10,-0.38565307585516384,-0.8752991709303614,-2.38131938228197,1.5250771394304627,-0.8468001709900969,0.429707333811336,MODELING_HISTORY,Cluster 3,2.7727682801892644
PROJ_179,"ECIL Kapra, Hyderabad - TSPCB",Hyderabad,2025-12-30,Winter,24,73,67,21.2333333333333,52.7083333333333,1.07708333333333,72,Satisfactory,pm10,-0.6165317682295156,-0.6685263232439083,-2.467333792417359,1.7257013684343452,-0.6201385697060103,0.29281538685240943,MODELING_HISTORY,Cluster 3,2.914414345554423
PROJ_179,"ECIL Kapra, Hyderabad - TSPCB",Hyderabad,2025-12-31,Winter,28,74,25,22.2833333333333,52.875,0.94,73,Satisfactory,pm10,-0.4976633220143655,-0.45815767107827,0.25405190962224605,1.987275041305614,-0.3662229225228339,0.04573152128414247,MODELING_HISTORY,Cluster 3,1.770751025024867
PROJ_179,"ECIL Kapra, Hyderabad - TSPCB",Hyderabad,2026-01-01,Winter,31,57,32,22.5333333333333,64.9166666666667,1.72541666666667,56,Satisfactory,pm10,0.29461018526088106,-0.715862661719667,-0.17138609159261417,1.411229955452082,0.02001958011032678,0.46789322010696704,MODELING_HISTORY,Cluster 3,1.6722484478775352
PROJ_179,"ECIL Kapra, Hyderabad - TSPCB",Hyderabad,2026-01-02,Winter,29,43,46,22.6833333333333,65.75,1.62208333333333,48,Good,pm2_5,0.48640039148089487,-0.5352432489575433,-1.1078913097635863,1.493853511797123,0.16833534161181463,0.8158572829219829,MODELING_HISTORY,Cluster 3,2.226116213605876
PROJ_179,"ECIL Kapra, Hyderabad - TSPCB",Hyderabad,2026-01-03,Winter,27,65,25,22.2291666666667,65.375,2.12083333333333,64,Satisfactory,pm10,0.4979318434444183,-0.8208577324184352,0.2515695944982611,1.2670571540093267,-0.2704647963716661,0.10579754143414252,MODELING_HISTORY,Cluster 3,1.7320499736649198
PROJ_179,"ECIL Kapra, Hyderabad - TSPCB",Hyderabad,2026-01-04,Winter,26,41,21,21.75,62.2083333333333,1.92291666666667,43,Good,pm2_5,0.879729154551115,-0.5478965679399376,0.45657647778008786,1.7559104760109614,-0.2714731072305709,0.7007936781538397,MODELING_HISTORY,Cluster 2,2.215855627628673
PROJ_179,"ECIL Kapra, Hyderabad - TSPCB",Hyderabad,2026-01-05,Winter,30,99,42,21.575,55.9166666666667,1.61291666666667,99,Satisfactory,pm10,-0.8104450271898932,-1.0807640449647071,-0.7536098782976224,1.1853667017873049,-0.6997265890098754,-0.35228241444152575,MODELING_HISTORY,Cluster 3,1.1715488485263212
PROJ_179,"ECIL Kapra, Hyderabad - TSPCB",Hyderabad,2026-01-06,Winter,28,75,40,20.8791666666667,53.125,2.17916666666667,74,Satisfactory,pm10,-0.09017509848999251,-0.9139368790749088,-0.6505819557163562,1.1987381121003264,-1.01039321209646,0.26919150340257453,MODELING_HISTORY,Cluster 3,1.4046722694938587
PROJ_179,"ECIL Kapra, Hyderabad - TSPCB",Hyderabad,2026-01-07,Winter,22,63,56,20.5,49.125,1.94375,62,Satisfactory,pm10,0.00895515376938327,-0.6420466198638685,-1.7568326647594126,1.5060510371034517,-1.1641797276021943,0.533836428017347,MODELING_HISTORY,Cluster 3,2.3855866129278738
PROJ_179,"ECIL Kapra, Hyderabad - TSPCB",Hyderabad,2026-01-08,Winter,26,68,49,20.1666666666667,45.9583333333333,1.88375,67,Satisfactory,pm10,-0.24504437608465623,-0.7405744390539669,-1.2560879547024,1.5382458909634522,-1.280960835640015,0.5689599810808343,MODELING_HISTORY,Cluster 3,1.9227488453244317
PROJ_179,"ECIL Kapra, Hyderabad - TSPCB",Hyderabad,2026-01-09,Winter,30,70,33,19.9791666666667,43.7083333333333,2.33416666666667,69,Satisfactory,pm10,-0.14309836916102864,-0.8325848838611768,-0.16145274778239888,1.324919054725543,-1.5109440806675514,0.6203761303029198,MODELING_HISTORY,Cluster 3,1.288122586676682
PROJ_179,"ECIL Kapra, Hyderabad - TSPCB",Hyderabad,2026-01-21,Winter,25,74,56,22.0666666666667,53.7916666666667,2.42416666666667,73,Satisfactory,pm10,-0.03024587417598755,-0.6424836683466252,-1.6758056288530048,0.7978088159713415,-0.9345595555381924,0.23862562500520096,MODELING_HISTORY,Cluster 3,2.055029155899969
PROJ_179,"ECIL Kapra, Hyderabad - TSPCB",Hyderabad,2026-01-22,Winter,25,75,36,21.8458333333333,51,2.17208333333333,74,Satisfactory,pm10,-0.05202161411135123,-0.5703522253769255,-0.4119974450182519,1.188192862230428,-1.0026704330964102,0.1124894084951637,MODELING_HISTORY,Cluster 3,1.3797900043703872
PROJ_179,"ECIL Kapra, Hyderabad - TSPCB",Hyderabad,2026-01-23,Winter,27,78,49,21.9125,52.0833333333333,2.08458333333333,78,Satisfactory,pm10,-0.28633843611134713,-0.6694892401317928,-1.2173433146096708,1.0369716342461202,-0.8949324630164834,0.17800114040060344,MODELING_HISTORY,Cluster 3,1.631235894946511
PROJ_179,"ECIL Kapra, Hyderabad - TSPCB",Hyderabad,2026-01-24,Winter,26,87,30,21.925,58.25,1.85875,87,Satisfactory,pm10,-0.2129011917269009,-0.870912392864271,-0.04401729566886088,1.279508972085608,-0.6484412469952949,-0.32705436310807895,MODELING_HISTORY,Cluster 3,1.1890969595216263
PROJ_179,"ECIL Kapra, Hyderabad - TSPCB",Hyderabad,2026-01-25,Winter,25,81,20,23.1333333333333,57.5,1.67958333333333,81,Satisfactory,pm10,-0.1126744071052232,-0.46946575899552184,0.5809031105591659,1.4156121654219975,-0.4209516522023412,-0.3495177503428064,MODELING_HISTORY,Cluster 3,1.52971786973634
PROJ_179,"ECIL Kapra, Hyderabad - TSPCB",Hyderabad,2026-01-26,Winter,25,77,15,23.4666666666667,58.3333333333333,2.38625,77,Satisfactory,pm10,0.3016580344358314,-0.43097441254959806,0.9329562946716956,0.987038459417861,-0.5725543536580213,-0.27773925767583296,MODELING_HISTORY,Cluster 3,1.7414687249797962
PROJ_179,"ECIL Kapra, Hyderabad - TSPCB",Hyderabad,2026-01-27,Winter,24,70,39,23.5708333333333,55.2083333333333,2.17125,69,Satisfactory,pm10,0.1038272440968012,-0.24223912213943377,-0.6110832375126909,0.9835658253322704,-0.5664285229544789,0.06249766579012351,MODELING_HISTORY,Cluster 3,1.5915346014843217
PROJ_179,"ECIL Kapra, Hyderabad - TSPCB",Hyderabad,2026-01-28,Winter,55,80,38,23.6958333333333,54.4166666666667,1.57708333333333,91,Satisfactory,pm2_5,-1.2807516671035548,-0.8671250504759572,-0.19692979692391369,0.6168135364019844,0.1135882299669485,0.9029830249278888,MODELING_HISTORY,Cluster 3,0.49447984429986513
PROJ_179,"ECIL Kapra, Hyderabad - TSPCB",Hyderabad,2026-01-29,Winter,25,62,33,23.675,57.7083333333333,1.82666666666667,61,Satisfactory,pm10,0.19733305174682655,-0.1925517970736758,-0.25399604018391203,1.29730240808448,-0.2657134777533013,0.19033767027900145,MODELING_HISTORY,Cluster 3,1.7146187936407618
PROJ_179,"ECIL Kapra, Hyderabad - TSPCB",Hyderabad,2026-01-30,Winter,34,63,44,23.3166666666667,57.3333333333333,2.08916666666667,62,Satisfactory,pm10,-0.07577951140066203,-0.49111060611742785,-0.8345550175799233,0.8649667601882589,-0.27256417882120476,0.6100981487019037,MODELING_HISTORY,Cluster 3,1.44818947385012
PROJ_179,"ECIL Kapra, Hyderabad - TSPCB",Hyderabad,2026-01-31,Winter,34,66,50,22.7375,56.8333333333333,2.13875,65,Satisfactory,pm10,-0.1577329348596333,-0.6488533941633341,-1.2152700386747322,0.8247823477732226,-0.4109119080428205,0.6204770034064105,MODELING_HISTORY,Cluster 3,1.6197428424338398
PROJ_179,"ECIL Kapra, Hyderabad - TSPCB",Hyderabad,2026-02-01,Winter,32,67,19,22.3375,62.2083333333333,1.84875,66,Satisfactory,pm10,0.1647289996658759,-0.7943529129129672,0.6914738243755765,1.3780741867488655,-0.20942863699504297,0.22301257899916335,MODELING_HISTORY,Cluster 3,1.6457816223086976
PROJ_179,"ECIL Kapra, Hyderabad - TSPCB",Hyderabad,2026-02-02,Winter,44,78,42,22.8333333333333,59.2916666666667,1.52416666666667,78,Satisfactory,pm10,-0.8161409168908191,-0.9596907070925992,-0.6141066206452742,0.9596781799924424,0.02048661028180254,0.5500413174286876,MODELING_HISTORY,Cluster 3,0.9143838551573357
PROJ_179,"ECIL Kapra, Hyderabad - TSPCB",Hyderabad,2026-02-05,Winter,40,93,43,22.8458333333333,57.5,1.98166666666667,93,Satisfactory,pm10,-0.8538887496429981,-1.0171672997510697,-0.6749215935345989,0.6006204606536043,-0.3720832003772019,0.09302266429213343,MODELING_HISTORY,Cluster 3,0.7882659923325622
PROJ_179,"ECIL Kapra, Hyderabad - TSPCB",Hyderabad,2026-02-06,Winter,32,86,26,23.2833333333333,52.5,1.69625,86,Satisfactory,pm10,-0.592315970501564,-0.4931149951047885,0.30856809453068484,1.1521813331529331,-0.507562550371045,-0.10597293612562785,MODELING_HISTORY,Cluster 3,1.0221581974021199
PROJ_179,"ECIL Kapra, Hyderabad - TSPCB",Hyderabad,2026-02-09,Winter,38,84,43,23.3125,35.7083333333333,1.725,84,Satisfactory,pm10,-1.2824924614487194,-0.12641230493106093,-0.644345076165324,0.9264269740267852,-1.0525291636425884,0.545382432272387,MODELING_HISTORY,Cluster 3,1.2868190026646762
PROJ_179,"ECIL Kapra, Hyderabad - TSPCB",Hyderabad,2026-02-10,Winter,36,85,56,23.775,39.1666666666667,1.88,85,Satisfactory,pm10,-1.2118367860183086,-0.12590450500941547,-1.4889007113723274,0.6572779083523942,-0.937386901573169,0.4705021177560414,MODELING_HISTORY,Cluster 3,1.8201391414588661
PROJ_179,"ECIL Kapra, Hyderabad - TSPCB",Hyderabad,2026-02-11,Winter,29,72,46,23.175,53.4166666666667,1.6775,71,Satisfactory,pm10,-0.3751537179924712,-0.3680339494803973,-1.019933815427021,1.176132593163834,-0.43911318030877883,0.2660211686129996,MODELING_HISTORY,Cluster 3,1.6012425737045608
PROJ_179,"ECIL Kapra, Hyderabad - TSPCB",Hyderabad,2026-02-12,Winter,34,77,47,23.4541666666667,50.5416666666667,1.71041666666667,77,Satisfactory,pm10,-0.6978784111278633,-0.378480388320672,-1.0028829880185066,0.967013096521078,-0.46573039883105505,0.3620261974597103,MODELING_HISTORY,Cluster 3,1.3947683958860737
PROJ_179,"ECIL Kapra, Hyderabad - TSPCB",Hyderabad,2026-02-13,Winter,25,78,34,24.1541666666667,44.375,1.6425,78,Satisfactory,pm10,-0.5424791728539262,0.15226682562988683,-0.2557608337472625,1.2542849183603877,-0.7499982051030804,-0.02688656057749454,MODELING_HISTORY,Cluster 3,1.5349241712569703
PROJ_179,"ECIL Kapra, Hyderabad - TSPCB",Hyderabad,2026-02-20,Winter,45,84,44,24.8041666666667,51.875,2.39083333333333,84,Satisfactory,pm10,-0.8730116015322478,-0.4632162222451995,-0.6232516227555402,0.06397495886853707,-0.31096607690218275,0.509485661829484,MODELING_HISTORY,Cluster 3,0.9265575719049545
PROJ_179,"ECIL Kapra, Hyderabad - TSPCB",Hyderabad,2026-02-21,Winter,34,74,39,25.7875,49.625,1.91583333333333,73,Satisfactory,pm10,-0.5845504249641367,0.1918850696873075,-0.4526909554616465,0.6339434204028933,-0.21651022442343104,0.27884314399561877,MODELING_HISTORY,Cluster 3,1.368555615818393
PROJ_179,"ECIL Kapra, Hyderabad - TSPCB",Hyderabad,2026-02-22,Winter,36,75,27,26.1333333333333,48.5833333333333,1.69916666666667,74,Satisfactory,pm10,-0.6906023292306831,0.28420357250365824,0.3306128088371433,0.799473826786341,-0.10548159829822396,0.22626849214817632,MODELING_HISTORY,Cluster 3,1.3915463480467627
PROJ_179,"ECIL Kapra, Hyderabad - TSPCB",Hyderabad,2026-02-23,Winter,39,78,42,25.0916666666667,60,1.7225,78,Satisfactory,pm10,-0.6348761781178769,-0.3940367876974307,-0.6337885563131855,0.6364494570779397,0.22472628133954403,0.2466840015055177,MODELING_HISTORY,Cluster 3,1.012267856435902
PROJ_179,"ECIL Kapra, Hyderabad - TSPCB",Hyderabad,2026-02-25,Winter,34,75,48,24.7833333333333,60.375,1.1775,74,Satisfactory,pm10,-0.6762851871305071,-0.30490761890595536,-1.1122142636086876,1.1120446183160306,0.32480965800497114,0.16327956089251044,MODELING_HISTORY,Cluster 3,1.5786485691551368
PROJ_179,"ECIL Kapra, Hyderabad - TSPCB",Hyderabad,2026-02-26,Winter,36,76,48,24.925,56.75,1.14791666666667,76,Satisfactory,pm10,-0.862892769183818,-0.21611281323551265,-1.0748657116180278,1.0761827086964255,0.24199281972701292,0.2583664151439825,MODELING_HISTORY,Cluster 3,1.5521262197597143
PROJ_179,"ECIL Kapra, Hyderabad - TSPCB",Hyderabad,2026-02-27,Winter,36,76,48,25.825,52.9166666666667,1.25125,76,Satisfactory,pm10,-0.9439867691309132,0.08668385039288494,-1.044130495730007,0.9059988810134236,0.1865569679744623,0.2754409560041339,MODELING_HISTORY,Cluster 3,1.636080577951255
PROJ_179,"ECIL Kapra, Hyderabad - TSPCB",Hyderabad,2026-02-28,Winter,33,85,48,26.6041666666667,48.75,1.86833333333333,85,Satisfactory,pm10,-0.9056949507873702,0.2977433875821332,-1.010269576325881,0.39476871076117775,-0.1912689072949938,9.369891427754712e-4,MODELING_HISTORY,Cluster 1,1.4807041316465595
PROJ_179,"ECIL Kapra, Hyderabad - TSPCB",Hyderabad,2026-03-01,Summer / Pre-monsoon,37,81,42,27.4125,46.0416666666667,2.13833333333333,81,Satisfactory,pm10,-0.8832059918650726,0.5023084668525052,-0.5526297526942766,0.1311004882752086,-0.18577179664608304,0.21591308255248093,MODELING_HISTORY,Cluster 1,0.994849740335959
PROJ_179,"ECIL Kapra, Hyderabad - TSPCB",Hyderabad,2026-03-02,Summer / Pre-monsoon,38,73,46,27.9458333333333,46.8333333333333,1.55791666666667,72,Satisfactory,pm10,-1.0218683896232086,0.7023629564059755,-0.8314613350132037,0.45512843149177645,0.20128766401728937,0.4056084038561591,MODELING_HISTORY,Cluster 1,1.1451520792400383
PROJ_179,"ECIL Kapra, Hyderabad - TSPCB",Hyderabad,2026-03-06,Summer / Pre-monsoon,35,82,41,28.3666666666667,27.1666666666667,2.06291666666667,82,Satisfactory,pm10,-1.3653597175756678,1.300879525232189,-0.439183196019913,0.17811981207469474,-0.80428016124989965,0.35113411072523026,MODELING_HISTORY,Cluster 1,0.7165775358125499
PROJ_179,"ECIL Kapra, Hyderabad - TSPCB",Hyderabad,2026-03-07,Summer / Pre-monsoon,38,84,27,28.6958333333333,28.9583333333333,1.85208333333333,84,Satisfactory,pm10,-1.4309091098210538,1.2792085140754823,0.47475202744145695,0.3186986582467273,-0.5754624300770581,0.2525671168104716,MODELING_HISTORY,Cluster 1,0.9651628234345061
PROJ_179,"ECIL Kapra, Hyderabad - TSPCB",Hyderabad,2026-03-08,Summer / Pre-monsoon,39,90,32,27.9541666666667,38.0416666666667,1.54791666666667,90,Satisfactory,pm10,-1.4911327821930709,0.7873115213126899,0.11981995379052517,0.45358790269776766,-0.2323979002274403,0.05668915853443855,MODELING_HISTORY,Cluster 1,1.0830909523239904
PROJ_179,"ECIL Kapra, Hyderabad - TSPCB",Hyderabad,2026-03-09,Summer / Pre-monsoon,35,88,34,27.3708333333333,53.75,1.9825,88,Satisfactory,pm10,-0.7618960283015461,0.26271973019826766,-0.09414876995244016,0.2620639840912369,0.08847280065761856,-0.2144506474810146,MODELING_HISTORY,Cluster 1,1.1557981762031604
PROJ_179,"ECIL Kapra, Hyderabad - TSPCB",Hyderabad,2026-03-11,Summer / Pre-monsoon,35,81,34,28.1,39.125,1.66083333333333,81,Satisfactory,pm10,-1.1443008413771647,0.9483156840989404,-0.06133738280839049,0.5049642284815289,-0.22354732113692916,0.13075811717927718,MODELING_HISTORY,Cluster 1,0.8139037499626193
PROJ_179,"ECIL Kapra, Hyderabad - TSPCB",Hyderabad,2026-03-14,Summer / Pre-monsoon,23,58,27,29.35,38.875,2.52833333333333,57,Satisfactory,pm10,0.02629959676536643,1.6472786965908317,0.276868807117316,0.30627311806271107,-0.4363231538687953,0.20112023183692704,MODELING_HISTORY,Cluster 1,1.0393249075270667
PROJ_179,"ECIL Kapra, Hyderabad - TSPCB",Hyderabad,2026-03-15,Summer / Pre-monsoon,33,64,43,28.3375,44.0416666666667,2.40625,63,Satisfactory,pm10,-0.4114347338386134,0.9961657895592788,-0.6511489056869513,0.07456361810909584,-0.1921054962126325,0.49603434633556537,MODELING_HISTORY,Cluster 1,0.7759690276311507
PROJ_179,"ECIL Kapra, Hyderabad - TSPCB",Hyderabad,2026-03-16,Summer / Pre-monsoon,32,70,29,27.2583333333333,48.9583333333333,2.0475,69,Satisfactory,pm10,-0.3729988071607605,0.6228722644138684,0.18299316172037375,0.5329388424817609,-0.08838170402466317,0.17234600951401602,MODELING_HISTORY,Cluster 1,1.1013786005690047
PROJ_179,"ECIL Kapra, Hyderabad - TSPCB",Hyderabad,2026-03-17,Summer / Pre-monsoon,37,76,35,26,52.5,2.05833333333333,76,Satisfactory,pm10,-0.5580935014611388,0.06850893420192128,-0.15989366908317473,0.4557578982895915,-0.08472147320089551,0.2607769912445064,MODELING_HISTORY,Cluster 3,1.156070227890325
PROJ_179,"ECIL Kapra, Hyderabad - TSPCB",Hyderabad,2026-03-20,Summer / Pre-monsoon,33,70,33,24.8458333333333,61,1.18,69,Satisfactory,pm10,-0.4126774480742317,-0.21639507134297548,-0.1791630841408302,1.3116395164628776,0.3627048730954776,0.13085564992667506,MODELING_HISTORY,Cluster 3,1.3564506244426084
PROJ_179,"ECIL Kapra, Hyderabad - TSPCB",Hyderabad,2026-03-21,Summer / Pre-monsoon,34,71,47,26.0791666666667,57.5,1.25625,70,Satisfactory,pm10,-0.66970561987237,0.1023765765501236,-1.0221826993498755,0.948789669138934,0.39813067673263736,0.2346500606468019,MODELING_HISTORY,Cluster 3,1.6722982574631662
PROJ_179,"ECIL Kapra, Hyderabad - TSPCB",Hyderabad,2026-03-22,Summer / Pre-monsoon,37,73,47,26.6625,61.2083333333333,1.38291666666667,72,Satisfactory,pm10,-0.6724064832784633,0.03274790283032951,-0.98188642947244,0.6904026729034548,0.6255619716787079,0.21118439613292417,MODELING_HISTORY,Cluster 3,1.5268265325706363
PROJ_179,"ECIL Kapra, Hyderabad - TSPCB",Hyderabad,2026-03-23,Summer / Pre-monsoon,40,75,45,27.8083333333333,52.25,2.01,74,Satisfactory,pm10,-0.7904944412579895,0.4170550189214373,-0.737614631494423,0.100319513415579,0.2539897868286965,0.369143398337512,MODELING_HISTORY,Cluster 1,1.148569809238883
PROJ_179,"ECIL Kapra, Hyderabad - TSPCB",Hyderabad,2026-03-24,Summer / Pre-monsoon,37,80,27,28.3416666666667,49.75,1.26125,80,Satisfactory,pm10,-1.0311728476523825,0.706975428591501,0.3516616843485027,0.7262990461558982,0.413654191081539,-0.02364374791798113,MODELING_HISTORY,Cluster 1,1.1762909685004546
PROJ_179,"ECIL Kapra, Hyderabad - TSPCB",Hyderabad,2026-03-25,Summer / Pre-monsoon,26,80,60,28.8125,49.8333333333333,1.33666666666667,80,Satisfactory,pm10,-0.9489892764497344,0.97671333191462,-1.8628649410114648,0.5319657408736587,0.2852199162136134,-0.2089186577971811,MODELING_HISTORY,Cluster 1,1.9076249316376064
PROJ_179,"ECIL Kapra, Hyderabad - TSPCB",Hyderabad,2026-03-26,Summer / Pre-monsoon,34,82,44,29.55,42.25,1.49333333333333,82,Satisfactory,pm10,-1.2475772136550198,1.18940740547192,-0.7062839032183433,0.32806227136360144,0.15710631397999705,0.00450509275179322,MODELING_HISTORY,Cluster 1,0.87855112588934825
PROJ_179,"ECIL Kapra, Hyderabad - TSPCB",Hyderabad,2026-03-27,Summer / Pre-monsoon,35,84,27,30.5833333333333,37.9583333333333,1.57083333333333,84,Satisfactory,pm10,-1.285166854496805,1.5214992408139398,0.4200481888829504,0.28312165566539316,0.10946941069803906,-0.11477166273294773,MODELING_HISTORY,Cluster 1,0.8356135410303169
PROJ_179,"ECIL Kapra, Hyderabad - TSPCB",Hyderabad,2026-03-29,Summer / Pre-monsoon,35,83,48,30.7416666666667,33.3333333333333,1.90291666666667,83,Satisfactory,pm10,-1.4229374562441672,1.6428073185782512,-0.8789706755128834,-0.13035750408525593,-0.15318932213418973,0.14244161182445161,MODELING_HISTORY,Cluster 1,1.0306560781052032
PROJ_179,"ECIL Kapra, Hyderabad - TSPCB",Hyderabad,2026-03-30,Summer / Pre-monsoon,37,84,28,30.3583333333333,40.2083333333333,1.88875,84,Satisfactory,pm10,-1.1622201800616627,1.3375452264586054,0.38657812814210635,0.04091779446867916,0.0854492940813601,-0.04050296766661059,MODELING_HISTORY,Cluster 1,0.6353406889614486
PROJ_179,"ECIL Kapra, Hyderabad - TSPCB",Hyderabad,2026-03-31,Summer / Pre-monsoon,38,72,37,27.5708333333333,54.9583333333333,2.34375,71,Satisfactory,pm10,-0.39737274469645306,0.3400270859051051,-0.25153208808963134,0.04733384466392273,0.1843752128281596,0.3029711261393929,MODELING_HISTORY,Cluster 1,1.112957595411307
PROJ_179,"ECIL Kapra, Hyderabad - TSPCB",Hyderabad,2026-04-01,Summer / Pre-monsoon,42,88,36,28.3916666666667,54.75,1.88833333333333,88,Satisfactory,pm10,-1.0330132224674773,0.32448340038015466,-0.1329960291980174,0.01715259411362213,0.43586494178095136,-0.0226598597386474,MODELING_HISTORY,Cluster 1,1.0676238653553385
PROJ_179,"ECIL Kapra, Hyderabad - TSPCB",Hyderabad,2026-04-02,Summer / Pre-monsoon,33,92,67,28.275,47,1.87958333333333,92,Satisfactory,pm10,-1.2847266622146454,0.6200886044333823,-2.178220103758618,-0.0721976760399079,-0.04895585836296623,-0.09928343468022303,MODELING_HISTORY,Cluster 1,2.24804733962201
PROJ_179,"ECIL Kapra, Hyderabad - TSPCB",Hyderabad,2026-04-04,Summer / Pre-monsoon,33,69,39,30.1041666666667,39.9583333333333,1.65166666666667,68,Satisfactory,pm10,-0.9353806354983988,1.5259398288875718,-0.3934128192631723,0.3503150917806176,0.14907168294594397,0.2697359599319163,MODELING_HISTORY,Cluster 1,0.5770761939652691
PROJ_179,"ECIL Kapra, Hyderabad - TSPCB",Hyderabad,2026-04-05,Summer / Pre-monsoon,33,74,29,29.6583333333333,46.2083333333333,1.59125,73,Satisfactory,pm10,-0.8053873293632458,1.213818358577323,0.21753286216997264,0.47242646844219965,0.31695116027563214,-0.00284141748065706,MODELING_HISTORY,Cluster 1,0.6795782653481693
PROJ_179,"ECIL Kapra, Hyderabad - TSPCB",Hyderabad,2026-04-06,Summer / Pre-monsoon,32,68,24,30.4375,37.5,1.95708333333333,67,Satisfactory,pm10,-0.7119902488883563,1.697965010917391,0.5750332594949459,0.29033394832061293,-0.02800904486058458,0.18857303033217043,MODELING_HISTORY,Cluster 1,0.8660267303106903
PROJ_179,"ECIL Kapra, Hyderabad - TSPCB",Hyderabad,2026-04-07,Summer / Pre-monsoon,39,83,34,29.7041666666667,29.5,2.32791666666667,83,Satisfactory,pm10,-1.3230695432712571,1.4274571293003244,0.07841801276640335,-0.20949140217658577,-0.5496083086255434,0.32711166009281467,MODELING_HISTORY,Cluster 1,0.5738622419266463
PROJ_179,"ECIL Kapra, Hyderabad - TSPCB",Hyderabad,2026-04-08,Summer / Pre-monsoon,41,87,53,30.2958333333333,29.5,2.10333333333333,87,Satisfactory,pm10,-1.72369178390534,1.4691366703884283,-1.1031025277131496,-0.401556446637206,-0.3602797717325317,0.39161930140142687,MODELING_HISTORY,Cluster 1,1.3938024310071027
PROJ_179,"ECIL Kapra, Hyderabad - TSPCB",Hyderabad,2026-04-09,Summer / Pre-monsoon,38,82,65,30.7083333333333,32.9166666666667,2.085,82,Satisfactory,pm10,-1.5682948844205136,1.5571565524676958,-1.9134497128120536,-0.4629951730129015,-0.17369155776550005,0.41590086762612893,MODELING_HISTORY,Cluster 1,2.002323974082079
PROJ_179,"ECIL Kapra, Hyderabad - TSPCB",Hyderabad,2026-04-10,Summer / Pre-monsoon,40,82,47,30.85,36.2916666666667,1.8825,82,Satisfactory,pm10,-1.483870765316781,1.4934721043880308,-0.7673299709173873,-0.23156346170468345,0.0794324327910983,0.2879516979902778,MODELING_HISTORY,Cluster 1,0.9676766336732427
PROJ_179,"ECIL Kapra, Hyderabad - TSPCB",Hyderabad,2026-04-11,Summer / Pre-monsoon,36,78,28,31.3041666666667,38.625,1.74166666666667,78,Satisfactory,pm10,-1.1433602689669304,1.6876003614168231,0.3775370549123425,0.09750888122549271,0.2345823987305904,0.03753085750618766,MODELING_HISTORY,Cluster 1,0.7133717435936338
PROJ_179,"ECIL Kapra, Hyderabad - TSPCB",Hyderabad,2026-04-12,Summer / Pre-monsoon,30,72,30,32.2041666666667,36.375,2.03166666666667,71,Satisfactory,pm10,-0.8285753955638819,2.1079675291258937,0.20763977032385825,-0.03794876943963354,0.1068947244980934,-0.01403614423058285,MODELING_HISTORY,Cluster 1,0.8182397163709318
PROJ_179,"ECIL Kapra, Hyderabad - TSPCB",Hyderabad,2026-04-13,Summer / Pre-monsoon,33,76,52,32.8083333333333,36.5416666666667,2.26166666666667,76,Satisfactory,pm10,-1.096355515625436,2.084790900187886,-1.1285423497878742,-0.5827127171305544,0.15935234079559307,0.13017816964581283,MODELING_HISTORY,Cluster 1,1.3712091887041835
PROJ_179,"ECIL Kapra, Hyderabad - TSPCB",Hyderabad,2026-04-14,Summer / Pre-monsoon,31,74,57,33.2541666666667,35.7916666666667,2.11625,73,Satisfactory,pm10,-1.128816609027718,2.271410866085368,-1.471277765129098,-0.528901288465307,0.2280416110159184,0.12258482471304558,MODELING_HISTORY,Cluster 1,1.7240641960037086
PROJ_179,"ECIL Kapra, Hyderabad - TSPCB",Hyderabad,2026-04-15,Summer / Pre-monsoon,35,73,43,33.6208333333333,31,1.96791666666667,72,Satisfactory,pm10,-1.3071801465569417,2.4545624108390967,-0.5234553653119881,-0.40047390509840475,0.2149059763949712,0.23916956852279023,MODELING_HISTORY,Cluster 1,1.311363713501747
PROJ_179,"ECIL Kapra, Hyderabad - TSPCB",Hyderabad,2026-04-17,Summer / Pre-monsoon,32,72,39,33.6333333333333,37.7916666666667,2.05583333333333,71,Satisfactory,pm10,-0.959656642138514,2.3290962169988605,-0.3240035595903157,-0.3767489942033691,0.40526045837599034,0.02460700121947937,MODELING_HISTORY,Cluster 1,1.0432410091792204
PROJ_179,"ECIL Kapra, Hyderabad - TSPCB",Hyderabad,2026-04-18,Summer / Pre-monsoon,40,75,49,33.4125,35.3333333333333,1.88166666666667,74,Satisfactory,pm10,-1.4657489078339114,2.159621040409207,-0.864889182680057,-0.517608330275944,0.4643830813849026,0.352227134408505,MODELING_HISTORY,Cluster 1,1.3519687614171616
PROJ_179,"ECIL Kapra, Hyderabad - TSPCB",Hyderabad,2026-04-19,Summer / Pre-monsoon,40,71,34,32.6541666666667,40.0833333333333,1.75958333333333,70,Satisfactory,pm10,-1.1742186543693172,1.9258843149531055,0.04945802939512558,-0.17605434231590755,0.6000528373414109,0.30412184163412154,MODELING_HISTORY,Cluster 1,0.7042582781410868
PROJ_179,"ECIL Kapra, Hyderabad - TSPCB",Hyderabad,2026-04-20,Summer / Pre-monsoon,47,77,35,31.9458333333333,35.2083333333333,2.28083333333333,78,Satisfactory,pm2_5,-1.3999128641580194,1.662365632552599,0.11071687754556804,-0.621632732110876,0.2004178361234211,0.5597072713184853,MODELING_HISTORY,Cluster 1,0.8797320017393351
PROJ_179,"ECIL Kapra, Hyderabad - TSPCB",Hyderabad,2026-04-21,Summer / Pre-monsoon,33,87,39,31.8666666666667,41.2916666666667,1.90583333333333,87,Satisfactory,pm10,-1.1999993051946607,1.674039120975625,-0.3371300666955216,-0.2208951050423704,0.2638803447040789,-0.27883039988161357,MODELING_HISTORY,Cluster 1,0.5716467029111988
PROJ_179,"ECIL Kapra, Hyderabad - TSPCB",Hyderabad,2026-04-22,Summer / Pre-monsoon,26,87,64,32.0416666666667,37.3333333333333,1.75,87,Satisfactory,pm10,-1.3592217847858017,1.9458892268847623,-1.9995376600679349,-0.2153204510405511,0.08079498566383536,-0.30996812297305426,MODELING_HISTORY,Cluster 1,2.0584357519361642
PROJ_179,"ECIL Kapra, Hyderabad - TSPCB",Hyderabad,2026-04-23,Summer / Pre-monsoon,37,87,64,31.9916666666667,37.875,1.69875,87,Satisfactory,pm10,-1.696945430271794,1.701523405666515,-1.8751110660541257,-0.4124547927147161,0.30430704584621215,0.07994378145055292,MODELING_HISTORY,Cluster 1,2.032799397170467
PROJ_179,"ECIL Kapra, Hyderabad - TSPCB",Hyderabad,2026-04-24,Summer / Pre-monsoon,36,80,44,32.8666666666667,31.75,1.78,80,Satisfactory,pm10,-1.5154114643845944,2.1878790728709947,-0.5891866825180216,-0.2764424605578564,0.17679313522426138,0.12749240527560796,MODELING_HISTORY,Cluster 1,1.209279428160863
PROJ_179,"ECIL Kapra, Hyderabad - TSPCB",Hyderabad,2026-04-25,Summer / Pre-monsoon,38,86,37,32.9916666666667,33.875,1.58041666666667,86,Satisfactory,pm10,-1.6660320251963865,2.07936069306235,-0.12967169175180016,-0.20093219193733017,0.3468039031423709,-0.05005099416807593,MODELING_HISTORY,Cluster 1,1.133815002304399
PROJ_179,"ECIL Kapra, Hyderabad - TSPCB",Hyderabad,2026-04-26,Summer / Pre-monsoon,36,84,31,33.8,35.1666666666667,1.73416666666667,84,Satisfactory,pm10,-1.4479368220522717,2.278064693716013,0.24014531783675383,-0.2948485695018148,0.43627079336736535,-0.17116064817022716,MODELING_HISTORY,Cluster 1,1.1960669639355446
PROJ_179,"ECIL Kapra, Hyderabad - TSPCB",Hyderabad,2026-04-28,Summer / Pre-monsoon,33,78,46,33.4333333333333,37.4583333333333,2.10333333333333,78,Satisfactory,pm10,-1.145931037415556,2.198762876949748,-0.7480636576380996,-0.5247804495977582,0.3304357341646831,-0.01929080698451069,MODELING_HISTORY,Cluster 1,1.1874585741845818
PROJ_179,"ECIL Kapra, Hyderabad - TSPCB",Hyderabad,2026-04-29,Summer / Pre-monsoon,25,75,42,33.8875,31.125,2.38,74,Satisfactory,pm10,-0.8742104888800186,2.6582417259662328,-0.5499524290615269,-0.5030379745094087,-0.07554507253035038,-0.17332735096861504,MODELING_HISTORY,Cluster 1,1.4306961509992533
PROJ_179,"ECIL Kapra, Hyderabad - TSPCB",Hyderabad,2026-04-30,Summer / Pre-monsoon,38,74,41,34.3583333333333,27.0833333333333,2.27916666666667,73,Satisfactory,pm10,-1.3951444917128832,2.638361312139982,-0.31989739794231364,-0.7404084409079021,0.10210984948422085,0.3475134314460852,MODELING_HISTORY,Cluster 1,1.5636499386574585
PROJ_179,"ECIL Kapra, Hyderabad - TSPCB",Hyderabad,2026-05-01,Summer / Pre-monsoon,36,67,61,33.5333333333333,24.3333333333333,2.55083333333333,66,Satisfactory,pm10,-1.2965041961661232,2.594634330765788,-1.6096635021848025,-0.8849426364570903,-0.2098304313178922,0.6944332849248659,MODELING_HISTORY,Cluster 1,2.1520586501693035
PROJ_179,"ECIL Kapra, Hyderabad - TSPCB",Hyderabad,2026-05-02,Summer / Pre-monsoon,36,72,45,34.0583333333333,24.9583333333333,2.45666666666667,71,Satisfactory,pm10,-1.301140599047009,2.6733881099340873,-0.5874437889520345,-0.7865277490891502,-0.11122621487477904,0.4126283819695603,MODELING_HISTORY,Cluster 1,1.635811940019727
PROJ_179,"ECIL Kapra, Hyderabad - TSPCB",Hyderabad,2026-05-03,Summer / Pre-monsoon,45,184,53,33.5416666666667,27.2916666666667,2.53833333333333,156,Moderately Polluted,pm10,-3.6961540757218874,1.1481595129151336,-0.8571434268621222,-2.088646428470049,-0.6323821929009993,-1.9864450793543504,MODELING_HISTORY,Cluster 1,3.5979973712116973
PROJ_179,"ECIL Kapra, Hyderabad - TSPCB",Hyderabad,2026-05-04,Summer / Pre-monsoon,37,88,53,32.3875,32.5416666666667,2.2625,88,Satisfactory,pm10,-1.544394243429705,1.9028595357505704,-1.1219264023242017,-0.7175063219143705,-0.06297467762323694,0.06999696443250798,MODELING_HISTORY,Cluster 1,1.5007090581349654
PROJ_179,"ECIL Kapra, Hyderabad - TSPCB",Hyderabad,2026-05-07,Summer / Pre-monsoon,39,63,38,30.1916666666667,50.6666666666667,2.31791666666667,64,Satisfactory,pm2_5,-0.4579028210477256,1.1198057579676273,-0.26573899724440336,-0.2091095403843552,0.4840419085634557,0.4935722049914216,MODELING_HISTORY,Cluster 1,0.45418866244266287
PROJ_179,"ECIL Kapra, Hyderabad - TSPCB",Hyderabad,2026-05-08,Summer / Pre-monsoon,36,66,51,29.8625,50.6666666666667,2.63916666666667,65,Satisfactory,pm10,-0.39143834107489095,1.0305658712472827,-1.1098946446088984,-0.4667576792935257,0.2558387750345917,0.4390666696814101,MODELING_HISTORY,Cluster 1,1.1828027207073795
PROJ_179,"ECIL Kapra, Hyderabad - TSPCB",Hyderabad,2026-05-09,Summer / Pre-monsoon,32,73,52,30.175,50.9166666666667,2.15916666666667,72,Satisfactory,pm10,-0.6111193039836902,1.140981565556064,-1.2339346825929678,-0.1808054037246148,0.37473466790540433,0.0800915173533418,MODELING_HISTORY,Cluster 1,1.1603316422524665
PROJ_179,"ECIL Kapra, Hyderabad - TSPCB",Hyderabad,2026-05-10,Summer / Pre-monsoon,34,78,53,30.6041666666667,50.0416666666667,2.37541666666667,78,Satisfactory,pm10,-0.7236568744641267,1.1508319975071548,-1.2470509710222708,-0.47486872059578056,0.3310796723185383,0.03819533608648194,MODELING_HISTORY,Cluster 1,1.2142201876856158
PROJ_179,"ECIL Kapra, Hyderabad - TSPCB",Hyderabad,2026-05-11,Summer / Pre-monsoon,37,81,46,30.7375,50.3333333333333,2.345,81,Satisfactory,pm10,-0.8242646069642403,1.093641181331463,-0.7642332455673737,-0.4980460248779926,0.4040133383671899,0.00897089006038243,MODELING_HISTORY,Cluster 1,0.8071726097295561
PROJ_179,"ECIL Kapra, Hyderabad - TSPCB",Hyderabad,2026-05-12,Summer / Pre-monsoon,42,94,36,31.1666666666667,49.5833333333333,2.195,94,Satisfactory,pm10,-1.2373819899252765,1.0045783352561857,-0.05351186365313229,-0.5831696959126613,0.4964136741071996,-0.2236523866035458,MODELING_HISTORY,Cluster 1,0.7432374895851614
PROJ_179,"ECIL Kapra, Hyderabad - TSPCB",Hyderabad,2026-05-13,Summer / Pre-monsoon,38,90,59,32.2166666666667,46.5416666666667,2.01875,90,Satisfactory,pm10,-1.405049226551561,1.4292683186178263,-1.5508307027284949,-0.6906336014876837,0.5615345382405086,-0.1239836268880384,MODELING_HISTORY,Cluster 1,1.6702441212637704
PROJ_179,"ECIL Kapra, Hyderabad - TSPCB",Hyderabad,2026-05-15,Summer / Pre-monsoon,58,86,49,33.1875,43.9166666666667,1.94291666666667,97,Satisfactory,pm2_5,-1.975517103518298,1.3798173541423082,-0.66723045754216,-1.0513449087383315,0.99511883633470255,0.6127433871516696,MODELING_HISTORY,Cluster 1,1.6112241869726422
PROJ_179,"ECIL Kapra, Hyderabad - TSPCB",Hyderabad,2026-05-16,Summer / Pre-monsoon,35,87,33,32.7541666666667,46.875,2.06875,87,Satisfactory,pm10,-1.0325863687786725,1.6637944848361892,0.06959354343591809,-0.4533284841799774,0.588916193450694,-0.375578193502199,MODELING_HISTORY,Cluster 1,0.5513400038177076
PROJ_179,"ECIL Kapra, Hyderabad - TSPCB",Hyderabad,2026-05-17,Summer / Pre-monsoon,31,85,35,31.8291666666667,49.125,2.12833333333333,85,Satisfactory,pm10,-0.7814055679225186,1.4858936368939122,-0.12411453424358306,-0.2959604982312638,0.46270602636041536,-0.4384598643982594,MODELING_HISTORY,Cluster 1,0.23128052792765216
PROJ_179,"ECIL Kapra, Hyderabad - TSPCB",Hyderabad,2026-05-18,Summer / Pre-monsoon,34,86,46,32.5125,46.3333333333333,2.07708333333333,86,Satisfactory,pm10,-1.0917481244042084,1.6365620206483729,-0.769857572283727,-0.519357412795962,0.5238714050095132,-0.2720811702430866,MODELING_HISTORY,Cluster 1,0.8774214993382009
PROJ_179,"ECIL Kapra, Hyderabad - TSPCB",Hyderabad,2026-05-19,Summer / Pre-monsoon,33,86,49,33.7583333333333,43.7083333333333,1.81458333333333,86,Satisfactory,pm10,-1.294930974825464,2.0277307891907697,-0.9603088968477992,-0.5059726381221885,0.6837425729037061,-0.32779670543959916,MODELING_HISTORY,Cluster 1,1.2560741171833885
PROJ_179,"ECIL Kapra, Hyderabad - TSPCB",Hyderabad,2026-05-20,Summer / Pre-monsoon,32,101,46,34.4541666666667,38.0833333333333,2.97125,100,Satisfactory,pm10,-1.2246432231969566,2.120047051919019,-0.6720673764300881,-1.425781886409417,0.03847321285827961,-0.6427253976243068,MODELING_HISTORY,Cluster 1,1.680537056553407
PROJ_179,"ECIL Kapra, Hyderabad - TSPCB",Hyderabad,2026-05-21,Summer / Pre-monsoon,33,94,49,35.2666666666667,33.875,3.12666666666667,94,Satisfactory,pm10,-1.2107328221624505,2.456783191718831,-0.8260681329804181,-1.602768499418331,-0.00295154484090112,-0.3808321119249829,MODELING_HISTORY,Cluster 1,2.0332998803119637
PROJ_179,"ECIL Kapra, Hyderabad - TSPCB",Hyderabad,2026-05-24,Summer / Pre-monsoon,36,92,35,32.7958333333333,44.3333333333333,4.3025,92,Satisfactory,pm10,-0.33821718277985935,1.4848176698381743,0.08974701008864247,-2.0096488475507956,-0.32361749452678745,-0.2871316379649659,MODELING_HISTORY,Cluster 1,1.974373994285867
PROJ_179,"ECIL Kapra, Hyderabad - TSPCB",Hyderabad,2026-05-25,Summer / Pre-monsoon,36,96,41,33.1666666666667,40.8333333333333,3.46041666666667,96,Satisfactory,pm10,-0.903168907631447,1.6903216266313168,-0.31446696764605375,-1.5824842186006685,-0.12362256716574754,-0.35565611503708056,MODELING_HISTORY,Cluster 1,1.5324511391015843
PROJ_179,"ECIL Kapra, Hyderabad - TSPCB",Hyderabad,2026-05-26,Summer / Pre-monsoon,36,98,33,32.7041666666667,44.7083333333333,2.81,98,Satisfactory,pm10,-1.028713072659197,1.5208670071605754,0.14174402917773876,-1.0502105622738724,0.17992884238200949,-0.5343076867639583,MODELING_HISTORY,Cluster 1,1.0197593371728648
PROJ_179,"ECIL Kapra, Hyderabad - TSPCB",Hyderabad,2026-05-30,Summer / Pre-monsoon,40,103,48,32.9541666666667,39.4583333333333,3.54291666666667,101,Moderately Polluted,pm10,-1.210894506006621,1.5138348932124708,-0.6966912733116792,-1.821022549908201,-0.20797928167468663,-0.29673628543081,MODELING_HISTORY,Cluster 1,1.8670266684244365
PROJ_179,"ECIL Kapra, Hyderabad - TSPCB",Hyderabad,2026-06-01,Monsoon,30,85,55,32.2125,37.3333333333333,2.08666666666667,85,Satisfactory,pm10,-1.2372337665652378,1.908363468406453,-1.3631303843049798,-0.4403738540336697,0.06132341094831564,-0.1702397113713637,MODELING_HISTORY,Cluster 1,1.4748858029892509
PROJ_179,"ECIL Kapra, Hyderabad - TSPCB",Hyderabad,2026-06-02,Monsoon,30,83,43,32.1041666666667,41,1.86208333333333,83,Satisfactory,pm10,-1.0967109108708926,1.8344860808660317,-0.6296513107411191,-0.1592677565064886,0.27713584694740656,-0.2704306254467129,MODELING_HISTORY,Cluster 1,0.7667300056143004
PROJ_179,"ECIL Kapra, Hyderabad - TSPCB",Hyderabad,2026-06-03,Monsoon,31,79,34,31.2541666666667,47.0416666666667,2.79666666666667,79,Satisfactory,pm10,-0.42225526936905017,1.4249998964651858,-0.03331035221062411,-0.5878164418765125,0.08900654921529294,-0.1958274797173073,MODELING_HISTORY,Cluster 1,0.6203264827222427
PROJ_179,"ECIL Kapra, Hyderabad - TSPCB",Hyderabad,2026-06-04,Monsoon,33,81,38,30.6333333333333,51.9166666666667,2.99833333333333,81,Satisfactory,pm10,-0.33180260023922065,1.0617769465925468,-0.2751582855550337,-0.7597667431024206,0.14165355758707032,-0.17588370311656318,MODELING_HISTORY,Cluster 1,0.8721131091101019
PROJ_179,"ECIL Kapra, Hyderabad - TSPCB",Hyderabad,2026-06-06,Monsoon,35,79,34,29.9333333333333,57.4583333333333,2.68125,79,Satisfactory,pm10,-0.2894682459569279,0.7576847877643481,-0.04536298259721491,-0.4676403394770843,0.4160749437597495,-0.14893589824929374,MODELING_HISTORY,Cluster 1,0.8686599252693421
PROJ_179,"ECIL Kapra, Hyderabad - TSPCB",Hyderabad,2026-06-07,Monsoon,28,72,37,29.8708333333333,61.5416666666667,3.15708333333333,71,Satisfactory,pm10,0.32903738930297477,0.7932839563999815,-0.3162559937516336,-0.605090270585464,0.3180208542626428,-0.2415003547416113,MODELING_HISTORY,Cluster 1,1.3708018104728186
PROJ_179,"ECIL Kapra, Hyderabad - TSPCB",Hyderabad,2026-06-08,Monsoon,24,72,46,28.525,65.2083333333333,3.17916666666667,71,Satisfactory,pm10,0.5175162518073698,0.4532228756296025,-0.9643602958107844,-0.45960872175717066,0.19060142301048472,-0.30546752164905777,MODELING_HISTORY,Cluster 2,1.6830835477490411
PROJ_179,"ECIL Kapra, Hyderabad - TSPCB",Hyderabad,2026-06-09,Monsoon,23,69,27,27.9875,71.3333333333333,3.61458333333333,68,Satisfactory,pm10,1.105441659337137,0.19748461446290816,0.22176707155938472,-0.4701939346044108,0.1866197467126679,-0.4456117890568147,MODELING_HISTORY,Cluster 2,0.7700374349499741
PROJ_179,"ECIL Kapra, Hyderabad - TSPCB",Hyderabad,2026-06-10,Monsoon,23,57,16,29.0541666666667,64.8333333333333,3.905,56,Satisfactory,pm10,1.349632483949489,0.7374964817987735,0.9568405691178806,-0.5575778375328635,0.0488737929907006,-0.1663286655159016,MODELING_HISTORY,Cluster 2,1.4350046924282494
PROJ_179,"ECIL Kapra, Hyderabad - TSPCB",Hyderabad,2026-06-11,Monsoon,26,73,41,29.9125,59.2916666666667,2.41833333333333,72,Satisfactory,pm10,-0.01841623858434936,0.954425467174971,-0.6240510376338124,-0.11841351869691127,0.4634493223187084,-0.31836586586079485,MODELING_HISTORY,Cluster 1,1.0154491041023854
PROJ_179,"ECIL Kapra, Hyderabad - TSPCB",Hyderabad,2026-06-12,Monsoon,31,87,56,30.4333333333333,54.5416666666667,2.73791666666667,87,Satisfactory,pm10,-0.5673181510411646,0.915892241915121,-1.459379040617124,-0.7586851002082446,0.2484527062412197,-0.31331982052686286,MODELING_HISTORY,Cluster 1,1.5787407664275854
PROJ_179,"ECIL Kapra, Hyderabad - TSPCB",Hyderabad,2026-06-13,Monsoon,27,75,39,28.6541666666667,62.8333333333333,2.76833333333333,74,Satisfactory,pm10,0.19663087259560344,0.5046176184649436,-0.4930856548705356,-0.21990994832066652,0.2949336355953328,-0.3139147833066137,MODELING_HISTORY,Cluster 1,1.368933164248234
PROJ_179,"ECIL Kapra, Hyderabad - TSPCB",Hyderabad,2026-06-14,Monsoon,20,61,42,28.9875,60,3.28625,60,Satisfactory,pm10,0.7825329521136192,0.8970848754022045,-0.7420360486995117,-0.3432298859132057,0.00871483121547525,-0.14363674711399835,MODELING_HISTORY,Cluster 2,1.6518652672626426
PROJ_179,"ECIL Kapra, Hyderabad - TSPCB",Hyderabad,2026-06-15,Monsoon,20,65,42,30.5166666666667,50.3333333333333,3.18791666666667,64,Satisfactory,pm10,0.3778632221328986,1.4854485865090108,-0.6888596359822962,-0.475349535796064,-0.13501739268345717,-0.1797449361628917,MODELING_HISTORY,Cluster 1,1.3660935390595041
PROJ_179,"ECIL Kapra, Hyderabad - TSPCB",Hyderabad,2026-06-16,Monsoon,21,68,39,31.6,43.0833333333333,2.88541666666667,67,Satisfactory,pm10,-0.02193514900373409,1.916045898407377,-0.4598759491830437,-0.4076009152092447,-0.1537667323701406,-0.2013394170890852,MODELING_HISTORY,Cluster 1,1.0603627553914032
PROJ_179,"ECIL Kapra, Hyderabad - TSPCB",Hyderabad,2026-06-18,Monsoon,20,68,30,31.7375,45.1666666666667,2.50125,67,Satisfactory,pm10,-0.02571888186296554,1.9516681927293136,0.07401084750433908,-0.0727528779417374,0.06578147277803333,-0.3633370071793195,MODELING_HISTORY,Cluster 1,0.9909015470674907
PROJ_179,"ECIL Kapra, Hyderabad - TSPCB",Hyderabad,2026-06-19,Monsoon,25,76,15,31.9666666666667,44.4166666666667,2.48958333333333,76,Satisfactory,pm10,-0.2396602149844731,1.8647738670570837,1.1004813943143066,-0.12854550375941165,0.1058435706167628,-0.48913806597789944,MODELING_HISTORY,Cluster 1,1.4273332066752165
PROJ_179,"ECIL Kapra, Hyderabad - TSPCB",Hyderabad,2026-06-20,Monsoon,28,79,39,32.0208333333333,45.4166666666667,2.39,79,Satisfactory,pm10,-0.6002115722090154,1.730131677870428,-0.3919761155435375,-0.3970810034129759,0.23574227015565696,-0.30747496070258346,MODELING_HISTORY,Cluster 1,0.584042389573047
PROJ_179,"ECIL Kapra, Hyderabad - TSPCB",Hyderabad,2026-06-21,Monsoon,29,73,35,28.6791666666667,63.9166666666667,2.09708333333333,72,Satisfactory,pm10,-0.03734495991526238,0.5210844159473429,-0.25741775023137653,0.2296322662594836,0.6285310856584336,-0.2761261405207759,MODELING_HISTORY,Cluster 1,1.1873936226392239
PROJ_179,"ECIL Kapra, Hyderabad - TSPCB",Hyderabad,2026-06-26,Monsoon,24,55,39,27.2125,71.7083333333333,2.905,54,Satisfactory,pm10,0.9942215112695806,0.17920534308552924,-0.5960933682027911,0.0910084986696026,0.4497845037533063,0.02019433247944184,MODELING_HISTORY,Cluster 2,1.0726302570588793
PROJ_179,"ECIL Kapra, Hyderabad - TSPCB",Hyderabad,2026-06-27,Monsoon,25,62,42,26.6166666666667,78.1666666666667,2.465,61,Satisfactory,pm10,0.806011201198068,-0.19984629614137167,-0.8192748112200314,0.31745725881393616,0.7528066286707975,-0.1891486505108248,MODELING_HISTORY,Cluster 2,1.3296611032829944
PROJ_179,"ECIL Kapra, Hyderabad - TSPCB",Hyderabad,2026-06-28,Monsoon,24,74,32,27.15,78.3333333333333,2.095,73,Satisfactory,pm10,0.5243100336617017,-0.14267394721433446,-0.19400839828216387,0.4976271324595108,0.8781147536198438,-0.6465891775104204,MODELING_HISTORY,Cluster 2,1.377466675970962
PROJ_179,"ECIL Kapra, Hyderabad - TSPCB",Hyderabad,2026-06-29,Monsoon,23,67,49,26.6708333333333,76.8333333333333,2.80416666666667,66,Satisfactory,pm10,0.8148284230561937,-0.1984622110360558,-1.2574837768395204,0.02115487718750883,0.5246489582101229,-0.29878277020068317,MODELING_HISTORY,Cluster 2,1.5607527659686733
PROJ_179,"ECIL Kapra, Hyderabad - TSPCB",Hyderabad,2026-06-30,Monsoon,21,57,38,26.6166666666667,73.875,4.5325,56,Satisfactory,pm10,1.7837218588022283,-0.11167103741623122,-0.4935095662526554,-0.8590437000269849,-0.20526778483529945,-0.05628784541851016,MODELING_HISTORY,Cluster 2,0.8246936959223689
PROJ_179,"ECIL Kapra, Hyderabad - TSPCB",Hyderabad,2026-07-01,Monsoon,24,64,46,26.0166666666667,75.625,4.62083333333333,63,Satisfactory,pm10,1.5901960383041245,-0.4469022968622842,-0.966480894165352,-1.051962009225833,-0.24251430448854475,-0.05408178626667248,MODELING_HISTORY,Cluster 2,1.284918093020437
PROJ_179,"ECIL Kapra, Hyderabad - TSPCB",Hyderabad,2026-07-02,Monsoon,30,63,35,25.4583333333333,80.4166666666667,4.75666666666667,62,Satisfactory,pm10,1.709323659186012,-0.8165083277148946,-0.2150816210370518,-1.1016777150363857,-0.08038669332389836,0.07226175705085813,MODELING_HISTORY,Cluster 2,1.0280818563867522
PROJ_179,"ECIL Kapra, Hyderabad - TSPCB",Hyderabad,2026-07-03,Monsoon,24,55,35,25.3875,79.4583333333333,5.47916666666667,54,Satisfactory,pm10,2.3150935997257576,-0.6626176775659726,-0.25498699355096,-1.3629498260396995,-0.44622254314625354,0.11240251760954822,MODELING_HISTORY,Cluster 2,1.3755911394433529
PROJ_179,"ECIL Kapra, Hyderabad - TSPCB",Hyderabad,2026-07-04,Monsoon,18,49,25,24.1708333333333,85.9583333333333,5.65208333333333,49,Good,pm10,2.9624171212456467,-0.9398173495731448,0.27232624384433823,-1.0646646397865371,-0.505599115297122,-0.05391085613187829,MODELING_HISTORY,Cluster 2,1.6971690112896303
PROJ_179,"ECIL Kapra, Hyderabad - TSPCB",Hyderabad,2026-07-05,Monsoon,23,54,25,25.3958333333333,76.7083333333333,5.745,53,Satisfactory,pm10,2.4842515244323686,-0.5583157400480913,0.39041549413339294,-1.4010742638603872,-0.6661648569792159,0.08691389748925157,MODELING_HISTORY,Cluster 2,1.4865784696241608
PROJ_179,"ECIL Kapra, Hyderabad - TSPCB",Hyderabad,2026-07-06,Monsoon,30,61,39,26.6708333333333,71,5.43916666666667,60,Satisfactory,pm10,1.7192551737516404,-0.3161489517181187,-0.3867692138628777,-1.6917412636425588,-0.5054139757846678,0.2702873903307665,MODELING_HISTORY,Cluster 2,1.4910228907337741
PROJ_179,"ECIL Kapra, Hyderabad - TSPCB",Hyderabad,2026-07-07,Monsoon,29,57,36,27.1458333333333,70.375,5.645,56,Satisfactory,pm10,1.904469352006416,-0.1443693448942046,-0.19353117772861608,-1.8000181413520342,-0.5291044736909073,0.3073951800412051,MODELING_HISTORY,Cluster 2,1.5809296688682744
PROJ_179,"ECIL Kapra, Hyderabad - TSPCB",Hyderabad,2026-07-08,Monsoon,24,50,44,27.7083333333333,67.7916666666667,5.4133333333333304,50,Good,pm10,1.9506250973925217,0.2358652136389627,-0.7653496750788337,-1.615314839212231,-0.50519221703152,0.3541620696258611,MODELING_HISTORY,Cluster 2,1.6809483605771247
PROJ_179,"ECIL Kapra, Hyderabad - TSPCB",Hyderabad,2026-07-09,Monsoon,19,55,36,27.2916666666667,71.4166666666667,3.84375,54,Satisfactory,pm10,1.5391033086431023,0.23145793870257525,-0.4121291393069269,-0.40205364115231457,0.02257240756328782,-0.1298278120900881,MODELING_HISTORY,Cluster 2,0.69908391366777
PROJ_179,"ECIL Kapra, Hyderabad - TSPCB",Hyderabad,2026-07-10,Monsoon,24,65,47,28.9041666666667,58.625,3.76666666666667,64,Satisfactory,pm10,0.7059424422422989,0.749335829517663,-0.9779770024523872,-0.814374771886899,-0.18335727518917955,-0.00941414255092187,MODELING_HISTORY,Cluster 2,1.8051647199798377
PROJ_179,"ECIL Kapra, Hyderabad - TSPCB",Hyderabad,2026-07-11,Monsoon,25,70,43,29.5708333333333,55.4166666666667,4.17875,69,Satisfactory,pm10,0.67786962389571,0.8907499753766043,-0.6638613265119534,-1.1895548146055686,-0.37466432448698905,-0.08868979791878596,MODELING_HISTORY,Cluster 2,1.9080094316024454
PROJ_179,"ECIL Kapra, Hyderabad - TSPCB",Hyderabad,2026-07-12,Monsoon,28,75,42,29.7541666666667,51.7083333333333,4.49958333333333,74,Satisfactory,pm10,0.5301016156095918,0.9022185234657988,-0.5264850075292711,-1.5106443294622127,-0.5881571862475856,-0.04517441904700028,MODELING_HISTORY,Cluster 1,2.0294148422596017
PROJ_179,"ECIL Kapra, Hyderabad - TSPCB",Hyderabad,2026-07-13,Monsoon,30,71,43,29.9583333333333,53.2916666666667,4.39125,70,Satisfactory,pm10,0.5286741948366052,0.9097391387127164,-0.5798037889738373,-1.48793546657754,-0.3971132377818241,0.0917966057645096,MODELING_HISTORY,Cluster 1,2.022773813802614
PROJ_179,"ECIL Kapra, Hyderabad - TSPCB",Hyderabad,2026-07-14,Monsoon,26,62,48,29.3708333333333,53.0833333333333,4.1,61,Satisfactory,pm10,0.6774475853401984,0.974889731512092,-0.9788518814472588,-1.0970037392159946,-0.4004905540246614,0.22468032576398833,MODELING_HISTORY,Cluster 1,2.014276573569268
PROJ_179,"ECIL Kapra, Hyderabad - TSPCB",Hyderabad,2026-07-15,Monsoon,25,60,51,29.4041666666667,50.2916666666667,3.86583333333333,59,Satisfactory,pm10,0.5564528141764074,1.1193400972428036,-1.1864096864257232,-0.9240502224745238,-0.42522054074886806,0.28835330742698584,MODELING_HISTORY,Cluster 1,1.927362123752712
PROJ_179,"ECIL Kapra, Hyderabad - TSPCB",Hyderabad,2026-07-16,Monsoon,25,61,42,28.6958333333333,58.875,3.82166666666667,60,Satisfactory,pm10,0.8284417080956803,0.7190340219905422,-0.6545898311773561,-0.7606306771631453,-0.1855472217572103,0.10072855318465744,MODELING_HISTORY,Cluster 2,1.5419006923763567
PROJ_179,"ECIL Kapra, Hyderabad - TSPCB",Hyderabad,2026-07-17,Monsoon,30,58,45,25.7291666666667,77.4166666666667,2.995,57,Satisfactory,pm10,0.929858483830958,-0.4843702265206902,-0.9371069200926584,-0.01163408695076503,0.5123797492891506,0.201940891100236,MODELING_HISTORY,Cluster 2,1.246063805850324
PROJ_179,"ECIL Kapra, Hyderabad - TSPCB",Hyderabad,2026-07-18,Monsoon,25,60,40,25.8333333333333,75.3333333333333,3.83333333333333,59,Satisfactory,pm10,1.3661955991277597,-0.3835361381592769,-0.6226670298469921,-0.43342113999687976,0.04139781912496432,0.0091123850019647,MODELING_HISTORY,Cluster 2,0.7383747871278845
PROJ_179,"ECIL Kapra, Hyderabad - TSPCB",Hyderabad,2026-07-19,Monsoon,26,71,30,26.7166666666667,72.3333333333333,3.685,70,Satisfactory,pm10,1.0432829196251812,-0.20531382687598948,0.052209751970748,-0.4657177382329827,0.05405017653242544,-0.30807777547398363,MODELING_HISTORY,Cluster 2,0.6359017305314004
PROJ_179,"ECIL Kapra, Hyderabad - TSPCB",Hyderabad,2026-07-20,Monsoon,21,53,47,25.8541666666667,76.75,4.16208333333333,52,Satisfactory,pm10,1.732969576692191,-0.30585215295844936,-1.1099614997422955,-0.5761747560322199,-0.0424493116222594,0.08286823572546148,MODELING_HISTORY,Cluster 2,1.1887085345736128
PROJ_179,"ECIL Kapra, Hyderabad - TSPCB",Hyderabad,2026-07-21,Monsoon,23,53,28,24.25,85.6666666666667,4.11666666666667,52,Satisfactory,pm10,2.0798546072655997,-0.9304987394220904,0.06555839719242951,-0.2330599901695096,0.11369734070029114,-0.03578267761190379,MODELING_HISTORY,Cluster 2,0.7862492669401723
PROJ_179,"ECIL Kapra, Hyderabad - TSPCB",Hyderabad,2026-07-23,Monsoon,21,51,30,25.3333333333333,74.375,4.69708333333333,50,Good,pm10,2.0821309205547873,-0.35253835552644325,-0.0037039648928242,-0.6688886522143204,-0.4034458534652337,0.10613822133081716,MODELING_HISTORY,Cluster 2,0.6043583045091623
PROJ_179,"ECIL Kapra, Hyderabad - TSPCB",Hyderabad,2026-07-24,Monsoon,23,54,45,26.2166666666667,70.0416666666667,5.0175,53,Satisfactory,pm10,1.83636205769661,-0.14994207464861548,-0.8847823085624175,-1.1930365825795854,-0.5350715156067765,0.2492752403774554,MODELING_HISTORY,Cluster 2,1.3269773343548963
PROJ_179,"ECIL Kapra, Hyderabad - TSPCB",Hyderabad,2026-07-25,Monsoon,22,55,34,26.3708333333333,69.8333333333333,3.9,54,Satisfactory,pm10,1.4754338123608093,0.01041364679777001,-0.25410221436696717,-0.3566455089811899,-0.1457180976424744,0.04230060125062675,MODELING_HISTORY,Cluster 2,0.45009358353853557
PROJ_179,"ECIL Kapra, Hyderabad - TSPCB",Hyderabad,2026-07-26,Monsoon,23,57,33,26.3625,75.2083333333333,3.98083333333333,56,Satisfactory,pm10,1.582124410907996,-0.19355096416413176,-0.19005768171838033,-0.4617574696445053,0.04121258690162227,-0.0574093849272969,MODELING_HISTORY,Cluster 2,0.316029282152571
PROJ_179,"ECIL Kapra, Hyderabad - TSPCB",Hyderabad,2026-07-30,Monsoon,20,51,26,23.8958333333333,89.125,5.75291666666667,50,Good,pm10,2.983444372871921,-1.1636561894285384,0.2259955931470005,-1.1793638005707008,-0.43431300612762946,-0.05299037850540128,MODELING_HISTORY,Cluster 2,1.8598407228712714
PROJ_179,"ECIL Kapra, Hyderabad - TSPCB",Hyderabad,2026-07-31,Monsoon,20,53,30,25.9,77.6666666666667,4.98291666666667,52,Satisfactory,pm10,2.254550201073084,-0.3464991451932553,-8.537122817728476e-4,-0.9428671568719068,-0.3218988699008869,-0.04596185735295366,MODELING_HISTORY,Cluster 2,0.918192635142552
PROJ_179,"ECIL Kapra, Hyderabad - TSPCB",Hyderabad,2026-08-01,Monsoon,25,52,39,26.6166666666667,74.7083333333333,3.55166666666667,51,Satisfactory,pm10,1.3761368035038726,-0.08443918323792375,-0.5716416560163953,-0.2639393169974628,0.2817122986605551,0.15213601202819513,MODELING_HISTORY,Cluster 2,0.6883842307148784
PROJ_179,"ECIL Kapra, Hyderabad - TSPCB",Hyderabad,2026-08-02,Monsoon,26,52,41,26.7708333333333,73.8333333333333,3.55166666666667,51,Satisfactory,pm10,1.3031784840878735,-0.0478104113697133,-0.6817810696243359,-0.32112918791400213,0.288357930568466,0.2080171521553143,MODELING_HISTORY,Cluster 2,0.8259145508674464
PROJ_179,"ECIL Kapra, Hyderabad - TSPCB",Hyderabad,2026-08-03,Monsoon,29,55,41,26.4625,77.5833333333333,3.36708333333333,54,Satisfactory,pm10,1.183118133117723,-0.3009002099847087,-0.6692919834596427,-0.2665037082657002,0.4917464485450955,0.18998986007907215,MODELING_HISTORY,Cluster 2,0.8387847991943134
PROJ_179,"ECIL Kapra, Hyderabad - TSPCB",Hyderabad,2026-08-04,Monsoon,27,47,28,25.4958333333333,82.375,3.3025,47,Good,pm10,1.626583925705971,-0.5087792965675766,0.08949711017439602,0.1247910817884561,0.5675476062116043,0.19676104028621197,MODELING_HISTORY,Cluster 2,0.4548266360892718
PROJ_179,"ECIL Kapra, Hyderabad - TSPCB",Hyderabad,2026-08-05,Monsoon,40,62,34,25.9041666666667,81.3333333333333,3.49125,66,Satisfactory,pm2_5,0.9333465652154704,-0.8275110248630383,-0.09984745949501687,-0.523632576732726,0.6580800118608061,0.343280225261351,MODELING_HISTORY,Cluster 2,0.9417387169532019
PROJ_179,"ECIL Kapra, Hyderabad - TSPCB",Hyderabad,2026-08-06,Monsoon,19,43,32,26.2791666666667,76.6666666666667,3.63333333333333,43,Good,pm10,1.8802582089194704,-2.7135457983838707e-4,-0.216232040070901,-0.00278827676038595,0.22550582046074813,0.10013177740494666,MODELING_HISTORY,Cluster 2,0.5149123209934509
PROJ_179,"ECIL Kapra, Hyderabad - TSPCB",Hyderabad,2026-08-08,Monsoon,21,51,35,25.7166666666667,75.9583333333333,3.43875,50,Good,pm10,1.561325561381035,-0.2146773177049689,-0.3887188371835077,0.05672825425784594,0.17298920638541654,0.02626059347487384,MODELING_HISTORY,Cluster 2,0.5394510368341746
PROJ_179,"ECIL Kapra, Hyderabad - TSPCB",Hyderabad,2026-08-09,Monsoon,22,54,38,26.6416666666667,71.2083333333333,3.80166666666667,53,Satisfactory,pm10,1.4488259272248372,0.04333277730986112,-0.5154909321398706,-0.362284735633118,-0.00772883113153388,0.05404264377552396,MODELING_HISTORY,Cluster 2,0.6721261342509245
PROJ_179,"ECIL Kapra, Hyderabad - TSPCB",Hyderabad,2026-08-10,Monsoon,22,55,43,26.825,71.4583333333333,3.11333333333333,54,Satisfactory,pm10,1.111555433072624,0.1172936805729424,-0.8669187461492924,0.00962721321104542,0.2745239850663197,0.0127980139356895,MODELING_HISTORY,Cluster 2,1.1499828559579885
PROJ_179,"ECIL Kapra, Hyderabad - TSPCB",Hyderabad,2026-08-11,Monsoon,16,53,32,26.6916666666667,70.4583333333333,3.56041666666667,52,Satisfactory,pm10,1.5803628331972677,0.23647255038699272,-0.2163241752600026,-0.01109794138863073,-0.0440853334005018,-0.185819493334017,MODELING_HISTORY,Cluster 2,0.6291038308554465
PROJ_179,"ECIL Kapra, Hyderabad - TSPCB",Hyderabad,2026-08-12,Monsoon,24,55,43,25.9458333333333,77.375,4.12416666666667,54,Satisfactory,pm10,1.6338542184024083,-0.37552405755924767,-0.8209696009389377,-0.6099587637109916,0.04767422463863569,0.09650837717268113,MODELING_HISTORY,Cluster 2,0.9265081443834573
PROJ_179,"ECIL Kapra, Hyderabad - TSPCB",Hyderabad,2026-08-13,Monsoon,29,54,38,26.2625,75.2916666666667,3.60291666666667,53,Satisfactory,pm10,1.270742596473018,-0.28405835443531025,-0.4625153375362895,-0.34819212802813043,0.2907912881189458,0.253182811188044,MODELING_HISTORY,Cluster 2,0.624490936051378
PROJ_179,"ECIL Kapra, Hyderabad - TSPCB",Hyderabad,2026-08-14,Monsoon,27,57,46,26.1708333333333,72.8333333333333,4.40625,56,Satisfactory,pm10,1.4737984226386731,-0.30252762288047186,-0.9400793049865954,-0.9181725726243632,-0.158669839338186,0.25166084221921076,MODELING_HISTORY,Cluster 2,1.1848334525077668
PROJ_179,"ECIL Kapra, Hyderabad - TSPCB",Hyderabad,2026-08-15,Monsoon,24,60,42,26.7583333333333,70.125,4.2570833333333304,59,Satisfactory,pm10,1.393302246625081,-0.04493778001369175,-0.7085497411301889,-0.810500139737703,-0.1967592594190488,0.04226740490639291,MODELING_HISTORY,Cluster 2,0.9825531422595768
PROJ_179,"ECIL Kapra, Hyderabad - TSPCB",Hyderabad,2026-08-16,Monsoon,21,59,33,26.4291666666667,71.4166666666667,3.58375,58,Satisfactory,pm10,1.3465580469448153,-0.01519346688624806,-0.2187862701727283,-0.16818634210327027,-0.00198238156432473,-0.1458569439209534,MODELING_HISTORY,Cluster 2,0.47873284731290144
PROJ_179,"ECIL Kapra, Hyderabad - TSPCB",Hyderabad,2026-08-17,Monsoon,19,53,39,27.3083333333333,66.0416666666667,4.34875,52,Satisfactory,pm10,1.622359457560369,0.3648901316840044,-0.5598026659717058,-0.7254118292069427,-0.35634833807417193,0.05258724216164477,MODELING_HISTORY,Cluster 2,0.9900134487906279
PROJ_179,"ECIL Kapra, Hyderabad - TSPCB",Hyderabad,2026-08-18,Monsoon,19,53,35,26.925,67.5,3.91583333333333,52,Satisfactory,pm10,1.5279655824202245,0.27954120676937705,-0.3392334783837147,-0.356952265405914,-0.2011846652049928,-0.00220457199819576,MODELING_HISTORY,Cluster 2,0.6874110778958834
PROJ_179,"ECIL Kapra, Hyderabad - TSPCB",Hyderabad,2026-08-19,Monsoon,20,52,40,25.8666666666667,73.5416666666667,3.61791666666667,51,Satisfactory,pm10,1.5389359327286647,-0.12348921652896978,-0.6969019364879773,-0.10708119708935536,0.01420570000659288,0.04065041618245474,MODELING_HISTORY,Cluster 2,0.7694009959501147
PROJ_179,"ECIL Kapra, Hyderabad - TSPCB",Hyderabad,2026-08-20,Monsoon,24,64,38,26.55,70.8333333333333,3.66833333333333,63,Satisfactory,pm10,1.1346340232011638,-0.09727241986760722,-0.4863372916658765,-0.3960000079404732,-0.01285724854101555,-0.11815614193032016,MODELING_HISTORY,Cluster 2,0.7596722803181897
PROJ_179,"ECIL Kapra, Hyderabad - TSPCB",Hyderabad,2026-08-21,Monsoon,22,52,25,27.3333333333333,64.7916666666667,3.66833333333333,51,Satisfactory,pm10,1.3580920028080596,0.4341112081631211,0.3311228447254323,-0.19439513954309928,-0.1053249499992388,0.06634755817505662,MODELING_HISTORY,Cluster 2,0.8264806835501637
PROJ_179,"ECIL Kapra, Hyderabad - TSPCB",Hyderabad,2026-08-22,Monsoon,25,51,28,27.6041666666667,63.3333333333333,3.9025,50,Good,pm10,1.3124624453557183,0.46233550286088887,0.1959232076666013,-0.4621685647027755,-0.14782767566639,0.2425068437890044,MODELING_HISTORY,Cluster 2,0.8510956299044489
PROJ_179,"ECIL Kapra, Hyderabad - TSPCB",Hyderabad,2026-08-23,Monsoon,23,49,28,25.2416666666667,82.25,3.2475,49,Good,pm10,1.6909283377179771,-0.49676718428478867,0.03886737001548333,0.26200038974672823,0.4634260835992964,0.01486665517613849,MODELING_HISTORY,Cluster 2,0.5709564994867176
PROJ_179,"ECIL Kapra, Hyderabad - TSPCB",Hyderabad,2026-08-24,Monsoon,23,51,25,24.8041666666667,84.9583333333333,3.41375,50,Good,pm10,1.824674681721176,-0.7027734109603423,0.2257240654803317,0.20863861928759708,0.43212945104474376,-0.06565291564488446,MODELING_HISTORY,Cluster 2,0.6877584824482316
PROJ_179,"ECIL Kapra, Hyderabad - TSPCB",Hyderabad,2026-08-31,Monsoon,22,46,26,25.4125,73.7083333333333,3.82583333333333,46,Good,pm10,1.8101339709613136,-0.2055705642107557,0.21222524364478923,-0.03791875996461658,-0.05822387985062249,0.1954371182494593,MODELING_HISTORY,Cluster 2,0.3420939383335055
PROJ_180,"Kompally Municipal Office, Hyderabad - TSPCB",Hyderabad,2025-03-01,Summer / Pre-monsoon,31,74,31,25.5625,50.3333333333333,2.7225,73,Satisfactory,pm10,-0.07862125194041295,0.12551045569151373,0.05767490739699728,0.2691392032555504,-0.5693799090933361,0.15899315164928013,MODELING_HISTORY,Cluster 3,1.42522413424937
PROJ_180,"Kompally Municipal Office, Hyderabad - TSPCB",Hyderabad,2025-03-02,Summer / Pre-monsoon,31,70,36,26.4625,42.5416666666667,2.05416666666667,69,Satisfactory,pm10,-0.5338231163084264,0.641819350693626,-0.26227813827770224,0.6138829745856951,-0.4761489083313055,0.3300029845524891,MODELING_HISTORY,Cluster 1,1.05849685898465
PROJ_180,"Kompally Municipal Office, Hyderabad - TSPCB",Hyderabad,2025-03-03,Summer / Pre-monsoon,31,75,36,28.2291666666667,33.5833333333333,1.52666666666667,74,Satisfactory,pm10,-1.1205616721541678,1.2883259329520411,-0.22997543211177135,0.7216901229430653,-0.4076331126443625,0.2212485384702475,MODELING_HISTORY,Cluster 1,0.8975562002637569
PROJ_180,"Kompally Municipal Office, Hyderabad - TSPCB",Hyderabad,2025-03-04,Summer / Pre-monsoon,32,74,32,28.3958333333333,35.7083333333333,1.38375,73,Satisfactory,pm10,-1.1084274397745744,1.2715134250961886,0.02198835393956807,0.8116256050765394,-0.2260305602699007,0.2034602112306252,MODELING_HISTORY,Cluster 1,0.9803835121574964
PROJ_180,"Kompally Municipal Office, Hyderabad - TSPCB",Hyderabad,2025-03-05,Summer / Pre-monsoon,32,74,37,26.6,35.375,2.6925,73,Satisfactory,pm10,-0.5750660163157778,0.764493813641679,-0.24873288624017267,0.13650708469106723,-0.9755469342125312,0.4144538361033848,MODELING_HISTORY,Cluster 1,0.6915659417012123
PROJ_180,"Kompally Municipal Office, Hyderabad - TSPCB",Hyderabad,2025-03-06,Summer / Pre-monsoon,32,91,37,24.0625,27.2916666666667,2.51958333333333,91,Satisfactory,pm10,-1.0999616829575607,0.27635074095493783,-0.24411333614894584,0.4601259549579063,-1.70996974320267,0.24690847671382965,MODELING_HISTORY,Cluster 1,1.2642838585178484
PROJ_180,"Kompally Municipal Office, Hyderabad - TSPCB",Hyderabad,2025-03-07,Summer / Pre-monsoon,32,76,31,24.9208333333333,26.0833333333333,1.83625,76,Satisfactory,pm10,-1.0931357077461208,0.7215646588531947,0.09685953267899965,1.0003053029492164,-1.297320175828955,0.5105432297833093,MODELING_HISTORY,Cluster 1,1.325351369274705
PROJ_180,"Kompally Municipal Office, Hyderabad - TSPCB",Hyderabad,2025-03-08,Summer / Pre-monsoon,32,85,33,26.5791666666667,26.5,1.42458333333333,85,Satisfactory,pm10,-1.488827689211112,1.0180894618675511,-0.01938791622338002,0.9502105103875916,-0.9390151843045148,0.1824219662181266,MODELING_HISTORY,Cluster 1,1.3095580976727819
PROJ_180,"Kompally Municipal Office, Hyderabad - TSPCB",Hyderabad,2025-03-09,Summer / Pre-monsoon,29,85,32,26.5458333333333,40.1666666666667,2.55833333333333,85,Satisfactory,pm10,-0.5891511576896,0.5800555860149109,0.02335119851582468,0.22253645698693417,-0.8659385771729786,-0.0823881804751998,MODELING_HISTORY,Cluster 1,0.8795856173594625
PROJ_180,"Kompally Municipal Office, Hyderabad - TSPCB",Hyderabad,2025-03-10,Summer / Pre-monsoon,29,93,33,25.5,59.9583333333333,3.11375,93,Satisfactory,pm10,-0.00102455733037729,-0.35741694796589124,-0.08077854737091454,-0.17371098199428514,-0.4865411750086136,-0.49598072222266354,MODELING_HISTORY,Cluster 3,1.2830789736617585
PROJ_180,"Kompally Municipal Office, Hyderabad - TSPCB",Hyderabad,2025-03-11,Summer / Pre-monsoon,32,78,33,26.5083333333333,51.125,2.24916666666667,78,Satisfactory,pm10,-0.4020696088521408,0.28875695757623204,-0.06749365201377597,0.3765419670424614,-0.2324095522931209,0.02037123680282761,MODELING_HISTORY,Cluster 1,1.237953011840014
PROJ_180,"Kompally Municipal Office, Hyderabad - TSPCB",Hyderabad,2025-03-12,Summer / Pre-monsoon,31,78,33,27.8958333333333,40.875,1.83208333333333,78,Satisfactory,pm10,-0.8383482275623652,0.9503754919874364,-0.04829758989849489,0.5342898902544596,-0.29857935166819843,0.04629653973528807,MODELING_HISTORY,Cluster 1,0.7613590713523077
PROJ_180,"Kompally Municipal Office, Hyderabad - TSPCB",Hyderabad,2025-03-13,Summer / Pre-monsoon,31,85,33,29.0791666666667,35.625,2.14083333333333,85,Satisfactory,pm10,-1.0157044360586416,1.2686344160929155,0.01100917986415954,0.13248732958631498,-0.48393537940168,-0.09198212077259554,MODELING_HISTORY,Cluster 1,0.3565306070262074
PROJ_180,"Kompally Municipal Office, Hyderabad - TSPCB",Hyderabad,2025-03-14,Summer / Pre-monsoon,30,82,33,29.8916666666667,33.5833333333333,2.09125,82,Satisfactory,pm10,-1.022935893844151,1.563553177255544,0.01072662929850099,0.11636122360596096,-0.4257774436534446,-0.06854929531695853,MODELING_HISTORY,Cluster 1,0.39620769988488297
PROJ_180,"Kompally Municipal Office, Hyderabad - TSPCB",Hyderabad,2025-03-15,Summer / Pre-monsoon,29,79,31,29.7875,30.875,2.57791666666667,79,Satisfactory,pm10,-0.7865605312469252,1.6318108944626264,0.15585346653299936,-0.11146438734810912,-0.7245325674804893,0.03048161352396622,MODELING_HISTORY,Cluster 1,0.382986715826822
PROJ_180,"Kompally Municipal Office, Hyderabad - TSPCB",Hyderabad,2025-03-17,Summer / Pre-monsoon,23,77,38,29.5333333333333,28.0833333333333,2.28708333333333,77,Satisfactory,pm10,-0.8034374462337911,1.812120658961082,-0.3715841987474889,0.20503846142219437,-0.8561956060733372,-0.04601811169050403,MODELING_HISTORY,Cluster 1,0.6073937601526854
PROJ_180,"Kompally Municipal Office, Hyderabad - TSPCB",Hyderabad,2025-03-18,Summer / Pre-monsoon,25,76,41,29.5791666666667,32.7083333333333,2.32083333333333,76,Satisfactory,pm10,-0.7408775147047315,1.650577244070748,-0.5527916539853914,0.09492719961701646,-0.6365961104425508,-3.0481855656646836e-4,MODELING_HISTORY,Cluster 1,0.5678470930654207
PROJ_180,"Kompally Municipal Office, Hyderabad - TSPCB",Hyderabad,2025-03-19,Summer / Pre-monsoon,31,79,31,28.8166666666667,36.2916666666667,3.27583333333333,79,Satisfactory,pm10,-0.4004366522204624,1.1594809965390076,0.1854248110162966,-0.5103540936237728,-0.8717031360260743,0.10954727724309132,MODELING_HISTORY,Cluster 1,0.6708215698345923
PROJ_180,"Kompally Municipal Office, Hyderabad - TSPCB",Hyderabad,2025-03-20,Summer / Pre-monsoon,33,78,33,27.7708333333333,54.8333333333333,3.33166666666667,78,Satisfactory,pm10,0.06007332820471758,0.3504097208935067,0.00729849372057051,-0.5406473069915461,-0.2723737051005829,-0.00944164068475803,MODELING_HISTORY,Cluster 1,1.398067828337697
PROJ_180,"Kompally Municipal Office, Hyderabad - TSPCB",Hyderabad,2025-03-21,Summer / Pre-monsoon,37,74,42,27.8708333333333,53.875,3.01875,73,Satisfactory,pm10,-0.2099193282623503,0.37388291894623144,-0.5342372645183053,-0.4783320055016913,-0.08453805534507357,0.2911883984211154,MODELING_HISTORY,Cluster 1,1.277382570514423
PROJ_180,"Kompally Municipal Office, Hyderabad - TSPCB",Hyderabad,2025-03-22,Summer / Pre-monsoon,29,71,36,26.0625,64.9583333333333,2.84041666666667,70,Satisfactory,pm10,0.39775623963985446,-0.13457800296355413,-0.32295250273857984,0.08669833259788359,0.02582500371398224,-0.05272171013355759,MODELING_HISTORY,Cluster 2,1.3478974988649297
PROJ_180,"Kompally Municipal Office, Hyderabad - TSPCB",Hyderabad,2025-03-23,Summer / Pre-monsoon,33,68,41,26.4375,70.0416666666667,1.62708333333333,67,Satisfactory,pm10,-0.07979573248790672,-0.15412390806944903,-0.6740537449822005,0.7112269277475424,0.8104350059011101,0.03491490768414872,MODELING_HISTORY,Cluster 3,1.4643449966554167
PROJ_180,"Kompally Municipal Office, Hyderabad - TSPCB",Hyderabad,2025-03-24,Summer / Pre-monsoon,37,74,41,26.6916666666667,63.4166666666667,1.73708333333333,73,Satisfactory,pm10,-0.445487943901937,-0.05622554381756119,-0.5876772640428256,0.4920048788003902,0.580232391231926,0.12708103306814628,MODELING_HISTORY,Cluster 3,1.2574915211226307
PROJ_180,"Kompally Municipal Office, Hyderabad - TSPCB",Hyderabad,2025-03-25,Summer / Pre-monsoon,36,85,43,27.1916666666667,52.0416666666667,1.42083333333333,85,Satisfactory,pm10,-1.0715599715332949,0.3171527369404238,-0.6844473071755952,0.5832661768813541,0.2370883655227725,-0.03433439347004749,MODELING_HISTORY,Cluster 1,1.3999107384358147
PROJ_180,"Kompally Municipal Office, Hyderabad - TSPCB",Hyderabad,2025-03-28,Summer / Pre-monsoon,35,99,44,29.0208333333333,39.1666666666667,2.00083333333333,99,Satisfactory,pm10,-1.4627276923532826,0.9250499288208612,-0.6425438443647976,-0.103338954862202,-0.3104608478546414,-0.27581332366310524,MODELING_HISTORY,Cluster 1,0.9554965564385871
PROJ_180,"Kompally Municipal Office, Hyderabad - TSPCB",Hyderabad,2025-03-29,Summer / Pre-monsoon,34,99,40,29.3916666666667,40.25,1.90916666666667,99,Satisfactory,pm10,-1.4210169695863288,1.0097168999273891,-0.403843238281749,-0.03612845018952038,-0.19896780908537764,-0.382754068781381,MODELING_HISTORY,Cluster 1,0.7753908404274074
PROJ_180,"Kompally Municipal Office, Hyderabad - TSPCB",Hyderabad,2025-03-30,Summer / Pre-monsoon,30,82,36,29.3625,39.4583333333333,1.84041666666667,82,Satisfactory,pm10,-0.9858164986822138,1.2919276534869109,-0.22013610230237785,0.2978157649350279,-0.17989296842619357,-0.12441807038262057,MODELING_HISTORY,Cluster 1,0.4619532307950219
PROJ_180,"Kompally Municipal Office, Hyderabad - TSPCB",Hyderabad,2025-04-02,Summer / Pre-monsoon,37,80,35,26.2583333333333,63.125,2.47708333333333,80,Satisfactory,pm10,-0.2081007563567491,-0.2588628434060929,-0.1643665327270281,0.06378961799924114,0.1983846188847816,0.0045889700524452,MODELING_HISTORY,Cluster 3,1.1190356036256812
PROJ_180,"Kompally Municipal Office, Hyderabad - TSPCB",Hyderabad,2025-04-03,Summer / Pre-monsoon,35,82,31,24.9916666666667,73.875,1.9075,82,Satisfactory,pm10,-0.07705725541910974,-0.779184132030872,-0.01540534727949478,0.6235912101662304,0.5925658160612315,-0.277549640143615,MODELING_HISTORY,Cluster 3,0.9496023709256528
PROJ_180,"Kompally Municipal Office, Hyderabad - TSPCB",Hyderabad,2025-04-04,Summer / Pre-monsoon,34,77,29,25.6,71.625,1.44041666666667,77,Satisfactory,pm10,-0.19712131083446155,-0.46515114590083695,0.08422822590242747,0.9485012216691964,0.7739399749084246,-0.22774759957512697,MODELING_HISTORY,Cluster 3,1.0917743577039491
PROJ_180,"Kompally Municipal Office, Hyderabad - TSPCB",Hyderabad,2025-04-05,Summer / Pre-monsoon,35,80,45,27.2833333333333,58.8333333333333,1.66291666666667,80,Satisfactory,pm10,-0.6959722362005099,0.1880587512651516,-0.8380740972836535,0.4313240600550867,0.4451055662208229,-0.03002549276356988,MODELING_HISTORY,Cluster 1,1.4810391736360413
PROJ_180,"Kompally Municipal Office, Hyderabad - TSPCB",Hyderabad,2025-04-06,Summer / Pre-monsoon,35,83,57,28.0125,51.875,1.78166666666667,83,Satisfactory,pm10,-0.9995120185550608,0.49432877633801175,-1.556415812004421,0.14320659461295693,0.22348011093296669,0.0574053919601421,MODELING_HISTORY,Cluster 1,1.713254634655008
PROJ_180,"Kompally Municipal Office, Hyderabad - TSPCB",Hyderabad,2025-04-07,Summer / Pre-monsoon,32,81,63,28.2833333333333,44.0833333333333,1.88958333333333,81,Satisfactory,pm10,-1.0785651310133852,0.8440543889445756,-1.939647574883223,0.0940671772301796,-0.12042512235156166,0.15452870137797337,MODELING_HISTORY,Cluster 1,1.9296836503387058
PROJ_180,"Kompally Municipal Office, Hyderabad - TSPCB",Hyderabad,2025-04-12,Summer / Pre-monsoon,35,98,39,29.0583333333333,33.3333333333333,2.74333333333333,98,Satisfactory,pm10,-1.2498995051530375,1.057876461163749,-0.26647828133933366,-0.5165328892272337,-0.8002110470519925,-0.15610110585941347,MODELING_HISTORY,Cluster 1,0.699839611020595
PROJ_180,"Kompally Municipal Office, Hyderabad - TSPCB",Hyderabad,2025-04-13,Summer / Pre-monsoon,36,89,47,28.5291666666667,36.2916666666667,1.35791666666667,89,Satisfactory,pm10,-1.640954054913483,1.0308813629980669,-0.8655743130551308,0.4399483611648475,-0.18623680571821388,0.06570741144317463,MODELING_HISTORY,Cluster 1,1.297696676752194
PROJ_180,"Kompally Municipal Office, Hyderabad - TSPCB",Hyderabad,2025-04-17,Summer / Pre-monsoon,34,74,77,28.9666666666667,58.375,2.2475,77,Satisfactory,o3,-0.6356797292202034,0.5612648725602424,-2.833084922856811,-0.4046219842736145,0.4999532355966708,0.25995102533503167,MODELING_HISTORY,Cluster 1,2.8558861043001533
PROJ_180,"Kompally Municipal Office, Hyderabad - TSPCB",Hyderabad,2025-04-18,Summer / Pre-monsoon,34,75,77,29.8333333333333,50.375,1.7175,77,Satisfactory,o3,-1.0952135271825785,1.0208384938889834,-2.8215699941763046,-0.1440983092206619,0.4977035961713771,0.2839660595883075,MODELING_HISTORY,Cluster 1,2.7471238449125726
PROJ_180,"Kompally Municipal Office, Hyderabad - TSPCB",Hyderabad,2025-04-19,Summer / Pre-monsoon,36,76,69,29.325,55.0833333333333,1.81791666666667,76,Satisfactory,pm10,-0.9362784467895764,0.7236484972348015,-2.3061767164198184,-0.13848966441800126,0.5968842096231888,0.2338400997355828,MODELING_HISTORY,Cluster 1,2.288692138017154
PROJ_180,"Kompally Municipal Office, Hyderabad - TSPCB",Hyderabad,2025-04-20,Summer / Pre-monsoon,30,76,98,30.6875,46.25,1.8425,98,Satisfactory,o3,-1.2428367221570964,1.360014590417433,-4.168437948544162,-0.4472199883291969,0.35135448750443693,0.28964124910894024,MODELING_HISTORY,Cluster 1,4.095360706625287
PROJ_180,"Kompally Municipal Office, Hyderabad - TSPCB",Hyderabad,2025-04-21,Summer / Pre-monsoon,28,78,81,30.4791666666667,48.3333333333333,2.19125,81,Satisfactory,o3,-0.8836346600577425,1.2684543010682805,-3.1013047261783364,-0.4709497457843728,0.2215745741133649,0.04415909116415634,MODELING_HISTORY,Cluster 1,3.014381999280642
PROJ_180,"Kompally Municipal Office, Hyderabad - TSPCB",Hyderabad,2025-04-22,Summer / Pre-monsoon,35,114,64,30.9291666666667,45.6666666666667,1.74541666666667,109,Moderately Polluted,pm10,-1.9129092330700193,0.9998402766617692,-1.902479204505104,-0.5437422121164754,0.2422430540779017,-0.724175700867217,MODELING_HISTORY,Cluster 1,2.1849443194038027
PROJ_180,"Kompally Municipal Office, Hyderabad - TSPCB",Hyderabad,2025-04-23,Summer / Pre-monsoon,37,183,84,31.0625,43.75,1.9875,155,Moderately Polluted,pm10,-3.4239383456994967,0.29149220010516175,-3.0395398720380338,-1.5869815033050894,-0.26762538438741884,-2.1841383542017927,MODELING_HISTORY,Cluster 1,4.337155682208745
PROJ_180,"Kompally Municipal Office, Hyderabad - TSPCB",Hyderabad,2025-04-24,Summer / Pre-monsoon,34,129,65,31.5166666666667,37.9583333333333,2.0225,119,Moderately Polluted,pm10,-2.2793549294269724,1.1968289610687717,-1.9099036441599024,-0.8984428885332556,-0.18168413983883225,-1.021041061200793,MODELING_HISTORY,Cluster 1,2.467459949716301
PROJ_180,"Kompally Municipal Office, Hyderabad - TSPCB",Hyderabad,2025-04-25,Summer / Pre-monsoon,38,80,59,31.6291666666667,41.75,1.57291666666667,80,Satisfactory,pm10,-1.4941772907727766,1.577430086613968,-1.5795062999540206,-0.20656337674347225,0.5057338744215791,0.2060297433283332,MODELING_HISTORY,Cluster 1,1.6428202844548088
PROJ_180,"Kompally Municipal Office, Hyderabad - TSPCB",Hyderabad,2025-04-26,Summer / Pre-monsoon,33,87,85,30.8333333333333,47.0416666666667,1.50458333333333,87,Satisfactory,pm10,-1.561377479305055,1.2440720724339591,-3.3125166024718085,-0.2874301465365825,0.5062398610691723,-0.00654369103603674,MODELING_HISTORY,Cluster 1,3.2977541853562125
PROJ_180,"Kompally Municipal Office, Hyderabad - TSPCB",Hyderabad,2025-04-27,Summer / Pre-monsoon,33,88,83,27.6833333333333,67.0833333333333,1.82708333333333,88,Satisfactory,pm10,-0.8384571383254695,-0.07311441454798441,-3.277311118211528,-0.16126106004305418,0.707998558181745,-0.1709966093394969,MODELING_HISTORY,Cluster 1,3.4746935918057553
PROJ_180,"Kompally Municipal Office, Hyderabad - TSPCB",Hyderabad,2025-04-28,Summer / Pre-monsoon,30,78,58,29.2083333333333,51.5,1.8925,78,Satisfactory,pm10,-0.7604128499176346,0.9121515343393276,-1.6615999750717385,0.05832735353023821,0.2893510183610145,-0.0452155944529351,MODELING_HISTORY,Cluster 1,1.62115235564789
PROJ_180,"Kompally Municipal Office, Hyderabad - TSPCB",Hyderabad,2025-04-29,Summer / Pre-monsoon,34,76,64,29.6958333333333,50.7083333333333,2.14291666666667,76,Satisfactory,pm10,-0.824526552772851,0.9534797024188042,-1.9751333228476071,-0.29240677313430136,0.32428450575423473,0.19217017807514847,MODELING_HISTORY,Cluster 1,1.916139879520277
PROJ_180,"Kompally Municipal Office, Hyderabad - TSPCB",Hyderabad,2025-04-30,Summer / Pre-monsoon,33,77,64,30.3208333333333,48.25,2.56625,77,Satisfactory,pm10,-0.7228681235265855,1.1382074011033707,-1.946117833654564,-0.6314061452500231,0.14352435031245642,0.15938481568944146,MODELING_HISTORY,Cluster 1,1.9225399001031471
PROJ_180,"Kompally Municipal Office, Hyderabad - TSPCB",Hyderabad,2025-05-01,Summer / Pre-monsoon,34,77,64,29.7291666666667,57.625,2.51875,77,Satisfactory,pm10,-0.5199490630646695,0.718061050860964,-1.976397056958924,-0.5831864235154604,0.4608695001861488,0.0782282488290548,MODELING_HISTORY,Cluster 1,2.0474832849114577
PROJ_180,"Kompally Municipal Office, Hyderabad - TSPCB",Hyderabad,2025-05-02,Summer / Pre-monsoon,35,92,87,30.1875,53.125,2.49708333333333,92,Satisfactory,pm10,-1.1622099438266258,0.7459164661651067,-3.385515202727198,-0.991757391283552,0.29839009244159304,-0.04882324680099163,MODELING_HISTORY,Cluster 1,3.4659712498919566
PROJ_180,"Kompally Municipal Office, Hyderabad - TSPCB",Hyderabad,2025-05-03,Summer / Pre-monsoon,30,85,87,30.7333333333333,46.2083333333333,2.6725,87,Satisfactory,o3,-0.9944965847555244,1.2257400819064084,-3.4133024168077486,-0.9783922697720436,-0.00252324566883927,0.03217714346696168,MODELING_HISTORY,Cluster 1,3.423469680231669
PROJ_180,"Kompally Municipal Office, Hyderabad - TSPCB",Hyderabad,2025-05-04,Summer / Pre-monsoon,32,82,43,29.2708333333333,48.5,1.99791666666667,82,Satisfactory,pm10,-0.8104910421524119,0.9450324629125264,-0.6640568360015465,0.05773900222836109,0.14525005606303903,-0.12972787293524307,MODELING_HISTORY,Cluster 1,0.7085067453691569
PROJ_180,"Kompally Municipal Office, Hyderabad - TSPCB",Hyderabad,2025-05-07,Summer / Pre-monsoon,33,79,42,29.0625,44.25,1.66958333333333,79,Satisfactory,pm10,-1.007310294856917,1.0617444269705285,-0.5988472916691006,0.33567343424656715,0.09974110760935471,0.03328167053566985,MODELING_HISTORY,Cluster 1,0.7501757554625036
PROJ_180,"Kompally Municipal Office, Hyderabad - TSPCB",Hyderabad,2025-05-09,Summer / Pre-monsoon,30,79,50,29.1291666666667,46.75,2.19375,79,Satisfactory,pm10,-0.709496246973413,1.0086596422338714,-1.1214375985527514,-0.0424526243350859,-0.02893881630814235,-0.03178040004652225,MODELING_HISTORY,Cluster 1,1.0736357472009868
PROJ_180,"Kompally Municipal Office, Hyderabad - TSPCB",Hyderabad,2025-05-11,Summer / Pre-monsoon,32,83,37,30.6583333333333,45.875,1.89791666666667,83,Satisfactory,pm10,-0.9285974415139112,1.3367436625369944,-0.2593952415334788,0.00126334195097399,0.2742611271377983,-0.23695017007028876,MODELING_HISTORY,Cluster 1,0.22520460253887245
PROJ_180,"Kompally Municipal Office, Hyderabad - TSPCB",Hyderabad,2025-05-14,Summer / Pre-monsoon,34,82,36,29.55,55.6666666666667,2.07125,82,Satisfactory,pm10,-0.6133231630754312,0.7625191003110382,-0.21230493306572815,-0.03277451901763417,0.4745521295741367,-0.2304889969157684,MODELING_HISTORY,Cluster 1,0.6353774746339175
PROJ_180,"Kompally Municipal Office, Hyderabad - TSPCB",Hyderabad,2025-05-15,Summer / Pre-monsoon,20,84,35,28.8083333333333,61,1.71166666666667,84,Satisfactory,pm10,-0.21083314920531743,0.7362764883320043,-0.3586546672574719,0.5700280597128498,0.44976966601545465,-0.857874069655138,MODELING_HISTORY,Cluster 1,1.1159163478251495
PROJ_180,"Kompally Municipal Office, Hyderabad - TSPCB",Hyderabad,2025-05-16,Summer / Pre-monsoon,23,115,31,28.8958333333333,59.4166666666667,1.19375,109,Moderately Polluted,pm10,-1.1195868960326218,0.4744144521841784,-0.05115721806158938,0.5945055134731898,0.45250603076811713,-1.555558931399758,MODELING_HISTORY,Cluster 1,1.1735643169733938
PROJ_180,"Kompally Municipal Office, Hyderabad - TSPCB",Hyderabad,2025-05-20,Summer / Pre-monsoon,31,83,42,29.1875,68.375,1.86541666666667,83,Satisfactory,pm10,-0.3451703781339287,0.3715214955094894,-0.6859070722107456,0.09443744647334484,0.9424159039960563,-0.5118886644220859,MODELING_HISTORY,Cluster 1,1.243524002719803
PROJ_180,"Kompally Municipal Office, Hyderabad - TSPCB",Hyderabad,2025-05-23,Summer / Pre-monsoon,33,77,40,27.3416666666667,67.625,3.04375,77,Satisfactory,pm10,0.23911233152687575,-0.0924714442093658,-0.5025704985761907,-0.40612636795232265,0.28307252968743213,-0.12765960131724596,MODELING_HISTORY,Cluster 2,1.5192923605955564
PROJ_180,"Kompally Municipal Office, Hyderabad - TSPCB",Hyderabad,2025-05-24,Summer / Pre-monsoon,29,78,36,26.7083333333333,72.3333333333333,2.65375,78,Satisfactory,pm10,0.35228102247458154,-0.2609976698796513,-0.3398958236423551,0.02944006976637604,0.43871068369963906,-0.38713991982086,MODELING_HISTORY,Cluster 2,1.373632257174712
PROJ_180,"Kompally Municipal Office, Hyderabad - TSPCB",Hyderabad,2025-05-27,Summer / Pre-monsoon,33,78,35,26.1958333333333,78.5833333333333,3.44958333333333,78,Satisfactory,pm10,0.7328647140801754,-0.7027595306493662,-0.21450579856652113,-0.5308608328360878,0.391256597848419,-0.27514216880426307,MODELING_HISTORY,Cluster 2,1.066379206347734
PROJ_180,"Kompally Municipal Office, Hyderabad - TSPCB",Hyderabad,2025-05-30,Summer / Pre-monsoon,30,89,36,27.9708333333333,68.0416666666667,4.32333333333333,89,Satisfactory,pm10,0.6387380069329294,-0.12850063727554348,-0.19279271190115965,-1.3435354222502238,-0.1950512845606711,-0.5318957678325259,MODELING_HISTORY,Cluster 2,1.4983891232051858
PROJ_180,"Kompally Municipal Office, Hyderabad - TSPCB",Hyderabad,2025-06-02,Monsoon,30,81,35,27.2583333333333,64.875,4.18541666666667,81,Satisfactory,pm10,0.6878654559562049,-0.1002181279014282,-0.1460660036957473,-1.0620473208284775,-0.3288043481168749,-0.26016462052225164,MODELING_HISTORY,Cluster 2,1.2691573310433328
PROJ_180,"Kompally Municipal Office, Hyderabad - TSPCB",Hyderabad,2025-06-04,Monsoon,29,83,35,27.9958333333333,58.9583333333333,3.28125,83,Satisfactory,pm10,0.14403982435742385,0.31155567457332395,-0.17389861239264406,-0.5341916640079761,-0.15603685330266037,-0.343651714239503,MODELING_HISTORY,Cluster 1,1.4728745661057203
PROJ_180,"Kompally Municipal Office, Hyderabad - TSPCB",Hyderabad,2025-06-05,Monsoon,29,81,34,27.5458333333333,63.5833333333333,1.58958333333333,81,Satisfactory,pm10,-0.3633248206348193,0.2413537025382626,-0.225417163784768,0.6503097724186138,0.5825022267683716,-0.4434668238879512,MODELING_HISTORY,Cluster 1,1.4202917912239452
PROJ_180,"Kompally Municipal Office, Hyderabad - TSPCB",Hyderabad,2025-06-06,Monsoon,31,80,31,28.0583333333333,64.7083333333333,1.65833333333333,80,Satisfactory,pm10,-0.339372140568916,0.2910544248578235,-0.00569638696035815,0.5283320235357483,0.717255528943042,-0.4091419301145631,MODELING_HISTORY,Cluster 1,1.326374501184076
PROJ_180,"Kompally Municipal Office, Hyderabad - TSPCB",Hyderabad,2025-06-07,Monsoon,30,83,31,28.6583333333333,60.3333333333333,2.87,83,Satisfactory,pm10,-0.00514366002021284,0.4391628168726051,0.0742529139059579,-0.33826854610211304,0.16037220684764267,-0.4162746058566356,MODELING_HISTORY,Cluster 1,1.2493056001646812
PROJ_180,"Kompally Municipal Office, Hyderabad - TSPCB",Hyderabad,2025-06-08,Monsoon,31,85,36,28.5875,62.625,3.64791666666667,85,Satisfactory,pm10,0.25905169290789637,0.24350059305786248,-0.1957435009434503,-0.9401727561915988,-0.03256218171212494,-0.38263199857365454,MODELING_HISTORY,Cluster 2,1.6413977576648304
PROJ_180,"Kompally Municipal Office, Hyderabad - TSPCB",Hyderabad,2025-06-09,Monsoon,32,79,36,25.6166666666667,78.2083333333333,4.07875,79,Satisfactory,pm10,0.9976743812953872,-0.8650786308889624,-0.2614321709799491,-0.8661484874513475,0.04052570127133098,-0.25678804928240956,MODELING_HISTORY,Cluster 2,1.0986275539903019
PROJ_180,"Kompally Municipal Office, Hyderabad - TSPCB",Hyderabad,2025-06-10,Monsoon,32,85,41,27.5083333333333,67.8333333333333,4.5075,85,Satisfactory,pm10,0.6980341853915362,-0.24757577349887783,-0.4875092214248898,-1.4574472682707702,-0.2772446992232256,-0.2859379100397784,MODELING_HISTORY,Cluster 2,1.608398066500842
PROJ_180,"Kompally Municipal Office, Hyderabad - TSPCB",Hyderabad,2025-06-11,Monsoon,34,77,43,26.3375,74.0416666666667,3.76375,77,Satisfactory,pm10,0.6659698481720744,-0.587328299844435,-0.6778711901526393,-0.8269145676117922,0.1466640781783355,-0.07600487877942821,MODELING_HISTORY,Cluster 2,1.3670021586968246
PROJ_180,"Kompally Municipal Office, Hyderabad - TSPCB",Hyderabad,2025-06-14,Monsoon,35,68,43,27.6208333333333,73.3333333333333,2.50125,67,Satisfactory,pm10,0.2436780359715139,-0.1035032985474153,-0.7253194822739267,-0.0969363479173233,0.8358987381167148,0.05482636960691953,MODELING_HISTORY,Cluster 2,1.608451777846149
PROJ_180,"Kompally Municipal Office, Hyderabad - TSPCB",Hyderabad,2025-06-15,Monsoon,36,66,71,26.525,75.8333333333333,4.03666666666667,70,Satisfactory,o3,0.740011160245559,-0.589518665207308,-2.4347234372018347,-1.249704711846304,0.26118315875275167,0.4464452910049559,MODELING_HISTORY,Cluster 2,2.8231710806834367
PROJ_180,"Kompally Municipal Office, Hyderabad - TSPCB",Hyderabad,2025-06-16,Monsoon,32,70,71,26.3166666666667,74.0833333333333,5.98208333333333,70,Satisfactory,o3,1.5317299668728843,-0.7088760342677218,-2.3693705285894993,-2.4507684566815984,-0.6348415252001547,0.34932099147428386,MODELING_HISTORY,Cluster 2,3.2789059926387183
PROJ_180,"Kompally Municipal Office, Hyderabad - TSPCB",Hyderabad,2025-06-17,Monsoon,30,72,37,27.6,64.125,5.2225,71,Satisfactory,pm10,1.235529715362339,-8.495782257411655e-4,-0.22163924887180125,-1.7242957245707888,-0.6277394538063461,0.02840927019128351,MODELING_HISTORY,Cluster 2,1.562276290290233
PROJ_180,"Kompally Municipal Office, Hyderabad - TSPCB",Hyderabad,2025-06-18,Monsoon,31,77,30,27.4833333333333,64.875,5.27208333333333,77,Satisfactory,pm10,1.2078964447189535,-0.11374772415728436,0.23947548328906385,-1.745152931829128,-0.6492897485943259,-0.11208430072561457,MODELING_HISTORY,Cluster 2,1.5661896324873854
PROJ_180,"Kompally Municipal Office, Hyderabad - TSPCB",Hyderabad,2025-06-19,Monsoon,30,89,35,26.9416666666667,69.0833333333333,6.11083333333333,89,Satisfactory,pm10,1.425771253531344,-0.5365916138020075,-0.05098022660980522,-2.3832878889240523,-0.9525669415296268,-0.4001099487153043,MODELING_HISTORY,Cluster 2,2.1477168037185788
PROJ_180,"Kompally Municipal Office, Hyderabad - TSPCB",Hyderabad,2025-06-20,Monsoon,31,78,31,26.9458333333333,68.4166666666667,5.02375,78,Satisfactory,pm10,1.1848173040467505,-0.3269237213023857,0.14469543425892717,-1.544459977321144,-0.5047353931020224,-0.16993874288960228,MODELING_HISTORY,Cluster 2,1.3651853514874601
PROJ_180,"Kompally Municipal Office, Hyderabad - TSPCB",Hyderabad,2025-06-21,Monsoon,28,78,31,27.5791666666667,65.5416666666667,5.01833333333333,78,Satisfactory,pm10,1.1823130277720106,-0.04161384808209636,0.12735824905413132,-1.547735027200312,-0.5746299247904921,-0.2681903785798099,MODELING_HISTORY,Cluster 2,1.3874989118594026
PROJ_180,"Kompally Municipal Office, Hyderabad - TSPCB",Hyderabad,2025-06-22,Monsoon,29,80,34,27.4666666666667,63.8333333333333,4.94791666666667,80,Satisfactory,pm10,1.0212342833536283,-0.05598794324543613,-0.04836921182594453,-1.5480967991145689,-0.6264213677534055,-0.2312281092077228,MODELING_HISTORY,Cluster 2,1.4460190702976572
PROJ_180,"Kompally Municipal Office, Hyderabad - TSPCB",Hyderabad,2025-06-24,Monsoon,31,86,42,25.4916666666667,74.75,5.93791666666667,86,Satisfactory,pm10,1.5119594165879875,-1.0088331189336297,-0.5355797483676092,-2.1637213370602,-0.8422590881720688,-0.2593298616060302,MODELING_HISTORY,Cluster 2,2.1171714187940935
PROJ_180,"Kompally Municipal Office, Hyderabad - TSPCB",Hyderabad,2025-06-26,Monsoon,34,98,32,25.75,76.2083333333333,4.65,98,Satisfactory,pm10,0.7792563917802526,-1.0537375775266968,0.0794767941436913,-1.4324846946486671,-0.30565178035966156,-0.628318280253285,MODELING_HISTORY,Cluster 2,1.6465580890770148
PROJ_180,"Kompally Municipal Office, Hyderabad - TSPCB",Hyderabad,2025-06-29,Monsoon,31,84,33,26.2875,68.0833333333333,5.795,84,Satisfactory,pm10,1.375455221949995,-0.5926412803636227,0.05883750352209649,-2.040627528252583,-0.9288072526534398,-0.22069378391150327,MODELING_HISTORY,Cluster 2,1.8240782250830643
PROJ_180,"Kompally Municipal Office, Hyderabad - TSPCB",Hyderabad,2025-07-03,Monsoon,32,75,36,25.1791666666667,76.625,4.95083333333333,74,Satisfactory,pm10,1.4007367435317142,-0.9489383155447544,-0.2204207626539076,-1.340786254668255,-0.3780439385426225,-0.06053684720574562,MODELING_HISTORY,Cluster 2,1.315533958958236
PROJ_180,"Kompally Municipal Office, Hyderabad - TSPCB",Hyderabad,2025-07-04,Monsoon,32,76,36,25.5541666666667,75.8333333333333,5.50916666666667,76,Satisfactory,pm10,1.5759225120589533,-0.8997551317275757,-0.18138360039287668,-1.7644949153468257,-0.5613850832655667,-0.0621364915218835,MODELING_HISTORY,Cluster 2,1.6394140766455811
PROJ_180,"Kompally Municipal Office, Hyderabad - TSPCB",Hyderabad,2025-07-05,Monsoon,31,90,31,25.8125,74.75,6.06083333333333,90,Satisfactory,pm10,1.5641484824255238,-0.972653562666999,0.17887309873907492,-2.2180832885845136,-0.8685289458894749,-0.447676242944289,MODELING_HISTORY,Cluster 2,2.0803329100617454
PROJ_180,"Kompally Municipal Office, Hyderabad - TSPCB",Hyderabad,2025-07-06,Monsoon,30,78,34,26.2791666666667,69.9583333333333,5.775,78,Satisfactory,pm10,1.552589481484905,-0.5673776446915821,-0.03154665270038309,-1.9669080352376536,-0.8298062940594868,-0.1309533972011686,MODELING_HISTORY,Cluster 2,1.7309481546606966
PROJ_180,"Kompally Municipal Office, Hyderabad - TSPCB",Hyderabad,2025-07-07,Monsoon,31,85,30,24.9041666666667,78.625,5.87916666666667,85,Satisfactory,pm10,1.7196793387112683,-1.219459193661624,0.20080000516339705,-1.939361862310649,-0.7550894610234129,-0.3524308983159385,MODELING_HISTORY,Cluster 2,1.9303155449310663
PROJ_180,"Kompally Municipal Office, Hyderabad - TSPCB",Hyderabad,2025-07-08,Monsoon,32,82,33,25.4708333333333,74.1666666666667,5.81333333333333,82,Satisfactory,pm10,1.567984542426641,-0.9522975881110024,0.03748198825758253,-1.9740162037436213,-0.7867574842133858,-0.18487509457017492,MODELING_HISTORY,Cluster 2,1.8394691279908792
PROJ_180,"Kompally Municipal Office, Hyderabad - TSPCB",Hyderabad,2025-07-09,Monsoon,30,83,30,25.4291666666667,75.375,4.80791666666667,83,Satisfactory,pm10,1.2587702287667932,-0.8775538296189227,0.14705882225693315,-1.2475030329308294,-0.4242309145846589,-0.37624626954504176,MODELING_HISTORY,Cluster 2,1.2186762156623145
PROJ_180,"Kompally Municipal Office, Hyderabad - TSPCB",Hyderabad,2025-07-10,Monsoon,13,87,32,25.975,73.7916666666667,3.92625,87,Satisfactory,pm10,1.266289562462936,-0.33687244996393634,-0.2097594862926908,-0.423135724930972,-0.40546819776917786,-1.130956641728896,MODELING_HISTORY,Cluster 2,0.47781473608632297
PROJ_180,"Kompally Municipal Office, Hyderabad - TSPCB",Hyderabad,2025-07-11,Monsoon,0,81,8,26.6833333333333,71.2083333333333,3.13791666666667,81,Satisfactory,pm10,1.565622123251208,0.3203080241153771,1.1291002687375225,0.5798111572270969,-0.3199744502213663,-1.66643142796355,MODELING_HISTORY,Cluster 2,1.5094151245026393
PROJ_180,"Kompally Municipal Office, Hyderabad - TSPCB",Hyderabad,2025-07-12,Monsoon,16,80,30,26.8791666666667,71.2916666666667,3.84208333333333,80,Satisfactory,pm10,1.2037136672559017,-0.04229173335111678,-0.04006880999319891,-0.45579996272641954,-0.24706141817700017,-0.877378877955367,MODELING_HISTORY,Cluster 2,0.5385271356569123
PROJ_180,"Kompally Municipal Office, Hyderabad - TSPCB",Hyderabad,2025-07-13,Monsoon,28,79,35,27.2416666666667,66.3333333333333,4.24208333333333,79,Satisfactory,pm10,0.8467873899643621,-0.09033760721561156,-0.17426225923286204,-1.0421078444189598,-0.31691289572346515,-0.3017834685912991,MODELING_HISTORY,Cluster 2,1.1471922707543152
PROJ_180,"Kompally Municipal Office, Hyderabad - TSPCB",Hyderabad,2025-07-19,Monsoon,33,85,49,25.2125,83.7916666666667,2.46416666666667,85,Satisfactory,pm10,0.24537181608943504,-1.0815659001820466,-1.1782395947057662,0.02721896808232726,0.7726654283793928,-0.43195588462397944,MODELING_HISTORY,Cluster 3,1.7762539747788386
PROJ_180,"Kompally Municipal Office, Hyderabad - TSPCB",Hyderabad,2025-07-20,Monsoon,29,84,35,26.2708333333333,77.2083333333333,2.78458333333333,84,Satisfactory,pm10,0.432351769697305,-0.5706990342631155,-0.28407764507391187,-0.06591814059248197,0.4830066582097278,-0.5884788968454591,MODELING_HISTORY,Cluster 2,1.298476013832314
PROJ_180,"Kompally Municipal Office, Hyderabad - TSPCB",Hyderabad,2025-07-21,Monsoon,30,85,35,26.0458333333333,79.9166666666667,3.38458333333333,85,Satisfactory,pm10,0.6997053773010085,-0.780296571976944,-0.2509713471600209,-0.4745064607271099,0.35137981944833885,-0.5738559587177804,MODELING_HISTORY,Cluster 2,1.1236553490125982
PROJ_180,"Kompally Municipal Office, Hyderabad - TSPCB",Hyderabad,2025-07-22,Monsoon,36,89,40,24.9458333333333,85.25,4.27916666666667,89,Satisfactory,pm10,0.928311153126128,-1.424217077106411,-0.47752520663090686,-1.1566353867862165,0.1588835171832108,-0.3941121289953643,MODELING_HISTORY,Cluster 2,1.696171862191861
PROJ_180,"Kompally Municipal Office, Hyderabad - TSPCB",Hyderabad,2025-07-25,Monsoon,33,102,36,23.4916666666667,91.3333333333333,5.51666666666667,101,Moderately Polluted,pm10,1.4956993304137434,-2.0947700004988943,-0.21630059095936877,-1.826015070092992,-0.3948124419612576,-0.8015033841049308,MODELING_HISTORY,Cluster 2,2.4124458391058785
PROJ_180,"Kompally Municipal Office, Hyderabad - TSPCB",Hyderabad,2025-07-29,Monsoon,32,76,40,25.75,70.875,6.18416666666667,76,Satisfactory,pm10,1.6861262219933644,-0.7747625753334437,-0.3798104166011624,-2.253470982911574,-0.9701035953546634,0.07106796722592898,MODELING_HISTORY,Cluster 2,2.092196101480991
PROJ_180,"Kompally Municipal Office, Hyderabad - TSPCB",Hyderabad,2025-07-30,Monsoon,33,80,32,25.2708333333333,76.6666666666667,5.39375,80,Satisfactory,pm10,1.4836402982795174,-1.032404174303171,0.07657412958104881,-1.6745376312305995,-0.537262797575574,-0.15786340395174142,MODELING_HISTORY,Cluster 2,1.6076254219217474
PROJ_180,"Kompally Municipal Office, Hyderabad - TSPCB",Hyderabad,2025-08-02,Monsoon,33,82,38,26.35,73.0416666666667,2.86916666666667,82,Satisfactory,pm10,0.25339616436517326,-0.5037598954898924,-0.41034926532252647,-0.21055806875534577,0.3824145782035039,-0.30685268205282645,MODELING_HISTORY,Cluster 2,1.4751262421063525
PROJ_180,"Kompally Municipal Office, Hyderabad - TSPCB",Hyderabad,2025-08-03,Monsoon,33,85,44,26.1875,78.1666666666667,2.19708333333333,85,Satisfactory,pm10,0.00822996780559504,-0.6715786453872827,-0.8429188466977026,0.14738374951260683,0.7887949496360316,-0.4472591310291319,MODELING_HISTORY,Cluster 3,1.390069529928558
PROJ_180,"Kompally Municipal Office, Hyderabad - TSPCB",Hyderabad,2025-08-04,Monsoon,30,81,51,25.5416666666667,83.2083333333333,1.17625,81,Satisfactory,pm10,-0.1476983900597964,-0.7846301397187984,-1.4083272412432086,0.9186340318391164,1.2363590071724369,-0.5075441163975363,MODELING_HISTORY,Cluster 3,1.7872839089433001
PROJ_180,"Kompally Municipal Office, Hyderabad - TSPCB",Hyderabad,2025-08-05,Monsoon,30,81,51,25.7666666666667,82.5,1.27041666666667,81,Satisfactory,pm10,-0.13411237014994715,-0.7219475482062339,-1.3978132417314713,0.8299281197063665,1.2076983782120982,-0.5033824932018425,MODELING_HISTORY,Cluster 3,1.7680433737325558
PROJ_180,"Kompally Municipal Office, Hyderabad - TSPCB",Hyderabad,2025-08-09,Monsoon,31,84,39,24.5,85.4166666666667,1.95958333333333,84,Satisfactory,pm10,0.26454075102537905,-1.1796511082490089,-0.6105197809399396,0.5952604443082944,0.8797072918710027,-0.5660779535669948,MODELING_HISTORY,Cluster 3,1.4366777545129006
PROJ_180,"Kompally Municipal Office, Hyderabad - TSPCB",Hyderabad,2025-08-10,Monsoon,30,84,42,24.35,87.2083333333333,2.30583333333333,84,Satisfactory,pm10,0.4595213229936228,-1.278407976591241,-0.8022459555484467,0.371344239601637,0.7873771365081605,-0.5815134429828973,MODELING_HISTORY,Cluster 3,1.6966216317680678
PROJ_180,"Kompally Municipal Office, Hyderabad - TSPCB",Hyderabad,2025-08-13,Monsoon,32,90,26,23.675,88.7083333333333,4.32875,90,Satisfactory,pm10,1.2881509185903872,-1.7206126868506972,0.3390531493171514,-0.8261127224982125,0.00678824146259637,-0.646522110655419,MODELING_HISTORY,Cluster 2,1.6161202973179132
PROJ_180,"Kompally Municipal Office, Hyderabad - TSPCB",Hyderabad,2025-08-14,Monsoon,30,68,32,23.825,86.6666666666667,3.885,67,Satisfactory,pm10,1.4901898620708016,-1.334547777993695,-0.10838266853230438,-0.3556271613544739,0.20806953060540256,-0.1312402288675568,MODELING_HISTORY,Cluster 2,1.0791421891404538
PROJ_180,"Kompally Municipal Office, Hyderabad - TSPCB",Hyderabad,2025-08-22,Monsoon,31,79,84,25.4583333333333,75.2083333333333,4.58041666666667,84,Satisfactory,o3,0.769829279787354,-0.9049777334812544,-3.285808149090093,-1.6046520536921571,-0.2757294535026936,0.1334864404580299,MODELING_HISTORY,Cluster 2,3.736754192211548
PROJ_180,"Kompally Municipal Office, Hyderabad - TSPCB",Hyderabad,2025-08-23,Monsoon,30,78,36,25.1625,73.9583333333333,5.19875,78,Satisfactory,pm10,1.4370323001729413,-0.8862925025662727,-0.2181696659400074,-1.4760592013987082,-0.6280632686025703,-0.15096520078655137,MODELING_HISTORY,Cluster 2,1.3939559694938328
PROJ_180,"Kompally Municipal Office, Hyderabad - TSPCB",Hyderabad,2025-08-24,Monsoon,31,76,36,25.3791666666667,71.7916666666667,4.95208333333333,76,Satisfactory,pm10,1.2851670787152083,-0.7541589231777772,-0.21193642669284396,-1.3354215241114402,-0.5631993067975671,-0.0566668180766927,MODELING_HISTORY,Cluster 2,1.2493869154695916
PROJ_180,"Kompally Municipal Office, Hyderabad - TSPCB",Hyderabad,2025-08-25,Monsoon,31,77,35,25.2583333333333,72.0833333333333,4.67416666666667,77,Satisfactory,pm10,1.1726146192053908,-0.7748540329933488,-0.1647268736609342,-1.136958102567244,-0.4756651564364679,-0.10212909522110858,MODELING_HISTORY,Cluster 2,1.1255883879860171
PROJ_180,"Kompally Municipal Office, Hyderabad - TSPCB",Hyderabad,2025-08-28,Monsoon,32,75,29,23.175,91.875,4.55375,74,Satisfactory,pm10,1.7388044435577588,-1.79408264252463,0.12409915316451003,-0.8123890339097609,0.06750198189394185,-0.2629768480366643,MODELING_HISTORY,Cluster 2,1.6165187946363466
PROJ_180,"Kompally Municipal Office, Hyderabad - TSPCB",Hyderabad,2025-08-29,Monsoon,31,82,34,24.7125,81.5416666666667,4.36875,82,Satisfactory,pm10,1.2137274703836405,-1.1949089911574924,-0.15043355435541683,-0.9401053778441364,-0.1027501612387049,-0.36884445758292095,MODELING_HISTORY,Cluster 2,1.2297209481993439
PROJ_180,"Kompally Municipal Office, Hyderabad - TSPCB",Hyderabad,2025-08-30,Monsoon,31,76,21,25.5666666666667,78.2083333333333,3.45333333333333,76,Satisfactory,pm10,0.95669488102932565,-0.7509663606119669,0.6410144141618714,-0.2531650609627693,0.2519284078702248,-0.35793143685391315,MODELING_HISTORY,Cluster 2,1.0300109836988611
PROJ_180,"Kompally Municipal Office, Hyderabad - TSPCB",Hyderabad,2025-08-31,Monsoon,32,76,34,24.7458333333333,84.875,4.07833333333333,76,Satisfactory,pm10,1.2646304503662051,-1.2188751461723373,-0.17257886954509605,-0.7326069340249188,0.191957061667734,-0.2539325865807358,MODELING_HISTORY,Cluster 2,1.1343062322285178
PROJ_180,"Kompally Municipal Office, Hyderabad - TSPCB",Hyderabad,2025-09-01,Monsoon,34,74,40,24.2958333333333,85.625,4.48125,73,Satisfactory,pm10,1.3891048096310268,-1.403289370121636,-0.519533494940364,-1.0247294825008992,0.05906348576974996,-0.05393295593737461,MODELING_HISTORY,Cluster 2,1.4870124308252597
PROJ_180,"Kompally Municipal Office, Hyderabad - TSPCB",Hyderabad,2025-09-03,Monsoon,33,76,43,24.5875,79.4583333333333,4.30291666666667,76,Satisfactory,pm10,1.121157810246728,-1.1488324610259562,-0.7041522618050087,-0.9453757566648128,-0.104775508944361,-0.04752018995849463,MODELING_HISTORY,Cluster 2,1.4263763764599509
PROJ_180,"Kompally Municipal Office, Hyderabad - TSPCB",Hyderabad,2025-09-06,Monsoon,35,84,29,25.2958333333333,78.8333333333333,2.98166666666667,84,Satisfactory,pm10,0.44944255864395094,-0.963551894143885,0.15933455138891806,-0.14550022460824735,0.4326806103219925,-0.3756896045297907,MODELING_HISTORY,Cluster 2,1.3851099035936796
PROJ_180,"Kompally Municipal Office, Hyderabad - TSPCB",Hyderabad,2025-09-07,Monsoon,33,81,26,25.1708333333333,73.9583333333333,2.83583333333333,81,Satisfactory,pm10,0.4150417505220738,-0.7621054303376856,0.3291837573267508,0.08706268034826076,0.2557962079965217,-0.3202254117281005,MODELING_HISTORY,Cluster 2,1.3955193168980058
PROJ_180,"Kompally Municipal Office, Hyderabad - TSPCB",Hyderabad,2025-09-10,Monsoon,23,87,42,25.3958333333333,82.25,2.3175,87,Satisfactory,pm10,0.46221008005799546,-0.7922244286990013,-0.8493633243805594,0.36920411223453914,0.6027726479930021,-0.8878593594345854,MODELING_HISTORY,Cluster 2,1.6829099437854542
PROJ_180,"Kompally Municipal Office, Hyderabad - TSPCB",Hyderabad,2025-09-11,Monsoon,24,87,81,23.7291666666667,90.2083333333333,3.63708333333333,87,Satisfactory,pm10,0.8969003372313143,-1.582005494421503,-3.292278835173536,-0.7135256413014633,0.23079185111476613,-0.5338231335437352,MODELING_HISTORY,Cluster 2,3.6756491229788484
PROJ_180,"Kompally Municipal Office, Hyderabad - TSPCB",Hyderabad,2025-09-12,Monsoon,24,87,4,23.4625,90.25,3.26625,87,Satisfactory,pm10,1.382291652607572,-1.4992984621604986,1.5725361982560222,0.3073469301119136,0.287813334610241,-1.0909962193916731,MODELING_HISTORY,Cluster 2,2.0619165713982555
PROJ_180,"Kompally Municipal Office, Hyderabad - TSPCB",Hyderabad,2025-09-13,Monsoon,22,81,24,23.8916666666667,90.5,2.1775,81,Satisfactory,pm10,0.9496347572368968,-1.247052879898874,0.21819109412764587,0.874508959662349,0.7657373254798019,-0.9594615494500358,MODELING_HISTORY,Cluster 2,1.6566070564645599
PROJ_180,"Kompally Municipal Office, Hyderabad - TSPCB",Hyderabad,2025-09-15,Monsoon,23,83,30,24.9208333333333,85.9166666666667,2.61833333333333,83,Satisfactory,pm10,0.86460083861305,-0.9714466712857946,-0.09526301314507908,0.3700704586150977,0.5863833691465768,-0.8893369671492962,MODELING_HISTORY,Cluster 2,1.2248135119582777
PROJ_180,"Kompally Municipal Office, Hyderabad - TSPCB",Hyderabad,2025-09-16,Monsoon,20,80,27,24.6166666666667,87.875,1.88708333333333,80,Satisfactory,pm10,0.8002661797106572,-0.938966028552832,0.00603203372156448,1.0052906114023314,0.847097381586311,-0.9999828371161764,MODELING_HISTORY,Cluster 2,1.6592737298162628
PROJ_180,"Kompally Municipal Office, Hyderabad - TSPCB",Hyderabad,2025-09-17,Monsoon,26,89,31,24.9,86.5833333333333,1.20416666666667,89,Satisfactory,pm10,0.09596767745683066,-0.9995782068265202,-0.19416172115489225,1.1742403538877293,1.1372740483575452,-1.0104141141509502,MODELING_HISTORY,Cluster 3,1.3559478864530503
PROJ_180,"Kompally Municipal Office, Hyderabad - TSPCB",Hyderabad,2025-09-22,Monsoon,31,80,40,24.475,88.2083333333333,2.94041666666667,80,Satisfactory,pm10,0.8005503810170058,-1.309541015599758,-0.6361514611178455,-0.03328040145359623,0.6564065281549806,-0.44741849669159617,MODELING_HISTORY,Cluster 2,1.506241679070901
PROJ_180,"Kompally Municipal Office, Hyderabad - TSPCB",Hyderabad,2025-09-23,Monsoon,36,78,40,24.4416666666667,86.0416666666667,3.63541666666667,78,Satisfactory,pm10,0.9157945231276958,-1.3929152565109992,-0.5356532113406789,-0.5670324657806077,0.4135437695197362,-0.14222075483294686,MODELING_HISTORY,Cluster 2,1.4770265640965303
PROJ_180,"Kompally Municipal Office, Hyderabad - TSPCB",Hyderabad,2025-09-24,Monsoon,32,79,43,24.7666666666667,80.25,4.46291666666667,79,Satisfactory,pm10,1.1724393266033986,-1.155908847138341,-0.7037264839049829,-1.084209813164926,-0.13997279468399143,-0.17134152218593385,MODELING_HISTORY,Cluster 2,1.4846335284155228
PROJ_180,"Kompally Municipal Office, Hyderabad - TSPCB",Hyderabad,2025-09-25,Monsoon,35,85,42,23.0416666666667,86.4583333333333,5.21,85,Satisfactory,pm10,1.4827402550534878,-1.902978351040154,-0.6016004453805195,-1.4872435193386535,-0.40429733749677954,-0.18088640780198695,MODELING_HISTORY,Cluster 2,2.135644974323277
PROJ_180,"Kompally Municipal Office, Hyderabad - TSPCB",Hyderabad,2025-09-26,Monsoon,34,100,42,23.5375,89.3333333333333,3.83041666666667,100,Satisfactory,pm10,0.7227972869505032,-1.8930161406375885,-0.671157076042463,-0.7710885590550722,0.17434057478616904,-0.7378795973239245,MODELING_HISTORY,Cluster 2,2.049546236166311
PROJ_180,"Kompally Municipal Office, Hyderabad - TSPCB",Hyderabad,2025-09-28,Monsoon,31,78,32,23.6791666666667,82.625,3.95583333333333,78,Satisfactory,pm10,1.1985224048276917,-1.3776644525202792,-0.06852266344031716,-0.4802331377518157,-0.04110799909698137,-0.26797303465789885,MODELING_HISTORY,Cluster 2,1.2080596326714272
PROJ_180,"Kompally Municipal Office, Hyderabad - TSPCB",Hyderabad,2025-09-29,Monsoon,32,84,40,24.6625,76.7083333333333,3.25125,84,Satisfactory,pm10,0.5252106522278588,-1.0208052958661271,-0.5614965250496722,-0.27319334904211695,0.11094519158288628,-0.32323123638486445,MODELING_HISTORY,Cluster 2,1.4658780052677463
PROJ_180,"Kompally Municipal Office, Hyderabad - TSPCB",Hyderabad,2025-09-30,Monsoon,31,77,40,24.8791666666667,80.2083333333333,3.50416666666667,77,Satisfactory,pm10,0.8739913003547071,-1.0040541341664806,-0.5773741558257762,-0.3970966139646337,0.214391612161191,-0.23823680113913176,MODELING_HISTORY,Cluster 2,1.2264525983804002
PROJ_180,"Kompally Municipal Office, Hyderabad - TSPCB",Hyderabad,2025-10-01,Post-monsoon,32,76,24,25.1916666666667,76.2916666666667,3.59458333333333,76,Satisfactory,pm10,0.9224163324816405,-0.8150626501381095,0.4711961206550392,-0.3394351858126359,0.08846661624824059,-0.24210586280366128,MODELING_HISTORY,Cluster 2,1.0007724718960673
PROJ_180,"Kompally Municipal Office, Hyderabad - TSPCB",Hyderabad,2025-10-02,Post-monsoon,33,76,31,24.825,78.75,3.61333333333333,76,Satisfactory,pm10,0.9153585210099398,-0.9999476322560248,0.02631543266613473,-0.40280911146637577,0.14542194172663192,-0.17345007229779663,MODELING_HISTORY,Cluster 2,1.0322747974363107
PROJ_180,"Kompally Municipal Office, Hyderabad - TSPCB",Hyderabad,2025-10-04,Post-monsoon,32,78,44,25.4625,80.75,3.02458333333333,78,Satisfactory,pm10,0.5943292828381188,-0.8859175225142062,-0.8378099098204073,-0.22844880135834428,0.5089109590031072,-0.2649725368846216,MODELING_HISTORY,Cluster 2,1.4911320153827823
PROJ_180,"Kompally Municipal Office, Hyderabad - TSPCB",Hyderabad,2025-10-07,Post-monsoon,32,80,35,24.0916666666667,84.4583333333333,1.9225,80,Satisfactory,pm10,0.31745219819328163,-1.2130098812520755,-0.35425950029095477,0.7314773669033835,0.8338882807560197,-0.4241848823268954,MODELING_HISTORY,Cluster 3,1.416539513945114
PROJ_180,"Kompally Municipal Office, Hyderabad - TSPCB",Hyderabad,2025-10-08,Post-monsoon,34,90,40,25.2333333333333,77.0416666666667,1.4975,90,Satisfactory,pm10,-0.3683085382077776,-0.8574995677747125,-0.6176870396984291,0.709947714547428,0.8411384113748899,-0.5333891251258077,MODELING_HISTORY,Cluster 3,0.9799666454804327
PROJ_180,"Kompally Municipal Office, Hyderabad - TSPCB",Hyderabad,2025-10-09,Post-monsoon,34,86,39,25.1625,77.0416666666667,1.7625,86,Satisfactory,pm10,-0.17368677939349825,-0.8532938806476523,-0.5460425915934897,0.5909521395527798,0.7582591156640974,-0.422718304508899,MODELING_HISTORY,Cluster 3,1.0354651859539354
PROJ_180,"Kompally Municipal Office, Hyderabad - TSPCB",Hyderabad,2025-10-10,Post-monsoon,34,91,38,24.9208333333333,65.4166666666667,2.26625,91,Satisfactory,pm10,-0.34240509245798706,-0.6611632346920622,-0.413532466935949,0.3022673593982077,0.05073795671421463,-0.3307971995471854,MODELING_HISTORY,Cluster 3,0.8560503625745899
PROJ_180,"Kompally Municipal Office, Hyderabad - TSPCB",Hyderabad,2025-10-11,Post-monsoon,33,88,43,24.1875,65.7083333333333,2.70791666666667,88,Satisfactory,pm10,-0.08724801244580652,-0.8263619191164002,-0.7339130746747906,0.106700004794561,-0.2028963961293345,-0.1971714764455842,MODELING_HISTORY,Cluster 3,1.2308629379948024
PROJ_180,"Kompally Municipal Office, Hyderabad - TSPCB",Hyderabad,2025-10-12,Post-monsoon,30,89,32,24.2791666666667,71.4166666666667,2.18,89,Satisfactory,pm10,2.942705430743764e-4,-0.8611314689076427,-0.11584146694887584,0.5800049810992077,0.16334375096307124,-0.5330005388842398,MODELING_HISTORY,Cluster 3,1.0127032065768247
PROJ_180,"Kompally Municipal Office, Hyderabad - TSPCB",Hyderabad,2025-10-13,Post-monsoon,32,94,32,23.8291666666667,80.5416666666667,2.11708333333333,94,Satisfactory,pm10,0.05965001317521939,-1.3123904659261836,-0.12601092542171857,0.5531999036375493,0.4849320781051986,-0.7065661228236817,MODELING_HISTORY,Cluster 3,1.1085161735564255
PROJ_180,"Kompally Municipal Office, Hyderabad - TSPCB",Hyderabad,2025-10-14,Post-monsoon,33,88,43,23.9541666666667,87.4166666666667,2.41666666666667,88,Satisfactory,pm10,0.345319128576828,-1.4845549378731946,-0.8254540756495894,0.23841891192320516,0.7256669721155746,-0.5405741649623118,MODELING_HISTORY,Cluster 3,1.6699307026577739
PROJ_180,"Kompally Municipal Office, Hyderabad - TSPCB",Hyderabad,2025-10-15,Post-monsoon,35,89,45,24.6125,81.2083333333333,2.81833333333333,89,Satisfactory,pm10,0.23655740262784425,-1.245025757511673,-0.8761920792044919,-0.15831584637574672,0.46257362042597455,-0.39468443394127134,MODELING_HISTORY,Cluster 3,1.6405635137652033
PROJ_180,"Kompally Municipal Office, Hyderabad - TSPCB",Hyderabad,2025-10-16,Post-monsoon,31,111,31,25.1916666666667,74.3333333333333,2.2725,107,Moderately Polluted,pm10,-0.3639752078638346,-0.9939351820668768,-0.00483303640050609,0.17159185838988122,0.26615814632389,-1.1395166326079955,MODELING_HISTORY,Cluster 3,0.6388348614201844
PROJ_180,"Kompally Municipal Office, Hyderabad - TSPCB",Hyderabad,2025-10-17,Post-monsoon,29,93,28,25.15,72.5,2.50958333333333,93,Satisfactory,pm10,0.11989612182687276,-0.7415604268823383,0.15742289036128138,0.2665111529077737,0.17294103781746156,-0.7427491087362759,MODELING_HISTORY,Cluster 3,1.1207537604914888
PROJ_180,"Kompally Municipal Office, Hyderabad - TSPCB",Hyderabad,2025-10-18,Post-monsoon,32,89,29,25.1458333333333,68.625,2.10416666666667,89,Satisfactory,pm10,-0.1620906923226722,-0.6169033069379443,0.1153708771067736,0.514203568255892,0.24205748340980432,-0.4893858696238557,MODELING_HISTORY,Cluster 3,0.8960252116099753
PROJ_180,"Kompally Municipal Office, Hyderabad - TSPCB",Hyderabad,2025-10-19,Post-monsoon,35,70,32,24.7583333333333,74.3333333333333,2.385,69,Satisfactory,pm10,0.35811723549579455,-0.7636111897319239,-0.07328244492625319,0.43850292326945783,0.4756639330391713,0.05931682253766433,MODELING_HISTORY,Cluster 3,1.351227875373978
PROJ_180,"Kompally Municipal Office, Hyderabad - TSPCB",Hyderabad,2025-10-20,Post-monsoon,36,92,35,24.7208333333333,79.5833333333333,2.07041666666667,92,Satisfactory,pm10,-0.11632913764940488,-1.1469898687886035,-0.2589229200056749,0.375144777751458,0.6789646996258898,-0.526422286228688,MODELING_HISTORY,Cluster 3,0.9250754244131579
PROJ_180,"Kompally Municipal Office, Hyderabad - TSPCB",Hyderabad,2025-10-21,Post-monsoon,37,98,32,24.5125,82.2083333333333,2.72333333333333,98,Satisfactory,pm10,0.09755721758515426,-1.4015576643646148,-0.02564004282812991,-0.08761358274339717,0.4960745966989122,-0.6539200435142906,MODELING_HISTORY,Cluster 3,1.2347853441914896
PROJ_180,"Kompally Municipal Office, Hyderabad - TSPCB",Hyderabad,2025-10-22,Post-monsoon,29,88,32,24.5416666666667,83.8333333333333,3.31958333333333,88,Satisfactory,pm10,0.813024132063732,-1.2291429409869234,-0.10572597012705624,-0.22822304768511084,0.26995240842837365,-0.6895074646985717,MODELING_HISTORY,Cluster 2,1.2682719229988608
PROJ_180,"Kompally Municipal Office, Hyderabad - TSPCB",Hyderabad,2025-10-23,Post-monsoon,32,82,36,23.5875,90.375,4.05375,82,Satisfactory,pm10,1.2947157189167855,-1.6982857305214047,-0.3275487226786785,-0.6623100376866583,0.2117786191787605,-0.4132789772195219,MODELING_HISTORY,Cluster 2,1.5563413278828895
PROJ_180,"Kompally Municipal Office, Hyderabad - TSPCB",Hyderabad,2025-10-24,Post-monsoon,33,88,35,22.975,91.2916666666667,2.955,88,Satisfactory,pm10,0.7540822668945695,-1.8485383642799535,-0.3150784733326007,0.07223199111376963,0.5351890979488975,-0.575449846023118,MODELING_HISTORY,Cluster 2,1.8663327378443355
PROJ_180,"Kompally Municipal Office, Hyderabad - TSPCB",Hyderabad,2025-10-25,Post-monsoon,30,76,29,23.2083333333333,88.5,2.35458333333333,76,Satisfactory,pm10,0.8060378846949933,-1.473358507584525,-0.00447535998224658,0.6827038216750287,0.6927085282236894,-0.4317153943687344,MODELING_HISTORY,Cluster 2,1.737833762494184
PROJ_180,"Kompally Municipal Office, Hyderabad - TSPCB",Hyderabad,2025-10-27,Post-monsoon,32,82,42,24.4291666666667,79.6666666666667,1.56458333333333,82,Satisfactory,pm10,-0.05271616559097453,-0.9991869605189512,-0.7946530600995659,0.8577026346676428,0.8154422300319784,-0.3869599190437381,MODELING_HISTORY,Cluster 3,1.3479656316833855
PROJ_180,"Kompally Municipal Office, Hyderabad - TSPCB",Hyderabad,2025-10-29,Post-monsoon,31,72,29,22.2291666666667,93.75,5.02875,71,Satisfactory,pm10,2.0940628366237592,-2.0480713027546087,0.11472466640081394,-0.9605997772739774,-0.16962651566459663,-0.17651655764720806,MODELING_HISTORY,Cluster 2,1.955897289623084
PROJ_180,"Kompally Municipal Office, Hyderabad - TSPCB",Hyderabad,2025-10-30,Post-monsoon,31,81,37,24.575,75.0833333333333,4.2429166666666696,81,Satisfactory,pm10,1.0003254889073112,-1.021375259132278,-0.3291782943149588,-0.8315027438252269,-0.32543825299398066,-0.22107686968744403,MODELING_HISTORY,Cluster 2,1.1895370223178345
PROJ_180,"Kompally Municipal Office, Hyderabad - TSPCB",Hyderabad,2025-10-31,Post-monsoon,31,80,28,24.0166666666667,70.7916666666667,2.90416666666667,80,Satisfactory,pm10,0.461351229874172,-0.884822071713148,0.17579364603865774,0.2394341644772156,-0.09284662710572258,-0.2377801013569185,MODELING_HISTORY,Cluster 2,1.4255852632673356
PROJ_180,"Kompally Municipal Office, Hyderabad - TSPCB",Hyderabad,2025-11-01,Post-monsoon,34,81,38,24.7541666666667,80.5833333333333,1.75125,81,Satisfactory,pm10,0.0273937121738742,-0.9935905433730848,-0.5069915565051251,0.6929809993224965,0.8710741970326895,-0.339809866215478,MODELING_HISTORY,Cluster 3,1.1924081789646965
PROJ_180,"Kompally Municipal Office, Hyderabad - TSPCB",Hyderabad,2025-11-02,Post-monsoon,33,78,35,24.6833333333333,81.5416666666667,2.84666666666667,78,Satisfactory,pm10,0.6085670843566368,-1.0742577698292926,-0.27752857310676854,0.05314672024648541,0.5017835007915324,-0.2732151115815096,MODELING_HISTORY,Cluster 2,1.3766129962048934
PROJ_180,"Kompally Municipal Office, Hyderabad - TSPCB",Hyderabad,2025-11-05,Post-monsoon,34,90,44,24.6541666666667,73.4583333333333,2.15208333333333,90,Satisfactory,pm10,-0.20877248944751536,-0.94305363350308,-0.8324498756853472,0.3303433424308928,0.37927522470278063,-0.3809219825901506,MODELING_HISTORY,Cluster 3,1.179839836923871
PROJ_180,"Kompally Municipal Office, Hyderabad - TSPCB",Hyderabad,2025-11-06,Post-monsoon,31,91,35,24.0416666666667,66.5,2.26625,91,Satisfactory,pm10,-0.17404864197954556,-0.8232520615527338,-0.2741301685472286,0.5060905929147965,-0.0903598821557272,-0.4303297873324771,MODELING_HISTORY,Cluster 3,0.8883353568989734
PROJ_180,"Kompally Municipal Office, Hyderabad - TSPCB",Hyderabad,2025-11-07,Post-monsoon,33,120,36,23.6958333333333,61,2.53875,113,Moderately Polluted,pm10,-0.8203794154146115,-1.1008774871418,-0.2488105065745108,0.0738344073928803,-0.5950447455075422,-0.9501243118229572,MODELING_HISTORY,Cluster 3,0.475564770208779
PROJ_180,"Kompally Municipal Office, Hyderabad - TSPCB",Hyderabad,2025-11-08,Post-monsoon,30,96,32,22.7041666666667,55.2916666666667,2.37583333333333,96,Satisfactory,pm10,-0.4123487019035065,-0.830617730448551,-0.06402291220922968,0.6602604945390816,-0.819830039329351,-0.3581325442339216,MODELING_HISTORY,Cluster 3,0.6560341159919891
PROJ_180,"Kompally Municipal Office, Hyderabad - TSPCB",Hyderabad,2025-11-09,Post-monsoon,31,97,34,21.4291666666667,60.3333333333333,2.18958333333333,97,Satisfactory,pm10,-0.3890829878634881,-1.2781995627628198,-0.2223135547141986,0.8794053330548673,-0.7298503445397095,-0.3527365176571283,MODELING_HISTORY,Cluster 3,0.8718435020700096
PROJ_180,"Kompally Municipal Office, Hyderabad - TSPCB",Hyderabad,2025-11-10,Post-monsoon,29,102,31,21.1708333333333,57.7916666666667,1.83875,101,Moderately Polluted,pm10,-0.5985660771311763,-1.2385582713603345,-0.06292440961158191,1.180942013147226,-0.8079209854627839,-0.5364522460364647,MODELING_HISTORY,Cluster 3,0.9322411544236635
PROJ_180,"Kompally Municipal Office, Hyderabad - TSPCB",Hyderabad,2025-11-11,Post-monsoon,32,83,43,22.0083333333333,54.5416666666667,2.03583333333333,83,Satisfactory,pm10,-0.4461818467793872,-0.8586248526691205,-0.780643642442291,0.9508058978860916,-0.7119916994188207,0.14586516424469187,MODELING_HISTORY,Cluster 3,1.1594519170768027
PROJ_180,"Kompally Municipal Office, Hyderabad - TSPCB",Hyderabad,2025-11-12,Post-monsoon,34,95,44,22.0458333333333,53.25,2.41958333333333,95,Satisfactory,pm10,-0.62509245389882,-1.0092551617180758,-0.7798354027150239,0.5345044565864596,-0.9323902894172874,-0.03263581363729054,MODELING_HISTORY,Cluster 3,0.9306281134163897
PROJ_180,"Kompally Municipal Office, Hyderabad - TSPCB",Hyderabad,2025-11-13,Post-monsoon,30,89,41,21.3916666666667,49.625,2.62,89,Satisfactory,pm10,-0.3541532255586354,-0.9199934858510485,-0.630248661540268,0.6732017402685194,-1.2802101497770808,0.05313015377755716,MODELING_HISTORY,Cluster 3,0.979501546743291
PROJ_180,"Kompally Municipal Office, Hyderabad - TSPCB",Hyderabad,2025-11-14,Post-monsoon,30,91,40,20.4583333333333,54.75,2.23375,91,Satisfactory,pm10,-0.384554086576089,-1.2628709126261266,-0.6149178470478941,1.020215668785078,-1.0889054659630657,-0.05487768738020036,MODELING_HISTORY,Cluster 3,1.141639502388867
PROJ_180,"Kompally Municipal Office, Hyderabad - TSPCB",Hyderabad,2025-11-15,Post-monsoon,33,97,40,20.8,53.2083333333333,1.91708333333333,97,Satisfactory,pm10,-0.7678185912241327,-1.237157807213779,-0.579054663520585,1.0712185978948512,-0.9684907095390892,-0.10701128667477378,MODELING_HISTORY,Cluster 3,1.00603718486045
PROJ_180,"Kompally Municipal Office, Hyderabad - TSPCB",Hyderabad,2025-11-16,Post-monsoon,30,93,39,20.65,51.625,2.64,93,Satisfactory,pm10,-0.3349110754449378,-1.182589484648455,-0.5139833185414022,0.7311238169404854,-1.3431704313391262,-0.05046040343554171,MODELING_HISTORY,Cluster 3,0.9521367430475626
PROJ_180,"Kompally Municipal Office, Hyderabad - TSPCB",Hyderabad,2025-11-17,Post-monsoon,29,95,29,20.5541666666667,51.2916666666667,2.85291666666667,95,Satisfactory,pm10,-0.18153196164132152,-1.1978240111328562,0.12287572764460038,0.7036804342814809,-1.4818103260775983,-0.18550867939137655,MODELING_HISTORY,Cluster 3,0.878353172945014
PROJ_180,"Kompally Municipal Office, Hyderabad - TSPCB",Hyderabad,2025-11-18,Post-monsoon,30,98,43,21.1041666666667,52.0416666666667,2.2775,98,Satisfactory,pm10,-0.6136796687541471,-1.120033336308875,-0.7761842178858207,0.8243104842275722,-1.1562333631274022,-0.1971866045439218,MODELING_HISTORY,Cluster 3,1.0309428508705372
PROJ_180,"Kompally Municipal Office, Hyderabad - TSPCB",Hyderabad,2025-11-19,Post-monsoon,35,97,43,21.0583333333333,54.2916666666667,1.99666666666667,97,Satisfactory,pm10,-0.8010573854663403,-1.2625959973773364,-0.7417507114589971,0.9085901016498722,-0.8798849693724649,-0.03960835083862311,MODELING_HISTORY,Cluster 3,1.025129328250973
PROJ_180,"Kompally Municipal Office, Hyderabad - TSPCB",Hyderabad,2025-11-20,Post-monsoon,29,86,30,21.0458333333333,55.5833333333333,2.17291666666667,86,Satisfactory,pm10,-0.1976736103492845,-1.065628679220706,0.00380457358632801,1.143739714857744,-0.939555749801032,-0.08675663150814727,MODELING_HISTORY,Cluster 3,1.0927424758824125
PROJ_180,"Kompally Municipal Office, Hyderabad - TSPCB",Hyderabad,2025-11-21,Post-monsoon,32,83,30,22.7166666666667,62.875,2.08833333333333,83,Satisfactory,pm10,-0.13189610587742867,-0.9288109738735406,0.02931753219861297,0.91338004171109,-0.3032208928215566,-0.11287532104713276,MODELING_HISTORY,Cluster 3,0.9957046870402454
PROJ_180,"Kompally Municipal Office, Hyderabad - TSPCB",Hyderabad,2025-11-22,Post-monsoon,32,81,33,23.8083333333333,69,1.85041666666667,81,Satisfactory,pm10,-0.09310009748492389,-0.8280202179654981,-0.18199410749088327,0.8911427470645503,0.2000209928186737,-0.21000278798230315,MODELING_HISTORY,Cluster 3,1.0572751630892023
PROJ_180,"Kompally Municipal Office, Hyderabad - TSPCB",Hyderabad,2025-11-23,Post-monsoon,34,80,35,23.9958333333333,66.125,1.68166666666667,80,Satisfactory,pm10,-0.2961281633215864,-0.7216219694568379,-0.28351903654137633,0.9372483279854,0.2168414748212079,-0.07298105661975787,MODELING_HISTORY,Cluster 3,0.9804041193035653
PROJ_180,"Kompally Municipal Office, Hyderabad - TSPCB",Hyderabad,2025-11-24,Post-monsoon,39,79,34,23.2583333333333,59.7916666666667,1.90791666666667,79,Satisfactory,pm10,-0.46465141894320394,-0.8097668277747716,-0.13912603124061737,0.8231837388235685,-0.13221267383144852,0.27746611692882023,MODELING_HISTORY,Cluster 3,0.7267369607665408
PROJ_180,"Kompally Municipal Office, Hyderabad - TSPCB",Hyderabad,2025-11-25,Post-monsoon,35,85,53,22.5416666666667,66.5,2.17666666666667,85,Satisfactory,pm10,-0.3165337592698862,-1.1948468904539726,-1.4027770918292175,0.558714566013758,-0.16596434914717398,0.06822187624235831,MODELING_HISTORY,Cluster 3,1.6342931322438903
PROJ_180,"Kompally Municipal Office, Hyderabad - TSPCB",Hyderabad,2025-11-26,Post-monsoon,35,80,53,22.2916666666667,68.625,2.12333333333333,80,Satisfactory,pm10,-0.1807703718981256,-1.2566855453165018,-1.422554386474822,0.6640760576222067,-0.06996412270417732,0.1695431148741135,MODELING_HISTORY,Cluster 3,1.7332455475348671
PROJ_180,"Kompally Municipal Office, Hyderabad - TSPCB",Hyderabad,2025-11-27,Post-monsoon,33,87,34,22.125,69.2916666666667,2.33625,87,Satisfactory,pm10,0.00647283717949009,-1.3344789853251169,-0.22405343746764275,0.7034719261180291,-0.231313689283604,-0.20190833725727275,MODELING_HISTORY,Cluster 3,1.123593591511205
PROJ_180,"Kompally Municipal Office, Hyderabad - TSPCB",Hyderabad,2025-11-28,Post-monsoon,30,85,28,21.3541666666667,59.0833333333333,2.96541666666667,85,Satisfactory,pm10,0.20623287559409748,-1.1725451027630165,0.17633738152584544,0.5725494864078903,-1.0194737868333474,-0.0673341155642688,MODELING_HISTORY,Cluster 3,1.207718659146168
PROJ_180,"Kompally Municipal Office, Hyderabad - TSPCB",Hyderabad,2025-11-29,Post-monsoon,32,82,35,20.3875,58.5833333333333,2.385,82,Satisfactory,pm10,-0.07114651048308544,-1.3439917141102595,-0.2910577073277847,1.0022298089977282,-0.9166947027439108,0.15736039205761232,MODELING_HISTORY,Cluster 3,1.2062266359947642
PROJ_180,"Kompally Municipal Office, Hyderabad - TSPCB",Hyderabad,2025-11-30,Post-monsoon,35,82,35,21.3208333333333,60.5416666666667,2.41041666666667,82,Satisfactory,pm10,-0.13034247662270532,-1.2560246934020898,-0.24807827532884483,0.7906295159083956,-0.6580596195364494,0.1863273913431628,MODELING_HISTORY,Cluster 3,1.0230082060956056
PROJ_180,"Kompally Municipal Office, Hyderabad - TSPCB",Hyderabad,2025-12-01,Winter,29,84,25,21.8416666666667,66.5416666666667,1.95958333333333,84,Satisfactory,pm10,0.04590692672678581,-1.1614987355116442,0.28146240953690876,1.2008000047414065,-0.3020747080413457,-0.2993413700965836,MODELING_HISTORY,Cluster 3,1.3353093952387087
PROJ_180,"Kompally Municipal Office, Hyderabad - TSPCB",Hyderabad,2025-12-02,Winter,33,79,36,22.4416666666667,67.2083333333333,2.235,79,Satisfactory,pm10,0.04235545378065958,-1.1163088167221389,-0.35532610122967145,0.7923148617648977,-0.1814436964234258,0.02067583233318797,MODELING_HISTORY,Cluster 3,1.1789761483708006
PROJ_180,"Kompally Municipal Office, Hyderabad - TSPCB",Hyderabad,2025-12-03,Winter,30,84,33,22.4333333333333,64.25,2.25666666666667,84,Satisfactory,pm10,-0.00436869730190911,-1.0201643617173826,-0.18290721421873204,0.8382864455558651,-0.39084076901393494,-0.1855235537138156,MODELING_HISTORY,Cluster 3,1.0979387774087308
PROJ_180,"Kompally Municipal Office, Hyderabad - TSPCB",Hyderabad,2025-12-04,Winter,29,138,26,23.0541666666667,65.1666666666667,2.08916666666667,125,Moderately Polluted,pm10,-1.0244221440423311,-1.4151968551386875,0.3149372278843498,0.4525076523839242,-0.5449074904335133,-1.668579801140332,MODELING_HISTORY,Cluster 3,0.504133739408588
PROJ_180,"Kompally Municipal Office, Hyderabad - TSPCB",Hyderabad,2025-12-05,Winter,32,102,44,22.0583333333333,56.375,2.70041666666667,101,Moderately Polluted,pm10,-0.50876276219315,-1.1520027493794636,-0.7897217590471582,0.31232992073666366,-0.9849251717053014,-0.31269062236509737,MODELING_HISTORY,Cluster 3,0.990236781748014
PROJ_180,"Kompally Municipal Office, Hyderabad - TSPCB",Hyderabad,2025-12-06,Winter,34,93,44,21.0833333333333,56.5833333333333,2.18791666666667,93,Satisfactory,pm10,-0.5678202999003092,-1.2802132713008685,-0.8191882006712068,0.8182183573132947,-0.8477020927022799,0.00396120231597854,MODELING_HISTORY,Cluster 3,1.1114219163218941
PROJ_180,"Kompally Municipal Office, Hyderabad - TSPCB",Hyderabad,2025-12-07,Winter,31,84,31,21.2458333333333,53.4166666666667,2.3725,84,Satisfactory,pm10,-0.2070974404957406,-0.99638242976555,-0.01793858610212996,0.960959312878731,-1.0204765943952827,0.07667758209308587,MODELING_HISTORY,Cluster 3,0.9635789331595427
PROJ_180,"Kompally Municipal Office, Hyderabad - TSPCB",Hyderabad,2025-12-08,Winter,32,87,31,19.9958333333333,49.0833333333333,2.44875,87,Satisfactory,pm10,-0.3355452911355894,-1.2055633052905808,-8.767276591999558e-4,1.0436447685454266,-1.4050570317596534,0.17818445275326414,MODELING_HISTORY,Cluster 3,0.9486161881350186
PROJ_180,"Kompally Municipal Office, Hyderabad - TSPCB",Hyderabad,2025-12-09,Winter,28,86,30,20.5791666666667,42.7083333333333,3.19458333333333,86,Satisfactory,pm10,-0.0630203274336257,-0.8610749007561955,0.08356775022897223,0.6059593055701471,-1.9039491386087448,0.1606973931875923,MODELING_HISTORY,Cluster 3,0.9402260596347822
PROJ_180,"Kompally Municipal Office, Hyderabad - TSPCB",Hyderabad,2025-12-10,Winter,34,82,35,20.6125,41.375,3.26875,82,Satisfactory,pm10,-0.21188897764065717,-0.9086216897219912,-0.15932505271722908,0.41879650097193777,-1.847929874877498,0.5362400463758422,MODELING_HISTORY,Cluster 3,0.7928941753343454
PROJ_180,"Kompally Municipal Office, Hyderabad - TSPCB",Hyderabad,2025-12-11,Winter,36,81,35,19.875,39,2.69666666666667,81,Satisfactory,pm10,-0.5214121343167035,-0.9855534890442534,-0.16989080495380213,0.869661070508827,-1.8037711048475296,0.6787128055487313,MODELING_HISTORY,Cluster 3,0.7082125417297123
PROJ_180,"Kompally Municipal Office, Hyderabad - TSPCB",Hyderabad,2025-12-12,Winter,32,86,30,19.4583333333333,41.625,2.19833333333333,86,Satisfactory,pm10,-0.5798097953408,-1.0755994234893702,0.06550122238910866,1.3296707921842983,-1.6835787390018486,0.3277167553875267,MODELING_HISTORY,Cluster 3,1.0352472293782198
PROJ_180,"Kompally Municipal Office, Hyderabad - TSPCB",Hyderabad,2025-12-15,Winter,37,85,41,19.7666666666667,59.9166666666667,1.965,85,Satisfactory,pm10,-0.446606195298887,-1.6255766352387206,-0.6447435112568201,1.162874917069015,-0.7323281969051029,0.2962943662474645,MODELING_HISTORY,Cluster 3,1.347132819045376
PROJ_180,"Kompally Municipal Office, Hyderabad - TSPCB",Hyderabad,2025-12-16,Winter,33,88,41,20.1541666666667,58.6666666666667,1.86458333333333,88,Satisfactory,pm10,-0.4672762367128329,-1.444587251587237,-0.6839641695077697,1.241357494505601,-0.7753677189280073,0.06996333252393777,MODELING_HISTORY,Cluster 3,1.335115660309985
PROJ_180,"Kompally Municipal Office, Hyderabad - TSPCB",Hyderabad,2025-12-17,Winter,30,117,32,20.1541666666667,59.1666666666667,1.93791666666667,111,Moderately Polluted,pm10,-0.8219902239133513,-1.6875413069084175,-0.10875599287491244,1.0732175533165966,-1.011620244152716,-0.8261719120100348,MODELING_HISTORY,Cluster 3,1.0178429022247364
PROJ_180,"Kompally Municipal Office, Hyderabad - TSPCB",Hyderabad,2025-12-18,Winter,36,95,32,19.625,52.0416666666667,2.56791666666667,95,Satisfactory,pm10,-0.48582396160664104,-1.5477376363505668,-0.01562261149065623,0.8319793433620007,-1.3638680027272947,0.11219567417726058,MODELING_HISTORY,Cluster 3,0.874222355166454
PROJ_180,"Kompally Municipal Office, Hyderabad - TSPCB",Hyderabad,2025-12-19,Winter,31,82,30,19.1166666666667,47.9583333333333,2.54291666666667,82,Satisfactory,pm10,-0.16439770770229123,-1.3036391150885995,0.04121222242542924,1.1788318634460613,-1.6018973428883512,0.32925059837912235,MODELING_HISTORY,Cluster 3,1.1801942498912252
PROJ_180,"Kompally Municipal Office, Hyderabad - TSPCB",Hyderabad,2025-12-20,Winter,32,82,32,18.8916666666667,51.625,2.43458333333333,82,Satisfactory,pm10,-0.1561278772527394,-1.4741711276018163,-0.09515601514037274,1.2238270545949672,-1.432823785003694,0.3285171475578918,MODELING_HISTORY,Cluster 3,1.282587587886025
PROJ_180,"Kompally Municipal Office, Hyderabad - TSPCB",Hyderabad,2025-12-21,Winter,30,82,32,19.3083333333333,58.8333333333333,1.6875,82,Satisfactory,pm10,-0.22960896340659084,-1.4877870166010494,-0.1772554851403964,1.674856238553243,-0.8510673871253149,0.07907017508535064,MODELING_HISTORY,Cluster 3,1.5968008961495561
PROJ_180,"Kompally Municipal Office, Hyderabad - TSPCB",Hyderabad,2025-12-22,Winter,31,216,35,19.675,56.4583333333333,1.79625,177,Moderately Polluted,pm10,-2.901034501055348,-2.737911298821846,-0.1664704961329954,0.27434025986700095,-1.709758539978707,-3.1638961074543164,MODELING_HISTORY,Cluster 3,2.6238261176204953
PROJ_180,"Kompally Municipal Office, Hyderabad - TSPCB",Hyderabad,2025-12-23,Winter,32,252,34,19.6666666666667,53.7083333333333,1.88,201,Poor,pm10,-3.6537496663970623,-3.05285976739691,-0.03176104531603083,-0.11328887111503327,-2.0476677641007877,-3.979674753049311,MODELING_HISTORY,Cluster 3,3.427721457643949
PROJ_180,"Kompally Municipal Office, Hyderabad - TSPCB",Hyderabad,2025-12-24,Winter,30,73,43,20.0958333333333,54.9166666666667,2.5375,72,Satisfactory,pm10,0.07671940225460915,-1.1946164304568552,-0.8175307335921519,1.004281234730604,-1.136939090836618,0.44699399189308126,MODELING_HISTORY,Cluster 3,1.5222656163419268
PROJ_180,"Kompally Municipal Office, Hyderabad - TSPCB",Hyderabad,2025-12-25,Winter,29,74,41,19.6666666666667,53.5,1.86625,73,Satisfactory,pm10,-0.18993216369214053,-1.1794936385860353,-0.7382428227243939,1.5410384381303852,-1.0384171463094742,0.37966459053283,MODELING_HISTORY,Cluster 3,1.6302069167985245
PROJ_180,"Kompally Municipal Office, Hyderabad - TSPCB",Hyderabad,2025-12-26,Winter,30,64,37,19.4666666666667,58.2916666666667,1.64625,63,Satisfactory,pm10,0.04273928898217372,-1.2570197551037725,-0.5158397570417089,1.8020689352709829,-0.7242752811590433,0.5589317902014236,MODELING_HISTORY,Cluster 3,1.8644249065305285
PROJ_180,"Kompally Municipal Office, Hyderabad - TSPCB",Hyderabad,2025-12-27,Winter,32,65,43,19.525,58.125,1.41375,64,Satisfactory,pm10,-0.18559484748497485,-1.278896576529684,-0.8830318276363254,1.8388111762581552,-0.6064279818005517,0.6359700502945331,MODELING_HISTORY,Cluster 3,1.9370737909372437
PROJ_180,"Kompally Municipal Office, Hyderabad - TSPCB",Hyderabad,2025-12-28,Winter,30,75,39,19.2916666666667,59.5,1.71,74,Satisfactory,pm10,-0.12494558369004244,-1.4515311413005876,-0.6318338490206135,1.6567958968771257,-0.7900399611556403,0.29445970252059817,MODELING_HISTORY,Cluster 3,1.7507553770493824
PROJ_180,"Kompally Municipal Office, Hyderabad - TSPCB",Hyderabad,2025-12-29,Winter,26,104,37,18.9833333333333,60.125,1.69208333333333,102,Moderately Polluted,pm10,-0.5309102721070197,-1.7490053078008971,-0.5223724246080348,1.5428172315589364,-1.047904333930901,-0.5782405182217789,MODELING_HISTORY,Cluster 3,1.578598703348869
PROJ_180,"Kompally Municipal Office, Hyderabad - TSPCB",Hyderabad,2025-12-30,Winter,30,89,33,19.7875,59.1666666666667,1.16833333333333,89,Satisfactory,pm10,-0.5887620662811215,-1.4201033274783357,-0.2542341787040893,1.878904359141835,-0.6205738716304096,-0.14748283431787712,MODELING_HISTORY,Cluster 3,1.644324038062525
PROJ_180,"Kompally Municipal Office, Hyderabad - TSPCB",Hyderabad,2025-12-31,Winter,32,78,46,20.9333333333333,58.375,1.12958333333333,78,Satisfactory,pm10,-0.6119360085042134,-1.0861036589721418,-1.0537023002085806,1.6913918100692238,-0.361151902305335,0.23900470360979795,MODELING_HISTORY,Cluster 3,1.7712779221471049
PROJ_180,"Kompally Municipal Office, Hyderabad - TSPCB",Hyderabad,2026-01-01,Winter,31,81,37,21.4708333333333,68.5416666666667,1.84041666666667,81,Satisfactory,pm10,-0.04106309955735166,-1.319216481941026,-0.4788099694390418,1.189191122204721,-0.17625276971245335,-0.08458519314954338,MODELING_HISTORY,Cluster 3,1.3906326099438138
PROJ_180,"Kompally Municipal Office, Hyderabad - TSPCB",Hyderabad,2026-01-02,Winter,31,76,41,21.6958333333333,69.75,1.83583333333333,76,Satisfactory,pm10,0.04472367400510685,-1.2587301454255542,-0.7403313491372743,1.1654002537571442,-0.06166179761524787,0.03669195023587051,MODELING_HISTORY,Cluster 3,1.542952392082482
PROJ_180,"Kompally Municipal Office, Hyderabad - TSPCB",Hyderabad,2026-01-03,Winter,31,79,38,21.275,69.5,2.30041666666667,79,Satisfactory,pm10,0.20512181039981636,-1.4103761249105138,-0.5260524051805701,0.916074423116575,-0.3211251978630477,-0.00661095242182557,MODELING_HISTORY,Cluster 3,1.4838368000441364
PROJ_180,"Kompally Municipal Office, Hyderabad - TSPCB",Hyderabad,2026-01-04,Winter,32,81,42,20.675,66.9166666666667,2.14333333333333,81,Satisfactory,pm10,-0.0064195005155384104,-1.5018704679359476,-0.7736776981280534,1.030925339753433,-0.4479381903727227,0.07273775330585337,MODELING_HISTORY,Cluster 3,1.527185077143535
PROJ_180,"Kompally Municipal Office, Hyderabad - TSPCB",Hyderabad,2026-01-05,Winter,32,82,39,20.5666666666667,59.875,1.79,82,Satisfactory,pm10,-0.3170596959186192,-1.2974275946248737,-0.5788084085488505,1.3275832313362184,-0.6221493679096582,0.1228942897976946,MODELING_HISTORY,Cluster 3,1.3604019552787756
PROJ_180,"Kompally Municipal Office, Hyderabad - TSPCB",Hyderabad,2026-01-06,Winter,29,69,31,19.5958333333333,58.7916666666667,2.33458333333333,68,Satisfactory,pm10,0.31176860219396385,-1.322883855491343,-0.10329687776138802,1.361488595418004,-0.9842091029684004,0.3793172220231381,MODELING_HISTORY,Cluster 3,1.6589578885932375
PROJ_180,"Kompally Municipal Office, Hyderabad - TSPCB",Hyderabad,2026-01-07,Winter,33,77,36,19.0833333333333,53.125,2.16458333333333,77,Satisfactory,pm10,-0.19944948972048576,-1.4273966526060382,-0.3605679913779036,1.3570120859608874,-1.1984133842950977,0.46847888323159353,MODELING_HISTORY,Cluster 3,1.3914542531926353
PROJ_180,"Kompally Municipal Office, Hyderabad - TSPCB",Hyderabad,2026-01-08,Winter,33,80,36,18.8041666666667,50.375,2.10708333333333,80,Satisfactory,pm10,-0.3411412742058447,-1.4353156930188706,-0.3544542289106395,1.4153722066450898,-1.3455862115678634,0.4490044781179985,MODELING_HISTORY,Cluster 3,1.363539355823869
PROJ_180,"Kompally Municipal Office, Hyderabad - TSPCB",Hyderabad,2026-01-09,Winter,33,86,35,18.7583333333333,48.125,2.58166666666667,86,Satisfactory,pm10,-0.31222224045741476,-1.4798225274506631,-0.2509483313472908,1.0716272861499736,-1.6489953627472649,0.35715396220495343,MODELING_HISTORY,Cluster 3,1.1236279806172513
PROJ_180,"Kompally Municipal Office, Hyderabad - TSPCB",Hyderabad,2026-01-21,Winter,29,74,32,21.1791666666667,56.875,2.82916666666667,73,Satisfactory,pm10,0.3114663761828924,-1.0092497139565946,-0.10572554175060732,0.7794229423593549,-1.0332375917066887,0.2343343689760422,MODELING_HISTORY,Cluster 3,1.3517055914492864
PROJ_180,"Kompally Municipal Office, Hyderabad - TSPCB",Hyderabad,2026-01-22,Winter,29,71,28,20.8041666666667,54.3333333333333,2.4575,70,Satisfactory,pm10,0.19946054287827525,-0.9510599242939556,0.12782230363589064,1.1509208479750546,-1.0391652982754171,0.3195343943257478,MODELING_HISTORY,Cluster 3,1.4021948006895593
PROJ_180,"Kompally Municipal Office, Hyderabad - TSPCB",Hyderabad,2026-01-23,Winter,30,76,33,20.7541666666667,55.9583333333333,2.38916666666667,76,Satisfactory,pm10,0.04651227272100711,-1.082090990291864,-0.18125424824342212,1.0799651290073016,-0.9675767426186735,0.24092952508221352,MODELING_HISTORY,Cluster 3,1.2634848555473848
PROJ_180,"Kompally Municipal Office, Hyderabad - TSPCB",Hyderabad,2026-01-24,Winter,32,74,39,20.8541666666667,61.7916666666667,2.21458333333333,73,Satisfactory,pm10,0.04846887651747209,-1.243330974213805,-0.5686819993749743,1.0755808083800966,-0.6094616966446129,0.2994403129915327,MODELING_HISTORY,Cluster 3,1.4130936771467792
PROJ_180,"Kompally Municipal Office, Hyderabad - TSPCB",Hyderabad,2026-01-25,Winter,29,70,34,22.2,59.875,1.94125,69,Satisfactory,pm10,0.05840410014836617,-0.7568283279888794,-0.2814883718378739,1.2368361448200087,-0.4178031629595651,0.1962144015580307,MODELING_HISTORY,Cluster 3,1.403707398708163
PROJ_180,"Kompally Municipal Office, Hyderabad - TSPCB",Hyderabad,2026-01-26,Winter,31,70,31,22.6791666666667,61.2916666666667,2.73416666666667,69,Satisfactory,pm10,0.3638495074433225,-0.7941700766752093,-0.02306175918482723,0.6306927536703324,-0.543993435265251,0.24330768953754367,MODELING_HISTORY,Cluster 3,1.370584548495147
PROJ_180,"Kompally Municipal Office, Hyderabad - TSPCB",Hyderabad,2026-01-27,Winter,31,73,37,22.7125,58.7916666666667,2.4975,72,Satisfactory,pm10,0.09790323484384932,-0.7335206836324469,-0.40403647033432794,0.7075241007936794,-0.5672130564221189,0.2359155843815993,MODELING_HISTORY,Cluster 3,1.2374453332024462
PROJ_180,"Kompally Municipal Office, Hyderabad - TSPCB",Hyderabad,2026-01-28,Winter,33,82,43,22.7666666666667,57.8333333333333,1.83416666666667,82,Satisfactory,pm10,-0.47880259863380553,-0.7786653185420163,-0.781570286150885,0.958501707721798,-0.3733419764768864,0.1031233688534872,MODELING_HISTORY,Cluster 3,1.1613371311621727
PROJ_180,"Kompally Municipal Office, Hyderabad - TSPCB",Hyderabad,2026-01-29,Winter,30,83,34,22.7625,60.4166666666667,2.08833333333333,83,Satisfactory,pm10,-0.16693719623936012,-0.8126695672907933,-0.2393465263780655,0.921956610134985,-0.4262844288890214,-0.12074964868984887,MODELING_HISTORY,Cluster 3,1.0318429123728479
PROJ_180,"Kompally Municipal Office, Hyderabad - TSPCB",Hyderabad,2026-01-30,Winter,31,77,36,22.4583333333333,59.75,2.3625,77,Satisfactory,pm10,0.0057582046536582,-0.8458667432879601,-0.3493987836734416,0.7985644229504223,-0.5425969285019863,0.1207723896298728,MODELING_HISTORY,Cluster 3,1.148962509285112
PROJ_180,"Kompally Municipal Office, Hyderabad - TSPCB",Hyderabad,2026-01-31,Winter,30,77,30,21.7666666666667,60.4166666666667,2.45208333333333,77,Satisfactory,pm10,0.15828910812676433,-0.9976683344906652,0.01281948746199,0.9065092968736044,-0.6715240554752124,0.07363123945613298,MODELING_HISTORY,Cluster 3,1.2452245534334987
PROJ_180,"Kompally Municipal Office, Hyderabad - TSPCB",Hyderabad,2026-02-01,Winter,29,81,27,21.3125,65.9166666666667,2.1025,81,Satisfactory,pm10,0.14554818336125436,-1.2453225781162132,0.15317002759292195,1.187011650606896,-0.4379266962854494,-0.16426086106596086,MODELING_HISTORY,Cluster 3,1.4038728211171005
PROJ_180,"Kompally Municipal Office, Hyderabad - TSPCB",Hyderabad,2026-02-02,Winter,32,89,40,21.95,61.2916666666667,1.79541666666667,89,Satisfactory,pm10,-0.4642291469805018,-1.1043533662521972,-0.618853128708068,1.0621670529625094,-0.40431593039526975,-0.14030626035107965,MODELING_HISTORY,Cluster 3,1.1026027290141551
PROJ_180,"Kompally Municipal Office, Hyderabad - TSPCB",Hyderabad,2026-02-05,Winter,35,129,39,21.8208333333333,61.2083333333333,2.15375,119,Moderately Polluted,pm10,-1.1733821541935043,-1.6279076388220834,-0.4513247718677764,0.4181277569921675,-0.743038784960534,-1.002758412680839,MODELING_HISTORY,Cluster 3,0.8549164948787089
PROJ_180,"Kompally Municipal Office, Hyderabad - TSPCB",Hyderabad,2026-02-06,Winter,31,77,29,22.1916666666667,56.2083333333333,1.90041666666667,77,Satisfactory,pm10,-0.2046321760246347,-0.7531615915044798,0.07841408832462743,1.2208500691891528,-0.5587360927328,0.1148703683626166,MODELING_HISTORY,Cluster 3,1.1624304984775098
PROJ_180,"Kompally Municipal Office, Hyderabad - TSPCB",Hyderabad,2026-02-07,Winter,30,77,40,22.5708333333333,45.0416666666667,1.78041666666667,77,Satisfactory,pm10,-0.6031490859770576,-0.33009669220666443,-0.5955713744966542,1.212711190907635,-0.9123053578065592,0.3048498744741276,MODELING_HISTORY,Cluster 3,1.3074729498211803
PROJ_180,"Kompally Municipal Office, Hyderabad - TSPCB",Hyderabad,2026-02-09,Winter,30,59,43,22.1,39.3333333333333,1.95041666666667,58,Satisfactory,pm10,-0.33968462093938784,-0.10394665533988327,-0.7871723119134121,1.323953861488182,-1.1602730081654762,0.8970933722637008,MODELING_HISTORY,Cluster 3,1.6758622039607922
PROJ_180,"Kompally Municipal Office, Hyderabad - TSPCB",Hyderabad,2026-02-10,Winter,34,65,43,22.6583333333333,41.9583333333333,2.15666666666667,64,Satisfactory,pm10,-0.44411305396286577,-0.21532241195549448,-0.7224369486041645,0.9624475595047164,-1.0145874889237736,0.8333764255479453,MODELING_HISTORY,Cluster 3,1.3568986744517437
PROJ_180,"Kompally Municipal Office, Hyderabad - TSPCB",Hyderabad,2026-02-11,Winter,32,71,28,22.1416666666667,55.9166666666667,1.94708333333333,70,Satisfactory,pm10,-0.09765423897686464,-0.7172338079694234,0.148845212311886,1.2416045672541247,-0.5419067304673078,0.3026617144540289,MODELING_HISTORY,Cluster 3,1.2589949158043965
PROJ_180,"Kompally Municipal Office, Hyderabad - TSPCB",Hyderabad,2026-02-12,Winter,32,79,43,22.3666666666667,54.875,1.97083333333333,79,Satisfactory,pm10,-0.3974859946799862,-0.7423652464699282,-0.7854250208419475,0.9823329591007364,-0.5983879158554373,0.21686817173209832,MODELING_HISTORY,Cluster 3,1.2189430948346132
PROJ_180,"Kompally Municipal Office, Hyderabad - TSPCB",Hyderabad,2026-02-13,Winter,32,81,42,23.1875,46.75,1.90041666666667,81,Satisfactory,pm10,-0.6843270324072912,-0.33678030638876766,-0.6846934662505764,0.946371501420691,-0.7848404918171608,0.23896563863608744,MODELING_HISTORY,Cluster 3,1.1827979277444587
PROJ_180,"Kompally Municipal Office, Hyderabad - TSPCB",Hyderabad,2026-02-14,Winter,24,72,29,23.5291666666667,43.5416666666667,1.77666666666667,71,Satisfactory,pm10,-0.30361402874507065,0.1148774474661709,0.04366142907669287,1.3762618933741373,-0.9081573689702576,0.10431300812401906,MODELING_HISTORY,Cluster 3,1.6295085316724425
PROJ_180,"Kompally Municipal Office, Hyderabad - TSPCB",Hyderabad,2026-02-15,Winter,22,67,24,24.325,40.9166666666667,1.78833333333333,66,Satisfactory,pm10,-0.1906915384469776,0.4657270637909907,0.3514917713713054,1.412370339741908,-0.9056248362565156,0.11883843913591507,MODELING_HISTORY,Cluster 1,1.9178366522129369
PROJ_180,"Kompally Municipal Office, Hyderabad - TSPCB",Hyderabad,2026-02-20,Winter,30,75,34,23.7916666666667,55.25,2.67583333333333,74,Satisfactory,pm10,0.06497012488556198,-0.40155142047431297,-0.18657456404566952,0.49485492108812856,-0.6424652428147002,0.13562708084145092,MODELING_HISTORY,Cluster 3,1.2179759193234647
PROJ_180,"Kompally Municipal Office, Hyderabad - TSPCB",Hyderabad,2026-02-21,Winter,32,74,38,24.5458333333333,53.5833333333333,2.15291666666667,73,Satisfactory,pm10,-0.2840926119313302,-0.17737563061884806,-0.4303533761031075,0.676097809342048,-0.3649656424675091,0.2176471638827348,MODELING_HISTORY,Cluster 3,1.2082603781519523
PROJ_180,"Kompally Municipal Office, Hyderabad - TSPCB",Hyderabad,2026-02-22,Winter,32,77,38,25.1708333333333,51.25,2.00958333333333,77,Satisfactory,pm10,-0.4770627258204533,0.01084860233119473,-0.4178344431840493,0.6707587201246833,-0.33066337044525784,0.137959626543145,MODELING_HISTORY,Cluster 3,1.2482699817797003
PROJ_180,"Kompally Municipal Office, Hyderabad - TSPCB",Hyderabad,2026-02-23,Winter,34,83,34,24.3166666666667,62.2083333333333,1.94791666666667,83,Satisfactory,pm10,-0.34604250330194264,-0.5880344311336619,-0.18440103735768035,0.7177008596199129,-0.00496072846664558,-0.09576332988479382,MODELING_HISTORY,Cluster 3,0.8516239038871081
PROJ_180,"Kompally Municipal Office, Hyderabad - TSPCB",Hyderabad,2026-02-24,Winter,31,83,28,23.7625,63.875,2.10291666666667,83,Satisfactory,pm10,-0.08579625821517858,-0.7034993920477253,0.15628803722515097,0.8029969672672708,-0.1323442028650685,-0.2348136014088361,MODELING_HISTORY,Cluster 3,1.0223137437687366
PROJ_180,"Kompally Municipal Office, Hyderabad - TSPCB",Hyderabad,2026-02-25,Winter,29,84,32,24.6791666666667,55.625,1.28791666666667,84,Satisfactory,pm10,-0.6403593773232676,-0.16704177631475364,-0.12349648270348376,1.2504195380494971,-0.0668210746511213,-0.26934029048072394,MODELING_HISTORY,Cluster 3,1.2579983090224582
PROJ_180,"Kompally Municipal Office, Hyderabad - TSPCB",Hyderabad,2026-02-26,Winter,33,86,33,25.0083333333333,50.75,1.56125,86,Satisfactory,pm10,-0.8293296407527764,-0.0777194066702178,-0.10176661385254396,0.9335837786903768,-0.25139041576144666,-0.09315460342734562,MODELING_HISTORY,Cluster 3,1.0890889238159427
PROJ_180,"Kompally Municipal Office, Hyderabad - TSPCB",Hyderabad,2026-02-27,Winter,30,88,34,25.6166666666667,49.4166666666667,1.54291666666667,88,Satisfactory,pm10,-0.8445190655639185,0.1364623637993932,-0.1862440367169348,0.9075022386895496,-0.27081058321339474,-0.2573710050191871,MODELING_HISTORY,Cluster 3,1.274605459326505
PROJ_180,"Kompally Municipal Office, Hyderabad - TSPCB",Hyderabad,2026-02-28,Winter,31,90,34,26.0291666666667,49.9166666666667,2.14,90,Satisfactory,pm10,-0.6719973459357996,0.12281937879217784,-0.13587642514110118,0.4172266794135805,-0.4001389209215629,-0.26763454993514313,MODELING_HISTORY,Cluster 3,1.165642411665494
PROJ_180,"Kompally Municipal Office, Hyderabad - TSPCB",Hyderabad,2026-03-01,Summer / Pre-monsoon,33,87,38,26.3916666666667,50.5,2.415,87,Satisfactory,pm10,-0.592062553489097,0.1477716239717017,-0.35228761337385234,0.13217064636963827,-0.36805004293014065,-0.10558958930172392,MODELING_HISTORY,Cluster 1,1.2731033060361847
PROJ_180,"Kompally Municipal Office, Hyderabad - TSPCB",Hyderabad,2026-03-02,Summer / Pre-monsoon,32,85,38,26.7416666666667,51.0416666666667,1.68416666666667,85,Satisfactory,pm10,-0.815342725754129,0.3119317582481494,-0.4028591189812392,0.6063389777911967,-0.03623428970430009,-0.16032803168469695,MODELING_HISTORY,Cluster 1,1.2978906069320355
PROJ_180,"Kompally Municipal Office, Hyderabad - TSPCB",Hyderabad,2026-03-03,Summer / Pre-monsoon,31,84,35,27.025,45.9166666666667,1.77958333333333,84,Satisfactory,pm10,-0.8396051998332152,0.5505544736534459,-0.1992854379440667,0.5872251722463031,-0.2441784825368452,-0.12298255807162747,MODELING_HISTORY,Cluster 1,1.0676094023440184
PROJ_180,"Kompally Municipal Office, Hyderabad - TSPCB",Hyderabad,2026-03-04,Summer / Pre-monsoon,31,82,34,26.0791666666667,37.4583333333333,2.23041666666667,82,Satisfactory,pm10,-0.7940835924961236,0.5699674199847484,-0.09879819529093915,0.4773444164530309,-0.870070831330588,0.12815791177895153,MODELING_HISTORY,Cluster 1,0.9796266066024332
PROJ_180,"Kompally Municipal Office, Hyderabad - TSPCB",Hyderabad,2026-03-05,Summer / Pre-monsoon,30,85,36,26.5375,33.5833333333333,1.97541666666667,85,Satisfactory,pm10,-1.051834238864552,0.7925918439215586,-0.2281594645123418,0.5761927624885012,-0.8974145040770214,0.05346014213145297,MODELING_HISTORY,Cluster 1,0.9281168874307835
PROJ_180,"Kompally Municipal Office, Hyderabad - TSPCB",Hyderabad,2026-03-06,Summer / Pre-monsoon,30,87,39,26.4375,32.8333333333333,2.15875,87,Satisfactory,pm10,-1.0566137699111982,0.7519554685360578,-0.40509498320200654,0.4240407488115222,-1.0184971796520588,0.05264861681095117,MODELING_HISTORY,Cluster 1,0.8944686699084137
PROJ_180,"Kompally Municipal Office, Hyderabad - TSPCB",Hyderabad,2026-03-07,Summer / Pre-monsoon,30,83,34,27.1541666666667,32.9166666666667,1.925,83,Satisfactory,pm10,-1.0523936649367194,0.9766257010315864,-0.09574261011843396,0.569143816871058,-0.8032488994364451,0.06304849403538185,MODELING_HISTORY,Cluster 1,0.8152002103706022
PROJ_180,"Kompally Municipal Office, Hyderabad - TSPCB",Hyderabad,2026-03-08,Summer / Pre-monsoon,31,83,40,26.8083333333333,40.625,1.65333333333333,83,Satisfactory,pm10,-1.0378775086047929,0.6697103752407485,-0.5100208736850748,0.6823356278171507,-0.4313265687142824,0.02507562003939955,MODELING_HISTORY,Cluster 1,1.144214657972064
PROJ_180,"Kompally Municipal Office, Hyderabad - TSPCB",Hyderabad,2026-03-09,Summer / Pre-monsoon,31,90,34,26.4875,56.3333333333333,2.13125,90,Satisfactory,pm10,-0.5286607498446563,0.03899455897795875,-0.15154779525046147,0.3359317005553847,-0.07545353311835826,-0.39335543479605256,MODELING_HISTORY,Cluster 3,1.1361280387274035
PROJ_180,"Kompally Municipal Office, Hyderabad - TSPCB",Hyderabad,2026-03-11,Summer / Pre-monsoon,30,84,32,26.9166666666667,43.375,1.87458333333333,84,Satisfactory,pm10,-0.8070102890811901,0.6168602671569074,-0.00848770732676291,0.5996625676199235,-0.41388416155536656,-0.12971675821740522,MODELING_HISTORY,Cluster 1,1.0274993700727881
PROJ_180,"Kompally Municipal Office, Hyderabad - TSPCB",Hyderabad,2026-03-12,Summer / Pre-monsoon,33,82,36,28.0166666666667,36.1666666666667,1.66791666666667,82,Satisfactory,pm10,-1.1881979588920255,1.0423800369120868,-0.20147126372068627,0.5379062947695799,-0.3950488935674285,0.09899252030156304,MODELING_HISTORY,Cluster 1,0.8205300225658815
PROJ_180,"Kompally Municipal Office, Hyderabad - TSPCB",Hyderabad,2026-03-13,Summer / Pre-monsoon,30,86,29,29.0166666666667,30.8333333333333,1.83666666666667,86,Satisfactory,pm10,-1.2132282724602774,1.4353657153350197,0.25330871452346,0.4122402472779796,-0.5980604448293037,-0.12016320411325418,MODELING_HISTORY,Cluster 1,0.761235256080708
PROJ_180,"Kompally Municipal Office, Hyderabad - TSPCB",Hyderabad,2026-03-14,Summer / Pre-monsoon,29,85,38,28.3458333333333,41.8333333333333,3.01416666666667,85,Satisfactory,pm10,-0.46591790850692816,0.8847287235653539,-0.31398874346122707,-0.37927178988061727,-0.6948994928476793,-0.13757560310232,MODELING_HISTORY,Cluster 1,0.6709689904476165
PROJ_180,"Kompally Municipal Office, Hyderabad - TSPCB",Hyderabad,2026-03-15,Summer / Pre-monsoon,30,82,33,27.5166666666667,46.6666666666667,2.60958333333333,82,Satisfactory,pm10,-0.4151417038289846,0.6116886932580226,-0.0378647667467196,0.03080613859894031,-0.4479210445840811,-0.11599828505709084,MODELING_HISTORY,Cluster 1,0.8524214239642703
PROJ_180,"Kompally Municipal Office, Hyderabad - TSPCB",Hyderabad,2026-03-16,Summer / Pre-monsoon,29,82,28,26.2166666666667,53.0833333333333,2.42958333333333,82,Satisfactory,pm10,-0.21756237896094968,0.1787797225050046,0.2187912001399903,0.36274715752005127,-0.34187874969938326,-0.22810678278560728,MODELING_HISTORY,Cluster 3,1.3915238877302292
PROJ_180,"Kompally Municipal Office, Hyderabad - TSPCB",Hyderabad,2026-03-17,Summer / Pre-monsoon,31,90,32,25.1125,56.5416666666667,2.27416666666667,90,Satisfactory,pm10,-0.40834192539963193,-0.28188875719968415,-0.03646911538273568,0.44034224024519875,-0.3236417608393045,-0.328569830513292,MODELING_HISTORY,Cluster 3,0.9061610879069869
PROJ_180,"Kompally Municipal Office, Hyderabad - TSPCB",Hyderabad,2026-03-18,Summer / Pre-monsoon,31,81,30,23.2375,59.375,2.89375,81,Satisfactory,pm10,0.15914614254286308,-0.7385294487498278,0.07707902979104247,0.3679567986741699,-0.6607132792489224,-0.0280193978537793,MODELING_HISTORY,Cluster 3,1.15130654244406
PROJ_180,"Kompally Municipal Office, Hyderabad - TSPCB",Hyderabad,2026-03-19,Summer / Pre-monsoon,28,79,28,24.1583333333333,60.9166666666667,1.755,79,Satisfactory,pm10,-0.14431404327848277,-0.398937940003068,0.11249496472000968,1.0943536863140737,-0.09317637325377832,-0.23876619872251945,MODELING_HISTORY,Cluster 3,1.2408958411347213
PROJ_180,"Kompally Municipal Office, Hyderabad - TSPCB",Hyderabad,2026-03-20,Summer / Pre-monsoon,29,78,30,24.3458333333333,58.5833333333333,1.38125,78,Satisfactory,pm10,-0.3864089807643693,-0.27085929276041,-0.01363557978054737,1.2949015938565824,0.00173374128303849,-0.15787292126498736,MODELING_HISTORY,Cluster 3,1.3047553223939934
PROJ_180,"Kompally Municipal Office, Hyderabad - TSPCB",Hyderabad,2026-03-21,Summer / Pre-monsoon,27,80,30,25.3166666666667,58.5,1.54208333333333,80,Satisfactory,pm10,-0.33083710899553187,-0.046197792404793,-0.01243303616047077,1.0859804194848863,0.03758257636560624,-0.32220057147548153,MODELING_HISTORY,Cluster 3,1.341501172735001
PROJ_180,"Kompally Municipal Office, Hyderabad - TSPCB",Hyderabad,2026-03-22,Summer / Pre-monsoon,30,88,27,25.5541666666667,65.0416666666667,1.44916666666667,88,Satisfactory,pm10,-0.4325868955865865,-0.3134136431182888,0.1999446961795101,0.9793640045642564,0.3677623329485328,-0.5538174069413963,MODELING_HISTORY,Cluster 3,1.058043717821756
PROJ_180,"Kompally Municipal Office, Hyderabad - TSPCB",Hyderabad,2026-03-23,Summer / Pre-monsoon,30,153,33,26.4708333333333,57.0416666666667,2.20833333333333,135,Moderately Polluted,pm10,-1.65884105750045,-0.6128473669226849,-0.01808951910004342,-0.26787000867513366,-0.47118651875643514,-2.0054185164345393,MODELING_HISTORY,Cluster 3,1.0190574649104587
PROJ_180,"Kompally Municipal Office, Hyderabad - TSPCB",Hyderabad,2026-03-24,Summer / Pre-monsoon,31,122,24,26.9291666666667,55.375,1.39958333333333,114,Moderately Polluted,pm10,-1.398681193718213,-0.08527230170703225,0.4940744314399088,0.5650941577220561,0.0205851352160038,-1.308266772433322,MODELING_HISTORY,Cluster 3,1.1017243492493094
PROJ_180,"Kompally Municipal Office, Hyderabad - TSPCB",Hyderabad,2026-03-25,Summer / Pre-monsoon,27,77,31,27.8041666666667,52.8333333333333,1.62375,77,Satisfactory,pm10,-0.4641634251023016,0.6938021841467433,-0.02224321788576039,0.7476855905956312,0.17118708840949148,-0.2819445362183986,MODELING_HISTORY,Cluster 1,1.1338261258078177
PROJ_180,"Kompally Municipal Office, Hyderabad - TSPCB",Hyderabad,2026-03-26,Summer / Pre-monsoon,30,77,34,28.6041666666667,43.5833333333333,1.55416666666667,77,Satisfactory,pm10,-0.8626286761991044,1.081464634465603,-0.13911399303918473,0.634477041176585,0.00292652980890972,-0.05417213529007714,MODELING_HISTORY,Cluster 1,0.7919249225309634
PROJ_180,"Kompally Municipal Office, Hyderabad - TSPCB",Hyderabad,2026-03-27,Summer / Pre-monsoon,33,81,34,29.5,39.9583333333333,1.86875,81,Satisfactory,pm10,-1.0209392564305486,1.2581971939296428,-0.05733554151481328,0.22332431488328264,-0.09294901444291365,-0.01889843168478085,MODELING_HISTORY,Cluster 1,0.41291822639686704
PROJ_180,"Kompally Municipal Office, Hyderabad - TSPCB",Hyderabad,2026-03-28,Summer / Pre-monsoon,31,73,38,29.5916666666667,35.875,2.41458333333333,72,Satisfactory,pm10,-0.722876005303881,1.467417342087726,-0.30081981358004556,-0.053569339892168,-0.42290931617125616,0.2250376462142299,MODELING_HISTORY,Cluster 1,0.23570468474905967
PROJ_180,"Kompally Municipal Office, Hyderabad - TSPCB",Hyderabad,2026-03-29,Summer / Pre-monsoon,29,77,34,29.175,37.9583333333333,1.93083333333333,77,Satisfactory,pm10,-0.838115211112122,1.360299918062029,-0.10401377884274164,0.3559442505916579,-0.2881958966782156,-0.01225256200699546,MODELING_HISTORY,Cluster 1,0.4619242388793363
PROJ_180,"Kompally Municipal Office, Hyderabad - TSPCB",Hyderabad,2026-03-30,Summer / Pre-monsoon,31,76,38,29.0875,44.4166666666667,2.10708333333333,76,Satisfactory,pm10,-0.676259495655517,1.1023876122754868,-0.34903038102076284,0.15192765365158573,-0.0668653728363339,0.02706005636855116,MODELING_HISTORY,Cluster 1,0.44911122245995677
PROJ_180,"Kompally Municipal Office, Hyderabad - TSPCB",Hyderabad,2026-03-31,Summer / Pre-monsoon,30,74,40,26.9541666666667,55.7083333333333,2.58333333333333,73,Satisfactory,pm10,-0.08493967898720431,0.2975200984225378,-0.5318734712727693,0.09062006327268156,-0.11322852658771553,0.01991406446980691,MODELING_HISTORY,Cluster 1,1.3586589491698626
PROJ_180,"Kompally Municipal Office, Hyderabad - TSPCB",Hyderabad,2026-04-01,Summer / Pre-monsoon,29,79,42,27.6958333333333,55.5416666666667,2.12625,79,Satisfactory,pm10,-0.3786561589363387,0.4719842712787159,-0.6780661732976536,0.25161993023561036,0.10904951122574884,-0.18902584254318852,MODELING_HISTORY,Cluster 1,1.186264326769817
PROJ_180,"Kompally Municipal Office, Hyderabad - TSPCB",Hyderabad,2026-04-02,Summer / Pre-monsoon,28,85,25,27.2083333333333,51.1666666666667,1.96041666666667,85,Satisfactory,pm10,-0.48810443997434705,0.48837319983967,0.39613123189486943,0.572922674276106,-0.13796038037042446,-0.40997105319627336,MODELING_HISTORY,Cluster 1,1.2523503120292243
PROJ_180,"Kompally Municipal Office, Hyderabad - TSPCB",Hyderabad,2026-04-03,Summer / Pre-monsoon,32,87,28,28.25,47.3333333333333,1.845,87,Satisfactory,pm10,-0.8456102523060383,0.7356509209856305,0.27631051464700174,0.3956232218662362,-0.03433232643286127,-0.295993217433885,MODELING_HISTORY,Cluster 1,0.8891097063056379
PROJ_180,"Kompally Municipal Office, Hyderabad - TSPCB",Hyderabad,2026-04-04,Summer / Pre-monsoon,30,86,36,28.4541666666667,46.625,1.81458333333333,86,Satisfactory,pm10,-0.8670764322292825,0.8430850095977098,-0.25289687570157,0.3669089697275787,-0.04579098021808497,-0.2881267780218389,MODELING_HISTORY,Cluster 1,0.7155977225906673
PROJ_180,"Kompally Municipal Office, Hyderabad - TSPCB",Hyderabad,2026-04-05,Summer / Pre-monsoon,27,86,32,28.2375,51.3333333333333,1.79041666666667,86,Satisfactory,pm10,-0.6294432838520496,0.7264406070421969,-0.05435436847807059,0.49418078711039337,0.06278628309960022,-0.4887316972026277,MODELING_HISTORY,Cluster 1,0.8879084743434068
PROJ_180,"Kompally Municipal Office, Hyderabad - TSPCB",Hyderabad,2026-04-06,Summer / Pre-monsoon,28,87,30,28.6625,44.25,2.13208333333333,87,Satisfactory,pm10,-0.7146456198379905,0.970552698655485,0.13357612969647165,0.23123242153684564,-0.26719064542631643,-0.38468314709880974,MODELING_HISTORY,Cluster 1,0.574248999961992
PROJ_180,"Kompally Municipal Office, Hyderabad - TSPCB",Hyderabad,2026-04-07,Summer / Pre-monsoon,28,83,36,27.7833333333333,35.625,2.50166666666667,83,Satisfactory,pm10,-0.7263717162832729,1.02669155505451,-0.2157817636183788,0.118068109407856,-0.8449699625039291,-0.03942697778551436,MODELING_HISTORY,Cluster 1,0.4183461480345721
PROJ_180,"Kompally Municipal Office, Hyderabad - TSPCB",Hyderabad,2026-04-08,Summer / Pre-monsoon,28,79,27,28.4375,35.3333333333333,2.22166666666667,79,Satisfactory,pm10,-0.7158214275405625,1.2580739648938466,0.3454355807059952,0.3419837848146673,-0.6391281997457869,-0.05093900976551417,MODELING_HISTORY,Cluster 1,0.6516984395835967
PROJ_180,"Kompally Municipal Office, Hyderabad - TSPCB",Hyderabad,2026-04-09,Summer / Pre-monsoon,30,80,27,28.9791666666667,37.9583333333333,2.34,80,Satisfactory,pm10,-0.6982333450854634,1.2417308138823986,0.375278948501389,0.12975592800717323,-0.4690801191219632,-0.06708218846001208,MODELING_HISTORY,Cluster 1,0.5615336464678684
PROJ_180,"Kompally Municipal Office, Hyderabad - TSPCB",Hyderabad,2026-04-10,Summer / Pre-monsoon,29,83,39,29.2208333333333,41,1.96083333333333,83,Satisfactory,pm10,-0.9078981629268648,1.211095845329738,-0.4217579019210911,0.2136834894094547,-0.20525831441177267,-0.1737765147812181,MODELING_HISTORY,Cluster 1,0.48061003992141615
PROJ_180,"Kompally Municipal Office, Hyderabad - TSPCB",Hyderabad,2026-04-11,Summer / Pre-monsoon,30,81,39,29.9583333333333,41.9583333333333,1.84708333333333,81,Satisfactory,pm10,-0.9434414761773476,1.357029839908045,-0.4117102544591856,0.18512872425634092,0.01229240301908585,-0.1491642601859919,MODELING_HISTORY,Cluster 1,0.44162982317281346
PROJ_180,"Kompally Municipal Office, Hyderabad - TSPCB",Hyderabad,2026-04-12,Summer / Pre-monsoon,29,84,36,31.0125,38.4166666666667,2.26208333333333,84,Satisfactory,pm10,-0.8993563598401773,1.6533187780435017,-0.18061588499001,-0.1897521717130749,-0.15811012382189785,-0.25972402906297465,MODELING_HISTORY,Cluster 1,0.3311367823550828
PROJ_180,"Kompally Municipal Office, Hyderabad - TSPCB",Hyderabad,2026-04-13,Summer / Pre-monsoon,30,88,35,31.8166666666667,39.375,2.4125,88,Satisfactory,pm10,-0.938037047250836,1.7320860471372637,-0.08434771435905312,-0.4473521736490644,-0.0623691954974778,-0.3799876981719428,MODELING_HISTORY,Cluster 1,0.5275805923987911
PROJ_180,"Kompally Municipal Office, Hyderabad - TSPCB",Hyderabad,2026-04-14,Summer / Pre-monsoon,26,84,25,32.2583333333333,38.25,2.33125,84,Satisfactory,pm10,-0.7328166148461324,2.0058267413532125,0.5037435260728488,-0.22809222260410728,-0.06270774620038755,-0.5079604125234436,MODELING_HISTORY,Cluster 1,0.9043325173878916
PROJ_180,"Kompally Municipal Office, Hyderabad - TSPCB",Hyderabad,2026-04-17,Summer / Pre-monsoon,30,90,34,32.4833333333333,40.375,2.33541666666667,90,Satisfactory,pm10,-0.9946125396218802,1.8387890764238397,-0.0166517533267068,-0.4970066764221298,0.09137104959266418,-0.49275616646664705,MODELING_HISTORY,Cluster 1,0.6584663982807483
PROJ_180,"Kompally Municipal Office, Hyderabad - TSPCB",Hyderabad,2026-04-18,Summer / Pre-monsoon,30,89,28,32.2458333333333,38.3333333333333,2.10416666666667,89,Satisfactory,pm10,-1.0638935101215736,1.883707166083199,0.3541658545351645,-0.23760093262179288,0.0619278525121249,-0.47890494123475824,MODELING_HISTORY,Cluster 1,0.7632799420064729
PROJ_180,"Kompally Municipal Office, Hyderabad - TSPCB",Hyderabad,2026-04-21,Summer / Pre-monsoon,28,81,24,30.775,44.5416666666667,1.9675,81,Satisfactory,pm10,-0.6722101310965916,1.5155447611245527,0.5260378015757863,0.1748284438775189,0.14959685669972522,-0.4067320280261281,MODELING_HISTORY,Cluster 1,0.724563854694156
PROJ_180,"Kompally Municipal Office, Hyderabad - TSPCB",Hyderabad,2026-04-22,Summer / Pre-monsoon,28,77,40,31.0625,38.9583333333333,2.085,77,Satisfactory,pm10,-0.8258516129195953,1.7493576317696915,-0.46589975535778366,-0.034011824852898,-0.03893805212267332,-0.11477201409798268,MODELING_HISTORY,Cluster 1,0.5328752985112515
PROJ_180,"Kompally Municipal Office, Hyderabad - TSPCB",Hyderabad,2026-04-23,Summer / Pre-monsoon,29,78,31,30.5958333333333,41.4583333333333,1.81791666666667,78,Satisfactory,pm10,-0.8335567801538255,1.5781575264262124,0.0894359128452556,0.249021976543842,0.09401141140447876,-0.1964325297852452,MODELING_HISTORY,Cluster 1,0.4635810975468376
PROJ_180,"Kompally Municipal Office, Hyderabad - TSPCB",Hyderabad,2026-04-24,Summer / Pre-monsoon,33,81,38,31.1291666666667,37.2083333333333,1.84458333333333,81,Satisfactory,pm10,-1.1807562749100644,1.696545184512248,-0.28101467853821954,-0.0014018531132186,0.05057998995335483,-0.03674032470542435,MODELING_HISTORY,Cluster 1,0.5487243831765398
PROJ_180,"Kompally Municipal Office, Hyderabad - TSPCB",Hyderabad,2026-04-25,Summer / Pre-monsoon,29,84,39,31.4708333333333,38.7916666666667,1.51666666666667,84,Satisfactory,pm10,-1.2291841965237529,1.8027040490905604,-0.40605130869118766,0.21175243027885185,0.1954053876669729,-0.31046776502450474,MODELING_HISTORY,Cluster 1,0.7555369616827055
PROJ_180,"Kompally Municipal Office, Hyderabad - TSPCB",Hyderabad,2026-04-26,Summer / Pre-monsoon,30,80,36,32.4291666666667,38.75,1.92125,80,Satisfactory,pm10,-1.0239141278835635,2.0079330989390076,-0.17388961613566262,-0.13635714800992316,0.22934226757850856,-0.22510381078617303,MODELING_HISTORY,Cluster 1,0.6917836255167067
PROJ_180,"Kompally Municipal Office, Hyderabad - TSPCB",Hyderabad,2026-04-27,Summer / Pre-monsoon,30,84,32,32.8583333333333,36.7916666666667,2.25291666666667,84,Satisfactory,pm10,-0.9965704973851444,2.0973546576418696,0.1154020444921344,-0.40190041486842326,0.0698812693830648,-0.32700248423718004,MODELING_HISTORY,Cluster 1,0.8524022372860722
PROJ_180,"Kompally Municipal Office, Hyderabad - TSPCB",Hyderabad,2026-04-28,Summer / Pre-monsoon,28,84,37,32.0916666666667,41.375,2.27125,84,Satisfactory,pm10,-0.8318311273113841,1.8252261340792009,-0.2504993949302649,-0.33803605787672497,0.09858094222824028,-0.3929811762315815,MODELING_HISTORY,Cluster 1,0.5414819244172432
PROJ_180,"Kompally Municipal Office, Hyderabad - TSPCB",Hyderabad,2026-04-29,Summer / Pre-monsoon,33,87,37,32.5541666666667,34.2083333333333,2.3425,87,Satisfactory,pm10,-1.205154996433116,1.9988844787951312,-0.1535609220724803,-0.5503506819313495,-0.07290896745310185,-0.19511463823426997,MODELING_HISTORY,Cluster 1,0.8821469415593313
PROJ_180,"Kompally Municipal Office, Hyderabad - TSPCB",Hyderabad,2026-04-30,Summer / Pre-monsoon,33,96,36,32.5458333333333,31.6666666666667,2.36458333333333,96,Satisfactory,pm10,-1.4254376350298392,1.9786744823498776,-0.06902948669210632,-0.6268416651333489,-0.23672719903914644,-0.3840517326400201,MODELING_HISTORY,Cluster 1,1.027356400193095
PROJ_180,"Kompally Municipal Office, Hyderabad - TSPCB",Hyderabad,2026-05-01,Summer / Pre-monsoon,32,82,38,31.975,27.375,2.85625,82,Satisfactory,pm10,-1.0325982578626618,2.0951632649921383,-0.19269138976184255,-0.7267888048502362,-0.6014281695119967,0.06674068995593233,MODELING_HISTORY,Cluster 1,0.9964878148827565
PROJ_180,"Kompally Municipal Office, Hyderabad - TSPCB",Hyderabad,2026-05-02,Summer / Pre-monsoon,31,78,38,32.6375,27.8333333333333,2.75375,78,Satisfactory,pm10,-0.9748282065877276,2.29873902904968,-0.207519019319503,-0.689546400352798,-0.4416231863217329,0.0810137075278498,MODELING_HISTORY,Cluster 1,1.126111549073373
PROJ_180,"Kompally Municipal Office, Hyderabad - TSPCB",Hyderabad,2026-05-03,Summer / Pre-monsoon,30,79,30,32.2666666666667,30.2083333333333,2.56,79,Satisfactory,pm10,-0.906659124424234,2.1851826164331674,0.2664212882563557,-0.4338241248807647,-0.3601194599152173,-0.06510473775649073,MODELING_HISTORY,Cluster 1,0.9735289153739499
PROJ_180,"Kompally Municipal Office, Hyderabad - TSPCB",Hyderabad,2026-05-04,Summer / Pre-monsoon,30,91,32,31.2625,34.875,2.47541666666667,91,Satisfactory,pm10,-1.0422609707287902,1.7081068388884482,0.1207781768699027,-0.396180337531186,-0.36447776124084186,-0.37192592696884624,MODELING_HISTORY,Cluster 1,0.5676447530754208
PROJ_180,"Kompally Municipal Office, Hyderabad - TSPCB",Hyderabad,2026-05-07,Summer / Pre-monsoon,28,75,35,29.4208333333333,53.25,2.66958333333333,74,Satisfactory,pm10,-0.10365972421503064,0.9475229587371028,-0.19002993142478655,-0.1979313237170485,0.08081624833496684,-0.20323448674505265,MODELING_HISTORY,Cluster 1,0.8147503354273279
PROJ_180,"Kompally Municipal Office, Hyderabad - TSPCB",Hyderabad,2026-05-08,Summer / Pre-monsoon,10,63,37,29.1916666666667,53.2916666666667,2.97041666666667,62,Satisfactory,pm10,0.7848552176894332,1.3525284463988698,-0.5316230572742557,0.11014002607937762,-0.30016728982401514,-0.5149226278476148,MODELING_HISTORY,Cluster 1,1.6501559910358918
PROJ_180,"Kompally Municipal Office, Hyderabad - TSPCB",Hyderabad,2026-05-09,Summer / Pre-monsoon,10,81,39,29.3708333333333,53.625,2.29708333333333,81,Satisfactory,pm10,0.1516207508352333,1.2528193229308051,-0.6704726754952444,0.34387131349005345,-0.12351508887620312,-0.9995567205834012,MODELING_HISTORY,Cluster 1,1.192815534602302
PROJ_180,"Kompally Municipal Office, Hyderabad - TSPCB",Hyderabad,2026-05-12,Summer / Pre-monsoon,10,80,30,30.5291666666667,51.75,2.48083333333333,80,Satisfactory,pm10,0.2368144482769117,1.5726668852392556,-0.0683237461532978,0.17438477440104766,-0.09091724352150296,-1.0621444298837563,MODELING_HISTORY,Cluster 1,1.0923860945104689
PROJ_180,"Kompally Municipal Office, Hyderabad - TSPCB",Hyderabad,2026-05-13,Summer / Pre-monsoon,11,82,31,31.5541666666667,48.875,2.33708333333333,82,Satisfactory,pm10,-8.27385323791896e-4,1.854181308673397,-0.1014957223814036,0.09736465994689916,0.00524335393852895,-1.0868302160145111,MODELING_HISTORY,Cluster 1,0.9590658652818305
PROJ_180,"Kompally Municipal Office, Hyderabad - TSPCB",Hyderabad,2026-05-14,Summer / Pre-monsoon,11,85,38,31.9,46.125,1.91708333333333,85,Satisfactory,pm10,-0.364562877358478,2.0055518086661013,-0.5506717299719818,0.24565125398743537,0.08518559413866439,-1.1102787059825725,MODELING_HISTORY,Cluster 1,0.9593385433395835
PROJ_180,"Kompally Municipal Office, Hyderabad - TSPCB",Hyderabad,2026-05-15,Summer / Pre-monsoon,10,86,35,32.1375,49.0833333333333,1.93416666666667,86,Satisfactory,pm10,-0.2554782081793043,1.9852785362901983,-0.37645782477368406,0.23180526500037857,0.20628589828305044,-1.250958492739982,MODELING_HISTORY,Cluster 1,0.9320142442197076
PROJ_180,"Kompally Municipal Office, Hyderabad - TSPCB",Hyderabad,2026-05-17,Summer / Pre-monsoon,10,77,27,31.1708333333333,51.625,2.41833333333333,77,Satisfactory,pm10,0.2716447629488057,1.759191469633088,0.1241872888356578,0.18864137357024713,0.03817942908859571,-1.0454006050666875,MODELING_HISTORY,Cluster 1,1.2013601549775526
PROJ_180,"Kompally Municipal Office, Hyderabad - TSPCB",Hyderabad,2026-05-18,Summer / Pre-monsoon,10,84,36,31.8,48.875,2.20833333333333,84,Satisfactory,pm10,-0.10932081712067684,1.912166135262434,-0.43171064460425745,0.10484968753049892,0.06143203347432943,-1.1574101857514183,MODELING_HISTORY,Cluster 1,0.9617597798155223
PROJ_180,"Kompally Municipal Office, Hyderabad - TSPCB",Hyderabad,2026-05-19,Summer / Pre-monsoon,21,82,36,32.8791666666667,45.9583333333333,2.20416666666667,82,Satisfactory,pm10,-0.5096658343725757,2.035788505030852,-0.28022585032038744,-0.23846047566924428,0.31053269137506706,-0.7222108939171755,MODELING_HISTORY,Cluster 1,0.7666100892075689
PROJ_180,"Kompally Municipal Office, Hyderabad - TSPCB",Hyderabad,2026-05-20,Summer / Pre-monsoon,28,75,35,33.5,41,3.4425,74,Satisfactory,pm10,-0.21994834568998645,2.145378009971931,-0.05154145687686586,-1.1918517413307317,-0.0779345906436254,-0.18909071172649375,MODELING_HISTORY,Cluster 1,1.4625277679352846
PROJ_180,"Kompally Municipal Office, Hyderabad - TSPCB",Hyderabad,2026-05-21,Summer / Pre-monsoon,30,77,38,34.0458333333333,37.375,3.51541666666667,77,Satisfactory,pm10,-0.42096217865732055,2.3008403188380977,-0.19233373857639835,-1.3865355473982055,-0.14231338422102113,-0.11352384633152612,MODELING_HISTORY,Cluster 1,1.6372923523679317
PROJ_180,"Kompally Municipal Office, Hyderabad - TSPCB",Hyderabad,2026-05-22,Summer / Pre-monsoon,29,84,32,32.85,45.3333333333333,5.3675,84,Satisfactory,pm10,0.5057601743977818,1.605292335249725,0.2420530779228892,-2.4713765734596267,-0.7361275983377,-0.322999688455896,MODELING_HISTORY,Cluster 1,2.7361917878807414
PROJ_180,"Kompally Municipal Office, Hyderabad - TSPCB",Hyderabad,2026-05-23,Summer / Pre-monsoon,30,88,32,32.6208333333333,45.3333333333333,4.54041666666667,88,Satisfactory,pm10,0.07099706957009,1.5629868855167308,0.21140040606150168,-1.9537271199328887,-0.4778290754775123,-0.4196666951975051,MODELING_HISTORY,Cluster 1,2.0785857836305235
PROJ_180,"Kompally Municipal Office, Hyderabad - TSPCB",Hyderabad,2026-05-24,Summer / Pre-monsoon,31,87,32,31.8708333333333,47.3333333333333,4.95708333333333,87,Satisfactory,pm10,0.300925816235153,1.29308210619637,0.2272883102190565,-2.1509297311079765,-0.637117399005261,-0.3261562335026282,MODELING_HISTORY,Cluster 1,2.348118502135216
PROJ_180,"Kompally Municipal Office, Hyderabad - TSPCB",Hyderabad,2026-05-25,Summer / Pre-monsoon,30,82,37,31.8666666666667,45.4166666666667,4.01916666666667,82,Satisfactory,pm10,-0.03960318736475909,1.4906989985778694,-0.15228031673974166,-1.503636647220309,-0.3597317303276152,-0.2246389171158757,MODELING_HISTORY,Cluster 1,1.5972064731787758
PROJ_180,"Kompally Municipal Office, Hyderabad - TSPCB",Hyderabad,2026-05-26,Summer / Pre-monsoon,30,85,37,31.7375,48.3333333333333,3.16875,85,Satisfactory,pm10,-0.36427384213578895,1.41820147524359,-0.2056440698437102,-0.9653072754694876,0.02568366750590886,-0.38509447815746106,MODELING_HISTORY,Cluster 1,0.9700787664476063
PROJ_180,"Kompally Municipal Office, Hyderabad - TSPCB",Hyderabad,2026-05-28,Summer / Pre-monsoon,26,80,30,30.8333333333333,55.3333333333333,3.66458333333333,80,Satisfactory,pm10,0.3125575328772841,1.11387484185424,0.17600350698632972,-1.0041991277922242,-0.05396657228544349,-0.4890563365118374,MODELING_HISTORY,Cluster 1,1.4775584694518504
PROJ_180,"Kompally Municipal Office, Hyderabad - TSPCB",Hyderabad,2026-05-29,Summer / Pre-monsoon,29,83,35,31.45,51.5416666666667,3.37875,83,Satisfactory,pm10,-0.1054462537017073,1.28684968206802,-0.09642521233377042,-1.0205432362667797,0.02756366858898001,-0.4089771298618049,MODELING_HISTORY,Cluster 1,1.1502251525459817
PROJ_180,"Kompally Municipal Office, Hyderabad - TSPCB",Hyderabad,2026-05-31,Summer / Pre-monsoon,29,81,27,31.125,47.0833333333333,3.66708333333333,81,Satisfactory,pm10,0.01289484285717068,1.3519163873740414,0.4348733955292467,-1.0540030731964296,-0.29308500506620583,-0.31311005081405696,MODELING_HISTORY,Cluster 1,1.3626332069025526
PROJ_180,"Kompally Municipal Office, Hyderabad - TSPCB",Hyderabad,2026-06-01,Monsoon,26,81,33,30.8625,43.125,2.33416666666667,81,Satisfactory,pm10,-0.5749747187178829,1.5725446540643642,-0.04330012808039894,-0.1166234028061524,-0.05602772692235797,-0.37700862844568295,MODELING_HISTORY,Cluster 1,0.31604405475053565
PROJ_180,"Kompally Municipal Office, Hyderabad - TSPCB",Hyderabad,2026-06-02,Monsoon,28,78,33,30.6541666666667,47.7083333333333,2.16791666666667,78,Satisfactory,pm10,-0.5235900646104009,1.3973026634278811,-0.0506751303302847,-0.0137947420485664,0.2068962642564515,-0.29986186820973154,MODELING_HISTORY,Cluster 1,0.29656549658445347
PROJ_180,"Kompally Municipal Office, Hyderabad - TSPCB",Hyderabad,2026-06-03,Monsoon,26,80,34,30.375,50.5416666666667,3.1825,80,Satisfactory,pm10,-0.02091569527396963,1.185974676179623,-0.09406014772532634,-0.6442121265664638,-0.1351117936936495,-0.387525181684811,MODELING_HISTORY,Cluster 1,0.9609825763278388
PROJ_180,"Kompally Municipal Office, Hyderabad - TSPCB",Hyderabad,2026-06-04,Monsoon,31,86,34,29.7666666666667,56.4166666666667,3.38958333333333,86,Satisfactory,pm10,-0.03898497711904925,0.7005310296780578,-0.04438599948444496,-0.8882545787919247,-0.01682787171292493,-0.40272747473918685,MODELING_HISTORY,Cluster 1,1.275228920021222
PROJ_180,"Kompally Municipal Office, Hyderabad - TSPCB",Hyderabad,2026-06-05,Monsoon,26,84,21,28.975,62.2916666666667,3.20041666666667,84,Satisfactory,pm10,0.3506108662766602,0.5098547241339351,0.6787634020685006,-0.4336003821647788,0.08486629063071621,-0.6868500017271589,MODELING_HISTORY,Cluster 2,1.653755339089343
PROJ_180,"Kompally Municipal Office, Hyderabad - TSPCB",Hyderabad,2026-06-06,Monsoon,27,82,31,29.1875,61.0416666666667,3.1175,82,Satisfactory,pm10,0.20663514691142,0.5860964893578415,0.05578558140007574,-0.5006322703021726,0.13126536619906581,-0.5260875374927856,MODELING_HISTORY,Cluster 1,1.337239393110783
PROJ_180,"Kompally Municipal Office, Hyderabad - TSPCB",Hyderabad,2026-06-07,Monsoon,25,79,25,29.1208333333333,64.375,3.67166666666667,79,Satisfactory,pm10,0.6830630827858488,0.5074266773696057,0.4269746018151131,-0.7434143044476106,0.0330702146245414,-0.5847132994254587,MODELING_HISTORY,Cluster 2,1.3866853668687043
PROJ_180,"Kompally Municipal Office, Hyderabad - TSPCB",Hyderabad,2026-06-08,Monsoon,26,86,35,28.0708333333333,67.5,3.66083333333333,86,Satisfactory,pm10,0.5414538368854009,0.07795817289744879,-0.2126517120177527,-0.7940895517679377,-0.01442248511299321,-0.6433802668828216,MODELING_HISTORY,Cluster 2,1.2958319679926094
PROJ_180,"Kompally Municipal Office, Hyderabad - TSPCB",Hyderabad,2026-06-09,Monsoon,27,81,31,27.8583333333333,71.7916666666667,4.2116666666666696,81,Satisfactory,pm10,0.9767104858724932,-0.10370652382530152,0.05899281953571587,-1.0844650002110152,-0.03012443492960026,-0.5367052022966559,MODELING_HISTORY,Cluster 2,1.0710196894697583
PROJ_180,"Kompally Municipal Office, Hyderabad - TSPCB",Hyderabad,2026-06-10,Monsoon,23,70,27,29.0083333333333,64.0833333333333,4.58291666666667,69,Satisfactory,pm10,1.2653215207925677,0.5434228273225297,0.31330261100871154,-1.2221662586118762,-0.3043388602159517,-0.35821702855234444,MODELING_HISTORY,Cluster 2,1.3475579374566036
PROJ_180,"Kompally Municipal Office, Hyderabad - TSPCB",Hyderabad,2026-06-11,Monsoon,27,74,29,29.8083333333333,58.9583333333333,2.815,73,Satisfactory,pm10,0.18465705964669893,0.894650502420682,0.17183450391607988,-0.28032927102100463,0.29687843044093143,-0.35975333395431996,MODELING_HISTORY,Cluster 1,1.1355399028933728
PROJ_180,"Kompally Municipal Office, Hyderabad - TSPCB",Hyderabad,2026-06-12,Monsoon,24,77,30,29.9291666666667,56.7083333333333,3.03375,77,Satisfactory,pm10,0.23754276558252332,0.9969253463573116,0.097735409703088,-0.4043756393631591,0.07738317679945361,-0.4948506800961635,MODELING_HISTORY,Cluster 1,1.1550814224301074
PROJ_180,"Kompally Municipal Office, Hyderabad - TSPCB",Hyderabad,2026-06-13,Monsoon,23,63,19,28.0125,66.9166666666667,3.13041666666667,62,Satisfactory,pm10,0.979633003842641,0.4449852941119104,0.7111746040595999,-0.00275373643531368,0.2223620772144679,-0.3131340655514081,MODELING_HISTORY,Cluster 2,1.220927516765607
PROJ_180,"Kompally Municipal Office, Hyderabad - TSPCB",Hyderabad,2026-06-14,Monsoon,26,70,32,28.3208333333333,63,3.74791666666667,69,Satisfactory,pm10,0.7902410986260933,0.4245635557711416,-0.01938806893363505,-0.6884973950418242,-0.0928169132445501,-0.2061544276258135,MODELING_HISTORY,Cluster 2,1.1845807980275236
PROJ_180,"Kompally Municipal Office, Hyderabad - TSPCB",Hyderabad,2026-06-17,Monsoon,27,78,22,30.2333333333333,49.7083333333333,2.76416666666667,78,Satisfactory,pm10,-0.1004607914518519,1.2315958709856871,0.6554234082244756,-0.23331931192307853,-0.01473975366660014,-0.3900353807399146,MODELING_HISTORY,Cluster 1,1.0517795535812526
PROJ_180,"Kompally Municipal Office, Hyderabad - TSPCB",Hyderabad,2026-06-18,Monsoon,24,72,12,30.0041666666667,54.125,2.635,71,Satisfactory,pm10,0.2526120580774604,1.1994207646787771,1.222418831304977,0.07943038476671199,0.15110720100709937,-0.48528958696023383,MODELING_HISTORY,Cluster 1,1.7147275767385988
PROJ_180,"Kompally Municipal Office, Hyderabad - TSPCB",Hyderabad,2026-06-19,Monsoon,24,72,12,30.4041666666667,52.2083333333333,2.58333333333333,71,Satisfactory,pm10,0.1718182654947693,1.3484001641438013,1.231554311034916,0.06911300813029427,0.15330292989362135,-0.4798034094373709,MODELING_HISTORY,Cluster 1,1.6652075333181329
PROJ_180,"Kompally Municipal Office, Hyderabad - TSPCB",Hyderabad,2026-06-20,Monsoon,28,73,26,30.3916666666667,55.9166666666667,2.47125,72,Satisfactory,pm10,-0.03421897073665281,1.1360670243049449,0.372554502311698,-0.1004045917555946,0.40908821989279887,-0.32324677813849406,MODELING_HISTORY,Cluster 1,0.9302529526946884
PROJ_180,"Kompally Municipal Office, Hyderabad - TSPCB",Hyderabad,2026-06-21,Monsoon,30,72,28,27.9333333333333,68.125,2.42416666666667,71,Satisfactory,pm10,0.2684594434451084,0.20565485600271444,0.19073359665496376,0.14913526488372636,0.5859446128807282,-0.2724244963178861,MODELING_HISTORY,Cluster 2,1.5216210457296206
PROJ_180,"Kompally Municipal Office, Hyderabad - TSPCB",Hyderabad,2026-06-22,Monsoon,27,71,28,29.5666666666667,58.8333333333333,3.25916666666667,70,Satisfactory,pm10,0.4343018560481606,0.8392245139924479,0.25244279056764174,-0.5039221131571187,0.11306396804207412,-0.2527112574310175,MODELING_HISTORY,Cluster 1,1.4412668345126927
PROJ_180,"Kompally Municipal Office, Hyderabad - TSPCB",Hyderabad,2026-06-26,Monsoon,23,65,26,26.9916666666667,71.5833333333333,3.45291666666667,64,Satisfactory,pm10,1.161622363075799,0.02468018829764656,0.25698122953520397,-0.18723075248300525,0.13064062209192384,-0.3125831246313722,MODELING_HISTORY,Cluster 2,0.6153278295494203
PROJ_180,"Kompally Municipal Office, Hyderabad - TSPCB",Hyderabad,2026-06-27,Monsoon,25,73,28,26.1375,80.7083333333333,2.87583333333333,72,Satisfactory,pm10,0.9511055463250214,-0.5066732624478031,0.09051546886229056,0.1313885925338391,0.5611766946900171,-0.5530508971780912,MODELING_HISTORY,Cluster 2,0.8290831729988853
PROJ_180,"Kompally Municipal Office, Hyderabad - TSPCB",Hyderabad,2026-06-28,Monsoon,25,76,23,26.5458333333333,83.0416666666667,2.38791666666667,76,Satisfactory,pm10,0.7828603144809282,-0.4659551774285746,0.3833732251340038,0.4104860785716126,0.869728909556414,-0.7489924713609607,MODELING_HISTORY,Cluster 2,1.161445941451364
PROJ_180,"Kompally Municipal Office, Hyderabad - TSPCB",Hyderabad,2026-06-29,Monsoon,23,71,18,26.6083333333333,76.75,3.29208333333333,70,Satisfactory,pm10,1.186478160384853,-0.2467224732046756,0.7413224311964499,-0.03098898709724951,0.29629194575483997,-0.5876902294489526,MODELING_HISTORY,Cluster 2,0.8739958204965478
PROJ_180,"Kompally Municipal Office, Hyderabad - TSPCB",Hyderabad,2026-06-30,Monsoon,24,70,28,26.1875,76.25,5.29333333333333,69,Satisfactory,pm10,1.902778006482162,-0.5187157485691614,0.22027436293824565,-1.4032025581704732,-0.4802961059422671,-0.3131236050457179,MODELING_HISTORY,Cluster 2,1.2080498444336798
PROJ_180,"Kompally Municipal Office, Hyderabad - TSPCB",Hyderabad,2026-07-02,Monsoon,26,65,25,24.9375,83.625,5.51833333333333,64,Satisfactory,pm10,2.2762714930298333,-1.0148453795761403,0.39816863625945986,-1.38633716703938,-0.39234372942541507,-0.17336129918783416,MODELING_HISTORY,Cluster 2,1.5290184209316116
PROJ_180,"Kompally Municipal Office, Hyderabad - TSPCB",Hyderabad,2026-07-04,Monsoon,21,60,26,23.6,90.0416666666667,6.47083333333333,59,Satisfactory,pm10,3.1010634632644556,-1.4284736607112178,0.2806465445083582,-1.723028322706754,-0.7375268863074558,-0.1983725481077682,MODELING_HISTORY,Cluster 2,2.3753716585876656
PROJ_180,"Kompally Municipal Office, Hyderabad - TSPCB",Hyderabad,2026-07-05,Monsoon,27,60,31,25.025,78.3333333333333,6.70416666666667,59,Satisfactory,pm10,2.637927898737968,-0.9193181142536578,0.10523599217389368,-2.191286704838275,-0.9666219782401791,0.17393048723786886,MODELING_HISTORY,Cluster 2,2.2635905191517836
PROJ_180,"Kompally Municipal Office, Hyderabad - TSPCB",Hyderabad,2026-07-06,Monsoon,25,66,31,26.2541666666667,72.6666666666667,6.19041666666667,65,Satisfactory,pm10,2.196231780688204,-0.4589968865019547,0.0975717350534782,-2.002350915124394,-0.8933318651585053,-0.0537753311251033,MODELING_HISTORY,Cluster 2,1.8350943733329539
PROJ_180,"Kompally Municipal Office, Hyderabad - TSPCB",Hyderabad,2026-07-08,Monsoon,24,49,24,27.1875,69.9583333333333,6.155,49,Good,pm10,2.501988381211624,0.03396763261978891,0.5285236178334858,-1.8439069752957653,-0.7688258305863005,0.27160659100022955,MODELING_HISTORY,Cluster 2,1.8925929148290248
PROJ_180,"Kompally Municipal Office, Hyderabad - TSPCB",Hyderabad,2026-07-09,Monsoon,21,60,26,26.6875,74.5,4.31125,59,Satisfactory,pm10,1.747462306853235,-0.10861206711415522,0.2591614178466911,-0.6371501487083331,-0.11412164566098582,-0.24240477034195215,MODELING_HISTORY,Cluster 2,0.4807850721654385
PROJ_180,"Kompally Municipal Office, Hyderabad - TSPCB",Hyderabad,2026-07-10,Monsoon,22,59,28,27.6208333333333,65.9583333333333,4.14833333333333,58,Satisfactory,pm10,1.4128740760922516,0.3479543302154886,0.17537471350239298,-0.6475545702494422,-0.23018870914603723,-0.09293358041804892,MODELING_HISTORY,Cluster 2,0.7832689157098393
PROJ_180,"Kompally Municipal Office, Hyderabad - TSPCB",Hyderabad,2026-07-11,Monsoon,20,56,19,28.0333333333333,63.375,4.55375,55,Satisfactory,pm10,1.691222404595492,0.5646377925054378,0.7554338634609657,-0.8012726774093942,-0.4389957474778815,-0.11459093887805204,MODELING_HISTORY,Cluster 2,1.2353235236379128
PROJ_180,"Kompally Municipal Office, Hyderabad - TSPCB",Hyderabad,2026-07-12,Monsoon,19,54,25,28.3083333333333,58.4583333333333,4.935,53,Satisfactory,pm10,1.7340273410072615,0.7684058470645844,0.4008778873035847,-1.086245136930235,-0.7326594235174552,0.0249913929166145,MODELING_HISTORY,Cluster 2,1.3851615319466053
PROJ_180,"Kompally Municipal Office, Hyderabad - TSPCB",Hyderabad,2026-07-13,Monsoon,21,59,28,28.575,59.9583333333333,4.84666666666667,58,Satisfactory,pm10,1.546480290554713,0.6958394978906283,0.2342553821998287,-1.1871475957249835,-0.5955047881735933,-0.04796292365261354,MODELING_HISTORY,Cluster 2,1.361473408916581
PROJ_180,"Kompally Municipal Office, Hyderabad - TSPCB",Hyderabad,2026-07-14,Monsoon,22,60,30,27.9333333333333,59.6666666666667,4.56333333333333,59,Satisfactory,pm10,1.37812923533308,0.5522238322852656,0.09730798042026356,-0.964600538292684,-0.5873747069496815,0.00124883594880725,MODELING_HISTORY,Cluster 2,1.12092111550681
PROJ_180,"Kompally Municipal Office, Hyderabad - TSPCB",Hyderabad,2026-07-15,Monsoon,23,57,24,28.1458333333333,55.5,4.305,56,Satisfactory,pm10,1.2397506407099357,0.76145981656687,0.48920645279932606,-0.7402992857336537,-0.595038958686002,0.1083553580809822,MODELING_HISTORY,Cluster 2,1.2962006496217138
PROJ_180,"Kompally Municipal Office, Hyderabad - TSPCB",Hyderabad,2026-07-16,Monsoon,22,60,25,27.6791666666667,63.8333333333333,4.34125,59,Satisfactory,pm10,1.440947098229143,0.4005988166246295,0.3853815459809943,-0.7540131092922501,-0.3826903754030241,-0.0983267493932726,MODELING_HISTORY,Cluster 2,0.9312939532825886
PROJ_180,"Kompally Municipal Office, Hyderabad - TSPCB",Hyderabad,2026-07-17,Monsoon,22,63,26,24.65,86.4583333333333,3.32958333333333,62,Satisfactory,pm10,1.6229038198169368,-0.8772592993063412,0.15407191188502997,0.17881180703850297,0.4105750376029973,-0.4122404056630381,MODELING_HISTORY,Cluster 2,0.7537505400404272
PROJ_180,"Kompally Municipal Office, Hyderabad - TSPCB",Hyderabad,2026-07-18,Monsoon,25,60,27,24.8666666666667,82.1666666666667,4.44,59,Satisfactory,pm10,1.9168801293877085,-0.8291871146446762,0.1990754823217821,-0.610647039179815,-0.05752736790460433,-0.10467328394148116,MODELING_HISTORY,Cluster 2,0.7253926468873889
PROJ_180,"Kompally Municipal Office, Hyderabad - TSPCB",Hyderabad,2026-07-19,Monsoon,27,73,27,26.2666666666667,74.5416666666667,4.23625,72,Satisfactory,pm10,1.290223879031191,-0.4521413405771424,0.2730217536973987,-0.7908837147588519,-0.12055805904581318,-0.3224187063988592,MODELING_HISTORY,Cluster 2,0.6991137855698975
PROJ_180,"Kompally Municipal Office, Hyderabad - TSPCB",Hyderabad,2026-07-23,Monsoon,23,57,28,25.1125,74.9166666666667,5.44666666666667,56,Satisfactory,pm10,2.2449847241402905,-0.5791017289499074,0.18987488875636296,-1.2160863583773214,-0.6875699662185799,0.06068920416199785,MODELING_HISTORY,Cluster 2,1.1773056221881673
PROJ_180,"Kompally Municipal Office, Hyderabad - TSPCB",Hyderabad,2026-07-24,Monsoon,25,60,29,26.0708333333333,69.625,5.85375,59,Satisfactory,pm10,2.121850721885409,-0.31891438141540596,0.20650821036788375,-1.668487101164211,-0.8843585219678501,0.11954471150019018,MODELING_HISTORY,Cluster 2,1.4954183832957253
PROJ_180,"Kompally Municipal Office, Hyderabad - TSPCB",Hyderabad,2026-07-25,Monsoon,23,66,29,26.1291666666667,70.5416666666667,4.52625,65,Satisfactory,pm10,1.551189443202439,-0.24172138605513424,0.11705292329030252,-0.8164060088755832,-0.43048525913141056,-0.1932021561978059,MODELING_HISTORY,Cluster 2,0.5676344935929682
PROJ_180,"Kompally Municipal Office, Hyderabad - TSPCB",Hyderabad,2026-07-26,Monsoon,19,61,20,25.8458333333333,77.7916666666667,4.64458333333333,60,Satisfactory,pm10,2.0794877974945347,-0.380597028954298,0.6130962612706689,-0.6693315863073727,-0.2729036729158026,-0.369981107794401,MODELING_HISTORY,Cluster 2,0.8386944481695836
PROJ_180,"Kompally Municipal Office, Hyderabad - TSPCB",Hyderabad,2026-07-29,Monsoon,19,54,23,23.4208333333333,94.25,5.78875,53,Satisfactory,pm10,3.136963024806004,-1.427284970729665,0.3867285234968232,-1.1397297193345497,-0.3518755727099745,-0.23761120434304545,MODELING_HISTORY,Cluster 2,2.108848825771207
PROJ_180,"Kompally Municipal Office, Hyderabad - TSPCB",Hyderabad,2026-08-02,Monsoon,23,51,19,26.4416666666667,75.1666666666667,4.09458333333333,50,Good,pm10,1.8545011824928348,-0.10274285002997424,0.6984542008003114,-0.3567480364555756,0.03887879978906944,-0.00591890351964939,MODELING_HISTORY,Cluster 2,0.7268028590657519
PROJ_180,"Kompally Municipal Office, Hyderabad - TSPCB",Hyderabad,2026-08-03,Monsoon,26,54,23,26.1208333333333,79.0416666666667,3.87125,53,Satisfactory,pm10,1.689760941683701,-0.3648004067137395,0.45432441323064826,-0.3139339310821885,0.26137990761547686,0.00120142296441139,MODELING_HISTORY,Cluster 2,0.4355773280879855
PROJ_180,"Kompally Municipal Office, Hyderabad - TSPCB",Hyderabad,2026-08-04,Monsoon,26,50,24,25.1625,84.1666666666667,3.72166666666667,50,Good,pm10,1.8554321097672113,-0.6748576756997525,0.34739945950984313,-0.08359184388103291,0.4002755619084673,0.07085924479572392,MODELING_HISTORY,Cluster 2,0.5774842285047517
PROJ_180,"Kompally Municipal Office, Hyderabad - TSPCB",Hyderabad,2026-08-05,Monsoon,18,53,17,25.4916666666667,83.5416666666667,4.04041666666667,52,Satisfactory,pm10,2.1991476731118507,-0.4694379295256089,0.7250372560035357,-0.12386030239315092,0.14888261950600595,-0.33370159770463176,MODELING_HISTORY,Cluster 2,0.919666909110291
PROJ_180,"Kompally Municipal Office, Hyderabad - TSPCB",Hyderabad,2026-08-06,Monsoon,19,56,21,25.8625,78.5,4.19375,55,Satisfactory,pm10,2.0031239270800727,-0.3099755024898141,0.5169016853037667,-0.34022132753945,-0.04928573606152536,-0.2759043990159219,MODELING_HISTORY,Cluster 2,0.6098480539172496
PROJ_180,"Kompally Municipal Office, Hyderabad - TSPCB",Hyderabad,2026-08-07,Monsoon,21,57,21,25.2041666666667,79.4166666666667,4.65791666666667,56,Satisfactory,pm10,2.153539200302829,-0.572585254823211,0.5545609119495767,-0.6161558952411645,-0.2495183603118312,-0.18113078918613595,MODELING_HISTORY,Cluster 2,0.862945027103505
PROJ_180,"Kompally Municipal Office, Hyderabad - TSPCB",Hyderabad,2026-08-08,Monsoon,21,59,24,25.3333333333333,77.6666666666667,4.02125,58,Satisfactory,pm10,1.7856429833803389,-0.46419000921082,0.34010922534712607,-0.25284997967716505,-0.07997373058909307,-0.22436081688833256,MODELING_HISTORY,Cluster 2,0.38655910706855484
PROJ_180,"Kompally Municipal Office, Hyderabad - TSPCB",Hyderabad,2026-08-09,Monsoon,16,58,16,26.2958333333333,71.9166666666667,4.47625,57,Satisfactory,pm10,2.0321025971781186,0.00126458950277053,0.8446759811979521,-0.4621336591245277,-0.4138339993826678,-0.374598791264065,MODELING_HISTORY,Cluster 2,0.9642714416017097
PROJ_180,"Kompally Municipal Office, Hyderabad - TSPCB",Hyderabad,2026-08-13,Monsoon,22,60,27,25.6541666666667,79,4.17791666666667,59,Satisfactory,pm10,1.7987867850487027,-0.4795210926048523,0.17105517938382453,-0.4634834264933403,-0.02339211997147416,-0.22099558936218916,MODELING_HISTORY,Cluster 2,0.35192870891878264
PROJ_180,"Kompally Municipal Office, Hyderabad - TSPCB",Hyderabad,2026-08-14,Monsoon,19,63,24,25.6291666666667,75.9583333333333,4.94416666666667,62,Satisfactory,pm10,2.089913657278524,-0.42693077035911053,0.3809401903176969,-0.8879986002729294,-0.4955746717186612,-0.3339023008291522,MODELING_HISTORY,Cluster 2,0.8567100823906121
PROJ_180,"Kompally Municipal Office, Hyderabad - TSPCB",Hyderabad,2026-08-15,Monsoon,19,63,23,26.0458333333333,74.2916666666667,4.82625,62,Satisfactory,pm10,1.9962480407542136,-0.27447981738034877,0.44939858814101385,-0.8481906072068321,-0.4576060220327915,-0.3440677836709773,MODELING_HISTORY,Cluster 2,0.8007288379507052
PROJ_180,"Kompally Municipal Office, Hyderabad - TSPCB",Hyderabad,2026-08-17,Monsoon,23,60,20,26.2291666666667,72.3333333333333,4.80291666666667,59,Satisfactory,pm10,1.89397153216968,-0.22054206810199,0.6910180690179352,-0.8775111679244312,-0.413585306831585,-0.12672811282681656,MODELING_HISTORY,Cluster 2,0.9366099858082355
PROJ_180,"Kompally Municipal Office, Hyderabad - TSPCB",Hyderabad,2026-08-18,Monsoon,24,60,27,25.7875,74.4583333333333,4.32291666666667,59,Satisfactory,pm10,1.679343564509163,-0.3704349627561807,0.2194562182662994,-0.6003975238572856,-0.20077063945947987,-0.0765785756283332,MODELING_HISTORY,Cluster 2,0.3974185781567865
PROJ_180,"Kompally Municipal Office, Hyderabad - TSPCB",Hyderabad,2026-08-19,Monsoon,20,55,22,24.9083333333333,79.6666666666667,4.09625,54,Satisfactory,pm10,2.0024723136555105,-0.5592334097132093,0.44169591405126313,-0.17734159796628737,-0.08554336930811518,-0.17979862456633838,MODELING_HISTORY,Cluster 2,0.619058260051346
PROJ_180,"Kompally Municipal Office, Hyderabad - TSPCB",Hyderabad,2026-08-20,Monsoon,19,60,19,25.7875,74.7916666666667,4.095,59,Satisfactory,pm10,1.811616203316176,-0.24847323602603189,0.6550607978828278,-0.267391896429816,-0.1961499085406027,-0.3328193230003179,MODELING_HISTORY,Cluster 2,0.6457559286961196
PROJ_180,"Kompally Municipal Office, Hyderabad - TSPCB",Hyderabad,2026-08-21,Monsoon,19,56,17,26.1125,72.0416666666667,4.01083333333333,55,Satisfactory,pm10,1.7926713971342978,-0.04550286169627253,0.786094736152508,-0.18663796287638357,-0.20343553809772577,-0.22711046420833875,MODELING_HISTORY,Cluster 2,0.8067151539287495
PROJ_180,"Kompally Municipal Office, Hyderabad - TSPCB",Hyderabad,2026-08-22,Monsoon,21,57,24,26.1333333333333,72.5,4.215,56,Satisfactory,pm10,1.7493589549551558,-0.13208873642697708,0.37624386149926065,-0.4454924103695588,-0.22366222994349735,-0.12635734083965872,MODELING_HISTORY,Cluster 2,0.42932390808247856
PROJ_180,"Kompally Municipal Office, Hyderabad - TSPCB",Hyderabad,2026-08-23,Monsoon,17,56,21,24.3625,88.4166666666667,3.57958333333333,55,Satisfactory,pm10,2.1084140297014105,-0.8396209751489264,0.4065634631192917,0.2631262554248337,0.3074330420855582,-0.45666123258829966,MODELING_HISTORY,Cluster 2,0.9741755215649637
PROJ_180,"Kompally Municipal Office, Hyderabad - TSPCB",Hyderabad,2026-08-24,Monsoon,18,55,24,24.2666666666667,88.125,3.87666666666667,54,Satisfactory,pm10,2.1887342341861844,-0.8917860192183945,0.2422237896210671,0.03979318939017251,0.19924233275305475,-0.347886763748168,MODELING_HISTORY,Cluster 2,0.9002657183222116
PROJ_180,"Kompally Municipal Office, Hyderabad - TSPCB",Hyderabad,2026-08-25,Monsoon,20,55,27,25.3041666666667,78.8333333333333,4.11333333333333,54,Satisfactory,pm10,1.9360240543536635,-0.4557204562645263,0.13339954027969858,-0.28518054675688365,-0.06344716457290328,-0.1514819457408873,MODELING_HISTORY,Cluster 2,0.3584408107395814
PROJ_180,"Kompally Municipal Office, Hyderabad - TSPCB",Hyderabad,2026-08-26,Monsoon,19,56,25,26.0333333333333,72.25,4.86,55,Satisfactory,pm10,2.078217090531725,-0.15226977996113444,0.3219883446818891,-0.8147174514582068,-0.509597529887327,-0.12161645180639148,MODELING_HISTORY,Cluster 2,0.7709175034922577
PROJ_180,"Kompally Municipal Office, Hyderabad - TSPCB",Hyderabad,2026-08-30,Monsoon,22,56,20,24.4083333333333,77.5416666666667,4.91291666666667,55,Satisfactory,pm10,2.23069461311278,-0.7250130951596462,0.6376087713786222,-0.6747230276703878,-0.5108583413117971,-0.0406371033349769,MODELING_HISTORY,Cluster 2,1.0394859047601106
PROJ_180,"Kompally Municipal Office, Hyderabad - TSPCB",Hyderabad,2026-08-31,Monsoon,19,58,20,24.8625,76.4166666666667,4.33208333333333,57,Satisfactory,pm10,2.0062371413162277,-0.5023607254186804,0.5836153294734371,-0.3004949773903406,-0.3422254176560794,-0.2382536288395114,MODELING_HISTORY,Cluster 2,0.6981799539468269
PROJ_181,"Somajiguda, Hyderabad - TSPCB",Hyderabad,2025-03-01,Summer / Pre-monsoon,42,76,35,27.2583333333333,43.625,2.40458333333333,76,Satisfactory,pm10,-0.8288812443355976,0.4762076081274961,-0.03537331050334687,-0.00755585503898409,-0.2872254791890098,0.5320708948071915,MODELING_HISTORY,Cluster 1,0.8912464398803015
PROJ_181,"Somajiguda, Hyderabad - TSPCB",Hyderabad,2025-03-02,Summer / Pre-monsoon,37,71,37,28.5083333333333,36.5416666666667,1.90125,70,Satisfactory,pm10,-1.0155006574364946,1.15125430397935,-0.2137962056203697,0.3244435183812167,-0.2561054786290641,0.5044624838328273,MODELING_HISTORY,Cluster 1,0.5336286300558895
PROJ_181,"Somajiguda, Hyderabad - TSPCB",Hyderabad,2025-03-03,Summer / Pre-monsoon,45,75,28,29.9416666666667,28.6666666666667,1.68833333333333,74,Satisfactory,"pm10,pm2_5",-1.587072541506942,1.5276557234677957,0.49161057122605106,0.18856275765230723,-0.16749655999569085,0.6646389329505414,MODELING_HISTORY,Cluster 1,1.0504454506650425
PROJ_181,"Somajiguda, Hyderabad - TSPCB",Hyderabad,2025-03-04,Summer / Pre-monsoon,49,77,38,29.8875,31.875,1.68708333333333,81,Satisfactory,pm2_5,-1.7464075946029969,1.306875811139173,-0.10511550795027622,-0.01730483676650274,0.01433009833923099,0.7840568225217125,MODELING_HISTORY,Cluster 1,0.9551742214415403
PROJ_181,"Somajiguda, Hyderabad - TSPCB",Hyderabad,2025-03-05,Summer / Pre-monsoon,41,76,27,28.725,30.625,2.10958333333333,76,Satisfactory,pm10,-1.221971485772512,1.2367004623632938,0.5085698478468753,0.14777554646287905,-0.4984997614423322,0.5463868413542524,MODELING_HISTORY,Cluster 1,0.802615647794763
PROJ_181,"Somajiguda, Hyderabad - TSPCB",Hyderabad,2025-03-06,Summer / Pre-monsoon,38,74,27,26.9416666666667,22.75,2.06541666666667,73,Satisfactory,pm10,-1.254336172369512,1.1536653437124298,0.47018973886244553,0.5266180889581863,-1.0982526025335018,0.7045817203773863,MODELING_HISTORY,Cluster 1,0.9939931586655322
PROJ_181,"Somajiguda, Hyderabad - TSPCB",Hyderabad,2025-03-07,Summer / Pre-monsoon,41,76,31,27.1916666666667,26.7916666666667,1.60458333333333,76,Satisfactory,pm10,-1.5085797859754253,1.043872099810357,0.21931476887955395,0.659889524079823,-0.6928163527818757,0.6897917359799732,MODELING_HISTORY,Cluster 1,1.1397874741395924
PROJ_181,"Somajiguda, Hyderabad - TSPCB",Hyderabad,2025-03-08,Summer / Pre-monsoon,62,89,39,28.3375,28,1.24958333333333,103,Moderately Polluted,pm2_5,-2.606318509474355,0.7256645506109403,-0.03183921930629923,0.0923918250948671,-0.05580650886807004,1.0846631347781608,MODELING_HISTORY,Cluster 1,1.9288183854669647
PROJ_181,"Somajiguda, Hyderabad - TSPCB",Hyderabad,2025-03-09,Summer / Pre-monsoon,44,78,36,28.775,33.625,2.15791666666667,78,Satisfactory,pm10,-1.3312846718062177,1.0625809479085346,-0.03166948199951234,-0.07260130740981713,-0.34524900792913266,0.622815252030843,MODELING_HISTORY,Cluster 1,0.6170752587882884
PROJ_181,"Somajiguda, Hyderabad - TSPCB",Hyderabad,2025-03-10,Summer / Pre-monsoon,41,75,32,27.125,52.6666666666667,2.59083333333333,74,Satisfactory,pm10,-0.44947907312648416,0.2028715171630786,0.1199095500048422,-0.09146262518595942,-0.02984435729883508,0.3752635181191232,MODELING_HISTORY,Cluster 1,1.2285952725590117
PROJ_181,"Somajiguda, Hyderabad - TSPCB",Hyderabad,2025-03-11,Summer / Pre-monsoon,82,96,35,28.0833333333333,45.5,2.18625,172,Moderately Polluted,pm2_5,-2.488976054389826,-0.38712996654293313,0.454972361056286,-1.0201080575685546,0.56334890418736006,1.3990462732284694,MODELING_HISTORY,Cluster 3,2.183567473610483
PROJ_181,"Somajiguda, Hyderabad - TSPCB",Hyderabad,2025-03-12,Summer / Pre-monsoon,51,82,39,29.225,38.0416666666667,1.775,84,Satisfactory,pm2_5,-1.7019323306389833,0.8801878363910611,-0.16368456431592,-0.11300962885304168,0.13353252755487222,0.683841384930134,MODELING_HISTORY,Cluster 1,1.0251791567185862
PROJ_181,"Somajiguda, Hyderabad - TSPCB",Hyderabad,2025-03-13,Summer / Pre-monsoon,60,86,31,30.6125,32.5416666666667,1.99041666666667,100,Satisfactory,pm2_5,-2.077994892889415,1.1197093013986783,0.5044294151359413,-0.5666278498704694,0.17236894357616844,0.8765574312677339,MODELING_HISTORY,Cluster 1,1.5142099645185778
PROJ_181,"Somajiguda, Hyderabad - TSPCB",Hyderabad,2025-03-14,Summer / Pre-monsoon,52,82,35,31.6375,29.5,2.00583333333333,86,Satisfactory,pm2_5,-1.8922268661501116,1.6310054045538152,0.1761563971991537,-0.5288862427000766,0.08546340117953877,0.7075448834174678,MODELING_HISTORY,Cluster 1,1.2402718887159996
PROJ_181,"Somajiguda, Hyderabad - TSPCB",Hyderabad,2025-03-15,Summer / Pre-monsoon,48,79,35,31.3875,26.7916666666667,2.30166666666667,79,Satisfactory,"pm10,pm2_5",-1.6542783240401469,1.740490372126822,0.14669874732088944,-0.5666965210370325,-0.21705390188451773,0.7094352018844876,MODELING_HISTORY,Cluster 1,1.0782558895766339
PROJ_181,"Somajiguda, Hyderabad - TSPCB",Hyderabad,2025-03-16,Summer / Pre-monsoon,44,78,37,31.4708333333333,21.5416666666667,2.79916666666667,78,Satisfactory,pm10,-1.463362864320656,1.957659497495111,0.01672401710123591,-0.8084575323512266,-0.6543688572283111,0.7089928690742452,MODELING_HISTORY,Cluster 1,1.1474162030509898
PROJ_181,"Somajiguda, Hyderabad - TSPCB",Hyderabad,2025-03-17,Summer / Pre-monsoon,46,77,34,31.1791666666667,25.5,2.05833333333333,77,Satisfactory,pm10,-1.6714969600337548,1.8143761670866116,0.1724688116789832,-0.302394196016433,-0.23440003188353953,0.697373269807675,MODELING_HISTORY,Cluster 1,1.0457963483085606
PROJ_181,"Somajiguda, Hyderabad - TSPCB",Hyderabad,2025-03-18,Summer / Pre-monsoon,46,79,32,31.3916666666667,28.0416666666667,2.09625,79,Satisfactory,pm10,-1.6213276525397022,1.7670775670176155,0.29842836531429906,-0.3652334403342291,-0.1290871636552491,0.5842997306850862,MODELING_HISTORY,Cluster 1,1.041110064710093
PROJ_181,"Somajiguda, Hyderabad - TSPCB",Hyderabad,2025-03-19,Summer / Pre-monsoon,38,74,29,30.2333333333333,32.5416666666667,3.01333333333333,73,Satisfactory,pm10,-0.7410694305822005,1.518277090436157,0.4064658369944042,-0.5913330386589182,-0.5647937121493796,0.44034617026714334,MODELING_HISTORY,Cluster 1,0.7313601180168559
PROJ_181,"Somajiguda, Hyderabad - TSPCB",Hyderabad,2025-03-20,Summer / Pre-monsoon,53,77,24,28.7583333333333,51.5,2.55916666666667,88,Satisfactory,pm2_5,-0.8761639654912872,0.3518291864049137,0.7964420293305603,-0.4780625055757961,0.3699468140639349,0.6313940988644356,MODELING_HISTORY,Cluster 1,1.4086912394759694
PROJ_181,"Somajiguda, Hyderabad - TSPCB",Hyderabad,2025-03-21,Summer / Pre-monsoon,39,72,25,28.9916666666667,49.1666666666667,2.33375,71,Satisfactory,pm10,-0.5214288691291699,0.8223576442811906,0.5604622524860372,-0.01400009788919581,0.18094936728838035,0.26668425976906524,MODELING_HISTORY,Cluster 1,0.9073094949154439
PROJ_181,"Somajiguda, Hyderabad - TSPCB",Hyderabad,2025-03-25,Summer / Pre-monsoon,46,76,38,29.2208333333333,43.6666666666667,1.47708333333333,76,Satisfactory,"pm10,pm2_5",-1.406328050943416,0.9043696259668088,-0.2016684317619756,0.2326818092862416,0.4112701967351458,0.5399600266287061,MODELING_HISTORY,Cluster 1,0.8362203098614124
PROJ_181,"Somajiguda, Hyderabad - TSPCB",Hyderabad,2025-03-26,Summer / Pre-monsoon,43,75,44,30.0125,35.5,2.035,74,Satisfactory,pm10,-1.3478900482582967,1.3327126064721566,-0.5510717199066857,-0.1895308931440794,-0.03876516421863912,0.6150385768653036,MODELING_HISTORY,Cluster 1,0.7104332348379532
PROJ_181,"Somajiguda, Hyderabad - TSPCB",Hyderabad,2025-03-27,Summer / Pre-monsoon,42,76,41,30.8666666666667,32.875,2.37541666666667,76,Satisfactory,pm10,-1.266351914046882,1.5845775805852795,-0.33234178778426815,-0.4742758349356315,-0.16371970928411791,0.5464070778162101,MODELING_HISTORY,Cluster 1,0.6763991709489299
PROJ_181,"Somajiguda, Hyderabad - TSPCB",Hyderabad,2025-03-28,Summer / Pre-monsoon,59,82,20,31.7958333333333,30.625,1.66541666666667,98,Satisfactory,pm2_5,-2.095655815292583,1.5428269954519676,1.1911212626342194,-0.3349599188100916,0.3902908767988988,0.8088260867590847,MODELING_HISTORY,Cluster 1,1.8635803476742159
PROJ_181,"Somajiguda, Hyderabad - TSPCB",Hyderabad,2025-03-29,Summer / Pre-monsoon,48,79,13,31.925,31.1666666666667,1.70958333333333,79,Satisfactory,"pm10,pm2_5",-1.6211320217960472,1.8146946880198784,1.5043629182934095,-0.05292825437048976,0.23821858327090903,0.4216720669921737,MODELING_HISTORY,Cluster 1,1.8716934603083455
PROJ_181,"Somajiguda, Hyderabad - TSPCB",Hyderabad,2025-03-30,Summer / Pre-monsoon,44,78,11,32.05,29,1.9825,78,Satisfactory,pm10,-1.4124954813303277,1.976249420650966,1.6065283212121426,-0.12633764046571327,0.00802801646899775,0.329616178810411,MODELING_HISTORY,Cluster 1,1.927396400652644
PROJ_181,"Somajiguda, Hyderabad - TSPCB",Hyderabad,2025-03-31,Summer / Pre-monsoon,41,76,11,31.2666666666667,27.9583333333333,2.02083333333333,76,Satisfactory,pm10,-1.2704307678668292,1.910031427004396,1.5634118269081136,0.03816365732361998,-0.203252347860388,0.3313498806578592,MODELING_HISTORY,Cluster 1,1.8319346257711808
PROJ_181,"Somajiguda, Hyderabad - TSPCB",Hyderabad,2025-04-06,Summer / Pre-monsoon,43,76,11,28.6375,54.1666666666667,1.63125,76,Satisfactory,pm10,-0.7537210473552263,0.5563426677879978,1.4422222096978468,0.4874226264985638,0.6183219070726547,0.11409335392959262,MODELING_HISTORY,Cluster 1,1.8466930359110567
PROJ_181,"Somajiguda, Hyderabad - TSPCB",Hyderabad,2025-04-13,Summer / Pre-monsoon,46,77,33,31.3375,27.9166666666667,1.71291666666667,77,Satisfactory,pm10,-1.7471542844497825,1.809880978332299,0.21149582351783464,-0.0956602039531943,0.00883406591782054,0.6245934209249822,MODELING_HISTORY,Cluster 1,1.1009848183912843
PROJ_181,"Somajiguda, Hyderabad - TSPCB",Hyderabad,2025-04-17,Summer / Pre-monsoon,54,81,24,30.1125,53.625,2.01791666666667,90,Satisfactory,pm2_5,-1.189625319341264,0.5757416602393791,0.7957404389328662,-0.365736992285499,0.8436480622440277,0.4317367696361129,MODELING_HISTORY,Cluster 1,1.288130277771947
PROJ_181,"Somajiguda, Hyderabad - TSPCB",Hyderabad,2025-04-20,Summer / Pre-monsoon,61,83,43,32.7833333333333,39.2083333333333,1.78416666666667,100,Satisfactory,pm2_5,-2.1291633006048154,1.4189746669393477,-0.253057550923728,-0.852385006220242,0.8734105049290457,0.8396954675827564,MODELING_HISTORY,Cluster 1,1.5360181633784478
PROJ_181,"Somajiguda, Hyderabad - TSPCB",Hyderabad,2025-04-21,Summer / Pre-monsoon,57,84,34,32.4458333333333,42.5,1.90833333333333,95,Satisfactory,pm2_5,-1.8119316449040208,1.3213835224370971,0.26345352192969573,-0.7409707628904966,0.8286518793109854,0.5792940850037894,MODELING_HISTORY,Cluster 1,1.2565369669474886
PROJ_181,"Somajiguda, Hyderabad - TSPCB",Hyderabad,2025-04-24,Summer / Pre-monsoon,55,83,23,33.6375,32.4583333333333,2.17541666666667,91,Satisfactory,pm2_5,-1.821798477150846,1.9221862412515835,1.001281675782283,-0.8735219986160563,0.47758900359755585,0.5606230774714469,MODELING_HISTORY,Cluster 1,1.7889648625468946
PROJ_181,"Somajiguda, Hyderabad - TSPCB",Hyderabad,2025-04-25,Summer / Pre-monsoon,59,85,26,33.4583333333333,34.5833333333333,1.68583333333333,98,Satisfactory,pm2_5,-2.144844425921564,1.7563806581960957,0.8246699724601118,-0.6686826400042437,0.7709111361413604,0.6265330533367838,MODELING_HISTORY,Cluster 1,1.7811013559210336
PROJ_181,"Somajiguda, Hyderabad - TSPCB",Hyderabad,2025-04-26,Summer / Pre-monsoon,69,90,29,32.4125,41.75,1.59125,128,Moderately Polluted,pm2_5,-2.3953753716218835,1.0665324648036345,0.7150328530878765,-0.7881679321216624,1.07866692101521,0.8253761076784173,MODELING_HISTORY,Cluster 1,1.9476065497441806
PROJ_181,"Somajiguda, Hyderabad - TSPCB",Hyderabad,2025-04-27,Summer / Pre-monsoon,63,91,11,29.1625,61.7083333333333,1.49541666666667,107,Moderately Polluted,pm2_5,-1.529293290103182,-0.0909885601275349,1.6717553426054246,-0.09002132328156054,1.3011159460890285,0.31260354482162156,MODELING_HISTORY,Cluster 3,1.9736410540119178
PROJ_181,"Somajiguda, Hyderabad - TSPCB",Hyderabad,2025-04-28,Summer / Pre-monsoon,45,77,26,30.775,47.4583333333333,1.65083333333333,77,Satisfactory,pm10,-1.179280133714713,1.1525226146173095,0.5676159636590231,0.0258282980392247,0.6992934805941895,0.25941915088973205,MODELING_HISTORY,Cluster 1,0.8169914030570269
PROJ_181,"Somajiguda, Hyderabad - TSPCB",Hyderabad,2025-04-29,Summer / Pre-monsoon,42,75,18,31.2458333333333,44.5416666666667,2.13458333333333,74,Satisfactory,pm10,-0.8766495048949701,1.3937784147389949,1.0797935441050217,-0.1833505313004673,0.43484619943405056,0.1902966729673279,MODELING_HISTORY,Cluster 1,1.1975879187364502
PROJ_181,"Somajiguda, Hyderabad - TSPCB",Hyderabad,2025-04-30,Summer / Pre-monsoon,55,85,19,32.275,41.2083333333333,2.3425,91,Satisfactory,pm2_5,-1.500737616911739,1.336338832384699,1.218741713062096,-0.8218324081290438,0.5471674580793212,0.4284697495626584,MODELING_HISTORY,Cluster 1,1.6680157954331287
PROJ_181,"Somajiguda, Hyderabad - TSPCB",Hyderabad,2025-05-01,Summer / Pre-monsoon,45,77,18,31.6833333333333,49.8333333333333,1.925,77,Satisfactory,pm10,-0.9711968042908542,1.2740181935319397,1.094738708330952,-0.20728044851793992,0.8246931921202669,0.1312061837813377,MODELING_HISTORY,Cluster 1,1.226521305603777
PROJ_181,"Somajiguda, Hyderabad - TSPCB",Hyderabad,2025-05-02,Summer / Pre-monsoon,70,87,32,32.2208333333333,45.125,2.1525,131,Moderately Polluted,pm2_5,-2.075060239363028,0.8846767967122465,0.5487286830674609,-1.1702032830323528,1.017689930560702,0.9462669549975068,MODELING_HISTORY,Cluster 1,1.8525685944778105
PROJ_181,"Somajiguda, Hyderabad - TSPCB",Hyderabad,2025-05-04,Summer / Pre-monsoon,65,96,33,31.4666666666667,38.75,1.85,114,Moderately Polluted,pm2_5,-2.3654105146203097,0.9352774386905752,0.4325248025651192,-0.8308034778140141,0.6232683403809296,0.6727370688498232,MODELING_HISTORY,Cluster 1,1.861392503347237
PROJ_181,"Somajiguda, Hyderabad - TSPCB",Hyderabad,2025-05-05,Summer / Pre-monsoon,50,76,42,31.425,42.5833333333333,2.02666666666667,83,Satisfactory,pm2_5,-1.430614468928619,1.293170909775381,-0.34509005088344513,-0.5387801201598903,0.5681049552972984,0.6418081016460194,MODELING_HISTORY,Cluster 1,0.805963597209196
PROJ_181,"Somajiguda, Hyderabad - TSPCB",Hyderabad,2025-05-06,Summer / Pre-monsoon,47,79,42,31.3708333333333,39.0833333333333,1.37625,79,Satisfactory,pm10,-1.7467466763128292,1.4674752976583532,-0.4005657761027755,-0.05121446894700554,0.5867077934292897,0.4801832455932031,MODELING_HISTORY,Cluster 1,1.0003959056870073
PROJ_181,"Somajiguda, Hyderabad - TSPCB",Hyderabad,2025-05-07,Summer / Pre-monsoon,41,77,37,31.225,37.5833333333333,2.03541666666667,77,Satisfactory,pm10,-1.2531992219258787,1.5718265188999525,-0.11800877061003924,-0.2659671918780738,0.17292324058360511,0.3447614872194211,MODELING_HISTORY,Cluster 1,0.5294659314154068
PROJ_181,"Somajiguda, Hyderabad - TSPCB",Hyderabad,2025-05-08,Summer / Pre-monsoon,41,74,30,31.0458333333333,36.2083333333333,1.91125,73,Satisfactory,pm10,-1.2174902296970582,1.6231849121345612,0.31806417172199763,-0.05956509880637706,0.1512095096856248,0.3934523899357508,MODELING_HISTORY,Cluster 1,0.6589412281681082
PROJ_181,"Somajiguda, Hyderabad - TSPCB",Hyderabad,2025-05-09,Summer / Pre-monsoon,43,76,41,30.9208333333333,40.375,2.04208333333333,76,Satisfactory,pm10,-1.245125914395708,1.386567039097784,-0.3628195808355853,-0.3142131249947119,0.27848350202326455,0.44374299475544055,MODELING_HISTORY,Cluster 1,0.5559549568099821
PROJ_181,"Somajiguda, Hyderabad - TSPCB",Hyderabad,2025-05-10,Summer / Pre-monsoon,46,75,44,31.7666666666667,38.7916666666667,1.79791666666667,76,Satisfactory,pm2_5,-1.5042984744227486,1.5865276994601545,-0.515382713699518,-0.34112149589663887,0.4890344738203612,0.5641110982451992,MODELING_HISTORY,Cluster 1,0.8785734314340298
PROJ_181,"Somajiguda, Hyderabad - TSPCB",Hyderabad,2025-05-13,Summer / Pre-monsoon,54,82,37,31.25,49.0833333333333,1.62625,90,Satisfactory,pm2_5,-1.6205509266607685,0.9644819963080784,-0.01852059564090865,-0.3717331094490417,0.9748430658082188,0.4875793273878875,MODELING_HISTORY,Cluster 1,0.956239339926736
PROJ_181,"Somajiguda, Hyderabad - TSPCB",Hyderabad,2025-05-14,Summer / Pre-monsoon,37,78,41,30.8958333333333,51.125,1.44125,78,Satisfactory,pm10,-1.0756046285988274,1.2197851823671837,-0.49960119598805847,0.15037022879247353,0.8005498741429027,-0.02364038183822016,MODELING_HISTORY,Cluster 1,0.5585961671619443
PROJ_181,"Somajiguda, Hyderabad - TSPCB",Hyderabad,2025-05-15,Summer / Pre-monsoon,38,78,28,29.2833333333333,60.9166666666667,1.43625,78,Satisfactory,pm10,-0.7088521123620586,0.5758958807418605,0.28233065888188297,0.4278488231934948,0.9611230112099094,-0.14663689320117856,MODELING_HISTORY,Cluster 1,1.0287046857891302
PROJ_181,"Somajiguda, Hyderabad - TSPCB",Hyderabad,2025-05-16,Summer / Pre-monsoon,33,77,26,29.9166666666667,56.6666666666667,1.24708333333333,77,Satisfactory,pm10,-0.7240193599704227,0.9700705359633692,0.3618600317075587,0.6229327387363118,0.8734759033440094,-0.2955496260010742,MODELING_HISTORY,Cluster 1,0.9534052195076688
PROJ_181,"Somajiguda, Hyderabad - TSPCB",Hyderabad,2025-05-17,Summer / Pre-monsoon,72,94,41,30.2166666666667,56.9583333333333,1.43083333333333,138,Moderately Polluted,pm2_5,-2.2794180545844034,0.03112730238774461,-0.09603293503375404,-0.6747798902267036,1.4465585527768263,0.7923927620751017,MODELING_HISTORY,Cluster 3,1.9712772003130556
PROJ_181,"Somajiguda, Hyderabad - TSPCB",Hyderabad,2025-05-18,Summer / Pre-monsoon,120,107,36,29.575,61.5416666666667,1.38916666666667,300,Poor,pm2_5,-3.82205025395562,-1.334516016058405,0.7774305802325191,-1.681092894559586,2.3010894831634774,2.1339111882798187,MODELING_HISTORY,Cluster 3,3.6057993025804986
PROJ_181,"Somajiguda, Hyderabad - TSPCB",Hyderabad,2025-05-19,Summer / Pre-monsoon,108,100,29,28.8708333333333,68.0416666666667,1.7075,259,Poor,pm2_5,-2.9552437190694616,-1.3831776660036508,1.057112970066506,-1.437341156794662,2.168443615786221,1.7768348348764833,MODELING_HISTORY,Cluster 3,2.892840600245799
PROJ_181,"Somajiguda, Hyderabad - TSPCB",Hyderabad,2025-05-20,Summer / Pre-monsoon,55,91,28,29.9416666666667,64.7916666666667,1.67958333333333,91,Satisfactory,"pm10,pm2_5",-1.2977753469961053,0.1137447057863832,0.5084110267257705,-0.3193234066238183,1.3416409664705835,0.06409491245598664,MODELING_HISTORY,Cluster 3,1.410473026626204
PROJ_181,"Somajiguda, Hyderabad - TSPCB",Hyderabad,2025-05-23,Summer / Pre-monsoon,53,86,17,27.45,69.125,2.68125,88,Satisfactory,pm2_5,-0.4637289236101656,-0.543135245136708,1.181880733882719,-0.4769535901051106,0.7713119817459025,0.15979974544768258,MODELING_HISTORY,Cluster 3,1.5505638149792393
PROJ_181,"Somajiguda, Hyderabad - TSPCB",Hyderabad,2025-05-27,Summer / Pre-monsoon,56,92,25,25.9458333333333,80.7916666666667,2.77708333333333,93,Satisfactory,pm2_5,-0.3597008249207154,-1.3579950039535074,0.6624173321522634,-0.588597216672639,0.99523410047597,0.08091372317551808,MODELING_HISTORY,Cluster 3,1.334410693628404
PROJ_181,"Somajiguda, Hyderabad - TSPCB",Hyderabad,2025-05-29,Summer / Pre-monsoon,74,98,12,26.125,81.75,2.86833333333333,145,Moderately Polluted,pm2_5,-0.8578730653685708,-1.7589717934294455,1.711737730860853,-0.9917103207254336,1.296895737712133,0.4717176099660092,MODELING_HISTORY,Cluster 3,2.272766506478028
PROJ_181,"Somajiguda, Hyderabad - TSPCB",Hyderabad,2025-05-30,Summer / Pre-monsoon,67,96,12,27.7375,70.8333333333333,3.42083333333333,121,Moderately Polluted,pm2_5,-0.7061048713094413,-0.968170060271166,1.7150127060033824,-1.353916762843023,0.7952493713516879,0.38214079310183147,MODELING_HISTORY,Cluster 3,2.398660990763979
PROJ_181,"Somajiguda, Hyderabad - TSPCB",Hyderabad,2025-05-31,Summer / Pre-monsoon,77,101,12,28.5833333333333,59.125,3.64791666666667,155,Moderately Polluted,pm2_5,-1.331197421345118,-0.7116537735258511,1.9022776850010297,-1.8257650165671455,0.51968977909026,0.7705846894559789,MODELING_HISTORY,Cluster 3,2.897951467915932
PROJ_181,"Somajiguda, Hyderabad - TSPCB",Hyderabad,2025-06-01,Monsoon,59,94,11,28.0041666666667,61.8333333333333,3.67416666666667,98,Satisfactory,pm2_5,-0.5486637876021413,-0.4854878390901598,1.7290417596178478,-1.3191122491858935,0.26007729482737707,0.2753222832655749,MODELING_HISTORY,Cluster 3,2.457001943968559
PROJ_181,"Somajiguda, Hyderabad - TSPCB",Hyderabad,2025-06-02,Monsoon,51,89,12,27.3125,66.0833333333333,3.59208333333333,89,Satisfactory,pm10,-0.12475782870336494,-0.5449840451886868,1.5367452219054532,-0.984290008072176,0.24658215611458756,0.08296979755725896,MODELING_HISTORY,Cluster 3,2.2117954112360514
PROJ_181,"Somajiguda, Hyderabad - TSPCB",Hyderabad,2025-06-04,Monsoon,61,93,12,28.3583333333333,59.2083333333333,2.93916666666667,100,Satisfactory,pm2_5,-0.9710242794498044,-0.3001821351344942,1.6620626406704095,-0.9124847103901714,0.5155021770299952,0.36072763738377583,MODELING_HISTORY,Cluster 3,2.1573780699034333
PROJ_181,"Somajiguda, Hyderabad - TSPCB",Hyderabad,2025-06-05,Monsoon,67,95,32,27.9916666666667,62.2083333333333,1.65333333333333,121,Moderately Polluted,pm2_5,-1.7868373967632674,-0.5311375618973823,0.3815066004510302,-0.3675073683569956,1.1465714954100656,0.5726862640056131,MODELING_HISTORY,Cluster 3,1.2353916318224871
PROJ_181,"Somajiguda, Hyderabad - TSPCB",Hyderabad,2025-06-06,Monsoon,79,101,18,28.9916666666667,61.0416666666667,1.60625,162,Moderately Polluted,pm2_5,-2.2293463152370676,-0.5537721357223773,1.4345376858315253,-0.6401109859923841,1.4311793206165482,0.7201129547513887,MODELING_HISTORY,Cluster 3,2.1610709328851527
PROJ_181,"Somajiguda, Hyderabad - TSPCB",Hyderabad,2025-06-07,Monsoon,93,110,17,29.7166666666667,55.7083333333333,2.4025,207,Poor,pm2_5,-2.651324152158218,-0.6772959250214923,1.7450768502346716,-1.6115566285053724,1.2291820605465913,1.0855605763402472,MODELING_HISTORY,Cluster 3,3.1111828751201225
PROJ_181,"Somajiguda, Hyderabad - TSPCB",Hyderabad,2025-06-08,Monsoon,84,97,14,29.375,59.75,2.75916666666667,179,Moderately Polluted,pm2_5,-1.8484959980257905,-0.5822574607973084,1.813802012964276,-1.4774709672650077,1.1291449961453282,1.03560760789719,MODELING_HISTORY,Cluster 3,2.7212289705601522
PROJ_181,"Somajiguda, Hyderabad - TSPCB",Hyderabad,2025-06-09,Monsoon,69,97,31,26.1083333333333,77.2083333333333,3.15291666666667,128,Moderately Polluted,pm2_5,-0.8403082242543962,-1.5712582427391435,0.47551906530574933,-1.2250391271156909,0.9409170841956948,0.5389990286178062,MODELING_HISTORY,Cluster 3,1.7541302767781628
PROJ_181,"Somajiguda, Hyderabad - TSPCB",Hyderabad,2025-06-10,Monsoon,75,102,29,27.3958333333333,69.8333333333333,3.27583333333333,148,Moderately Polluted,pm2_5,-1.275226794013015,-1.2501289978341683,0.7285595279310015,-1.599458814326754,0.8692308233951906,0.6707021905360337,MODELING_HISTORY,Cluster 3,2.11895149767544
PROJ_181,"Somajiguda, Hyderabad - TSPCB",Hyderabad,2025-06-11,Monsoon,87,107,32,26.6416666666667,74.7916666666667,2.77541666666667,190,Moderately Polluted,pm2_5,-1.8140542424331243,-1.8171288158525327,0.6321174201580865,-1.5227955451525936,1.3142524628111265,0.9381914941363698,MODELING_HISTORY,Cluster 3,2.306914197901635
PROJ_181,"Somajiguda, Hyderabad - TSPCB",Hyderabad,2025-06-12,Monsoon,92,108,33,26.5333333333333,80.2916666666667,1.34208333333333,203,Poor,pm2_5,-2.4305823805960216,-1.992879450587178,0.5320118452095085,-0.7112826424595684,2.1146514149365787,0.9416166868533182,MODELING_HISTORY,Cluster 3,2.1332406796456422
PROJ_181,"Somajiguda, Hyderabad - TSPCB",Hyderabad,2025-06-13,Monsoon,120,101,30,27.6041666666667,76.9583333333333,1.18666666666667,300,Poor,pm2_5,-3.2943513081202895,-2.133717270381255,1.061165574269404,-1.2403117958845689,2.7241521593708713,2.0938818066945264,MODELING_HISTORY,Cluster 3,3.213563843553437
PROJ_181,"Somajiguda, Hyderabad - TSPCB",Hyderabad,2025-06-14,Monsoon,50,93,38,27.6708333333333,73.9583333333333,2.34291666666667,93,Satisfactory,pm10,-0.7015777796264903,-0.6474679716670865,-0.2091204919209136,-0.5056653321058756,1.034098570837965,-0.07890547761172546,MODELING_HISTORY,Cluster 3,1.0170850697785632
PROJ_181,"Somajiguda, Hyderabad - TSPCB",Hyderabad,2025-06-15,Monsoon,41,86,38,26.5458333333333,76.9583333333333,3.50958333333333,86,Satisfactory,pm10,0.28542078358283424,-0.830071161625097,-0.28700364953847285,-0.8835822433269547,0.4499798562484964,-0.15245911060296097,MODELING_HISTORY,Cluster 2,1.6212401656273494
PROJ_181,"Somajiguda, Hyderabad - TSPCB",Hyderabad,2025-06-16,Monsoon,41,86,31,26.3916666666667,75,4.94416666666667,86,Satisfactory,pm10,0.8774511037419599,-0.9180098550863924,0.2388459293458602,-1.7347850871829291,-0.1719872571835014,-0.08358404096091276,MODELING_HISTORY,Cluster 2,1.7883086975237041
PROJ_181,"Somajiguda, Hyderabad - TSPCB",Hyderabad,2025-06-17,Monsoon,47,91,36,27.575,65.7083333333333,4.2825,91,Satisfactory,pm10,0.02382428341608911,-0.5084847072691003,0.01035643974307037,-1.636937040305292,-0.04791959359933773,0.09007970906242128,MODELING_HISTORY,Cluster 2,2.1343212550527926
PROJ_181,"Somajiguda, Hyderabad - TSPCB",Hyderabad,2025-06-18,Monsoon,45,88,36,27.5291666666667,65.7083333333333,4.34875,88,Satisfactory,pm10,0.17032641994739903,-0.45331599053908306,-0.01411473044292292,-1.6041176662651155,-0.09548687085277364,0.09820601212269375,MODELING_HISTORY,Cluster 2,1.998315118339173
PROJ_181,"Somajiguda, Hyderabad - TSPCB",Hyderabad,2025-06-19,Monsoon,51,88,35,27.2666666666667,68.2916666666667,5.13333333333333,88,Satisfactory,pm10,0.38675783461564495,-0.772327909293167,0.14996058169082707,-2.2171636388734077,-0.21200965304898955,0.3259100719866149,MODELING_HISTORY,Cluster 2,2.3763348835513245
PROJ_181,"Somajiguda, Hyderabad - TSPCB",Hyderabad,2025-06-20,Monsoon,51,89,36,27.5041666666667,66.7083333333333,4.45416666666667,89,Satisfactory,pm10,0.03822091742850675,-0.6280022010251225,0.05985734329139335,-1.8122031931499272,4.7555307953950354e-4,0.28235670654252437,MODELING_HISTORY,Cluster 2,2.2561750642478455
PROJ_181,"Somajiguda, Hyderabad - TSPCB",Hyderabad,2025-06-21,Monsoon,44,88,37,28.1333333333333,63.5833333333333,4.35833333333333,88,Satisfactory,pm10,0.12501319681778433,-0.2393337520953558,-0.07346855121229659,-1.6690179487256642,-0.1102460078097196,0.0702364055512765,MODELING_HISTORY,Cluster 2,2.07058486395943
PROJ_181,"Somajiguda, Hyderabad - TSPCB",Hyderabad,2025-06-22,Monsoon,47,88,35,28.15,60.9166666666667,4.36375,88,Satisfactory,pm10,-0.01432978267445606,-0.2161806272633552,0.0983233744639121,-1.7084881329204742,-0.16404539344936503,0.20577767190131585,MODELING_HISTORY,Cluster 2,2.199354227899391
PROJ_181,"Somajiguda, Hyderabad - TSPCB",Hyderabad,2025-06-23,Monsoon,52,88,38,26.7166666666667,67.4583333333333,5.10958333333333,88,Satisfactory,pm10,0.31816933313302675,-0.8929252063830722,-0.0347432605386431,-2.176101265719071,-0.2989948179585986,0.42505392432469047,MODELING_HISTORY,Cluster 2,2.406103958034402
PROJ_181,"Somajiguda, Hyderabad - TSPCB",Hyderabad,2025-06-26,Monsoon,60,92,12,26.1875,74.25,4.0725,100,Satisfactory,pm2_5,-0.02237797952830744,-1.284960019909174,1.6296593012389893,-1.4083953184753877,0.367472681516716,0.2944120916003,MODELING_HISTORY,Cluster 3,2.565704750098905
PROJ_181,"Somajiguda, Hyderabad - TSPCB",Hyderabad,2025-06-28,Monsoon,47,86,11,27.5791666666667,63.75,4.40666666666667,86,Satisfactory,pm10,0.3248098189612354,-0.3737336259464672,1.6044506228765862,-1.424278665872691,-0.15242034249288738,0.0727900356632498,MODELING_HISTORY,Cluster 2,2.3577328292529582
PROJ_181,"Somajiguda, Hyderabad - TSPCB",Hyderabad,2025-07-01,Monsoon,39,83,34,24.5083333333333,82.9583333333333,4.87458333333333,83,Satisfactory,pm10,1.198778087777275,-1.4955731522686275,-0.03524714666471838,-1.433544214237989,-0.12677720860031738,-0.08675839043438424,MODELING_HISTORY,Cluster 2,1.7459232529619082
PROJ_181,"Somajiguda, Hyderabad - TSPCB",Hyderabad,2025-07-02,Monsoon,44,86,26,24.6416666666667,84.7916666666667,3.66,86,Satisfactory,pm10,0.6061592222766834,-1.536767348401516,0.46591668347521153,-0.7146159077049524,0.46902784455038943,-0.1407588538767039,MODELING_HISTORY,Cluster 2,1.744515432043685
PROJ_181,"Somajiguda, Hyderabad - TSPCB",Hyderabad,2025-07-03,Monsoon,48,72,35,25.2416666666667,77.7083333333333,4.20625,79,Satisfactory,pm2_5,0.7083155369286227,-1.1944429349476893,-0.01486506687298333,-1.166787690779182,0.23817704148607463,0.5246181519931158,MODELING_HISTORY,Cluster 2,1.5892683096483426
PROJ_181,"Somajiguda, Hyderabad - TSPCB",Hyderabad,2025-07-05,Monsoon,41,80,25,26,74.5416666666667,5.01208333333333,80,Satisfactory,pm10,1.0699063410163827,-0.9275535050962758,0.6119345356503487,-1.6130173678847424,-0.239957622100362,0.05451783216420086,MODELING_HISTORY,Cluster 2,1.7037372450652237
PROJ_181,"Somajiguda, Hyderabad - TSPCB",Hyderabad,2025-07-06,Monsoon,42,77,39,26.5916666666667,68.7916666666667,4.98333333333333,77,Satisfactory,pm10,0.8106670397451652,-0.6364189412693513,-0.2430835186335797,-1.7759020693788612,-0.32678522099940766,0.3216182642756332,MODELING_HISTORY,Cluster 2,1.7834415827776626
PROJ_181,"Somajiguda, Hyderabad - TSPCB",Hyderabad,2025-07-07,Monsoon,49,76,39,25.4875,76.0416666666667,4.88666666666667,81,Satisfactory,pm2_5,0.7940721108280742,-1.2154143932717232,-0.206457319829173,-1.7381326235201715,-0.04147610327588358,0.5409010060405515,MODELING_HISTORY,Cluster 2,1.9558733591895685
PROJ_181,"Somajiguda, Hyderabad - TSPCB",Hyderabad,2025-07-08,Monsoon,63,83,20,25.8375,73.5833333333333,4.62583333333333,107,Moderately Polluted,pm2_5,0.21328171692437492,-1.370299492232934,1.1727953978293315,-1.7828312727409037,0.19918581766038412,0.7437237635465963,MODELING_HISTORY,Cluster 2,2.614690534809159
PROJ_181,"Somajiguda, Hyderabad - TSPCB",Hyderabad,2025-07-09,Monsoon,50,81,19,26.025,73.2083333333333,4.09333333333333,83,Satisfactory,pm2_5,0.42242927281092585,-0.9888822856848768,1.055729710556353,-1.14816083151148,0.1901770932192326,0.2812534210163956,MODELING_HISTORY,Cluster 2,1.9538567134616336
PROJ_181,"Somajiguda, Hyderabad - TSPCB",Hyderabad,2025-07-10,Monsoon,59,94,19,26.8583333333333,69.7083333333333,3.30333333333333,98,Satisfactory,pm2_5,-0.5321930897401339,-0.9495094462067096,1.1591415421780402,-1.0340753541165844,0.5394894552570549,0.2505543571233111,MODELING_HISTORY,Cluster 3,1.8312878187388768
PROJ_181,"Somajiguda, Hyderabad - TSPCB",Hyderabad,2025-07-11,Monsoon,62,80,21,27.4958333333333,68.2083333333333,2.74,103,Moderately Polluted,pm2_5,-0.6525423493041921,-0.6373531766239161,1.0332435479250817,-0.6933489632666456,0.9147263924261828,0.6784441456621729,MODELING_HISTORY,Cluster 3,1.5108222958591437
PROJ_181,"Somajiguda, Hyderabad - TSPCB",Hyderabad,2025-07-12,Monsoon,57,81,21,27.6583333333333,67.1666666666667,3.41958333333333,95,Satisfactory,pm2_5,-0.27733889825396024,-0.5375284682736755,1.0177652543358444,-1.0612416656454733,0.5593953463495035,0.5178516856721853,MODELING_HISTORY,Cluster 3,1.9047477577561578
PROJ_181,"Somajiguda, Hyderabad - TSPCB",Hyderabad,2025-07-13,Monsoon,41,99,20,28.0916666666667,62.8333333333333,3.68666666666667,99,Satisfactory,pm10,-0.1476619982232441,-0.19725976294114184,0.9503463297537222,-1.0910066643525878,-0.02974010557787548,-0.4562366995455809,MODELING_HISTORY,Cluster 3,2.05109439691216
PROJ_181,"Somajiguda, Hyderabad - TSPCB",Hyderabad,2025-07-14,Monsoon,43,93,19,28.1833333333333,62.125,4.18666666666667,93,Satisfactory,pm10,0.0975900475228626,-0.1760501901139191,1.0602367283085286,-1.4077406604495963,-0.15476218762534577,-0.20810437783446328,MODELING_HISTORY,Cluster 2,2.1813268118461933
PROJ_181,"Somajiguda, Hyderabad - TSPCB",Hyderabad,2025-07-15,Monsoon,42,82,19,26.9708333333333,71.0416666666667,3.79208333333333,82,Satisfactory,pm10,0.4404154297605796,-0.5391490312332538,0.9667597967497676,-0.9024351505410466,0.20866635512966364,-0.067429522968658,MODELING_HISTORY,Cluster 2,1.6702560354311076
PROJ_181,"Somajiguda, Hyderabad - TSPCB",Hyderabad,2025-07-16,Monsoon,43,93,20,27.7541666666667,68.7083333333333,2.725,93,Satisfactory,pm10,-0.3234086660537077,-0.34119921491873556,0.8903616960367047,-0.4237958105083628,0.57027689849953,-0.3622082856406587,MODELING_HISTORY,Cluster 3,1.4607334238372858
PROJ_181,"Somajiguda, Hyderabad - TSPCB",Hyderabad,2025-07-17,Monsoon,63,75,24,27.0125,77.0416666666667,1.76041666666667,107,Moderately Polluted,pm2_5,-0.7706746208238193,-0.8925744921989254,0.759410631102849,-0.02435220784837299,1.594715364119523,0.6934590150319693,MODELING_HISTORY,Cluster 3,0.8237928721135139
PROJ_181,"Somajiguda, Hyderabad - TSPCB",Hyderabad,2025-07-18,Monsoon,47,78,21,25.9708333333333,81.875,1.74791666666667,78,Satisfactory,"pm10,pm2_5",-0.1742129070478728,-0.9671631753818304,0.7339172024384751,0.443549034301963,1.3386399027218283,-0.00209978033349409,MODELING_HISTORY,Cluster 3,1.034824051126506
PROJ_181,"Somajiguda, Hyderabad - TSPCB",Hyderabad,2025-07-19,Monsoon,74,104,25,25.7,82.75,2.00375,145,Moderately Polluted,pm2_5,-1.391096607508902,-1.889865415854428,0.8384596771515069,-0.5500880488577877,1.556543292934916,0.374964838079808,MODELING_HISTORY,Cluster 3,1.562387915695847
PROJ_181,"Somajiguda, Hyderabad - TSPCB",Hyderabad,2025-07-20,Monsoon,72,98,22,26.25,77.875,2.38083333333333,138,Moderately Polluted,pm2_5,-1.176451908648924,-1.5517545723378934,1.0418168626851942,-0.7235083904408571,1.308704558681078,0.4974613914055003,MODELING_HISTORY,Cluster 3,1.5845694452617065
PROJ_181,"Somajiguda, Hyderabad - TSPCB",Hyderabad,2025-07-21,Monsoon,61,97,20,26.2458333333333,79.4583333333333,2.79583333333333,100,Satisfactory,pm2_5,-0.6013986515431664,-1.3986901669895748,1.0547536217779403,-0.7398109440535982,1.034707789095625,0.10799116011025432,MODELING_HISTORY,Cluster 3,1.5843353677802305
PROJ_181,"Somajiguda, Hyderabad - TSPCB",Hyderabad,2025-07-22,Monsoon,54,96,22,25.3166666666667,83.7083333333333,3.46166666666667,96,Satisfactory,pm10,0.01608534119103133,-1.6363695401533478,0.8527346161988173,-0.9356065251827678,0.7098923643858182,-0.08570148865271436,MODELING_HISTORY,Cluster 3,1.9264825280650888
PROJ_181,"Somajiguda, Hyderabad - TSPCB",Hyderabad,2025-07-23,Monsoon,48,92,18,24.4208333333333,87.3333333333333,4.19916666666667,92,Satisfactory,pm10,0.7224802750825957,-1.8353429205461465,1.0460048316749284,-1.1163183907749687,0.3716344955376507,-0.19965225316629337,MODELING_HISTORY,Cluster 2,2.24021014700753
PROJ_181,"Somajiguda, Hyderabad - TSPCB",Hyderabad,2025-07-24,Monsoon,47,91,16,23.925,87.5,4.38333333333333,91,Satisfactory,pm10,0.8816535897910838,-1.932652234964627,1.1624391306365638,-1.1236539549648503,0.2257966410804673,-0.1908991441272304,MODELING_HISTORY,Cluster 2,2.3077423617655515
PROJ_181,"Somajiguda, Hyderabad - TSPCB",Hyderabad,2025-07-25,Monsoon,50,93,16,24.0708333333333,87.75,4.64791666666667,93,Satisfactory,pm10,0.8612014176262625,-2.0106635859366544,1.215716855924064,-1.401170950943555,0.20189287323587113,-0.12888308201620113,MODELING_HISTORY,Cluster 2,2.509732275141466
PROJ_181,"Somajiguda, Hyderabad - TSPCB",Hyderabad,2025-07-26,Monsoon,49,91,16,23.55,90.5416666666667,5.56416666666667,91,Satisfactory,pm10,1.3856049811240565,-2.244140344796487,1.2340599857004504,-1.909530918659118,-0.10135993178152149,-0.07998945058466175,MODELING_HISTORY,Cluster 2,2.842043487029835
PROJ_181,"Somajiguda, Hyderabad - TSPCB",Hyderabad,2025-07-27,Monsoon,42,89,36,25.7958333333333,73.2083333333333,5.675,89,Satisfactory,pm10,1.0168086114147863,-1.1179764162709322,-0.02593218508786152,-2.228844899042532,-0.5930647488286924,0.0149457086461075,MODELING_HISTORY,Cluster 2,2.2268375227233066
PROJ_181,"Somajiguda, Hyderabad - TSPCB",Hyderabad,2025-07-28,Monsoon,51,94,34,25.975,70.2916666666667,5.36875,94,Satisfactory,pm10,0.4626673521626933,-1.1971965032678584,0.20929970748150184,-2.257436444952132,-0.4457078717805747,0.22160434078851068,MODELING_HISTORY,Cluster 2,2.4975961179883983
PROJ_181,"Somajiguda, Hyderabad - TSPCB",Hyderabad,2025-07-29,Monsoon,70,94,34,26.0208333333333,70.6666666666667,5.22375,131,Moderately Polluted,pm2_5,-0.16146893377868077,-1.5688464566473377,0.4248788874802599,-2.575645841022789,-0.04180529518753828,0.8935668160077073,MODELING_HISTORY,Cluster 3,3.13170545696066
PROJ_181,"Somajiguda, Hyderabad - TSPCB",Hyderabad,2025-08-01,Monsoon,63,101,19,26.4416666666667,73,3.32333333333333,107,Moderately Polluted,pm2_5,-0.6853551756846681,-1.2915576896092031,1.1995417456127022,-1.156780261691627,0.628332387847151,0.19396311441189656,MODELING_HISTORY,Cluster 3,1.9459838391640538
PROJ_181,"Somajiguda, Hyderabad - TSPCB",Hyderabad,2025-08-02,Monsoon,73,103,17,27.0416666666667,70.5416666666667,2.32375,141,Moderately Polluted,pm2_5,-1.4928769546756144,-1.2217338559635431,1.4097702568979322,-0.778418118621119,1.1418535218919452,0.4427130339459691,MODELING_HISTORY,Cluster 3,1.8582222302792573
PROJ_181,"Somajiguda, Hyderabad - TSPCB",Hyderabad,2025-08-03,Monsoon,75,106,21,26.8541666666667,76.375,1.87541666666667,148,Moderately Polluted,pm2_5,-1.6732980048863384,-1.4719505261008663,1.1370462857027506,-0.5913988780361679,1.5254181160940483,0.36320319138470497,MODELING_HISTORY,Cluster 3,1.6748481098706585
PROJ_181,"Somajiguda, Hyderabad - TSPCB",Hyderabad,2025-08-04,Monsoon,70,103,21,26.4375,80.2916666666667,1.05916666666667,131,Moderately Polluted,pm2_5,-1.683618454048188,-1.478267730569083,1.0116370609268404,0.12036129103366422,1.8443504739039969,0.17223234344243454,MODELING_HISTORY,Cluster 3,1.3068495824160704
PROJ_181,"Somajiguda, Hyderabad - TSPCB",Hyderabad,2025-08-05,Monsoon,81,107,25,26.5666666666667,79.5,1.01458333333333,169,Moderately Polluted,pm2_5,-2.1672250755011513,-1.6912373158441212,0.8944904469802605,-0.1746106468459152,2.0174975999969247,0.5030560167749497,MODELING_HISTORY,Cluster 3,1.7091537417921037
PROJ_181,"Somajiguda, Hyderabad - TSPCB",Hyderabad,2025-08-06,Monsoon,83,107,25,26.6666666666667,79.125,1.05458333333333,176,Moderately Polluted,pm2_5,-2.2238175562669875,-1.7018049261856043,0.92284325957576,-0.25533327571698416,2.0377777269372395,0.5782064906784796,MODELING_HISTORY,Cluster 3,1.7938598563948134
PROJ_181,"Somajiguda, Hyderabad - TSPCB",Hyderabad,2025-08-07,Monsoon,83,112,31,26.1541666666667,83.1666666666667,0.856666666666667,176,Moderately Polluted,pm2_5,-2.332751258488017,-1.9762735687756936,0.5170949602223035,-0.17846059728128272,2.1662790632097906,0.4504896049419884,MODELING_HISTORY,Cluster 3,1.8317042929447658
PROJ_181,"Somajiguda, Hyderabad - TSPCB",Hyderabad,2025-08-08,Monsoon,45,91,18,26.0458333333333,79.875,1.26875,91,Satisfactory,pm10,-0.586596707962519,-0.939959878120529,0.8993657174817457,0.7097525573430612,1.3300454032814744,-0.4179238269973248,MODELING_HISTORY,Cluster 3,0.9722364944092723
PROJ_181,"Somajiguda, Hyderabad - TSPCB",Hyderabad,2025-08-13,Monsoon,53,90,26,23.85,87.7916666666667,3.45583333333333,90,Satisfactory,pm10,0.27340959008553456,-2.00507090010451,0.5452407219703782,-0.7180826730918116,0.676437571542392,0.07058782395876426,MODELING_HISTORY,Cluster 3,1.9975800249974054
PROJ_181,"Somajiguda, Hyderabad - TSPCB",Hyderabad,2025-08-16,Monsoon,61,99,26,24.2291666666667,85.75,4.26,100,Satisfactory,pm2_5,0.1203394736551956,-2.182265510173322,0.7062138938569318,-1.5445169586192544,0.4467404986144733,0.19342012956957008,MODELING_HISTORY,Cluster 3,2.5870108322252063
PROJ_181,"Somajiguda, Hyderabad - TSPCB",Hyderabad,2025-08-17,Monsoon,55,94,28,23.8583333333333,87.7083333333333,3.65833333333333,94,Satisfactory,pm10,0.1989098667738348,-2.1018869199672054,0.45819940912926105,-0.9515572942724884,0.6131341748671242,0.07025118141574924,MODELING_HISTORY,Cluster 3,2.1230145156678857
PROJ_181,"Somajiguda, Hyderabad - TSPCB",Hyderabad,2025-08-18,Monsoon,46,87,26,23.6041666666667,87.9166666666667,5.3366666666666696,87,Satisfactory,pm10,1.312964996443846,-2.049909551723927,0.5560525027415855,-1.7505131457324066,-0.13807937704001927,0.00749599014301469,MODELING_HISTORY,Cluster 2,2.393102321578078
PROJ_181,"Somajiguda, Hyderabad - TSPCB",Hyderabad,2025-08-19,Monsoon,41,83,26,23.8375,84.7916666666667,5.755,83,Satisfactory,pm10,1.6250394919818745,-1.8007993130671696,0.5281353814450953,-1.900204838325385,-0.4410800896882524,-0.01483835331895711,MODELING_HISTORY,Cluster 2,2.2887739046025426
PROJ_181,"Somajiguda, Hyderabad - TSPCB",Hyderabad,2025-08-20,Monsoon,41,85,27,24.65,82.4583333333333,4.6675,85,Satisfactory,pm10,1.0562646832944314,-1.4826685046109944,0.4277923141972451,-1.307221386427585,-0.03148716285097075,-0.12530689810612938,MODELING_HISTORY,Cluster 2,1.7421562135949753
PROJ_181,"Somajiguda, Hyderabad - TSPCB",Hyderabad,2025-08-21,Monsoon,51,89,27,25.8416666666667,75.5833333333333,4,89,Satisfactory,pm10,0.1997471545329439,-1.2042154452298748,0.5543282352225481,-1.2449199336258407,0.2643140380846116,0.14374992154870053,MODELING_HISTORY,Cluster 2,2.0416148382073276
PROJ_181,"Somajiguda, Hyderabad - TSPCB",Hyderabad,2025-08-22,Monsoon,57,92,26,25.6416666666667,75.3333333333333,3.83,95,Satisfactory,pm2_5,-0.10019217239412076,-1.3772517632621784,0.6813376117426782,-1.25186894576626,0.37198970877315857,0.2848332309555308,MODELING_HISTORY,Cluster 3,1.9787788058937148
PROJ_181,"Somajiguda, Hyderabad - TSPCB",Hyderabad,2025-08-23,Monsoon,52,88,25,25.3125,74.4166666666667,4.29083333333333,88,Satisfactory,pm10,0.3092626107466687,-1.3194997439581568,0.7040734715190596,-1.3554725210186185,0.05704044541266084,0.2535802954167284,MODELING_HISTORY,Cluster 2,2.1210183439523598
PROJ_181,"Somajiguda, Hyderabad - TSPCB",Hyderabad,2025-08-24,Monsoon,48,92,24,25.6166666666667,71.75,4.12,92,Satisfactory,pm10,0.21598861729010427,-1.1186905284097075,0.7294353854175802,-1.2132529811108417,-0.03537210982108296,0.01805709231034046,MODELING_HISTORY,Cluster 2,2.0304852120290455
PROJ_181,"Somajiguda, Hyderabad - TSPCB",Hyderabad,2025-08-26,Monsoon,62,95,27,24.2125,84.5,3.195,103,Moderately Polluted,pm2_5,-0.30164744210601907,-2.0408187420572155,0.596220254670858,-0.8280119109444442,0.8212622025466103,0.2971687511170875,MODELING_HISTORY,Cluster 3,1.8092640833822708
PROJ_181,"Somajiguda, Hyderabad - TSPCB",Hyderabad,2025-08-27,Monsoon,55,87,28,23.3208333333333,91.125,3.68583333333333,91,Satisfactory,pm2_5,0.44690740436776194,-2.2515826749772043,0.4319423373099644,-0.8487540284796645,0.7002981518473042,0.2210209215696212,MODELING_HISTORY,Cluster 3,2.2850414775049215
PROJ_181,"Somajiguda, Hyderabad - TSPCB",Hyderabad,2025-08-28,Monsoon,56,88,28,23.6958333333333,88.9583333333333,3.86208333333333,93,Satisfactory,pm2_5,0.4031528425923449,-2.1504479367786,0.4668668491203784,-1.0358435126640215,0.6179876248121922,0.2558926768093013,MODELING_HISTORY,Cluster 3,2.317866352228244
PROJ_181,"Somajiguda, Hyderabad - TSPCB",Hyderabad,2025-08-31,Monsoon,50,91,26,25.0333333333333,84.125,3.335,91,Satisfactory,pm10,0.1686964022295192,-1.574958763157164,0.5331813220598859,-0.7232486134186633,0.6924971706255211,-0.07625861187501637,MODELING_HISTORY,Cluster 3,1.7463235363063196
PROJ_181,"Somajiguda, Hyderabad - TSPCB",Hyderabad,2025-09-01,Monsoon,49,90,21,24.7833333333333,83.125,3.58375,90,Satisfactory,pm10,0.3418094374650088,-1.584781216726941,0.8508245276341961,-0.7716887769397776,0.5121364940624327,-0.08038422441674256,MODELING_HISTORY,Cluster 3,1.9967749071999523
PROJ_181,"Somajiguda, Hyderabad - TSPCB",Hyderabad,2025-09-02,Monsoon,56,92,25,24.3541666666667,84.1666666666667,3.83916666666667,93,Satisfactory,pm2_5,0.20137516473987815,-1.8993486535151791,0.6862748334622899,-1.0951010275624085,0.5090962408261255,0.1733436653366072,MODELING_HISTORY,Cluster 3,2.175151859610245
PROJ_181,"Somajiguda, Hyderabad - TSPCB",Hyderabad,2025-09-03,Monsoon,63,93,24,24.9458333333333,78.5,3.43291666666667,107,Moderately Polluted,pm2_5,-0.3447427438741922,-1.7188434715867558,0.8388521608006063,-1.0300721498573586,0.6346481604595158,0.4290739345333528,MODELING_HISTORY,Cluster 3,1.8660454967713014
PROJ_181,"Somajiguda, Hyderabad - TSPCB",Hyderabad,2025-09-04,Monsoon,62,95,23,25.375,76.1666666666667,3.38166666666667,103,Moderately Polluted,pm2_5,-0.4370090525440781,-1.5500888995012547,0.9040509341501368,-1.0302402349041602,0.594755746074325,0.34653761287972284,MODELING_HISTORY,Cluster 3,1.8060697498289795
PROJ_181,"Somajiguda, Hyderabad - TSPCB",Hyderabad,2025-09-05,Monsoon,53,87,26,25.5541666666667,75.5,3.14208333333333,88,Satisfactory,pm2_5,-0.15388167627019825,-1.211976614390301,0.5891350642203599,-0.6551361266751188,0.5744335415290829,0.22774714687118455,MODELING_HISTORY,Cluster 3,1.4268503247819888
PROJ_181,"Somajiguda, Hyderabad - TSPCB",Hyderabad,2025-09-06,Monsoon,56,91,31,25.6625,77.9166666666667,2.68583333333333,93,Satisfactory,pm2_5,-0.4894976943013413,-1.3282885856452002,0.28106420563816137,-0.5276213159984462,0.8815808371331911,0.2038461304556299,MODELING_HISTORY,Cluster 3,1.0953013041498323
PROJ_181,"Somajiguda, Hyderabad - TSPCB",Hyderabad,2025-09-07,Monsoon,54,91,29,25.65,72.5416666666667,2.58666666666667,91,Satisfactory,pm10,-0.5870488245366143,-1.1232864138233754,0.39696943855589145,-0.3759192608223817,0.6673771617392362,0.19637856705161383,MODELING_HISTORY,Cluster 3,0.9108449619934615
PROJ_181,"Somajiguda, Hyderabad - TSPCB",Hyderabad,2025-09-08,Monsoon,63,99,29,26.1666666666667,72.5833333333333,2.11083333333333,107,Moderately Polluted,pm2_5,-1.2200108197558484,-1.2326750014454844,0.4946684031626505,-0.39628017391074527,1.0260567844446966,0.2689020560219921,MODELING_HISTORY,Cluster 3,0.9474648149299876
PROJ_181,"Somajiguda, Hyderabad - TSPCB",Hyderabad,2025-09-09,Monsoon,76,101,32,27.1916666666667,66.5,1.53333333333333,152,Moderately Polluted,pm2_5,-2.0916774931157587,-1.0663160343762716,0.463454221868125,-0.44937986217887216,1.3614716751530425,0.7193409083546641,MODELING_HISTORY,Cluster 3,1.451152803066604
PROJ_181,"Somajiguda, Hyderabad - TSPCB",Hyderabad,2025-09-10,Monsoon,65,94,32,26.1125,79.0833333333333,1.795,114,Moderately Polluted,pm2_5,-1.1714302174102835,-1.4007076630342212,0.2819527236350612,-0.2333449741740259,1.4550519930127688,0.3704280190706679,MODELING_HISTORY,Cluster 3,0.7921009513980817
PROJ_181,"Somajiguda, Hyderabad - TSPCB",Hyderabad,2025-09-13,Monsoon,76,101,29,24.1125,89.5416666666667,1.6675,152,Moderately Polluted,pm2_5,-1.344415482756911,-2.427423823047275,0.5416896668610848,-0.20188985899162415,1.765772890647097,0.5112663959649238,MODELING_HISTORY,Cluster 3,1.6660459262863299
PROJ_181,"Somajiguda, Hyderabad - TSPCB",Hyderabad,2025-09-14,Monsoon,56,93,31,25.0708333333333,85.3333333333333,1.61166666666667,93,Satisfactory,"pm10,pm2_5",-0.7587830155834626,-1.6053477207892757,0.1929997163920584,0.20944841702659,1.4630763357550678,0.01031341328397789,MODELING_HISTORY,Cluster 3,0.6847139660620637
PROJ_181,"Somajiguda, Hyderabad - TSPCB",Hyderabad,2025-09-15,Monsoon,56,93,27,25.2583333333333,84.2916666666667,2.40333333333333,93,Satisfactory,"pm10,pm2_5",-0.4381323978000995,-1.5942081468276703,0.4954999874410521,-0.2948848270790326,1.1617182114253406,0.03198635561484603,MODELING_HISTORY,Cluster 3,1.1293075586840642
PROJ_181,"Somajiguda, Hyderabad - TSPCB",Hyderabad,2025-09-16,Monsoon,50,99,31,25.1958333333333,85.375,1.71125,99,Satisfactory,pm10,-0.6561079892139583,-1.527362917368867,0.13682737454168178,0.19991750417852516,1.307329748174062,-0.35777687151601184,MODELING_HISTORY,Cluster 3,0.6510138249189161
PROJ_181,"Somajiguda, Hyderabad - TSPCB",Hyderabad,2025-09-17,Monsoon,40,97,47,25.3791666666667,85.3333333333333,1.12708333333333,97,Satisfactory,pm10,-0.6881763428933445,-1.2374324647502084,-1.0281012693112317,0.6400281195691574,1.390252254881935,-0.5979318906538056,MODELING_HISTORY,Cluster 3,1.1913524415402315
PROJ_181,"Somajiguda, Hyderabad - TSPCB",Hyderabad,2025-09-18,Monsoon,36,87,37,25.775,83.4583333333333,1.35208333333333,87,Satisfactory,pm10,-0.26065685193848287,-0.9166570824328945,-0.42933064836749135,0.7218168584235958,1.2786281131946842,-0.5457895668042523,MODELING_HISTORY,Cluster 3,0.9343871994318178
PROJ_181,"Somajiguda, Hyderabad - TSPCB",Hyderabad,2025-09-19,Monsoon,40,84,34,25.5708333333333,82.2083333333333,1.84666666666667,84,Satisfactory,pm10,-0.12440878703745044,-1.0130512447273845,-0.16760396860595003,0.398453789851568,1.1061408161003408,-0.2897274476510599,MODELING_HISTORY,Cluster 3,0.8749208549827628
PROJ_181,"Somajiguda, Hyderabad - TSPCB",Hyderabad,2025-09-20,Monsoon,43,104,33,25.6958333333333,82.25,2.0825,102,Moderately Polluted,pm10,-0.5008937922504068,-1.269390276614277,-0.02904905729287142,-0.0134608968572818,0.9734949548462104,-0.6785837284475809,MODELING_HISTORY,Cluster 3,0.6751993409764506
PROJ_181,"Somajiguda, Hyderabad - TSPCB",Hyderabad,2025-09-27,Monsoon,35,79,29,23.425,91.7083333333333,3.33708333333333,79,Satisfactory,pm10,1.0677950437449542,-1.7325494843725389,0.10324849873299574,-0.14248893039686145,0.5656755571282168,-0.33219340029749234,MODELING_HISTORY,Cluster 2,1.5684689577823427
PROJ_181,"Somajiguda, Hyderabad - TSPCB",Hyderabad,2025-09-28,Monsoon,30,71,29,23.8875,82.375,3.505,70,Satisfactory,pm10,1.1938253431378114,-1.1901942565838235,0.08073591819119419,-0.0938362823920893,0.16557130633705164,-0.18446848880138728,MODELING_HISTORY,Cluster 2,1.0299744900451708
PROJ_181,"Somajiguda, Hyderabad - TSPCB",Hyderabad,2025-09-29,Monsoon,35,85,32,25.0791666666667,76.3333333333333,2.9125,85,Satisfactory,pm10,0.3216914212170947,-0.947818605930557,-0.0281659984489576,-0.09905505941740908,0.32230854546445253,-0.3320556430527708,MODELING_HISTORY,Cluster 3,1.375038033389219
PROJ_181,"Somajiguda, Hyderabad - TSPCB",Hyderabad,2025-10-05,Post-monsoon,39,86,31,25.4416666666667,80.3333333333333,1.92,86,Satisfactory,pm10,-0.12192254738510212,-0.9893292683112144,0.02205893791618136,0.40661549992714807,0.9555991188237336,-0.35658939614838436,MODELING_HISTORY,Cluster 3,0.8455285337443841
PROJ_181,"Somajiguda, Hyderabad - TSPCB",Hyderabad,2025-10-06,Post-monsoon,37,82,29,24.6,81.6666666666667,2.18333333333333,82,Satisfactory,pm10,0.19694706367094095,-1.1533254147783625,0.11847992335465236,0.4366419706235766,0.7765384200485916,-0.3047932315788826,MODELING_HISTORY,Cluster 3,1.1770734177494047
PROJ_181,"Somajiguda, Hyderabad - TSPCB",Hyderabad,2025-10-07,Post-monsoon,39,91,30,24.725,81.7916666666667,1.48083333333333,91,Satisfactory,pm10,-0.32992733268908525,-1.2036333863038529,0.05362377877055552,0.7477677597859552,1.0353339292656274,-0.496289331275938,MODELING_HISTORY,Cluster 3,0.7694610676957583
PROJ_181,"Somajiguda, Hyderabad - TSPCB",Hyderabad,2025-10-08,Post-monsoon,61,118,34,25.9458333333333,74.8333333333333,1.1675,111,Moderately Polluted,pm10,-1.885740356847106,-1.428521636679018,0.11665310015299904,0.0647527719571731,1.277531883062763,-0.31496374215527734,MODELING_HISTORY,Cluster 3,1.0680475928856314
PROJ_181,"Somajiguda, Hyderabad - TSPCB",Hyderabad,2025-10-09,Post-monsoon,45,106,35,25.8291666666667,75.4583333333333,1.45166666666667,103,Moderately Polluted,pm10,-1.0449681956524943,-1.0529289525778829,-0.1391795358183604,0.3334725651725542,0.9765167395644464,-0.5774814521272611,MODELING_HISTORY,Cluster 3,0.23790266736607873
PROJ_181,"Somajiguda, Hyderabad - TSPCB",Hyderabad,2025-10-10,Post-monsoon,65,140,32,26.3708333333333,60.125,1.77875,126,Moderately Polluted,pm10,-2.549375490742534,-1.260248464180957,0.4066986039156837,-0.6026809095110813,0.4757406246275251,-0.488782697959436,MODELING_HISTORY,Cluster 3,1.9104259496304252
PROJ_181,"Somajiguda, Hyderabad - TSPCB",Hyderabad,2025-10-11,Post-monsoon,62,129,25,26.0916666666667,57.4166666666667,2.20958333333333,119,Moderately Polluted,pm10,-2.0746354996587346,-1.0969851598272138,0.8300986319134054,-0.6057346610863295,0.18164069756539708,-0.2931404560387108,MODELING_HISTORY,Cluster 3,1.6666237095143026
PROJ_181,"Somajiguda, Hyderabad - TSPCB",Hyderabad,2025-10-12,Post-monsoon,70,135,43,26.8875,56.75,2.10791666666667,131,Moderately Polluted,pm2_5,-2.660052342928764,-1.1408280174381558,-0.20302307347016907,-1.0401315206597497,0.42223771711089686,-0.06176834043555689,MODELING_HISTORY,Cluster 3,2.2290250599828063
PROJ_181,"Somajiguda, Hyderabad - TSPCB",Hyderabad,2025-10-13,Post-monsoon,113,119,20,25.5,70.0416666666667,1.76083333333333,276,Poor,pm2_5,-3.227913588430854,-2.476798717377716,1.6615443951191278,-1.2349074722537088,1.6976344473344425,1.5763580285270644,MODELING_HISTORY,Cluster 3,3.529844040160462
PROJ_181,"Somajiguda, Hyderabad - TSPCB",Hyderabad,2025-10-14,Post-monsoon,46,72,23,24.9708333333333,82.2083333333333,2.28625,76,Satisfactory,pm2_5,0.21139819748625224,-1.166030823973485,0.6015674039733638,0.27562363863849026,1.0285757494902,0.20366210209895164,MODELING_HISTORY,Cluster 3,1.30713646167903
PROJ_181,"Somajiguda, Hyderabad - TSPCB",Hyderabad,2025-10-18,Post-monsoon,69,143,49,27.0958333333333,59.7916666666667,2.04041666666667,128,Moderately Polluted,"pm10,pm2_5",-2.790685185192938,-1.2473876037353735,-0.5964995149750819,-1.1460978685775056,0.5356973086833527,-0.316210262254272,MODELING_HISTORY,Cluster 3,2.480722430721174
PROJ_181,"Somajiguda, Hyderabad - TSPCB",Hyderabad,2025-10-19,Post-monsoon,66,108,45,26.1958333333333,67.875,2.30916666666667,117,Moderately Polluted,pm2_5,-1.6532492113210373,-1.2816436023379678,-0.44748562164234,-0.8127576581557991,0.7792177799456597,0.3518542329449526,MODELING_HISTORY,Cluster 3,1.4953525539477828
PROJ_181,"Somajiguda, Hyderabad - TSPCB",Hyderabad,2025-10-20,Post-monsoon,62,111,26,25.7458333333333,74.4583333333333,1.87041666666667,107,Moderately Polluted,pm10,-1.4350136042982753,-1.4583774420999644,0.6636637635379677,-0.25104408752719365,1.034209887179943,-0.1064200716247716,MODELING_HISTORY,Cluster 3,1.0887635824901194
PROJ_181,"Somajiguda, Hyderabad - TSPCB",Hyderabad,2025-10-21,Post-monsoon,33,83,14,25.4833333333333,76.5,2.58875,83,Satisfactory,pm10,0.4284163777236575,-0.7486371705815112,1.0760916634577673,0.2955148671267361,0.47380082756763414,-0.5260494460337989,MODELING_HISTORY,Cluster 3,1.7364285688691736
PROJ_181,"Somajiguda, Hyderabad - TSPCB",Hyderabad,2025-10-22,Post-monsoon,25,55,20,25.0916666666667,80.625,3.07625,54,Satisfactory,pm10,1.4742649702233064,-0.5583851161880413,0.5721763921235639,0.3802560487482771,0.4337329339096919,-0.09467037271640102,MODELING_HISTORY,Cluster 2,0.900585225850082
PROJ_181,"Somajiguda, Hyderabad - TSPCB",Hyderabad,2025-10-23,Post-monsoon,18,52,15,23.7166666666667,89.25,3.53,51,Satisfactory,pm10,2.2244768186499004,-0.9738875923003832,0.7798674154132674,0.4504810830559788,0.300724715816712,-0.3449553959067115,MODELING_HISTORY,Cluster 2,1.3748252067245461
PROJ_181,"Somajiguda, Hyderabad - TSPCB",Hyderabad,2025-10-24,Post-monsoon,21,52,13,23.2791666666667,90.7083333333333,2.18791666666667,51,Satisfactory,pm10,1.657613785885525,-1.0581593962846696,0.8592895744372009,1.3428183429305471,0.8293580464852462,-0.32447267132719215,MODELING_HISTORY,Cluster 2,1.9672634065992571
PROJ_181,"Somajiguda, Hyderabad - TSPCB",Hyderabad,2025-10-25,Post-monsoon,36,75,13,23.4125,88.7916666666667,1.75833333333333,74,Satisfactory,pm10,0.534692019227949,-1.4737750860928118,1.0506036699868768,1.083274346895534,1.0518913788751003,-0.35269087277820055,MODELING_HISTORY,Cluster 3,1.9881974458532237
PROJ_181,"Somajiguda, Hyderabad - TSPCB",Hyderabad,2025-10-27,Post-monsoon,41,85,29,24.9666666666667,79.5416666666667,1.21583333333333,85,Satisfactory,pm10,-0.4367626843138478,-1.0398825601332446,0.12967774154239825,0.9228435350374552,1.1479325147582211,-0.2747507656573181,MODELING_HISTORY,Cluster 3,0.7668163996159438
PROJ_181,"Somajiguda, Hyderabad - TSPCB",Hyderabad,2025-10-28,Post-monsoon,50,94,8,23.55,88.5833333333333,3.20666666666667,94,Satisfactory,pm10,0.3611574510288077,-2.027931630917235,1.6375965866182478,-0.31714858981670363,0.6681980715838245,-0.27601195569838505,MODELING_HISTORY,Cluster 3,2.4037298314735533
PROJ_181,"Somajiguda, Hyderabad - TSPCB",Hyderabad,2025-10-29,Post-monsoon,45,92,11,22.5125,91.125,4.16791666666667,92,Satisfactory,pm10,1.0092866352395764,-2.29650427562576,1.4144850790694214,-0.7297212334762174,0.19430227613289075,-0.31623392317661814,MODELING_HISTORY,Cluster 2,2.5678717899586374
PROJ_181,"Somajiguda, Hyderabad - TSPCB",Hyderabad,2025-10-30,Post-monsoon,43,86,16,24.8458333333333,73.9166666666667,3.75916666666667,86,Satisfactory,pm10,0.47948096412399094,-1.148990533178276,1.133547677504716,-0.6435430385325249,0.01123661522001689,-0.08374962648349615,MODELING_HISTORY,Cluster 2,1.8605631506382332
PROJ_181,"Somajiguda, Hyderabad - TSPCB",Hyderabad,2025-11-01,Post-monsoon,39,105,21,25.1833333333333,80.5,1.44291666666667,103,Moderately Polluted,pm10,-0.588717384795757,-1.1907326743689712,0.6514170391304794,0.6751504243489241,0.9778913218747995,-0.914582881098111,MODELING_HISTORY,Cluster 3,0.7824994454974602
PROJ_181,"Somajiguda, Hyderabad - TSPCB",Hyderabad,2025-11-05,Post-monsoon,53,104,43,25.2666666666667,73.8333333333333,1.59875,102,Moderately Polluted,pm10,-1.2773019486277293,-1.2957087752723542,-0.549695473543139,0.08739689272834805,0.9306913198274732,-0.11679143498266172,MODELING_HISTORY,Cluster 3,0.8126448583447705
PROJ_181,"Somajiguda, Hyderabad - TSPCB",Hyderabad,2025-11-06,Post-monsoon,59,104,32,24.9958333333333,65.3333333333333,1.73166666666667,102,Moderately Polluted,pm10,-1.5198977062864234,-1.225102462845599,0.2512834691337903,0.04845016323791151,0.6052148200645621,0.17708650936674522,MODELING_HISTORY,Cluster 3,0.7092185413367469
PROJ_181,"Somajiguda, Hyderabad - TSPCB",Hyderabad,2025-11-07,Post-monsoon,30,46,31,24.9875,58.1666666666667,2.09875,50,Good,pm2_5,0.4540915696789048,0.12834240334398367,-0.05737282783308157,1.0040034398788074,0.02982860802364731,0.6910817574535166,MODELING_HISTORY,Cluster 2,1.7862815858469627
PROJ_181,"Somajiguda, Hyderabad - TSPCB",Hyderabad,2025-11-08,Post-monsoon,27,49,40,24.2416666666667,50.25,1.86916666666667,49,Good,pm10,0.1449206796791448,0.2286991935598273,-0.6563458587454959,1.2363982238174018,-0.3760734837521561,0.7237667889514173,MODELING_HISTORY,Cluster 3,1.9951398165906553
PROJ_181,"Somajiguda, Hyderabad - TSPCB",Hyderabad,2025-11-09,Post-monsoon,29,48,54,23.375,53.7083333333333,1.66291666666667,53,Satisfactory,o3,0.01916516346108693,-0.0976188149102192,-1.5574082287244275,1.3034328698977034,-0.24555576084089975,0.9023473363158172,MODELING_HISTORY,Cluster 3,2.2965120022287913
PROJ_181,"Somajiguda, Hyderabad - TSPCB",Hyderabad,2025-11-10,Post-monsoon,36,69,40,23.5541666666667,50.5416666666667,1.20041666666667,68,Satisfactory,pm10,-0.7556859776853654,-0.26185887551012277,-0.5710817276800958,1.3892342253433922,-0.187831180293502,0.54909465059467355,MODELING_HISTORY,Cluster 3,1.4183951684886356
PROJ_181,"Somajiguda, Hyderabad - TSPCB",Hyderabad,2025-11-11,Post-monsoon,30,50,64,24.2166666666667,49.1666666666667,1.40375,63,Satisfactory,o3,-0.3745150356655313,0.18819143425361945,-2.1650934820311516,1.2470132697022267,-0.19618312868956644,0.9715579729982096,MODELING_HISTORY,Cluster 3,2.7366628772534836
PROJ_181,"Somajiguda, Hyderabad - TSPCB",Hyderabad,2025-11-12,Post-monsoon,29,51,67,24.1375,47.875,1.79833333333333,66,Satisfactory,o3,-0.2586181714550329,0.18051323440630393,-2.3416531877688844,0.9855892076322575,-0.42329216518260704,0.9784403832986404,MODELING_HISTORY,Cluster 1,2.79919174984625
PROJ_181,"Somajiguda, Hyderabad - TSPCB",Hyderabad,2025-11-13,Post-monsoon,37,80,50,23.4583333333333,44.7916666666667,1.9425,80,Satisfactory,pm10,-0.921098528695778,-0.3254619817266424,-1.122386187445655,0.7165944285866261,-0.7404598485757168,0.5204472257729229,MODELING_HISTORY,Cluster 3,1.4068212897124415
PROJ_181,"Somajiguda, Hyderabad - TSPCB",Hyderabad,2025-11-14,Post-monsoon,65,149,69,22.425,49.75,1.6625,132,Moderately Polluted,pm10,-3.212862190346198,-1.9718908112149889,-1.9565057299472983,-0.4042365922988297,-0.5119950547355685,-0.07824265483294522,MODELING_HISTORY,Cluster 3,3.277056328448601
PROJ_181,"Somajiguda, Hyderabad - TSPCB",Hyderabad,2025-11-15,Post-monsoon,78,183,73,22.4416666666667,51.7083333333333,1.41041666666667,159,Moderately Polluted,pm2_5,-4.348418873691002,-2.61869213783988,-2.033763801162745,-0.879476435499485,-0.31599052807643213,-0.467662565533224,MODELING_HISTORY,Cluster 3,4.4845810098612935
PROJ_181,"Somajiguda, Hyderabad - TSPCB",Hyderabad,2025-11-16,Post-monsoon,73,163,66,22.4166666666667,47.5833333333333,1.94625,142,Moderately Polluted,pm10,-3.639957553329963,-2.2344462273127523,-1.6315339803114195,-0.8531606444886126,-0.6474145545483527,-0.10695120766794576,MODELING_HISTORY,Cluster 3,3.6215670113174028
PROJ_181,"Somajiguda, Hyderabad - TSPCB",Hyderabad,2025-11-17,Post-monsoon,72,172,71,22.3708333333333,45.0833333333333,2.30458333333333,148,Moderately Polluted,pm10,-3.740852084823071,-2.2810683419652653,-1.9223220922169304,-1.1832561144839542,-0.9509187692045078,-0.26913366877323003,MODELING_HISTORY,Cluster 3,3.972087325081345
PROJ_181,"Somajiguda, Hyderabad - TSPCB",Hyderabad,2025-11-18,Post-monsoon,74,163,52,23.075,45.125,1.53083333333333,145,Moderately Polluted,pm2_5,-3.805305770281211,-1.9814759990729929,-0.7359520061197689,-0.5415756014740793,-0.4866882623129708,-0.19104367829891605,MODELING_HISTORY,Cluster 3,3.247346093200395
PROJ_181,"Somajiguda, Hyderabad - TSPCB",Hyderabad,2025-11-19,Post-monsoon,82,124,70,23.125,48.8333333333333,1.32916666666667,172,Moderately Polluted,pm2_5,-3.4294344510553705,-1.8507997591637269,-1.856631442934967,-0.4139590399845611,0.12064226264774663,1.1229021351687587,MODELING_HISTORY,Cluster 3,3.339977184640321
PROJ_181,"Somajiguda, Hyderabad - TSPCB",Hyderabad,2025-11-20,Post-monsoon,72,110,57,23.0583333333333,48.875,1.60833333333333,138,Moderately Polluted,pm2_5,-2.6353920043939776,-1.526947248611873,-1.153084877336785,-0.1210802095845025,-0.08520464141842371,1.0334777005451945,MODELING_HISTORY,Cluster 3,2.1965080403660493
PROJ_181,"Somajiguda, Hyderabad - TSPCB",Hyderabad,2025-11-21,Post-monsoon,46,89,27,24.3708333333333,56.625,1.75083333333333,89,Satisfactory,pm10,-0.9883159401631696,-0.6901694401368484,0.4179822114345269,0.6193572079896348,0.02264369514015202,0.2136327770272264,MODELING_HISTORY,Cluster 3,0.5184083526724975
PROJ_181,"Somajiguda, Hyderabad - TSPCB",Hyderabad,2025-11-22,Post-monsoon,42,80,30,25.2666666666667,63.375,1.85375,80,Satisfactory,pm10,-0.53427314420766,-0.5276975310409785,0.16411355533115224,0.5455244126955974,0.37072451340226975,0.16502021547956525,MODELING_HISTORY,Cluster 3,0.6585342833524207
PROJ_181,"Somajiguda, Hyderabad - TSPCB",Hyderabad,2025-11-23,Post-monsoon,43,80,34,25.7375,61.5,1.53416666666667,80,Satisfactory,pm10,-0.7870842676002849,-0.36761280183109424,-0.08245791702234775,0.6427110974604473,0.5012291214065233,0.21591669895876553,MODELING_HISTORY,Cluster 3,0.713799052808435
PROJ_181,"Somajiguda, Hyderabad - TSPCB",Hyderabad,2025-11-24,Post-monsoon,38,70,35,25.3875,53.7916666666667,1.89791666666667,69,Satisfactory,pm10,-0.48645955948711594,-0.05066045335003381,-0.1770861078723198,0.6707335788696251,-0.01337771176591989,0.4498240521805424,MODELING_HISTORY,Cluster 3,1.119360166795308
PROJ_181,"Somajiguda, Hyderabad - TSPCB",Hyderabad,2025-11-25,Post-monsoon,57,117,41,24.4125,58,2.08416666666667,111,Moderately Polluted,pm10,-1.8076955250151825,-1.276741822596676,-0.2916495963806427,-0.24113189069239216,-0.00604423239305074,0.0124416408614409,MODELING_HISTORY,Cluster 3,1.1415832120305354
PROJ_181,"Somajiguda, Hyderabad - TSPCB",Hyderabad,2025-11-26,Post-monsoon,74,120,53,23.9916666666667,60.8333333333333,1.94125,145,Moderately Polluted,pm2_5,-2.4507216986272193,-1.8314865237293172,-0.8722004589612153,-0.6103371845633792,0.3785735962534573,0.6101624577291925,MODELING_HISTORY,Cluster 3,2.1860702705696564
PROJ_181,"Somajiguda, Hyderabad - TSPCB",Hyderabad,2025-11-27,Post-monsoon,78,99,49,23.6166666666667,62.7916666666667,2.06333333333333,159,Moderately Polluted,pm2_5,-2.0234580187536033,-1.8426621886209864,-0.6029899897441261,-0.5026186770637381,0.5489037871848531,1.243862420425639,MODELING_HISTORY,Cluster 3,1.7537541926737832
PROJ_181,"Somajiguda, Hyderabad - TSPCB",Hyderabad,2025-11-28,Post-monsoon,71,126,49,23.15,51.9583333333333,2.565,134,Moderately Polluted,pm2_5,-2.3885793661969625,-1.8081107960722695,-0.5943253892531816,-0.8272937194543624,-0.412106590862768,0.5432392186362061,MODELING_HISTORY,Cluster 3,2.141513609536564
PROJ_181,"Somajiguda, Hyderabad - TSPCB",Hyderabad,2025-11-29,Post-monsoon,20,88,52,22.1041666666667,50.9583333333333,2.02333333333333,88,Satisfactory,pm10,-0.35135362672565323,-0.55424505339866,-1.4744823894294228,1.0852495707539065,-1.0685004547901895,-0.29840818688785475,MODELING_HISTORY,Cluster 3,1.859564061731961
PROJ_181,"Somajiguda, Hyderabad - TSPCB",Hyderabad,2025-11-30,Post-monsoon,11,67,38,22.775,53.9583333333333,1.94833333333333,66,Satisfactory,pm10,0.4648658245815654,-0.06987980777454951,-0.7233698877218111,1.5557935363473845,-0.8616171098564182,-0.2910333967491164,MODELING_HISTORY,Cluster 3,2.216530974036371
PROJ_181,"Somajiguda, Hyderabad - TSPCB",Hyderabad,2025-12-01,Winter,14,77,43,23.4125,59.7083333333333,1.80958333333333,77,Satisfactory,pm10,0.2091118691741825,-0.2533373686499285,-1.010662612402505,1.334758280918447,-0.49475200926753227,-0.5268882981340387,MODELING_HISTORY,Cluster 3,2.0023862098553664
PROJ_181,"Somajiguda, Hyderabad - TSPCB",Hyderabad,2025-12-02,Winter,23,99,44,23.9708333333333,61.5833333333333,1.93208333333333,99,Satisfactory,pm10,-0.4162879296631226,-0.6013735448415363,-0.9320787969285048,0.7670304108448197,-0.3565063400770269,-0.7921288189861908,MODELING_HISTORY,Cluster 3,1.2688243766285368
PROJ_181,"Somajiguda, Hyderabad - TSPCB",Hyderabad,2025-12-03,Winter,26,102,38,24.1208333333333,58.2083333333333,2.24125,101,Moderately Polluted,pm10,-0.4801075852966643,-0.5783456005954356,-0.48201311254130047,0.5232618438738719,-0.548165219237947,-0.7387984792770154,MODELING_HISTORY,Cluster 3,0.8539917640756013
PROJ_181,"Somajiguda, Hyderabad - TSPCB",Hyderabad,2025-12-04,Winter,25,106,34,24.3166666666667,62.375,2.00958333333333,103,Moderately Polluted,pm10,-0.4898834761720045,-0.6512080124363477,-0.258461270798629,0.6558778266783628,-0.3140266357478103,-0.9915594766002802,MODELING_HISTORY,Cluster 3,0.7253239063788463
PROJ_181,"Somajiguda, Hyderabad - TSPCB",Hyderabad,2025-12-05,Winter,29,68,51,23.6416666666667,51.7083333333333,2.31291666666667,67,Satisfactory,pm10,-0.13851475806793842,-0.2345862520618696,-1.2962345766329442,0.6915088255141018,-0.6405985053668448,0.4378694938715747,MODELING_HISTORY,Cluster 3,1.7937592933840614
PROJ_181,"Somajiguda, Hyderabad - TSPCB",Hyderabad,2025-12-06,Winter,43,56,53,22.975,48.9166666666667,1.89833333333333,71,Satisfactory,pm2_5,-0.5628410238400751,-0.4296006930809914,-1.2954949891453726,0.8567841200879758,-0.3843452738196521,1.3137391233798126,MODELING_HISTORY,Cluster 3,1.6036390554966677
PROJ_181,"Somajiguda, Hyderabad - TSPCB",Hyderabad,2025-12-07,Winter,32,50,45,23.425,45.4166666666667,2.04208333333333,52,Satisfactory,pm2_5,-0.09269802218698542,0.05472363234898748,-0.8993022075501644,1.085355142274298,-0.6671938056991586,1.045313363203905,MODELING_HISTORY,Cluster 3,1.814296091955046
PROJ_181,"Somajiguda, Hyderabad - TSPCB",Hyderabad,2025-12-08,Winter,57,99,38,22.6625,39.7916666666667,2.02791666666667,99,Satisfactory,pm10,-1.8613951562623088,-0.9439809199326652,-0.09015754817341028,0.29752690477356647,-0.8589343347022953,0.8140613847829963,MODELING_HISTORY,Cluster 3,0.91444975122875
PROJ_181,"Somajiguda, Hyderabad - TSPCB",Hyderabad,2025-12-09,Winter,51,107,32,22.7333333333333,34.9166666666667,2.55041666666667,104,Moderately Polluted,pm10,-1.699169696868552,-0.7824375916089641,0.2755626630183219,0.07580852777693256,-1.3847453051508898,0.4569267773838459,MODELING_HISTORY,Cluster 3,0.8425856536751528
PROJ_181,"Somajiguda, Hyderabad - TSPCB",Hyderabad,2025-12-10,Winter,42,82,32,22.6791666666667,35.0833333333333,2.46125,82,Satisfactory,pm10,-0.974425198113014,-0.355293917488122,0.1315407860734598,0.5649611706118748,-1.3612295903652665,0.7463586387645211,MODELING_HISTORY,Cluster 3,0.6614258624936276
PROJ_181,"Somajiguda, Hyderabad - TSPCB",Hyderabad,2025-12-11,Winter,28,43,28,22.1791666666667,31.75,2.04125,47,Good,pm2_5,-0.00347189691862642,0.3517456102149083,0.15254434817485402,1.6207228523059112,-1.428012077762591,1.2338113008433338,MODELING_HISTORY,Cluster 3,2.067864885774531
PROJ_181,"Somajiguda, Hyderabad - TSPCB",Hyderabad,2025-12-12,Winter,67,74,28,21.9416666666667,35.0833333333333,1.62541666666667,121,Moderately Polluted,pm2_5,-1.8575408936287896,-0.865624773065727,0.615043904123182,0.791377432803874,-0.6888711853544933,1.815333606668528,MODELING_HISTORY,Cluster 3,1.1319620000015493
PROJ_181,"Somajiguda, Hyderabad - TSPCB",Hyderabad,2025-12-13,Winter,86,104,34,22.0791666666667,42.0416666666667,1.275,186,Moderately Polluted,pm2_5,-3.0313785629150583,-1.7056783031248726,0.4560850664158184,0.23365673032665069,-0.11279071744508462,1.6665387999617252,MODELING_HISTORY,Cluster 3,2.226021717957626
PROJ_181,"Somajiguda, Hyderabad - TSPCB",Hyderabad,2025-12-14,Winter,83,99,32,22.3166666666667,45.375,1.47291666666667,176,Moderately Polluted,pm2_5,-2.67163038997975,-1.6519849367385882,0.5440431507716662,0.18754262526310528,-0.04064167733522345,1.613583889902225,MODELING_HISTORY,Cluster 3,1.9010862954877954
PROJ_181,"Somajiguda, Hyderabad - TSPCB",Hyderabad,2025-12-15,Winter,93,150,32,22.0208333333333,49.9583333333333,1.5875,207,Poor,pm2_5,-3.7895750315801378,-2.58251724084682,0.7136143123553537,-0.5544684956743656,-0.0751059681867714,0.6614174100243341,MODELING_HISTORY,Cluster 3,3.435231664408185
PROJ_181,"Somajiguda, Hyderabad - TSPCB",Hyderabad,2025-12-16,Winter,72,163,30,22.0708333333333,51.9166666666667,1.70125,142,Moderately Polluted,pm10,-3.2972009548607675,-2.3441122991722634,0.6098088570904797,-0.29630359243320636,-0.4745362302166022,-0.46322982369718463,MODELING_HISTORY,Cluster 3,2.832386161019221
PROJ_181,"Somajiguda, Hyderabad - TSPCB",Hyderabad,2025-12-17,Winter,64,142,31,22.9625,49.25,1.62083333333333,128,Moderately Polluted,pm10,-2.7837483346724183,-1.687505289042115,0.44212069696336,0.00685434606214407,-0.4319514289650194,-0.2359715584660053,MODELING_HISTORY,Cluster 3,2.017817181200289
PROJ_181,"Somajiguda, Hyderabad - TSPCB",Hyderabad,2025-12-18,Winter,43,95,18,22.7375,39.9583333333333,1.97833333333333,95,Satisfactory,pm10,-1.2168928255918292,-0.5757616333243686,1.0072591551959535,0.8486915266748112,-1.0527159838353717,0.2536925865180002,MODELING_HISTORY,Cluster 3,1.1549792020615859
PROJ_181,"Somajiguda, Hyderabad - TSPCB",Hyderabad,2025-12-19,Winter,71,137,18,22.1291666666667,36.5416666666667,2.30958333333333,134,Moderately Polluted,pm2_5,-2.8075766191532474,-1.632705658400767,1.4117040961408558,-0.2634139546371129,-1.161727080354546,0.3311370416954018,MODELING_HISTORY,Cluster 3,2.452741300500884
PROJ_181,"Somajiguda, Hyderabad - TSPCB",Hyderabad,2025-12-20,Winter,57,69,27,21.5875,41.5416666666667,1.91833333333333,95,Satisfactory,pm2_5,-1.1603401137731333,-0.9025802797340952,0.5435057310399758,0.8871225583745121,-0.7362618469291533,1.5042900171089335,MODELING_HISTORY,Cluster 3,0.7296630641500537
PROJ_181,"Somajiguda, Hyderabad - TSPCB",Hyderabad,2025-12-21,Winter,84,97,34,21.1875,54.5416666666667,1.34791666666667,179,Moderately Polluted,pm2_5,-2.466762884506779,-2.161564463598507,0.37340507240567195,0.35756901286248977,0.22973731384702817,1.6243527918655256,MODELING_HISTORY,Cluster 3,1.931193983604544
PROJ_181,"Somajiguda, Hyderabad - TSPCB",Hyderabad,2025-12-22,Winter,57,106,34,22.175,47.5,1.55583333333333,103,Moderately Polluted,pm10,-1.9474105640382968,-1.3022232397514375,0.11486082738110732,0.6144685307002873,-0.49977976157313175,0.4912474858351972,MODELING_HISTORY,Cluster 3,1.0606580826637293
PROJ_181,"Somajiguda, Hyderabad - TSPCB",Hyderabad,2025-12-23,Winter,75,116,30,21.7166666666667,48.875,1.49791666666667,148,Moderately Polluted,pm2_5,-2.626865978533975,-1.898385596566224,0.5797401351684428,0.26804212886651646,-0.24153433236221303,0.8668000955055777,MODELING_HISTORY,Cluster 3,1.9657750368435802
PROJ_181,"Somajiguda, Hyderabad - TSPCB",Hyderabad,2025-12-24,Winter,38,94,33,21.9708333333333,47.7916666666667,1.78916666666667,94,Satisfactory,pm10,-1.026068986714905,-0.8687136142658398,-0.05217651777757728,1.0130372487653674,-0.8616820041068265,0.11286305957061066,MODELING_HISTORY,Cluster 3,0.6647213602067803
PROJ_181,"Somajiguda, Hyderabad - TSPCB",Hyderabad,2025-12-25,Winter,38,96,33,21.9,47.0833333333333,1.56958333333333,96,Satisfactory,pm10,-1.1690403585020852,-0.8657985048399124,-0.06001458283571576,1.151749118301027,-0.8327828585387396,0.06593875511313832,MODELING_HISTORY,Cluster 3,0.8240673182299586
PROJ_181,"Somajiguda, Hyderabad - TSPCB",Hyderabad,2025-12-26,Winter,37,89,25,21.425,51.8333333333333,1.34916666666667,89,Satisfactory,pm10,-0.8944463464838435,-0.987675319980812,0.3929233534825929,1.502816697412705,-0.615533847182753,0.08524366116725791,MODELING_HISTORY,Cluster 3,1.1768065429370071
PROJ_181,"Somajiguda, Hyderabad - TSPCB",Hyderabad,2025-12-27,Winter,39,94,27,21.4833333333333,52.7083333333333,1.19,94,Satisfactory,pm10,-1.1118861415954266,-1.080982443374224,0.2852208272031802,1.4882560544568424,-0.5088788967360696,0.02224995976929558,MODELING_HISTORY,Cluster 3,1.1489110365575923
PROJ_181,"Somajiguda, Hyderabad - TSPCB",Hyderabad,2025-12-28,Winter,39,95,28,21.5041666666667,51.9166666666667,1.36583333333333,95,Satisfactory,pm10,-1.088755237214433,-1.0798011645751089,0.23538154051387505,1.3538884221029968,-0.6060440574574834,0.02564951676501546,MODELING_HISTORY,Cluster 3,1.006496845618888
PROJ_181,"Somajiguda, Hyderabad - TSPCB",Hyderabad,2025-12-29,Winter,40,94,30,21.4666666666667,50.8333333333333,1.49541666666667,94,Satisfactory,pm10,-1.0895199970176126,-1.0804382051172323,0.1289912099787677,1.2464289769340309,-0.6768831698647481,0.127183919636142,MODELING_HISTORY,Cluster 3,0.8890607028074009
PROJ_181,"Somajiguda, Hyderabad - TSPCB",Hyderabad,2025-12-30,Winter,40,95,28,21.9958333333333,51.5,0.76875,95,Satisfactory,pm10,-1.3852631334520515,-0.92828723489911,0.22326681436144816,1.663916382781076,-0.31661161351299105,0.00854808755274247,MODELING_HISTORY,Cluster 3,1.3670514585328681
PROJ_181,"Somajiguda, Hyderabad - TSPCB",Hyderabad,2025-12-31,Winter,39,97,28,22.6875,52.7083333333333,1.28208333333333,97,Satisfactory,pm10,-1.1768165948224232,-0.8530650718089763,0.24702021007249608,1.232104568122908,-0.3810481783692724,-0.105031191119177,MODELING_HISTORY,Cluster 3,0.9115980526710686
PROJ_181,"Somajiguda, Hyderabad - TSPCB",Hyderabad,2026-01-01,Winter,37,94,31,23.1416666666667,61.7916666666667,1.64583333333333,94,Satisfactory,pm10,-0.7221775629656346,-0.9800898559643294,0.02449305387993616,0.9359142258079391,-0.10146040981546144,-0.2281227843589688,MODELING_HISTORY,Cluster 3,0.6148211058530922
PROJ_181,"Somajiguda, Hyderabad - TSPCB",Hyderabad,2026-01-02,Winter,36,93,33,23.325,62.5,1.62,93,Satisfactory,pm10,-0.6871133772757922,-0.9302798686261758,-0.1167867866856575,0.9373323659028334,-0.04735223615759432,-0.24769802403390057,MODELING_HISTORY,Cluster 3,0.6587487810081196
PROJ_181,"Somajiguda, Hyderabad - TSPCB",Hyderabad,2026-01-03,Winter,37,90,44,22.8916666666667,62.2916666666667,2.15291666666667,90,Satisfactory,pm10,-0.5257467338241003,-1.070987567637402,-0.7838241714436304,0.5437373455037857,-0.27147384341041686,-0.00204956477523207,MODELING_HISTORY,Cluster 3,0.9798883027335753
PROJ_181,"Somajiguda, Hyderabad - TSPCB",Hyderabad,2026-01-04,Winter,27,79,44,22.4833333333333,58.2083333333333,1.98708333333333,79,Satisfactory,pm10,-0.16818537977919154,-0.7152847093037988,-0.9165477644835752,1.039608977222438,-0.541540836552305,-0.0147226937765581,MODELING_HISTORY,Cluster 3,1.4586076303618336
PROJ_181,"Somajiguda, Hyderabad - TSPCB",Hyderabad,2026-01-05,Winter,24,72,44,22.1625,53.5416666666667,1.68208333333333,71,Satisfactory,pm10,-0.17269691554475158,-0.4934275881097215,-0.9659704355381368,1.4315918999979356,-0.6737231317662532,0.12364194584828817,MODELING_HISTORY,Cluster 3,1.7508755943502556
PROJ_181,"Somajiguda, Hyderabad - TSPCB",Hyderabad,2026-01-06,Winter,20,73,38,21.6833333333333,50.2083333333333,2.0925,72,Satisfactory,pm10,0.07421723119087037,-0.45845527528436386,-0.6043127547991283,1.3715629054805265,-1.103180032514111,0.01198969290289859,MODELING_HISTORY,Cluster 3,1.6765972787603878
PROJ_181,"Somajiguda, Hyderabad - TSPCB",Hyderabad,2026-01-07,Winter,32,82,32,21.3041666666667,48.2083333333333,1.895,82,Satisfactory,pm10,-0.5317229404886619,-0.7930876016375269,-0.07956695676714987,1.2778980478577135,-1.0154058432633433,0.22144113708787652,MODELING_HISTORY,Cluster 3,1.0325553914602172
PROJ_181,"Somajiguda, Hyderabad - TSPCB",Hyderabad,2026-01-08,Winter,42,98,41,21.05,44.9583333333333,1.83875,98,Satisfactory,pm10,-1.312546491935087,-1.1283881707466408,-0.5083106707316036,0.913416604572505,-1.0783752426756896,0.31265869443420596,MODELING_HISTORY,Cluster 3,0.8765308322707925
PROJ_181,"Somajiguda, Hyderabad - TSPCB",Hyderabad,2026-01-09,Winter,37,93,41,20.85,41.75,2.16291666666667,93,Satisfactory,pm10,-1.0083092540008682,-0.9550733500196646,-0.548222532037637,0.8923414484795127,-1.4089188335969838,0.3346305527480868,MODELING_HISTORY,Cluster 3,0.8096675212801592
PROJ_181,"Somajiguda, Hyderabad - TSPCB",Hyderabad,2026-01-21,Winter,35,96,32,22.6916666666667,50.9583333333333,2.46125,96,Satisfactory,pm10,-0.6368519665820047,-0.8154910800167522,0.01384786496446351,0.5167768883346372,-0.9369752019447614,-0.10371383865902302,MODELING_HISTORY,Cluster 3,0.40079918472952536
PROJ_181,"Somajiguda, Hyderabad - TSPCB",Hyderabad,2026-01-22,Winter,33,85,33,22.425,48.7083333333333,2.23875,85,Satisfactory,pm10,-0.51017667212542706,-0.6395766035157116,-0.0952896968107875,0.8430550861849155,-0.9537032385241944,0.14109040426025457,MODELING_HISTORY,Cluster 3,0.7583799398603226
PROJ_181,"Somajiguda, Hyderabad - TSPCB",Hyderabad,2026-01-23,Winter,38,89,28,22.4125,49.5833333333333,2.19791666666667,89,Satisfactory,pm10,-0.6920064251596674,-0.7987071772970417,0.2808906691192421,0.7721530526275686,-0.8457854047656108,0.17199244241046738,MODELING_HISTORY,Cluster 3,0.5593362092710078
PROJ_181,"Somajiguda, Hyderabad - TSPCB",Hyderabad,2026-01-24,Winter,36,87,30,22.4875,57,1.93041666666667,87,Satisfactory,pm10,-0.5339323376322729,-0.9172146555420632,0.08962334727624893,0.9497913306330424,-0.4667226111769862,0.02838564934804093,MODELING_HISTORY,Cluster 3,0.7236197183748039
PROJ_181,"Somajiguda, Hyderabad - TSPCB",Hyderabad,2026-01-25,Winter,37,88,30,23.6583333333333,56.5833333333333,1.8375,88,Satisfactory,pm10,-0.6664180151050016,-0.6673371046352852,0.11516102767558548,0.8286424361208768,-0.26469849496796233,-0.02217816892213023,MODELING_HISTORY,Cluster 3,0.6323823656573974
PROJ_181,"Somajiguda, Hyderabad - TSPCB",Hyderabad,2026-01-26,Winter,42,94,30,23.8625,55.9583333333333,2.29833333333333,94,Satisfactory,pm10,-0.7689363551182979,-0.8046074879222581,0.2113741065808438,0.3377954661513918,-0.3745398387077236,0.03454716700316413,MODELING_HISTORY,Cluster 3,0.3037094009378461
PROJ_181,"Somajiguda, Hyderabad - TSPCB",Hyderabad,2026-01-27,Winter,40,94,30,23.9875,52.5416666666667,2.185,94,Satisfactory,pm10,-0.8435789077460897,-0.6276588369777406,0.1948723676393252,0.45333475612721386,-0.4848374168943361,0.00249193343196563,MODELING_HISTORY,Cluster 3,0.40566245131187484
PROJ_181,"Somajiguda, Hyderabad - TSPCB",Hyderabad,2026-01-28,Winter,35,89,33,24.3458333333333,51.625,1.3375,89,Satisfactory,pm10,-0.9963799864251056,-0.3025442875244069,-0.09839938130392684,1.0939854682525123,-0.21733344503236815,-0.08543367520031517,MODELING_HISTORY,Cluster 3,1.0076579112225832
PROJ_181,"Somajiguda, Hyderabad - TSPCB",Hyderabad,2026-01-29,Winter,40,91,28,24.3375,54.4166666666667,1.94,91,Satisfactory,pm10,-0.8318325516492914,-0.5501933703570047,0.30340023763254786,0.6083051816109115,-0.25349889626927496,6.882280089448509e-4,MODELING_HISTORY,Cluster 3,0.5626144937466308
PROJ_181,"Somajiguda, Hyderabad - TSPCB",Hyderabad,2026-01-30,Winter,39,95,29,23.8791666666667,54.9166666666667,2.2175,95,Satisfactory,pm10,-0.7487888976301799,-0.7120777350721261,0.24014727233530336,0.4578753598169024,-0.4426008588476895,-0.0951974174673905,MODELING_HISTORY,Cluster 3,0.39674158016054556
PROJ_181,"Somajiguda, Hyderabad - TSPCB",Hyderabad,2026-01-31,Winter,44,103,31,23.3708333333333,53.6666666666667,2.21041666666667,101,Moderately Polluted,pm10,-1.0895877069852813,-0.9735249238395192,0.1791351228893788,0.33425010298482694,-0.5246373791058001,-0.05152970357428942,MODELING_HISTORY,Cluster 3,0.16972913984519214
PROJ_181,"Somajiguda, Hyderabad - TSPCB",Hyderabad,2026-02-01,Winter,44,100,31,22.95,59.4583333333333,1.89291666666667,100,Satisfactory,pm10,-1.0023328796235722,-1.1780638554150886,0.13310155461775608,0.60250172545315706,-0.22554878670622647,-0.0626888111737422,MODELING_HISTORY,Cluster 3,0.3081971685357201
PROJ_181,"Somajiguda, Hyderabad - TSPCB",Hyderabad,2026-02-02,Winter,41,92,30,23.2458333333333,58.625,1.59541666666667,92,Satisfactory,pm10,-0.8988609797297267,-0.919470727144882,0.14191856063718528,0.9114224876943432,-0.11209221269992298,3.918660713710387e-4,MODELING_HISTORY,Cluster 3,0.5509352701617184
PROJ_181,"Somajiguda, Hyderabad - TSPCB",Hyderabad,2026-02-05,Winter,36,94,30,23.4625,54.5833333333333,2.02708333333333,94,Satisfactory,pm10,-0.7198282847845862,-0.7097586464586396,0.12519889237911522,0.7034273526365851,-0.4943731544419883,-0.15478703730315657,MODELING_HISTORY,Cluster 3,0.4982476779822274
PROJ_181,"Somajiguda, Hyderabad - TSPCB",Hyderabad,2026-02-06,Winter,36,95,30,23.9916666666667,49.9166666666667,1.79875,95,Satisfactory,pm10,-0.963997465023309,-0.44747893258430926,0.13710892397859314,0.7950833506773691,-0.5238668860814157,-0.14788890442134045,MODELING_HISTORY,Cluster 3,0.6867894684077176
PROJ_181,"Somajiguda, Hyderabad - TSPCB",Hyderabad,2026-02-07,Winter,39,96,24,24.2833333333333,43.9583333333333,1.63416666666667,96,Satisfactory,pm10,-1.2494093616902469,-0.25760468480704785,0.5697975391675877,0.8748361597335488,-0.6135860186312807,-0.03856081329986471,MODELING_HISTORY,Cluster 3,1.0539757175785365
PROJ_181,"Somajiguda, Hyderabad - TSPCB",Hyderabad,2026-02-09,Winter,37,95,28,24.3791666666667,34,1.50916666666667,95,Satisfactory,pm10,-1.504792523901867,0.1083213851683968,0.31895698008430634,1.000122719151663,-0.9745392167485112,0.086101624908093,MODELING_HISTORY,Cluster 3,1.3934345600768498
PROJ_181,"Somajiguda, Hyderabad - TSPCB",Hyderabad,2026-02-10,Winter,35,90,26,24.4125,39,1.76958333333333,90,Satisfactory,pm10,-1.1021738406477442,0.0427629758198514,0.41367454140094745,0.911147481328767,-0.8719912578539994,0.05781478476624023,MODELING_HISTORY,Cluster 3,1.217629036176568
PROJ_181,"Somajiguda, Hyderabad - TSPCB",Hyderabad,2026-02-11,Winter,39,94,27,23.8791666666667,50.0416666666667,1.86166666666667,94,Satisfactory,pm10,-0.9789278204613456,-0.5273520077738403,0.36307818533816905,0.7417592608418465,-0.501794138196705,-0.02819615801580411,MODELING_HISTORY,Cluster 3,0.656638333315187
PROJ_181,"Somajiguda, Hyderabad - TSPCB",Hyderabad,2026-02-12,Winter,38,97,29,23.9916666666667,47.6666666666667,1.91375,97,Satisfactory,pm10,-1.0647550243742854,-0.45105471369578415,0.24042873872880471,0.6769559691777354,-0.6320295300922627,-0.0905610709500564,MODELING_HISTORY,Cluster 3,0.6452605059305817
PROJ_181,"Somajiguda, Hyderabad - TSPCB",Hyderabad,2026-02-13,Winter,35,90,28,24.55,42.8333333333333,1.75375,90,Satisfactory,pm10,-1.033017428215121,-0.03963655289866533,0.2748982079474295,0.8682113516979666,-0.6933803741709923,0.00378480913916558,MODELING_HISTORY,Cluster 3,1.0888518632681
PROJ_181,"Somajiguda, Hyderabad - TSPCB",Hyderabad,2026-02-14,Winter,39,96,28,25.2208333333333,38.7916666666667,1.775,96,Satisfactory,pm10,-1.3823710003039336,0.0833010329599258,0.3535767949486237,0.6420693598504229,-0.7276759203436721,0.02803122968821298,MODELING_HISTORY,Cluster 3,1.211644853257876
PROJ_181,"Somajiguda, Hyderabad - TSPCB",Hyderabad,2026-02-15,Winter,41,98,26,25.7791666666667,39.1666666666667,1.545,98,Satisfactory,pm10,-1.5653632860761029,0.15807438478383104,0.5007372334424409,0.6770524382258749,-0.5252381092249198,-0.01229623527116384,MODELING_HISTORY,Cluster 3,1.3944497592427352
PROJ_181,"Somajiguda, Hyderabad - TSPCB",Hyderabad,2026-02-20,Winter,42,95,25,25.3291666666667,49.625,2.46291666666667,95,Satisfactory,pm10,-0.883462375712615,-0.31125799345926375,0.5802555490144843,0.10221563810059851,-0.4754149980288717,0.00297339790136812,MODELING_HISTORY,Cluster 3,0.8910503097161955
PROJ_181,"Somajiguda, Hyderabad - TSPCB",Hyderabad,2026-02-21,Winter,40,91,23,26.3791666666667,47.5,1.98208333333333,91,Satisfactory,pm10,-1.0083004947616852,0.1084615949080168,0.674277801430573,0.3898684623522044,-0.24200055739658527,-0.03487581432317883,MODELING_HISTORY,Cluster 3,1.2500397075616925
PROJ_181,"Somajiguda, Hyderabad - TSPCB",Hyderabad,2026-02-22,Winter,34,89,23,26.4708333333333,48.125,1.54958333333333,89,Satisfactory,pm10,-0.9503180002318792,0.28848110174787683,0.5769496974831136,0.8075643234463176,-0.1397563423328434,-0.2414816875835439,MODELING_HISTORY,Cluster 3,1.437925734113353
PROJ_181,"Somajiguda, Hyderabad - TSPCB",Hyderabad,2026-02-23,Winter,34,89,21,25.6,58.0416666666667,1.49125,89,Satisfactory,pm10,-0.6834210514186025,-0.18548740322807888,0.6556295628827157,0.9379232845981852,0.1431563484237538,-0.3671433890581483,MODELING_HISTORY,Cluster 3,1.1747930552753727
PROJ_181,"Somajiguda, Hyderabad - TSPCB",Hyderabad,2026-02-24,Winter,41,94,25,24.0916666666667,65.9166666666667,1.41416666666667,94,Satisfactory,pm10,-0.8128966285559609,-0.941179008301182,0.4393587609425843,0.9191163079157488,0.3524545597715142,-0.25494093272696094,MODELING_HISTORY,Cluster 3,0.677533790439316
PROJ_181,"Somajiguda, Hyderabad - TSPCB",Hyderabad,2026-02-25,Winter,33,86,25,24.8083333333333,61.1666666666667,1.11583333333333,86,Satisfactory,pm10,-0.677547115692258,-0.3757606127230309,0.3445924024643239,1.2871334367655327,0.2874778961197808,-0.32737166237277915,MODELING_HISTORY,Cluster 3,1.1681924063201943
PROJ_181,"Somajiguda, Hyderabad - TSPCB",Hyderabad,2026-02-26,Winter,36,91,30,24.8708333333333,58.8333333333333,1.24708333333333,91,Satisfactory,pm10,-0.9126690239715578,-0.423883163463338,0.08460679432396764,1.0435139537309848,0.18193893490943475,-0.2665231467175646,MODELING_HISTORY,Cluster 3,0.8760967609380391
PROJ_181,"Somajiguda, Hyderabad - TSPCB",Hyderabad,2026-02-27,Winter,39,96,25,25.8541666666667,54.2916666666667,1.42125,96,Satisfactory,pm10,-1.1319269028899597,-0.1921686215098995,0.48182940529787344,0.7563053551264598,0.1050255281790864,-0.28999478218946584,MODELING_HISTORY,Cluster 3,0.9861676001012377
PROJ_181,"Somajiguda, Hyderabad - TSPCB",Hyderabad,2026-02-28,Winter,40,95,25,26.4375,50.4166666666667,1.87833333333333,95,Satisfactory,pm10,-1.0725550767896648,0.00169313270643799,0.537860285293052,0.3821803144732585,-0.10343932986351988,-0.1743967434477136,MODELING_HISTORY,Cluster 3,1.0972051629117272
PROJ_181,"Somajiguda, Hyderabad - TSPCB",Hyderabad,2026-03-01,Summer / Pre-monsoon,38,91,24,27.3583333333333,46.4166666666667,1.98208333333333,91,Satisfactory,pm10,-1.0124411012911678,0.396521080698716,0.6042778795034763,0.29911285482635047,-0.17391591224840858,-0.13620070740386467,MODELING_HISTORY,Cluster 1,1.2834110896839084
PROJ_181,"Somajiguda, Hyderabad - TSPCB",Hyderabad,2026-03-02,Summer / Pre-monsoon,38,88,31,28.2833333333333,45.1666666666667,1.37333333333333,88,Satisfactory,pm10,-1.3162145860163117,0.7101662024551298,0.14025481478643487,0.5452633195483665,0.1550883737800154,-0.07613439131646649,MODELING_HISTORY,Cluster 1,1.0841100585499641
PROJ_181,"Somajiguda, Hyderabad - TSPCB",Hyderabad,2026-03-03,Summer / Pre-monsoon,42,95,28,28.7875,40.2916666666667,1.67166666666667,95,Satisfactory,pm10,-1.5644454082753405,0.791103765750546,0.4260438094977548,0.18119266894988872,-0.04440810742111056,-0.06064032332198747,MODELING_HISTORY,Cluster 1,1.1323043421506327
PROJ_181,"Somajiguda, Hyderabad - TSPCB",Hyderabad,2026-03-04,Summer / Pre-monsoon,40,96,28,28.2083333333333,35.375,1.70333333333333,96,Satisfactory,pm10,-1.6163298492121014,0.8326753231544016,0.4139587289475848,0.2904285767022709,-0.3766861626147231,-0.04785434004171949,MODELING_HISTORY,Cluster 1,1.1749224402058251
PROJ_181,"Somajiguda, Hyderabad - TSPCB",Hyderabad,2026-03-05,Summer / Pre-monsoon,47,114,24,28.6125,30.0416666666667,1.62458333333333,109,Moderately Polluted,pm10,-2.32043935352194,0.7651808185881375,0.7925333121922331,0.03398101597620406,-0.48690113141092223,-0.2121029261547276,MODELING_HISTORY,Cluster 1,1.8737787479479973
PROJ_181,"Somajiguda, Hyderabad - TSPCB",Hyderabad,2026-03-06,Summer / Pre-monsoon,43,107,11,29.0833333333333,26.875,1.81083333333333,104,Moderately Polluted,pm10,-1.9767358039787808,1.1171872169977448,1.5888614171253683,0.13804741449039015,-0.6438661269308638,-0.24181614511324323,MODELING_HISTORY,Cluster 1,2.0981529481252035
PROJ_181,"Somajiguda, Hyderabad - TSPCB",Hyderabad,2026-03-07,Summer / Pre-monsoon,39,98,7,29.1291666666667,30,1.65833333333333,98,Satisfactory,pm10,-1.634244937314604,1.2276958196990235,1.7661719262410327,0.4269435713610922,-0.476320731368048,-0.2519598773603564,MODELING_HISTORY,Cluster 1,2.127912205126001
PROJ_181,"Somajiguda, Hyderabad - TSPCB",Hyderabad,2026-03-08,Summer / Pre-monsoon,39,95,5,28.7333333333333,36.4583333333333,1.66416666666667,95,Satisfactory,pm10,-1.3841791372832657,0.98503570702892,1.862576646480818,0.49492161385050054,-0.2649816997600488,-0.27118988706370917,MODELING_HISTORY,Cluster 1,2.17763797230385
PROJ_181,"Somajiguda, Hyderabad - TSPCB",Hyderabad,2026-03-09,Summer / Pre-monsoon,39,96,14,27.7708333333333,51.75,2.13458333333333,96,Satisfactory,pm10,-0.8752295736135899,0.263786420689127,1.2532885687801238,0.15053079962391586,0.02540576934307012,-0.39276946538895674,MODELING_HISTORY,Cluster 3,1.736693854885357
PROJ_181,"Somajiguda, Hyderabad - TSPCB",Hyderabad,2026-03-11,Summer / Pre-monsoon,34,90,14,28.4708333333333,37.2083333333333,1.88875,90,Satisfactory,pm10,-1.0924337631150198,1.0247200579079414,1.231819709182818,0.4445223797330176,-0.4078154368626202,-0.2490244402376016,MODELING_HISTORY,Cluster 1,1.5183692727653149
PROJ_181,"Somajiguda, Hyderabad - TSPCB",Hyderabad,2026-03-12,Summer / Pre-monsoon,37,93,24,29.2583333333333,36.0416666666667,1.82333333333333,93,Satisfactory,pm10,-1.4014785648204011,1.1335709377701255,0.647337198087728,0.20110312324011537,-0.2743014397605493,-0.17126495173716186,MODELING_HISTORY,Cluster 1,1.042124466549256
PROJ_181,"Somajiguda, Hyderabad - TSPCB",Hyderabad,2026-03-13,Summer / Pre-monsoon,38,93,21,30.2041666666667,27.4583333333333,2.09,93,Satisfactory,pm10,-1.542622700910307,1.5550394743754996,0.9056272956773492,-0.0554773031866756,-0.5538249807798215,-0.05842876849638921,MODELING_HISTORY,Cluster 1,1.2779227707169978
PROJ_181,"Somajiguda, Hyderabad - TSPCB",Hyderabad,2026-03-14,Summer / Pre-monsoon,36,92,18,29.5416666666667,38.125,2.45666666666667,92,Satisfactory,pm10,-1.0036666881839116,1.1218101115575594,1.046100326195436,-0.17450490589177203,-0.39317874750488496,-0.2382291388075127,MODELING_HISTORY,Cluster 1,1.2020248162114828
PROJ_181,"Somajiguda, Hyderabad - TSPCB",Hyderabad,2026-03-15,Summer / Pre-monsoon,36,94,13,28.6708333333333,41.6666666666667,2.3,94,Satisfactory,pm10,-0.9502892613424364,0.8253325771554791,1.333862727676053,0.05790679540372973,-0.34014085611496714,-0.3406322824526104,MODELING_HISTORY,Cluster 1,1.557014944021035
PROJ_181,"Somajiguda, Hyderabad - TSPCB",Hyderabad,2026-03-18,Summer / Pre-monsoon,18,61,13,23.5541666666667,62.5,2.52708333333333,60,Satisfactory,pm10,0.9970815799108418,-0.2371649329187422,0.9518383872476016,1.182150244697591,-0.4729681122042048,-0.2108591112410459,MODELING_HISTORY,Cluster 2,1.8306879143207593
PROJ_181,"Somajiguda, Hyderabad - TSPCB",Hyderabad,2026-03-19,Summer / Pre-monsoon,18,63,13,24.8833333333333,61.3333333333333,1.36625,62,Satisfactory,pm10,0.4205638585118352,0.16956268413762315,0.9142291614207796,1.7604937653671835,0.08528828620494733,-0.3787695042850573,MODELING_HISTORY,Cluster 3,2.4270398985822697
PROJ_181,"Somajiguda, Hyderabad - TSPCB",Hyderabad,2026-03-20,Summer / Pre-monsoon,19,62,13,25.85,53.8333333333333,1.28791666666667,61,Satisfactory,pm10,0.16147816992631925,0.5990594228607822,0.9589251719803932,1.7047582702418378,-0.01623608320711322,-0.2569885623989376,MODELING_HISTORY,Cluster 1,2.431643134308127
PROJ_181,"Somajiguda, Hyderabad - TSPCB",Hyderabad,2026-03-21,Summer / Pre-monsoon,19,63,13,26.8333333333333,52.7916666666667,1.28291666666667,62,Satisfactory,pm10,0.08466036060017856,0.8381771081998196,0.9769128839872824,1.574179382778801,0.08417859828299012,-0.3189604958242884,MODELING_HISTORY,Cluster 1,2.2470403804005734
PROJ_181,"Somajiguda, Hyderabad - TSPCB",Hyderabad,2026-03-22,Summer / Pre-monsoon,19,64,13,27.2833333333333,58.5833333333333,1.37125,63,Satisfactory,pm10,0.23249157911191287,0.7522885920617481,0.9697044153211823,1.4232565373239796,0.34190042752216754,-0.4538460194865687,MODELING_HISTORY,Cluster 1,2.2201107125304365
PROJ_181,"Somajiguda, Hyderabad - TSPCB",Hyderabad,2026-03-23,Summer / Pre-monsoon,20,69,26,28.4583333333333,49.75,1.91416666666667,68,Satisfactory,pm10,-0.03693860074214028,1.1344429632779522,0.23737444343237307,0.7549878575730421,-0.03501191039781676,-0.34379086463140257,MODELING_HISTORY,Cluster 1,1.2194872185984929
PROJ_181,"Somajiguda, Hyderabad - TSPCB",Hyderabad,2026-03-24,Summer / Pre-monsoon,28,81,30,28.3041666666667,51.4166666666667,1.40791666666667,81,Satisfactory,pm10,-0.7011308953450529,0.8047868641639526,0.05814856963223276,0.7817399985226949,0.2602742444494068,-0.36897918871403806,MODELING_HISTORY,Cluster 1,1.0625617800167804
PROJ_181,"Somajiguda, Hyderabad - TSPCB",Hyderabad,2026-03-25,Summer / Pre-monsoon,29,89,33,28.7,51.4166666666667,1.42166666666667,89,Satisfactory,pm10,-0.9166450728581156,0.7854967563362856,-0.10416728333194948,0.5964195840921679,0.2851706526954524,-0.5304045917214796,MODELING_HISTORY,Cluster 1,0.9128130077876397
PROJ_181,"Somajiguda, Hyderabad - TSPCB",Hyderabad,2026-03-26,Summer / Pre-monsoon,43,95,33,29.7791666666667,42.9583333333333,1.43125,95,Satisfactory,pm10,-1.6953276838287643,0.9268912627897052,0.11216987668105384,0.12909418191788002,0.3146936778103218,-0.09745243985977364,MODELING_HISTORY,Cluster 1,1.0480568106206267
PROJ_181,"Somajiguda, Hyderabad - TSPCB",Hyderabad,2026-03-27,Summer / Pre-monsoon,41,85,33,30.075,41.75,1.77583333333333,85,Satisfactory,pm10,-1.341527367742763,1.141118932204389,0.10245895115112524,0.00321852096874608,0.2112019347629741,0.1002530326439704,MODELING_HISTORY,Cluster 1,0.6337183971686259
PROJ_181,"Somajiguda, Hyderabad - TSPCB",Hyderabad,2026-03-28,Summer / Pre-monsoon,50,95,33,30.3875,37,2.18291666666667,95,Satisfactory,pm10,-1.7703011580933132,1.0308606819048525,0.26333868066839905,-0.5716059429369249,0.01941662788429837,0.2583919813938029,MODELING_HISTORY,Cluster 1,1.1894494177312487
PROJ_181,"Somajiguda, Hyderabad - TSPCB",Hyderabad,2026-03-29,Summer / Pre-monsoon,45,89,26,30.925,33.6666666666667,1.68125,89,Satisfactory,pm10,-1.7485824730858228,1.4616732837014803,0.6327798054693339,-0.0670884085654615,0.09393889473054295,0.17120607256907175,MODELING_HISTORY,Cluster 1,1.2136536587664353
PROJ_181,"Somajiguda, Hyderabad - TSPCB",Hyderabad,2026-03-30,Summer / Pre-monsoon,54,105,26,30.3333333333333,40.8333333333333,1.855,103,Moderately Polluted,pm10,-2.062356328226033,0.7625297851176149,0.7364568958269846,-0.4748443545256371,0.2876272601844546,0.02988844613620027,MODELING_HISTORY,Cluster 1,1.6776178337901393
PROJ_181,"Somajiguda, Hyderabad - TSPCB",Hyderabad,2026-03-31,Summer / Pre-monsoon,22,87,26,27.6708333333333,54.8333333333333,2.14791666666667,87,Satisfactory,pm10,-0.2000992830063311,0.5680062269852534,0.268586848948874,0.4732548145540178,-0.10782575786179356,-0.7417917264798357,MODELING_HISTORY,Cluster 1,1.2076691121088756
PROJ_181,"Somajiguda, Hyderabad - TSPCB",Hyderabad,2026-04-01,Summer / Pre-monsoon,29,88,32,28.9125,52.5416666666667,1.80041666666667,88,Satisfactory,pm10,-0.7143856819578265,0.7798266159944673,-0.02247746843864067,0.33267055160878256,0.22977571343146896,-0.5207527958889941,MODELING_HISTORY,Cluster 1,0.7349294088321905
PROJ_181,"Somajiguda, Hyderabad - TSPCB",Hyderabad,2026-04-02,Summer / Pre-monsoon,25,83,36,28.875,44.375,1.83333333333333,83,Satisfactory,pm10,-0.7194548614560251,1.131888134550198,-0.3013442784156206,0.4434740118373417,-0.14805267705241565,-0.3813636915029036,MODELING_HISTORY,Cluster 1,0.6267817875348601
PROJ_181,"Somajiguda, Hyderabad - TSPCB",Hyderabad,2026-04-03,Summer / Pre-monsoon,27,87,45,30.0208333333333,42.2916666666667,1.58083333333333,87,Satisfactory,pm10,-1.1187356826013373,1.3742122061566302,-0.8349085534662055,0.30215627821056157,0.04608369200160039,-0.3872438640748343,MODELING_HISTORY,Cluster 1,0.8897670239055029
PROJ_181,"Somajiguda, Hyderabad - TSPCB",Hyderabad,2026-04-04,Summer / Pre-monsoon,26,88,41,30.5708333333333,38.5,1.50041666666667,88,Satisfactory,pm10,-1.2191631957642834,1.6292300314253108,-0.5755443657380069,0.34965149528450423,-0.01856108782073079,-0.4517474325406661,MODELING_HISTORY,Cluster 1,0.8201900744771395
PROJ_181,"Somajiguda, Hyderabad - TSPCB",Hyderabad,2026-04-05,Summer / Pre-monsoon,39,96,53,30.425,41.8333333333333,1.4725,96,Satisfactory,pm10,-1.7873472313457772,1.141073634808884,-1.188612508264632,-0.09438108064570672,0.2857757767427705,-0.1392784181950305,MODELING_HISTORY,Cluster 1,1.4792125626711286
PROJ_181,"Somajiguda, Hyderabad - TSPCB",Hyderabad,2026-04-06,Summer / Pre-monsoon,26,85,35,30.525,37,2.42708333333333,85,Satisfactory,pm10,-0.7742147592556656,1.62396039940726,-0.1443110699019721,-0.1642454050704134,-0.4045083876149771,-0.3426331012542694,MODELING_HISTORY,Cluster 1,0.2752145668243746
PROJ_181,"Somajiguda, Hyderabad - TSPCB",Hyderabad,2026-04-07,Summer / Pre-monsoon,83,84,33,30.2583333333333,28.125,2.05833333333333,176,Moderately Polluted,pm2_5,-2.822428435606366,0.7172781683332398,0.6596299018348565,-1.0390858969020922,0.3331009695386733,1.865851027093253,MODELING_HISTORY,Cluster 1,2.446339445627924
PROJ_181,"Somajiguda, Hyderabad - TSPCB",Hyderabad,2026-04-08,Summer / Pre-monsoon,23,86,28,30.9666666666667,28.25,1.95791666666667,86,Satisfactory,pm10,-1.0677468548520368,2.076394551854501,0.2761927501068323,0.2465687087074092,-0.5770022895645346,-0.4392190997143256,MODELING_HISTORY,Cluster 1,0.9288434247156202
PROJ_181,"Somajiguda, Hyderabad - TSPCB",Hyderabad,2026-04-09,Summer / Pre-monsoon,27,85,24,31.3083333333333,31.4583333333333,1.96625,85,Satisfactory,pm10,-1.0632018992549497,1.9937814387160029,0.5704139299808072,0.14499082354134224,-0.3291881174049429,-0.36631364194904453,MODELING_HISTORY,Cluster 1,1.0012704014171692
PROJ_181,"Somajiguda, Hyderabad - TSPCB",Hyderabad,2026-04-10,Summer / Pre-monsoon,28,85,37,31.6208333333333,34.625,1.78166666666667,85,Satisfactory,pm10,-1.203769340754942,1.9477024755127028,-0.25935577066901405,0.06601622732723955,-0.06709361150118559,-0.3139304517466485,MODELING_HISTORY,Cluster 1,0.7508793589177367
PROJ_181,"Somajiguda, Hyderabad - TSPCB",Hyderabad,2026-04-11,Summer / Pre-monsoon,25,86,46,32.1708333333333,36.9583333333333,1.32791666666667,86,Satisfactory,pm10,-1.3470712360110428,2.0775792838678804,-0.8894548834340238,0.2518715811888065,0.2170435813794842,-0.4746598972685062,MODELING_HISTORY,Cluster 1,1.2456132227284449
PROJ_181,"Somajiguda, Hyderabad - TSPCB",Hyderabad,2026-04-12,Summer / Pre-monsoon,25,85,44,32.6041666666667,35.6666666666667,1.58958333333333,85,Satisfactory,pm10,-1.251054260205532,2.202544147912464,-0.739437312043929,0.05622007485814062,0.14065110324837748,-0.45279396720529175,MODELING_HISTORY,Cluster 1,1.1570147434191067
PROJ_181,"Somajiguda, Hyderabad - TSPCB",Hyderabad,2026-04-13,Summer / Pre-monsoon,26,86,36,32.6041666666667,37.7083333333333,2.48541666666667,86,Satisfactory,pm10,-0.8225512171743348,2.0490794092939097,-0.17723505907657444,-0.4973650170599157,-0.09488871313035872,-0.4806015297893679,MODELING_HISTORY,Cluster 1,0.7980002325116691
PROJ_181,"Somajiguda, Hyderabad - TSPCB",Hyderabad,2026-04-14,Summer / Pre-monsoon,25,84,38,33.1416666666667,36.4166666666667,2.3175,84,Satisfactory,pm10,-0.8861887077477737,2.2579119905228127,-0.31585540875553925,-0.4309570974193929,-0.01005157665686473,-0.47113694152628893,MODELING_HISTORY,Cluster 1,0.9827325699980296
PROJ_181,"Somajiguda, Hyderabad - TSPCB",Hyderabad,2026-04-15,Summer / Pre-monsoon,26,86,37,33.5541666666667,31.625,2.26875,86,Satisfactory,pm10,-1.0988421416785852,2.453856803153789,-0.21893976999421208,-0.46303898184961056,-0.11574620958916434,-0.4416900945960747,MODELING_HISTORY,Cluster 1,1.1966219272020495
PROJ_181,"Somajiguda, Hyderabad - TSPCB",Hyderabad,2026-04-17,Summer / Pre-monsoon,35,90,43,33.8,38.1666666666667,1.97,90,Satisfactory,pm10,-1.4609820881360918,2.1125402772675144,-0.5232404227736429,-0.6128030799823945,0.4226075607368386,-0.3042925075894162,MODELING_HISTORY,Cluster 1,1.1992800781927138
PROJ_181,"Somajiguda, Hyderabad - TSPCB",Hyderabad,2026-04-18,Summer / Pre-monsoon,27,88,45,33.2666666666667,37.7916666666667,1.71416666666667,88,Satisfactory,pm10,-1.293860881375947,2.2052127676447264,-0.7668661599391265,-0.202024636920066,0.2951745098068567,-0.5097647036270067,MODELING_HISTORY,Cluster 1,1.1844956475952126
PROJ_181,"Somajiguda, Hyderabad - TSPCB",Hyderabad,2026-04-19,Summer / Pre-monsoon,24,84,42,32.425,42.5833333333333,1.6975,84,Satisfactory,pm10,-0.9632340318093636,1.9859078984621092,-0.6453576294552571,0.02933420397286656,0.33605736356766336,-0.5710759407140961,MODELING_HISTORY,Cluster 1,0.85085606498948
PROJ_181,"Somajiguda, Hyderabad - TSPCB",Hyderabad,2026-04-20,Summer / Pre-monsoon,23,82,36,32.3791666666667,33.6666666666667,2.16583333333333,82,Satisfactory,pm10,-0.8781720347308123,2.244704877288143,-0.22439847287885223,-0.13871986643823853,-0.2007823313159948,-0.4324350861120844,MODELING_HISTORY,Cluster 1,0.8978849566531848
PROJ_181,"Somajiguda, Hyderabad - TSPCB",Hyderabad,2026-04-21,Summer / Pre-monsoon,28,88,33,31.9583333333333,40.7916666666667,1.82125,88,Satisfactory,pm10,-1.0690167950992298,1.8154226860117513,-0.01548474634945799,-0.01954627681801879,0.19243339425335376,-0.5295147048494431,MODELING_HISTORY,Cluster 1,0.5473665876097578
PROJ_181,"Somajiguda, Hyderabad - TSPCB",Hyderabad,2026-04-22,Summer / Pre-monsoon,40,85,38,32.0416666666667,37.9166666666667,1.64916666666667,85,Satisfactory,pm10,-1.5578938259433686,1.7133242958150912,-0.1937378122041111,-0.18180810925317817,0.3821024346549732,0.04631816324001021,MODELING_HISTORY,Cluster 1,0.8475537229387614
PROJ_181,"Somajiguda, Hyderabad - TSPCB",Hyderabad,2026-04-23,Summer / Pre-monsoon,42,96,37,32.4333333333333,36.4583333333333,1.50125,96,Satisfactory,pm10,-1.9307363350229825,1.7041419098035715,-0.09034529129052137,-0.26438209252562905,0.4045923361768371,-0.16783376552155116,MODELING_HISTORY,Cluster 1,1.1966839280650488
PROJ_181,"Somajiguda, Hyderabad - TSPCB",Hyderabad,2026-04-24,Summer / Pre-monsoon,40,94,40,32.2833333333333,35.375,1.67791666666667,94,Satisfactory,pm10,-1.8073543481154168,1.743773177963323,-0.2958796329759831,-0.3243763605518447,0.2544495711494768,-0.1343312204882546,MODELING_HISTORY,Cluster 1,1.119193269009362
PROJ_181,"Somajiguda, Hyderabad - TSPCB",Hyderabad,2026-04-25,Summer / Pre-monsoon,31,92,47,33.05,34.625,1.615,92,Satisfactory,pm10,-1.621028039193379,2.133031829570966,-0.8392810895936884,-0.23666337066507015,0.2203564583439092,-0.3940078915464812,MODELING_HISTORY,Cluster 1,1.3514728197071808
PROJ_181,"Somajiguda, Hyderabad - TSPCB",Hyderabad,2026-04-26,Summer / Pre-monsoon,30,91,42,33.4208333333333,36.9166666666667,2.0675,91,Satisfactory,pm10,-1.3017988703381098,2.1484377570098614,-0.5132077415163453,-0.5148747706769257,0.18850521655798863,-0.4718923717976237,MODELING_HISTORY,Cluster 1,1.0996931481882182
PROJ_181,"Somajiguda, Hyderabad - TSPCB",Hyderabad,2026-04-27,Summer / Pre-monsoon,26,84,33,33.6916666666667,35.0833333333333,2.38541666666667,84,Satisfactory,pm10,-0.8980911916807733,2.4003311980336397,0.02902788924638382,-0.5155971292038743,0.00906433911524033,-0.4757370294474749,MODELING_HISTORY,Cluster 1,1.1337400199000323
PROJ_181,"Somajiguda, Hyderabad - TSPCB",Hyderabad,2026-04-28,Summer / Pre-monsoon,61,116,35,33.3791666666667,37.1666666666667,1.95041666666667,110,Moderately Polluted,pm10,-2.703783322320943,1.271775743632744,0.320799622599128,-1.260165513443219,0.6202082094509995,-0.02709582178293022,MODELING_HISTORY,Cluster 1,2.273490826848054
PROJ_181,"Somajiguda, Hyderabad - TSPCB",Hyderabad,2026-04-29,Summer / Pre-monsoon,38,86,32,33.5375,33.25,1.9675,86,Satisfactory,pm10,-1.5009679600605004,2.1935706658526373,0.21812313725091304,-0.477310957051704,0.26064954511455685,-0.08396625844193754,MODELING_HISTORY,Cluster 1,1.2008681016757863
PROJ_181,"Somajiguda, Hyderabad - TSPCB",Hyderabad,2026-04-30,Summer / Pre-monsoon,45,86,25,34.275,27.5416666666667,2.2225,86,Satisfactory,pm10,-1.7172515438984826,2.370979817301158,0.7879811579257825,-0.8007445206915911,0.17024283082428715,0.1832864423361849,MODELING_HISTORY,Cluster 1,1.7799971158541177
PROJ_181,"Somajiguda, Hyderabad - TSPCB",Hyderabad,2026-05-01,Summer / Pre-monsoon,44,91,13,33.1708333333333,26.9166666666667,2.62958333333333,91,Satisfactory,pm10,-1.5043193992147064,2.0959961324950465,1.553195948403423,-0.8313797547463465,-0.21839764537488932,0.0294517918413373,MODELING_HISTORY,Cluster 1,2.08489843259019
PROJ_181,"Somajiguda, Hyderabad - TSPCB",Hyderabad,2026-05-02,Summer / Pre-monsoon,37,83,23,33.9208333333333,25.875,2.46541666666667,83,Satisfactory,pm10,-1.3344797835142117,2.5150605871062113,0.8305841393490667,-0.6895316413123151,-0.15790111247666488,0.01234165635126786,MODELING_HISTORY,Cluster 1,1.6907308733540667
PROJ_181,"Somajiguda, Hyderabad - TSPCB",Hyderabad,2026-05-03,Summer / Pre-monsoon,149,71,24,33.7458333333333,26.6666666666667,2.56833333333333,322,Very Poor,pm2_5,-4.425107891946906,0.30688991351533823,2.0726401278219466,-3.0316800183776524,1.827078534968171,4.377838405882018,MODELING_HISTORY,Cluster 1,5.255009466873645
PROJ_181,"Somajiguda, Hyderabad - TSPCB",Hyderabad,2026-05-04,Summer / Pre-monsoon,193,92,26,32.5958333333333,31.875,2.05375,356,Very Poor,pm2_5,-6.21875828271567,-1.161258064501623,2.4302738715324654,-3.717627994665339,2.6881950297710993,5.417382013147328,MODELING_HISTORY,Cluster 3,7.0661511729369195
PROJ_181,"Somajiguda, Hyderabad - TSPCB",Hyderabad,2026-05-07,Summer / Pre-monsoon,39,86,20,30.4625,49.1666666666667,2.14916666666667,86,Satisfactory,pm10,-0.8699419739561698,1.0293634520992487,0.9060027519510504,-0.16655059258617327,0.379620546476101,-0.20618102075506245,MODELING_HISTORY,Cluster 1,1.0741169361751335
PROJ_181,"Somajiguda, Hyderabad - TSPCB",Hyderabad,2026-05-08,Summer / Pre-monsoon,54,102,37,30.0708333333333,50.2083333333333,2.47333333333333,101,Moderately Polluted,pm10,-1.601585862667149,0.39429457623906944,0.03246198850909559,-0.9660940607101988,0.41935559860687377,0.08481428899935069,MODELING_HISTORY,Cluster 1,1.5301413867656937
PROJ_181,"Somajiguda, Hyderabad - TSPCB",Hyderabad,2026-05-10,Summer / Pre-monsoon,38,81,21,30.7875,49.2916666666667,2.24833333333333,81,Satisfactory,pm10,-0.7177602658017036,1.1593603433909732,0.8337232124179983,-0.21713429718451335,0.4098575089752993,-0.12524764391968837,MODELING_HISTORY,Cluster 1,0.9761609541572658
PROJ_181,"Somajiguda, Hyderabad - TSPCB",Hyderabad,2026-05-11,Summer / Pre-monsoon,42,85,27,30.9416666666667,49.2916666666667,2.07833333333333,85,Satisfactory,pm10,-1.0379118738876918,1.0777511465284264,0.498040363376185,-0.3054646157442314,0.542764831174343,-0.05447769619044599,MODELING_HISTORY,Cluster 1,0.7413579454880271
PROJ_181,"Somajiguda, Hyderabad - TSPCB",Hyderabad,2026-05-12,Summer / Pre-monsoon,41,85,28,31.275,48.6666666666667,1.91625,85,Satisfactory,pm10,-1.1069359360303237,1.2023784903301682,0.4207325748783878,-0.22780929650780035,0.6091543400697372,-0.10083846065362626,MODELING_HISTORY,Cluster 1,0.6478419123352482
PROJ_181,"Somajiguda, Hyderabad - TSPCB",Hyderabad,2026-05-13,Summer / Pre-monsoon,38,82,29,31.9583333333333,48.0833333333333,1.76625,82,Satisfactory,pm10,-1.062130489556579,1.47353008267486,0.32133872414728953,-0.13367855867974254,0.7078540111798478,-0.16415449684600675,MODELING_HISTORY,Cluster 1,0.5219240589144698
PROJ_181,"Somajiguda, Hyderabad - TSPCB",Hyderabad,2026-05-14,Summer / Pre-monsoon,40,85,36,32.7166666666667,43.5416666666667,1.43708333333333,85,Satisfactory,pm10,-1.5067188342476951,1.720700903675059,-0.08772308089107055,-0.1347182050323985,0.78004159065856,-0.10435025840717316,MODELING_HISTORY,Cluster 1,0.7982046608742056
PROJ_181,"Somajiguda, Hyderabad - TSPCB",Hyderabad,2026-05-15,Summer / Pre-monsoon,41,84,27,33.15,43.2916666666667,1.88416666666667,84,Satisfactory,pm10,-1.282998490146714,1.789804275119916,0.5249566432400664,-0.4111456783132966,0.6916588303921622,-0.10225705746778456,MODELING_HISTORY,Cluster 1,0.9605958573895714
PROJ_181,"Somajiguda, Hyderabad - TSPCB",Hyderabad,2026-05-16,Summer / Pre-monsoon,50,99,35,33,44.4583333333333,1.79041666666667,99,Satisfactory,pm10,-1.9139078085272576,1.3842958758183912,0.1312619911766994,-0.7428138363022619,0.820315954805055,-0.10646874729463598,MODELING_HISTORY,Cluster 1,1.3100575861127939
PROJ_181,"Somajiguda, Hyderabad - TSPCB",Hyderabad,2026-05-17,Summer / Pre-monsoon,39,83,26,32.0833333333333,48.0416666666667,1.92208333333333,83,Satisfactory,pm10,-1.0290842724588198,1.4634121703543923,0.5350812848629833,-0.2545371609948561,0.6783277805670437,-0.1715990769395171,MODELING_HISTORY,Cluster 1,0.7116185121643813
PROJ_181,"Somajiguda, Hyderabad - TSPCB",Hyderabad,2026-05-18,Summer / Pre-monsoon,41,85,28,32.5666666666667,46.0416666666667,1.84458333333333,85,Satisfactory,pm10,-1.2401934914131494,1.5718724641874882,0.4434029786858208,-0.3389216845480211,0.7227318603926158,-0.13361256053250498,MODELING_HISTORY,Cluster 1,0.7784464451301872
PROJ_181,"Somajiguda, Hyderabad - TSPCB",Hyderabad,2026-05-19,Summer / Pre-monsoon,46,93,28,33.2541666666667,45.8333333333333,2.17958333333333,93,Satisfactory,pm10,-1.4362284994162278,1.5201441642775324,0.5406462761125888,-0.8303676981375441,0.7345207359269967,-0.1661763210842099,MODELING_HISTORY,Cluster 1,1.1784574843401259
PROJ_181,"Somajiguda, Hyderabad - TSPCB",Hyderabad,2026-05-20,Summer / Pre-monsoon,44,90,22,33.7083333333333,42.0416666666667,2.9475,90,Satisfactory,pm10,-1.067327829673114,1.7463292931696646,0.954318283308781,-1.2526617590411169,0.35472006795778677,-0.12954192534985126,MODELING_HISTORY,Cluster 1,1.6371093663457417
PROJ_181,"Somajiguda, Hyderabad - TSPCB",Hyderabad,2026-05-21,Summer / Pre-monsoon,45,90,21,34.9333333333333,36.0416666666667,2.755,90,Satisfactory,pm10,-1.3539171277506508,2.1905358877090957,1.0561685470323874,-1.2728478609488636,0.3855339349672038,-0.08352693478430412,MODELING_HISTORY,Cluster 1,1.932312823271219
PROJ_181,"Somajiguda, Hyderabad - TSPCB",Hyderabad,2026-05-22,Summer / Pre-monsoon,45,99,38,32.7916666666667,47.2083333333333,4.24958333333333,99,Satisfactory,pm10,-0.7189316659770161,1.1475358512115674,0.00177243377411732,-2.2723944551612276,-0.07542737425440205,-0.1609814018684939,MODELING_HISTORY,Cluster 1,2.1829253699333364
PROJ_181,"Somajiguda, Hyderabad - TSPCB",Hyderabad,2026-05-23,Summer / Pre-monsoon,40,85,19,32.8916666666667,45.5,3.62333333333333,85,Satisfactory,pm10,-0.441558468761376,1.5434066663465642,1.104740479974058,-1.4454935679425711,0.08507848788248645,-0.1441864035471232,MODELING_HISTORY,Cluster 1,1.8547666894381365
PROJ_181,"Somajiguda, Hyderabad - TSPCB",Hyderabad,2026-05-24,Summer / Pre-monsoon,42,89,20,32.4791666666667,45.9583333333333,3.86583333333333,89,Satisfactory,pm10,-0.46563095688908335,1.3353723728717373,1.0757441397220158,-1.6428153435057598,-0.03414346231275461,-0.13515579224193922,MODELING_HISTORY,Cluster 1,1.9719344489630852
PROJ_181,"Somajiguda, Hyderabad - TSPCB",Hyderabad,2026-05-25,Summer / Pre-monsoon,16,87,21,32.7958333333333,43.0416666666667,3.09458333333333,87,Satisfactory,pm10,-0.04420959736098759,2.0987077689553004,0.6759200104770554,-0.5980349114422197,-0.2629395837002161,-1.0348364207108065,MODELING_HISTORY,Cluster 1,1.406787327598666
PROJ_181,"Somajiguda, Hyderabad - TSPCB",Hyderabad,2026-05-26,Summer / Pre-monsoon,17,67,20,32.3666666666667,46.4583333333333,2.60333333333333,66,Satisfactory,pm10,0.22024785908140135,2.130668462289012,0.6820296918182697,-0.05842045258791246,0.12200300696634885,-0.5672564170113034,MODELING_HISTORY,Cluster 1,1.5043261595817556
PROJ_181,"Somajiguda, Hyderabad - TSPCB",Hyderabad,2026-05-27,Summer / Pre-monsoon,11,62,24,28.5375,66.4583333333333,3.18083333333333,61,Satisfactory,pm10,1.313762625495123,0.815702829352353,0.2624439571695898,0.11477729135433234,0.06397595507352863,-0.7057830703875455,MODELING_HISTORY,Cluster 2,1.2257521893013412
PROJ_181,"Somajiguda, Hyderabad - TSPCB",Hyderabad,2026-05-28,Summer / Pre-monsoon,9,61,25,30.7791666666667,57.5833333333333,2.87041666666667,60,Satisfactory,pm10,0.9708304774939122,1.6472089140229864,0.21793149776424503,0.1052982991544392,0.1293186843684976,-0.7459226544104295,MODELING_HISTORY,Cluster 1,1.8330036228914357
PROJ_181,"Somajiguda, Hyderabad - TSPCB",Hyderabad,2026-05-29,Summer / Pre-monsoon,15,63,23,31.9708333333333,48.6666666666667,3.13625,62,Satisfactory,pm10,0.6159224754811421,2.0104055166415735,0.4786706569232096,-0.31665333859950695,-0.0512383522540924,-0.5025243423227571,MODELING_HISTORY,Cluster 1,1.6776403788803178
PROJ_181,"Somajiguda, Hyderabad - TSPCB",Hyderabad,2026-05-30,Summer / Pre-monsoon,21,67,22,32.7583333333333,41.2083333333333,3.4375,66,Satisfactory,pm10,0.27710457761954854,2.2165258524288216,0.6699396523484829,-0.7432280772653813,-0.25826805553457666,-0.30058350166114106,MODELING_HISTORY,Cluster 1,1.7056631823862218
PROJ_181,"Somajiguda, Hyderabad - TSPCB",Hyderabad,2026-05-31,Summer / Pre-monsoon,23,62,19,31.9333333333333,44.4583333333333,3.09916666666667,61,Satisfactory,pm10,0.3071055240577858,1.982174577132092,0.8372471566532085,-0.3929103706800444,-0.06687708304589426,-0.150620677260105,MODELING_HISTORY,Cluster 1,1.609904107232905
PROJ_181,"Somajiguda, Hyderabad - TSPCB",Hyderabad,2026-06-01,Monsoon,22,63,20,32.0958333333333,38,2.16875,62,Satisfactory,pm10,-0.23248850190523213,2.2928034590132977,0.7371687915171719,0.22960905905335896,0.01521296434386096,-0.1640342692982315,MODELING_HISTORY,Cluster 1,1.4226110678430244
PROJ_181,"Somajiguda, Hyderabad - TSPCB",Hyderabad,2026-06-02,Monsoon,34,76,21,31.9208333333333,43.375,1.73041666666667,76,Satisfactory,pm10,-0.8915112037826848,1.7585362785141037,0.7877724868451396,0.13276491560686954,0.491412189256007,-0.1436815710506637,MODELING_HISTORY,Cluster 1,1.0172370164065359
PROJ_181,"Somajiguda, Hyderabad - TSPCB",Hyderabad,2026-06-03,Monsoon,25,65,18,30.9583333333333,48.75,2.65083333333333,64,Satisfactory,pm10,0.15231021900197547,1.608942346019362,0.8763163288121976,-0.04797605073194412,0.13650912094100942,-0.19913281784943385,MODELING_HISTORY,Cluster 1,1.3939359953859216
PROJ_181,"Somajiguda, Hyderabad - TSPCB",Hyderabad,2026-06-04,Monsoon,48,96,28,30.6791666666667,51.625,3.01333333333333,96,Satisfactory,pm10,-0.9958824896483645,0.6382195604844486,0.558058887592573,-1.1378297781402456,0.2974742280648081,-0.07305737122866739,MODELING_HISTORY,Cluster 1,1.4407942570399266
PROJ_181,"Somajiguda, Hyderabad - TSPCB",Hyderabad,2026-06-05,Monsoon,42,78,16,29.6125,59.6666666666667,2.85708333333333,78,Satisfactory,pm10,-0.19919344505167852,0.5026016275258787,1.176294051443459,-0.5180693317107393,0.5106708757596516,-0.00656999096754887,MODELING_HISTORY,Cluster 1,1.7088384292034855
PROJ_181,"Somajiguda, Hyderabad - TSPCB",Hyderabad,2026-06-06,Monsoon,77,88,19,29.9958333333333,57.75,2.40583333333333,155,Moderately Polluted,pm2_5,-1.715198831567445,-0.13066643330509686,1.3986374490190518,-1.1323859140186896,1.204375743178041,1.0190217587627284,MODELING_HISTORY,Cluster 3,2.3070253446927427
PROJ_181,"Somajiguda, Hyderabad - TSPCB",Hyderabad,2026-06-07,Monsoon,42,78,19,29.4916666666667,63.9583333333333,2.96708333333333,78,Satisfactory,pm10,-0.06814533645285191,0.33740099019960745,0.9757040043061096,-0.6217363335864589,0.6241647494383713,-0.03964429852231339,MODELING_HISTORY,Cluster 1,1.738937802537198
PROJ_181,"Somajiguda, Hyderabad - TSPCB",Hyderabad,2026-06-08,Monsoon,46,90,23,28.2791666666667,66.7083333333333,2.94375,90,Satisfactory,pm10,-0.3577575423274648,-0.2190243224666104,0.7570898500701936,-0.6939475692002546,0.5615267723586667,-0.1425654071890292,MODELING_HISTORY,Cluster 3,1.6018892358028196
PROJ_181,"Somajiguda, Hyderabad - TSPCB",Hyderabad,2026-06-09,Monsoon,30,73,20,27.9666666666667,71.5,3.48125,72,Satisfactory,pm10,0.8246575000114023,0.02744841305009043,0.7457931305935256,-0.49948406591073297,0.3324328391037608,-0.3501550699596637,MODELING_HISTORY,Cluster 2,1.1510511649208048
PROJ_181,"Somajiguda, Hyderabad - TSPCB",Hyderabad,2026-06-10,Monsoon,20,61,16,28.9416666666667,65.5,3.53583333333333,60,Satisfactory,pm10,1.233793703428137,0.7438761158609025,0.9029773646681628,-0.2747796314797254,0.11595535516618756,-0.39915935121074025,MODELING_HISTORY,Cluster 2,1.403684779526988
PROJ_181,"Somajiguda, Hyderabad - TSPCB",Hyderabad,2026-06-11,Monsoon,35,87,20,29.8458333333333,59.4166666666667,2.53291666666667,87,Satisfactory,pm10,-0.33856452675443816,0.6325598135898755,0.8379245019193535,-0.3057382912263028,0.47929329353384,-0.4816215721433678,MODELING_HISTORY,Cluster 1,1.295938314542512
PROJ_181,"Somajiguda, Hyderabad - TSPCB",Hyderabad,2026-06-12,Monsoon,33,79,18,30.1041666666667,56.375,2.70125,79,Satisfactory,pm10,-0.12311597690638226,0.8890669576778505,0.9539010832161772,-0.3019036391325012,0.3485130271836935,-0.32691338463555425,MODELING_HISTORY,Cluster 1,1.3597645079476162
PROJ_181,"Somajiguda, Hyderabad - TSPCB",Hyderabad,2026-06-13,Monsoon,87,73,17,28.3083333333333,65.2916666666667,2.6125,190,Moderately Polluted,pm2_5,-1.3881867954878515,-0.7881335366355973,1.5870756930754248,-1.1348814665985143,1.4397248568069745,1.723876918273231,MODELING_HISTORY,Cluster 3,2.1887858478248523
PROJ_181,"Somajiguda, Hyderabad - TSPCB",Hyderabad,2026-06-14,Monsoon,26,74,18,28.7916666666667,61.5833333333333,3.09666666666667,73,Satisfactory,pm10,0.5141643627037944,0.6047868877191402,0.8507793959134161,-0.2166428589633161,0.12526372476874298,-0.4450016639970229,MODELING_HISTORY,Cluster 2,1.6502738383388205
PROJ_181,"Somajiguda, Hyderabad - TSPCB",Hyderabad,2026-06-15,Monsoon,36,83,36,30.2458333333333,51.9583333333333,3.07333333333333,83,Satisfactory,pm10,-0.40184092463180376,0.8901081968601293,-0.1117021391014305,-0.822037418395272,0.09793522277115074,-0.1066097205828778,MODELING_HISTORY,Cluster 1,0.943699224670386
PROJ_181,"Somajiguda, Hyderabad - TSPCB",Hyderabad,2026-06-16,Monsoon,35,109,36,31.2416666666667,44.625,2.85083333333333,105,Moderately Polluted,pm10,-1.177428880369896,1.0982763166692764,-0.0640977366133981,-0.994271926931867,-0.1362815883364479,-0.7392760340763432,MODELING_HISTORY,Cluster 1,1.003722683981869
PROJ_181,"Somajiguda, Hyderabad - TSPCB",Hyderabad,2026-06-17,Monsoon,25,70,36,31.6291666666667,43.6666666666667,2.54041666666667,69,Satisfactory,pm10,-0.28259186168647943,1.8379165552896417,-0.2397819827797582,-0.2613036394357422,0.0542368132197253,-0.15739351788170725,MODELING_HISTORY,Cluster 1,0.7316386222357518
PROJ_181,"Somajiguda, Hyderabad - TSPCB",Hyderabad,2026-06-18,Monsoon,25,73,35,31.775,45.375,2.47416666666667,72,Satisfactory,pm10,-0.3208247838997722,1.7971239392741265,-0.17975075869403703,-0.2620153910307409,0.14890574231338397,-0.2772784073728066,MODELING_HISTORY,Cluster 1,0.6696782729586617
PROJ_181,"Somajiguda, Hyderabad - TSPCB",Hyderabad,2026-06-19,Monsoon,23,75,36,31.3958333333333,48.4166666666667,2.41916666666667,74,Satisfactory,pm10,-0.2420073096511293,1.6475372471527516,-0.2826113822055304,-0.17410549454330765,0.1866446094041802,-0.422370477869686,MODELING_HISTORY,Cluster 1,0.6521152339227915
PROJ_181,"Somajiguda, Hyderabad - TSPCB",Hyderabad,2026-06-20,Monsoon,36,79,43,31.9208333333333,45.5833333333333,2.32666666666667,79,Satisfactory,pm10,-0.8926693609167807,1.5412427231222008,-0.5569437277362537,-0.5524521305306759,0.3913245079578114,0.01023208092891805,MODELING_HISTORY,Cluster 1,0.6646707032633022
PROJ_181,"Somajiguda, Hyderabad - TSPCB",Hyderabad,2026-06-21,Monsoon,35,73,37,29.0916666666667,60.25,2.01958333333333,72,Satisfactory,pm10,-0.37013482235769024,0.6019683153271439,-0.2998772433427107,0.09450508990970607,0.6779457778398669,-0.01368320241353348,MODELING_HISTORY,Cluster 1,0.9103055582023616
PROJ_181,"Somajiguda, Hyderabad - TSPCB",Hyderabad,2026-06-22,Monsoon,29,76,29,30.0708333333333,57.4583333333333,2.91416666666667,76,Satisfactory,pm10,0.08029168827026859,0.927521027667902,0.21190749872367343,-0.4352163182593523,0.2634876398304939,-0.32210027935258495,MODELING_HISTORY,Cluster 1,1.0812378785314243
PROJ_181,"Somajiguda, Hyderabad - TSPCB",Hyderabad,2026-06-26,Monsoon,39,63,24,27.3208333333333,71.2083333333333,2.74625,64,Satisfactory,pm2_5,0.4288516882271682,-0.1310956495568212,0.5378762967052461,-0.0667507546064824,0.7085845938772098,0.25113331006179856,MODELING_HISTORY,Cluster 2,1.3363420505215575
PROJ_181,"Somajiguda, Hyderabad - TSPCB",Hyderabad,2026-06-27,Monsoon,33,66,24,26.5875,78.4166666666667,2.25208333333333,65,Satisfactory,pm10,0.5546789891244014,-0.3716248863239859,0.41023489935697965,0.4259549940365672,0.941209276665896,-0.1413603598704325,MODELING_HISTORY,Cluster 2,1.3443015736124557
PROJ_181,"Somajiguda, Hyderabad - TSPCB",Hyderabad,2026-06-28,Monsoon,42,63,60,26.9,80.5,2.03541666666667,69,Satisfactory,pm2_5,0.003489571196641,-0.5476962543517887,-1.7873439416453518,0.0079705598297759,1.340535775617841,0.45483202941503226,MODELING_HISTORY,Cluster 3,2.1717460008247023
PROJ_181,"Somajiguda, Hyderabad - TSPCB",Hyderabad,2026-06-30,Monsoon,29,68,51,26.7166666666667,72.75,4.39791666666667,67,Satisfactory,pm10,1.1383475609507403,-0.3378659066505614,-1.2126083150572664,-1.1766509876131517,-0.1063640074544529,0.05830118392870996,MODELING_HISTORY,Cluster 2,1.6252549420295097
PROJ_181,"Somajiguda, Hyderabad - TSPCB",Hyderabad,2026-07-01,Monsoon,33,89,25,25.975,76.0833333333333,4.49541666666667,89,Satisfactory,pm10,0.9680506941467516,-0.8649096103150684,0.49584759214507657,-1.18734869643349,-0.18867428114759327,-0.5101444609597611,MODELING_HISTORY,Cluster 2,1.3651601954661161
PROJ_181,"Somajiguda, Hyderabad - TSPCB",Hyderabad,2026-07-02,Monsoon,29,64,27,25.5666666666667,79.75,4.53375,63,Satisfactory,pm10,1.6752682931945002,-0.7326860212385732,0.27405607716685904,-0.8767873929006467,-0.03754278544728762,-0.05378999389456772,MODELING_HISTORY,Cluster 2,0.8004468753969599
PROJ_181,"Somajiguda, Hyderabad - TSPCB",Hyderabad,2026-07-03,Monsoon,33,62,28,25.3333333333333,80.3333333333333,5.2575,61,Satisfactory,pm10,1.898979364286689,-0.924148921544793,0.28886622322620176,-1.4030701250163236,-0.2286044119941395,0.1916977301376268,MODELING_HISTORY,Cluster 2,1.3586447440244254
PROJ_181,"Somajiguda, Hyderabad - TSPCB",Hyderabad,2026-07-04,Monsoon,31,57,26,24,87.5833333333333,5.44708333333333,56,Satisfactory,pm10,2.370150594273796,-1.352984591141687,0.3534920576389545,-1.2754483015753366,-0.2140990552378954,0.19817450989364485,MODELING_HISTORY,Cluster 2,1.676385696585783
PROJ_181,"Somajiguda, Hyderabad - TSPCB",Hyderabad,2026-07-05,Monsoon,21,48,27,25.3833333333333,77.2083333333333,5.54791666666667,48,Good,pm10,2.5776245585149473,-0.4604052450514634,0.2197990908197725,-1.1923731602232974,-0.5750177079152512,0.15945451953019418,MODELING_HISTORY,Cluster 2,1.344219455037649
PROJ_181,"Somajiguda, Hyderabad - TSPCB",Hyderabad,2026-07-06,Monsoon,27,52,26,26.5916666666667,71.7083333333333,5.40333333333333,51,Satisfactory,pm10,2.095135897770076,-0.1801008762808196,0.3863556609590088,-1.3880619154844929,-0.4812450421359673,0.28314343974751055,MODELING_HISTORY,Cluster 2,1.2669292667014032
PROJ_181,"Somajiguda, Hyderabad - TSPCB",Hyderabad,2026-07-07,Monsoon,21,52,30,27.0833333333333,70.8333333333333,5.65416666666667,51,Satisfactory,pm10,2.3084652395008773,0.04870323208235863,0.08481352983074739,-1.524661605996033,-0.635713751514442,0.09541606039719244,MODELING_HISTORY,Cluster 2,1.4648202489018516
PROJ_181,"Somajiguda, Hyderabad - TSPCB",Hyderabad,2026-07-08,Monsoon,25,58,40,27.6416666666667,68.0416666666667,5.385,57,Satisfactory,pm10,1.795120183192105,0.12020441136374982,-0.4926975496590488,-1.645843913833502,-0.527310977255242,0.16147142233710943,MODELING_HISTORY,Cluster 2,1.53955939636894
PROJ_181,"Somajiguda, Hyderabad - TSPCB",Hyderabad,2026-07-10,Monsoon,30,61,27,28.8041666666667,59.7916666666667,3.69791666666667,60,Satisfactory,pm10,0.769193640691416,0.6478871144542317,0.34843764968832136,-0.6595294473748176,-0.00935181178433031,0.1475821769108417,MODELING_HISTORY,Cluster 2,1.3699757248524485
PROJ_181,"Somajiguda, Hyderabad - TSPCB",Hyderabad,2026-07-11,Monsoon,25,75,17,29.4041666666667,56.875,3.96541666666667,74,Satisfactory,pm10,0.7479502251209355,0.8160819322494378,0.974552426373956,-0.8289684392477749,-0.30766423863647685,-0.42422785561876386,MODELING_HISTORY,Cluster 2,1.7901227114595926
PROJ_181,"Somajiguda, Hyderabad - TSPCB",Hyderabad,2026-07-12,Monsoon,28,42,7,29.375,54.375,4.25041666666667,47,Good,pm2_5,1.4300717234486493,1.1489484646145804,1.626038521332071,-0.6652238260782828,-0.2699988718562025,0.4881899370172501,MODELING_HISTORY,Cluster 2,2.187270786614923
PROJ_181,"Somajiguda, Hyderabad - TSPCB",Hyderabad,2026-07-13,Monsoon,33,53,18,29.6833333333333,54.7916666666667,4.17833333333333,53,Satisfactory,pm2_5,0.949124334236238,0.9824184590508012,0.9995974496001294,-0.9744812368457316,-0.15497059247746003,0.4478727730717189,MODELING_HISTORY,Cluster 2,1.8738141831599708
PROJ_181,"Somajiguda, Hyderabad - TSPCB",Hyderabad,2026-07-14,Monsoon,23,46,19,29.4916666666667,52.875,3.79833333333333,46,Good,pm10,1.182457957231354,1.2990986054817963,0.792702102383116,-0.42140097831188134,-0.25327576018213255,0.28555664881995413,MODELING_HISTORY,Cluster 2,1.8178170931043909
PROJ_181,"Somajiguda, Hyderabad - TSPCB",Hyderabad,2026-07-16,Monsoon,29,61,29,28.4791666666667,60.375,3.39,60,Satisfactory,pm10,0.6830486329932979,0.6018520606218096,0.1867345509088547,-0.4139405065584598,0.06040473542503427,0.11694273140232483,MODELING_HISTORY,Cluster 2,1.3195512440340154
PROJ_181,"Somajiguda, Hyderabad - TSPCB",Hyderabad,2026-07-22,Monsoon,19,66,26,24.05,84.625,4.81875,65,Satisfactory,pm10,2.2290871260297105,-1.0528366837182257,0.20035735488221385,-0.6814591772155747,-0.3586685402781701,-0.451249941311752,MODELING_HISTORY,Cluster 2,1.0706265398625094
PROJ_181,"Somajiguda, Hyderabad - TSPCB",Hyderabad,2026-07-23,Monsoon,20,57,28,25.3375,74.0416666666667,4.60875,56,Satisfactory,pm10,1.968448031093649,-0.3726238061151577,0.11555467198711306,-0.6246195636724221,-0.4382403523157215,-0.09315141657735954,MODELING_HISTORY,Cluster 2,0.5028393637159138
PROJ_181,"Somajiguda, Hyderabad - TSPCB",Hyderabad,2026-07-24,Monsoon,15,38,17,26.2166666666667,70.2916666666667,4.84166666666667,38,Good,pm10,2.550094521008623,0.22286494651657623,0.7679004679295551,-0.48926997918250215,-0.5194148824208666,0.1425144737296833,MODELING_HISTORY,Cluster 2,1.291993771950803
PROJ_181,"Somajiguda, Hyderabad - TSPCB",Hyderabad,2026-07-25,Monsoon,19,47,14,26.3416666666667,69.6666666666667,3.85,47,Good,pm10,1.8597942953910904,0.1841776198450361,0.96756309750894,0.01163217412496375,-0.15311391012895414,-0.00947334176732599,MODELING_HISTORY,Cluster 2,1.100878389885925
PROJ_181,"Somajiguda, Hyderabad - TSPCB",Hyderabad,2026-07-26,Monsoon,30,57,16,26.4708333333333,74.9583333333333,3.84708333333333,56,Satisfactory,pm10,1.445529214321264,-0.26737601583289444,0.9668927916007052,-0.372675120037452,0.2086252630410153,0.06531780259590503,MODELING_HISTORY,Cluster 2,0.9605408975830052
PROJ_181,"Somajiguda, Hyderabad - TSPCB",Hyderabad,2026-07-29,Monsoon,28,51,14,23.8333333333333,91.5416666666667,4.91958333333333,50,Good,pm10,2.5652420231035298,-1.3215076584126524,1.028475754337934,-0.6867603285378681,0.08576086398951399,0.07023283767765938,MODELING_HISTORY,Cluster 2,1.763428026561739
PROJ_181,"Somajiguda, Hyderabad - TSPCB",Hyderabad,2026-07-30,Monsoon,25,52,15,23.975,88.875,5.35875,51,Satisfactory,pm10,2.734777970811217,-1.2006429688147646,0.9653412698802096,-0.938785319949081,-0.2148066088536812,0.00242059650135514,MODELING_HISTORY,Cluster 2,1.8356174673584842
PROJ_181,"Somajiguda, Hyderabad - TSPCB",Hyderabad,2026-07-31,Monsoon,26,51,16,25.8875,77.7916666666667,4.97833333333333,50,Good,pm10,2.2275831643379935,-0.43275394918978055,0.9553177828944828,-0.9137586532256337,-0.2081497473393308,0.11944792521881134,MODELING_HISTORY,Cluster 2,1.2808882202793275
PROJ_181,"Somajiguda, Hyderabad - TSPCB",Hyderabad,2026-08-01,Monsoon,26,51,17,26.6333333333333,74.0833333333333,3.54791666666667,50,Good,pm10,1.526533247160382,-0.04022218796512623,0.8377136834876144,-0.06136733282451745,0.2730043085856034,0.06462019292658623,MODELING_HISTORY,Cluster 2,0.871180315197021
PROJ_181,"Somajiguda, Hyderabad - TSPCB",Hyderabad,2026-08-02,Monsoon,27,53,17,26.8416666666667,73.125,3.5025,52,Satisfactory,pm10,1.4091258978842751,-0.00279970769879545,0.8556803801120296,-0.09459021562823178,0.2878526820892217,0.05244016871819898,MODELING_HISTORY,Cluster 2,0.9142789228187186
PROJ_181,"Somajiguda, Hyderabad - TSPCB",Hyderabad,2026-08-03,Monsoon,26,52,15,26.375,78.0416666666667,3.22625,51,Satisfactory,pm10,1.5003077920599526,-0.19290216871694876,0.931894801594674,0.17824485871339235,0.5003673709971737,-0.04038222947169646,MODELING_HISTORY,Cluster 2,1.015243564688572
PROJ_181,"Somajiguda, Hyderabad - TSPCB",Hyderabad,2026-08-04,Monsoon,26,49,15,25.4208333333333,83.25,3.05958333333333,49,Good,pm10,1.6498399075162786,-0.5117636133077409,0.8885916666610588,0.4193384992096274,0.6428763945345589,-0.0051586472130353,MODELING_HISTORY,Cluster 2,1.1191943930299189
PROJ_181,"Somajiguda, Hyderabad - TSPCB",Hyderabad,2026-08-05,Monsoon,26,53,15,25.8083333333333,82.0833333333333,3.28,52,Satisfactory,pm10,1.6207722169549257,-0.4510649954575025,0.9147402099269438,0.1908713120915224,0.5507399485844204,-0.09480566623903525,MODELING_HISTORY,Cluster 2,1.0069728153956776
PROJ_181,"Somajiguda, Hyderabad - TSPCB",Hyderabad,2026-08-06,Monsoon,26,52,19,26.225,76.5,3.58833333333333,51,Satisfactory,pm10,1.5799485904010908,-0.21774736743697296,0.7004843377739582,-0.07313942268057494,0.28845099350364733,0.04061864339999622,MODELING_HISTORY,Cluster 2,0.6996145420546284
PROJ_181,"Somajiguda, Hyderabad - TSPCB",Hyderabad,2026-08-07,Monsoon,29,50,20,25.75,76.7916666666667,3.86166666666667,50,Good,pm10,1.651827793685833,-0.39638720331602073,0.676991905857797,-0.24776621174887337,0.1953721203360372,0.24242483285646216,MODELING_HISTORY,Cluster 2,0.6548564667615898
PROJ_181,"Somajiguda, Hyderabad - TSPCB",Hyderabad,2026-08-08,Monsoon,26,50,21,25.7375,75.7916666666667,3.4075,50,Good,pm10,1.526148160335728,-0.2728364415063395,0.5569402513478252,0.1124230040391072,0.26645855043732813,0.13191014312996086,MODELING_HISTORY,Cluster 2,0.6551946116084102
PROJ_181,"Somajiguda, Hyderabad - TSPCB",Hyderabad,2026-08-12,Monsoon,34,66,13,25.9291666666667,77.8333333333333,3.97083333333333,65,Satisfactory,pm10,1.3133215689216295,-0.6498800234008201,1.2055500652979911,-0.5353548563617039,0.2115569662042754,-0.0432629341087792,MODELING_HISTORY,Cluster 2,1.301410853136353
PROJ_181,"Somajiguda, Hyderabad - TSPCB",Hyderabad,2026-08-13,Monsoon,31,55,15,26.2375,75.7083333333333,3.52166666666667,54,Satisfactory,pm10,1.356427349330425,-0.31196601804931023,1.0164427813066716,-0.12363901501265262,0.35000403034612465,0.12677066487778696,MODELING_HISTORY,Cluster 2,1.0339667074858583
PROJ_181,"Somajiguda, Hyderabad - TSPCB",Hyderabad,2026-08-14,Monsoon,32,59,19,26,74.7916666666667,4.05291666666667,58,Satisfactory,pm10,1.415146873960202,-0.44963759993361646,0.8077000814655163,-0.5362556271654078,0.08223719706876187,0.149150404994104,MODELING_HISTORY,Cluster 2,0.8687413278273904
PROJ_181,"Somajiguda, Hyderabad - TSPCB",Hyderabad,2026-08-15,Monsoon,29,52,19,26.5916666666667,71.25,4.12791666666667,51,Satisfactory,pm10,1.565007829826263,-0.08957813638180602,0.7874262557934698,-0.5195587176002018,-0.00749980138678207,0.2417110405860538,MODELING_HISTORY,Cluster 2,0.8225723731957528
PROJ_181,"Somajiguda, Hyderabad - TSPCB",Hyderabad,2026-08-16,Monsoon,28,51,20,26.225,73.3333333333333,3.50958333333333,50,Good,pm10,1.41971535207558,-0.150682016779691,0.6656809277848811,-0.05099864723361952,0.23294019848785905,0.19021496206301564,MODELING_HISTORY,Cluster 2,0.7150154934132132
PROJ_181,"Somajiguda, Hyderabad - TSPCB",Hyderabad,2026-08-17,Monsoon,29,52,20,27.15,67.7083333333333,4.22375,51,Satisfactory,pm10,1.490266012715185,0.12795574563495157,0.7486062965815624,-0.6508217498280513,-0.09883017411315892,0.27943109536877425,MODELING_HISTORY,Cluster 2,0.9224395131105338
PROJ_181,"Somajiguda, Hyderabad - TSPCB",Hyderabad,2026-08-18,Monsoon,30,54,18,26.7,69.25,3.71166666666667,53,Satisfactory,pm10,1.2828563376329978,-0.0114507084724973,0.8510937819307677,-0.28085718128825116,0.08479763652064204,0.22344318226713497,MODELING_HISTORY,Cluster 2,0.9327290250953241
PROJ_181,"Somajiguda, Hyderabad - TSPCB",Hyderabad,2026-08-19,Monsoon,29,54,18,25.9458333333333,73.1666666666667,3.52625,53,Satisfactory,pm10,1.3587061648757182,-0.2571705656410679,0.8058863015069968,-0.05458061549749471,0.17742521126137212,0.15637240124463525,MODELING_HISTORY,Cluster 2,0.8494127630139741
PROJ_181,"Somajiguda, Hyderabad - TSPCB",Hyderabad,2026-08-20,Monsoon,28,52,19,26.4125,72,3.46333333333333,51,Satisfactory,pm10,1.3508615965378754,-0.07510260773455552,0.734997963245215,-0.03909422593088862,0.21827128580623245,0.16641402231939467,MODELING_HISTORY,Cluster 2,0.8181731662053516
PROJ_181,"Somajiguda, Hyderabad - TSPCB",Hyderabad,2026-08-21,Monsoon,31,58,22,27.4,64.75,3.53083333333333,57,Satisfactory,pm10,0.936227782933594,0.22338207785673736,0.6289993615383778,-0.33133083473878217,0.07156207093492167,0.21153596439634104,MODELING_HISTORY,Cluster 2,1.053498118574417
PROJ_181,"Somajiguda, Hyderabad - TSPCB",Hyderabad,2026-08-22,Monsoon,29,55,22,27.675,63.3333333333333,3.84,54,Satisfactory,pm10,1.1358128116528734,0.3706035183212113,0.6267132362899744,-0.4950117769010888,-0.07218553222342916,0.2380130162617436,MODELING_HISTORY,Cluster 2,1.0412514382132791
PROJ_181,"Somajiguda, Hyderabad - TSPCB",Hyderabad,2026-08-23,Monsoon,29,52,19,25.3541666666667,81.4583333333333,3.04625,51,Satisfactory,pm10,1.4205245403285258,-0.5703177644374828,0.6781998807732114,0.31397463045556173,0.6032398447584373,0.08861066248759546,MODELING_HISTORY,Cluster 2,0.9398521234240805
PROJ_181,"Somajiguda, Hyderabad - TSPCB",Hyderabad,2026-08-24,Monsoon,28,53,18,24.8333333333333,84.5416666666667,3.19791666666667,52,Satisfactory,pm10,1.5935107809926956,-0.7770634341219927,0.7218376181053611,0.29098650025502704,0.5692919080108145,0.00878524516389028,MODELING_HISTORY,Cluster 2,1.0159079051541322
PROJ_181,"Somajiguda, Hyderabad - TSPCB",Hyderabad,2026-08-25,Monsoon,30,57,19,25.9833333333333,75.8333333333333,3.46291666666667,56,Satisfactory,pm10,1.302419718071366,-0.37321795897063625,0.7461921286745226,-0.08767049728436865,0.31123771800250144,0.07803353321131887,MODELING_HISTORY,Cluster 2,0.8144508020072262
PROJ_181,"Somajiguda, Hyderabad - TSPCB",Hyderabad,2026-08-26,Monsoon,29,53,21,26.5125,70.625,3.80708333333333,52,Satisfactory,pm10,1.386537744237565,-0.07512260133978015,0.6455126819558108,-0.32326087212547167,0.06700454138619893,0.22739283786662648,MODELING_HISTORY,Cluster 2,0.6967497058945923
PROJ_181,"Somajiguda, Hyderabad - TSPCB",Hyderabad,2026-08-30,Monsoon,28,51,15,24.9958333333333,74.625,4.15125,50,Good,pm10,1.788651413097262,-0.5082399428304852,0.9963625179741584,-0.27063706290515444,-0.13248955016377867,0.23649549919584795,MODELING_HISTORY,Cluster 2,1.0011400073987977
PROJ_181,"Somajiguda, Hyderabad - TSPCB",Hyderabad,2026-08-31,Monsoon,34,62,16,25.2916666666667,74.625,3.64708333333333,61,Satisfactory,pm10,1.174243098413005,-0.6346929681178575,0.9946163105227888,-0.21638482239214152,0.1325803224474797,0.14407376494143903,MODELING_HISTORY,Cluster 2,1.1275725953573472
PROJ_186,"New Malakpet, Hyderabad - TSPCB",Hyderabad,2025-03-01,Summer / Pre-monsoon,35,74,22,26.8083333333333,46.0833333333333,2.16416666666667,73,Satisfactory,pm10,-0.4953271611045843,0.5054265640553508,0.6775796427777421,0.4932302053917137,-0.2861416877344327,0.20763088221892076,MODELING_HISTORY,Cluster 1,1.3409933269446248
PROJ_186,"New Malakpet, Hyderabad - TSPCB",Hyderabad,2025-03-02,Summer / Pre-monsoon,10,59,25,27.8,39.5416666666667,1.51625,58,Satisfactory,pm10,0.0698721780744534,1.623338961538237,0.17403907570615967,1.4629559664712404,-0.5068395158512112,-0.29194574540699547,MODELING_HISTORY,Cluster 1,1.8325572848823106
PROJ_186,"New Malakpet, Hyderabad - TSPCB",Hyderabad,2025-03-03,Summer / Pre-monsoon,30,73,25,29.5208333333333,29.3333333333333,1.49541666666667,72,Satisfactory,pm10,-1.119853682615355,1.7582067979751748,0.4843306633852762,0.7365137333749316,-0.38389678926868254,0.15093055010195333,MODELING_HISTORY,Cluster 1,1.1517350301335263
PROJ_186,"New Malakpet, Hyderabad - TSPCB",Hyderabad,2025-03-04,Summer / Pre-monsoon,31,80,29,29.725,32.625,1.53833333333333,80,Satisfactory,pm10,-1.224283904067192,1.6069409179106926,0.245164701412867,0.5428894829203583,-0.2613822497711281,-0.0180739750657973,MODELING_HISTORY,Cluster 1,0.8892592817150164
PROJ_186,"New Malakpet, Hyderabad - TSPCB",Hyderabad,2025-03-05,Summer / Pre-monsoon,30,76,18,28.3625,31.75,2.15458333333333,76,Satisfactory,pm10,-0.7595427675203211,1.3545376031810472,0.9439502139556516,0.4827912652322569,-0.7195850782589418,0.08803254875207239,MODELING_HISTORY,Cluster 1,1.2085886097914376
PROJ_186,"New Malakpet, Hyderabad - TSPCB",Hyderabad,2025-03-06,Summer / Pre-monsoon,17,65,18,26.3583333333333,22.625,1.995,64,Satisfactory,pm10,-0.3873453873134902,1.5619116994442706,0.7711825489287707,1.2692156487345114,-1.479770910364285,0.1322571509450858,MODELING_HISTORY,Cluster 1,1.6954915136167987
PROJ_186,"New Malakpet, Hyderabad - TSPCB",Hyderabad,2025-03-07,Summer / Pre-monsoon,19,67,27,26.4666666666667,25.625,1.49833333333333,66,Satisfactory,pm10,-0.6883680926762785,1.4668009163274391,0.19070414874639272,1.422353771078381,-1.1383843406489185,0.13894194137821275,MODELING_HISTORY,Cluster 1,1.5636351119857248
PROJ_186,"New Malakpet, Hyderabad - TSPCB",Hyderabad,2025-03-08,Summer / Pre-monsoon,25,74,35,27.825,27.2083333333333,1.21666666666667,73,Satisfactory,pm10,-1.184641768950588,1.54246262143709,-0.2393273098390136,1.1533286101691935,-0.7062409797604989,0.12590617242439084,MODELING_HISTORY,Cluster 1,1.334797970281236
PROJ_186,"New Malakpet, Hyderabad - TSPCB",Hyderabad,2025-03-09,Summer / Pre-monsoon,21,67,26,27.9375,36.625,1.97916666666667,66,Satisfactory,pm10,-0.31508347538672515,1.394814133378881,0.2869173478894867,0.8326444169963481,-0.6251151598455831,-0.02070658180010526,MODELING_HISTORY,Cluster 1,1.1267904397263513
PROJ_186,"New Malakpet, Hyderabad - TSPCB",Hyderabad,2025-03-10,Summer / Pre-monsoon,17,64,22,26.725,55.4166666666667,2.45208333333333,63,Satisfactory,pm10,0.5937319816648238,0.6564392851932924,0.4356952838237127,0.7524204560549406,-0.2865618375806283,-0.32201410174108497,MODELING_HISTORY,Cluster 2,1.7798410825330127
PROJ_186,"New Malakpet, Hyderabad - TSPCB",Hyderabad,2025-03-11,Summer / Pre-monsoon,26,72,26,27.6708333333333,48.0416666666667,1.925,71,Satisfactory,pm10,-0.2908912598481074,0.8564883934314464,0.3074244702232369,0.7022298126280859,-0.13685393941489388,-0.13088069228759738,MODELING_HISTORY,Cluster 1,1.154775288593123
PROJ_186,"New Malakpet, Hyderabad - TSPCB",Hyderabad,2025-03-12,Summer / Pre-monsoon,25,74,30,28.9916666666667,38.375,1.67166666666667,73,Satisfactory,pm10,-0.7156227616886925,1.4463297693998904,0.08113842857870873,0.7011550589006649,-0.25889020072209146,-0.1223849742036511,MODELING_HISTORY,Cluster 1,0.8366141445748531
PROJ_186,"New Malakpet, Hyderabad - TSPCB",Hyderabad,2025-03-13,Summer / Pre-monsoon,33,87,26,30.4625,32.8333333333333,1.96708333333333,87,Satisfactory,pm10,-1.2392240311690772,1.6213918749748133,0.5005519417479499,0.08354163777743473,-0.3072304441397632,-0.15996908206288957,MODELING_HISTORY,Cluster 1,0.8218759962846827
PROJ_186,"New Malakpet, Hyderabad - TSPCB",Hyderabad,2025-03-14,Summer / Pre-monsoon,17,64,31,31.4458333333333,29.9583333333333,1.84625,63,Satisfactory,pm10,-0.5024119636405355,2.4837457210778813,-0.01815642319995929,0.5533276286281,-0.3696561328597033,-0.14830839250530956,MODELING_HISTORY,Cluster 1,1.3394312100507437
PROJ_186,"New Malakpet, Hyderabad - TSPCB",Hyderabad,2025-03-15,Summer / Pre-monsoon,21,68,28,31.0208333333333,27.9583333333333,2.08041666666667,67,Satisfactory,pm10,-0.6188437433918406,2.3105577420716026,0.23798877449366995,0.36920407892750384,-0.5521782455609292,-0.05670993166479109,MODELING_HISTORY,Cluster 1,1.133484906332125
PROJ_186,"New Malakpet, Hyderabad - TSPCB",Hyderabad,2025-03-16,Summer / Pre-monsoon,12,60,32,31.2208333333333,21.875,2.55125,59,Satisfactory,pm10,-0.19304707775415691,2.749455367068618,-0.08385772206447424,0.2857139987782229,-1.0395832648169594,-0.04512229245765771,MODELING_HISTORY,Cluster 1,1.5659666272309283
PROJ_186,"New Malakpet, Hyderabad - TSPCB",Hyderabad,2025-03-17,Summer / Pre-monsoon,30,73,25,31.0625,24.7083333333333,1.84833333333333,72,Satisfactory,pm10,-1.1391236660866475,2.2056649611264567,0.5399180762816844,0.32071584320265617,-0.4656699635867389,0.15958886132593697,MODELING_HISTORY,Cluster 1,1.2002862122530753
PROJ_186,"New Malakpet, Hyderabad - TSPCB",Hyderabad,2025-03-18,Summer / Pre-monsoon,36,80,23,30.8083333333333,30.5416666666667,1.77875,80,Satisfactory,pm10,-1.3138396418150988,1.796004663473753,0.7197796034839616,0.20163920084245707,-0.1862215727013748,0.10760128571266588,MODELING_HISTORY,Cluster 1,1.1154977528163874
PROJ_186,"New Malakpet, Hyderabad - TSPCB",Hyderabad,2025-03-19,Summer / Pre-monsoon,28,65,23,29.8583333333333,34.0416666666667,2.74375,64,Satisfactory,pm10,-0.2765635819998481,1.716199860625684,0.6334013082462234,-0.01554154770632711,-0.5867489972991544,0.2402024792027662,MODELING_HISTORY,Cluster 1,0.980766398678926
PROJ_186,"New Malakpet, Hyderabad - TSPCB",Hyderabad,2025-03-20,Summer / Pre-monsoon,55,81,16,28.55,53.2916666666667,2.41375,91,Satisfactory,pm2_5,-0.9564849078423328,0.1961839084068202,1.316346888343997,-0.3650433514292279,0.4692309437741214,0.5225827269390951,MODELING_HISTORY,Cluster 1,1.866618923428411
PROJ_186,"New Malakpet, Hyderabad - TSPCB",Hyderabad,2025-03-21,Summer / Pre-monsoon,49,82,21,28.9916666666667,49.75,2.26333333333333,82,Satisfactory,pm10,-0.9979418468566934,0.5134810672032689,0.9393007398933764,-0.23788422201645604,0.3414390349445381,0.339291783105736,MODELING_HISTORY,Cluster 1,1.3701553073175774
PROJ_186,"New Malakpet, Hyderabad - TSPCB",Hyderabad,2025-03-22,Summer / Pre-monsoon,32,63,16,26.9291666666667,62.375,2.21166666666667,62,Satisfactory,pm10,0.27994034561558784,0.2363068900943547,0.958771158750964,0.6013470269573116,0.368917157776514,0.07002204101786956,MODELING_HISTORY,Cluster 2,1.929938755683128
PROJ_186,"New Malakpet, Hyderabad - TSPCB",Hyderabad,2025-03-23,Summer / Pre-monsoon,25,59,15,27.1958333333333,69.875,1.11458333333333,58,Satisfactory,pm10,0.31325775926143296,0.3534136425813402,0.8543008990870522,1.4554650427381883,1.0029068048387113,-0.28444822765185046,MODELING_HISTORY,Cluster 3,2.283036074684479
PROJ_186,"New Malakpet, Hyderabad - TSPCB",Hyderabad,2025-03-24,Summer / Pre-monsoon,24,62,17,27.675,61.375,1.42166666666667,61,Satisfactory,pm10,0.16620014551458717,0.6677580120866933,0.7708835232635595,1.199943552911379,0.5928391205814619,-0.2565688638836052,MODELING_HISTORY,Cluster 1,1.9706861941709395
PROJ_186,"New Malakpet, Hyderabad - TSPCB",Hyderabad,2025-03-25,Summer / Pre-monsoon,32,68,33,28.4666666666667,49,1.32375,67,Satisfactory,pm10,-0.6943091536442886,0.9658186686992138,-0.09590507888781546,0.8320375772423761,0.36771913527136735,0.1442154097679552,MODELING_HISTORY,Cluster 1,1.020296963253378
PROJ_186,"New Malakpet, Hyderabad - TSPCB",Hyderabad,2025-03-26,Summer / Pre-monsoon,37,75,40,29.65,35.9166666666667,1.96291666666667,74,Satisfactory,pm10,-1.1420851518794166,1.3728878954601538,-0.37809474086684486,0.07068538017370746,-0.1561989426226807,0.37813812859680834,MODELING_HISTORY,Cluster 1,0.47003738657462085
PROJ_186,"New Malakpet, Hyderabad - TSPCB",Hyderabad,2025-03-27,Summer / Pre-monsoon,38,75,42,30.6,33.4166666666667,2.21791666666667,74,Satisfactory,pm10,-1.176494462489238,1.6122147918919567,-0.458184610024004,-0.2524191835186713,-0.1879329686033567,0.4306094689606581,MODELING_HISTORY,Cluster 1,0.5921861070685643
PROJ_186,"New Malakpet, Hyderabad - TSPCB",Hyderabad,2025-03-28,Summer / Pre-monsoon,52,93,42,31.3833333333333,32.0416666666667,1.69041666666667,93,Satisfactory,pm10,-2.2180044720742704,1.404789638484027,-0.28317618606695827,-0.46720039503115207,0.2001517110334916,0.4410975766331835,MODELING_HISTORY,Cluster 1,1.4777579627388624
PROJ_186,"New Malakpet, Hyderabad - TSPCB",Hyderabad,2025-03-29,Summer / Pre-monsoon,41,75,40,31.5291666666667,34.9166666666667,1.49291666666667,74,Satisfactory,pm10,-1.5339033601839775,1.7786470788122917,-0.32702839756924384,0.05309165117638692,0.322007236230515,0.41088379551883153,MODELING_HISTORY,Cluster 1,0.889524092307523
PROJ_186,"New Malakpet, Hyderabad - TSPCB",Hyderabad,2025-03-30,Summer / Pre-monsoon,33,72,42,31.5541666666667,31,2.01791666666667,71,Satisfactory,pm10,-1.1373536765446746,2.042851611115592,-0.5104956360511712,-0.1007116362545894,-0.13872467359826052,0.2989466118404302,MODELING_HISTORY,Cluster 1,0.8622996296333914
PROJ_186,"New Malakpet, Hyderabad - TSPCB",Hyderabad,2025-03-31,Summer / Pre-monsoon,25,61,37,30.7625,29.6666666666667,1.79333333333333,60,Satisfactory,pm10,-0.7429618785631787,2.2052993843042397,-0.31982934056902146,0.4780437364184752,-0.3035078317767587,0.29741999601256996,MODELING_HISTORY,Cluster 1,1.049904073592621
PROJ_186,"New Malakpet, Hyderabad - TSPCB",Hyderabad,2025-04-01,Summer / Pre-monsoon,36,72,21,28.875,50.1666666666667,2.25208333333333,71,Satisfactory,pm10,-0.4028122280737326,0.8405482545308479,0.7697111990070294,0.15368410040332273,0.17855762322415866,0.11551384808205732,MODELING_HISTORY,Cluster 1,1.1255640862474878
PROJ_186,"New Malakpet, Hyderabad - TSPCB",Hyderabad,2025-04-02,Summer / Pre-monsoon,34,72,13,27.7333333333333,57.3333333333333,2.18125,71,Satisfactory,pm10,-0.09251554473694636,0.43638787874206575,1.2105598490632452,0.4399054331749712,0.27939093135122794,-0.06848944506919469,MODELING_HISTORY,Cluster 1,1.8413535443123115
PROJ_186,"New Malakpet, Hyderabad - TSPCB",Hyderabad,2025-04-05,Summer / Pre-monsoon,29,64,31,27.3958333333333,65.625,1.16666666666667,63,Satisfactory,pm10,-0.12556020488735442,0.3620579601773872,-0.08819803976708722,1.126837276229874,0.893534258357095,-0.09060180542720092,MODELING_HISTORY,Cluster 1,1.7200067951728004
PROJ_186,"New Malakpet, Hyderabad - TSPCB",Hyderabad,2025-04-06,Summer / Pre-monsoon,24,60,29,28.1625,58.125,1.39708333333333,59,Satisfactory,pm10,0.00144118871404985,0.8756069697803196,0.0227454452628088,1.0688589063926173,0.5635326935949487,-0.0980646315669765,MODELING_HISTORY,Cluster 1,1.5045578175903362
PROJ_186,"New Malakpet, Hyderabad - TSPCB",Hyderabad,2025-04-07,Summer / Pre-monsoon,27,62,38,29.3541666666667,43.7083333333333,1.6475,61,Satisfactory,pm10,-0.4962183002531167,1.444425702011816,-0.4326479197517185,0.6384456989219159,0.12466247030042717,0.2004867014111577,MODELING_HISTORY,Cluster 1,0.8670460313512376
PROJ_186,"New Malakpet, Hyderabad - TSPCB",Hyderabad,2025-04-12,Summer / Pre-monsoon,23,59,25,31.6458333333333,27.7916666666667,2.50666666666667,58,Satisfactory,pm10,-0.3315159841084562,2.4743253346585328,0.4725797112248317,0.07593869723054714,-0.5332412415543454,0.21011101823293568,MODELING_HISTORY,Cluster 1,1.354938685607392
PROJ_186,"New Malakpet, Hyderabad - TSPCB",Hyderabad,2025-04-13,Summer / Pre-monsoon,25,61,35,31.0333333333333,28.4166666666667,1.6875,60,Satisfactory,pm10,-0.8088272499463778,2.313656007847694,-0.1906319252806299,0.5368830083236596,-0.27555719590593947,0.2821475514739749,MODELING_HISTORY,Cluster 1,1.153171660427237
PROJ_186,"New Malakpet, Hyderabad - TSPCB",Hyderabad,2025-04-20,Summer / Pre-monsoon,24,62,37,32.5458333333333,41.4166666666667,1.57083333333333,61,Satisfactory,pm10,-0.5812631889062814,2.289039345670467,-0.35716884279654537,0.3537708511651893,0.4822161175368348,-0.05640174018336649,MODELING_HISTORY,Cluster 1,1.0873565547673707
PROJ_186,"New Malakpet, Hyderabad - TSPCB",Hyderabad,2025-04-23,Summer / Pre-monsoon,45,88,36,33.1541666666667,36.75,2.0675,88,Satisfactory,pm10,-1.6440346410872433,1.8308376222909584,0.03762736860327755,-0.7144609273255642,0.4176957308784289,0.12014500658569692,MODELING_HISTORY,Cluster 1,1.156039160543653
PROJ_186,"New Malakpet, Hyderabad - TSPCB",Hyderabad,2025-04-24,Summer / Pre-monsoon,36,78,35,33.7166666666667,31.5833333333333,2.2875,78,Satisfactory,pm10,-1.2281383577727645,2.372481461174614,0.01911201815736045,-0.6171211609513091,0.120231706411435,0.09768256865001276,MODELING_HISTORY,Cluster 1,1.2227860972956197
PROJ_186,"New Malakpet, Hyderabad - TSPCB",Hyderabad,2025-04-25,Summer / Pre-monsoon,24,59,37,33.525,35.625,1.625,58,Satisfactory,pm10,-0.6755980796107102,2.701087793521315,-0.32524725045502484,0.2416510578428901,0.39675921593632296,0.05872432484841271,MODELING_HISTORY,Cluster 1,1.4080793404853145
PROJ_186,"New Malakpet, Hyderabad - TSPCB",Hyderabad,2025-04-26,Summer / Pre-monsoon,31,74,39,32.5041666666667,42.125,1.46041666666667,73,Satisfactory,pm10,-1.066450742570712,2.0020009346211594,-0.3952108397201824,0.1491203496240845,0.5949475098021715,-0.1011506123361047,MODELING_HISTORY,Cluster 1,0.7946594950016018
PROJ_186,"New Malakpet, Hyderabad - TSPCB",Hyderabad,2025-04-27,Summer / Pre-monsoon,21,59,16,29.0958333333333,62.9583333333333,1.54625,58,Satisfactory,pm10,0.3703585127602902,1.0197154250572575,0.8160648839913156,1.0262154117726636,0.7862782122668643,-0.3926927991397773,MODELING_HISTORY,Cluster 1,1.9013459538181163
PROJ_186,"New Malakpet, Hyderabad - TSPCB",Hyderabad,2025-04-28,Summer / Pre-monsoon,30,65,34,30.7833333333333,47.5833333333333,1.79125,64,Satisfactory,pm10,-0.4999388181141633,1.5521894901073368,-0.12516367548307902,0.28637225916866876,0.46987997467559584,0.07621649912594314,MODELING_HISTORY,Cluster 1,0.5274359235495698
PROJ_186,"New Malakpet, Hyderabad - TSPCB",Hyderabad,2025-04-29,Summer / Pre-monsoon,24,61,28,31.0708333333333,46.75,1.84375,60,Satisfactory,pm10,-0.20093373892565145,1.8064336771709604,0.18948695675611144,0.4406027792286145,0.3772097927756812,-0.08440758983760938,MODELING_HISTORY,Cluster 1,0.9711470724625195
PROJ_186,"New Malakpet, Hyderabad - TSPCB",Hyderabad,2025-04-30,Summer / Pre-monsoon,21,60,29,31.8291666666667,44.4583333333333,2.11375,59,Satisfactory,pm10,-0.07012350226741765,2.0881485421657526,0.1219325936814792,0.23629372638349827,0.255882945511407,-0.1512580125568317,MODELING_HISTORY,Cluster 1,1.1094834323097635
PROJ_186,"New Malakpet, Hyderabad - TSPCB",Hyderabad,2025-05-01,Summer / Pre-monsoon,23,59,25,31.4333333333333,51.75,1.95291666666667,58,Satisfactory,pm10,0.05069623435211096,1.7774757925771163,0.35970007271251164,0.36876522260622074,0.582148280587111,-0.18425956568025528,MODELING_HISTORY,Cluster 1,1.1574117909997492
PROJ_186,"New Malakpet, Hyderabad - TSPCB",Hyderabad,2025-05-02,Summer / Pre-monsoon,32,70,32,32.0208333333333,46.25,2.11041666666667,69,Satisfactory,pm10,-0.5821436857979359,1.7507791188622148,0.07033284961494547,-0.1508668556557617,0.48921754233682,-0.01793865118921156,MODELING_HISTORY,Cluster 1,0.48522432012623207
PROJ_186,"New Malakpet, Hyderabad - TSPCB",Hyderabad,2025-05-06,Summer / Pre-monsoon,29,68,38,31.1125,40.5,1.19458333333333,67,Satisfactory,pm10,-0.988395994932401,1.865177695891727,-0.3908638657676495,0.6219350303193796,0.4210190929457131,0.05398807286983254,MODELING_HISTORY,Cluster 1,0.9479079828838282
PROJ_186,"New Malakpet, Hyderabad - TSPCB",Hyderabad,2025-05-07,Summer / Pre-monsoon,28,64,22,31.5041666666667,36.4166666666667,1.51625,63,Satisfactory,pm10,-0.7347247786406286,2.1280844822086955,0.6443644839491723,0.5877932162805929,0.1998678197247571,0.06328310693216331,MODELING_HISTORY,Cluster 1,1.28336521154649
PROJ_186,"New Malakpet, Hyderabad - TSPCB",Hyderabad,2025-05-08,Summer / Pre-monsoon,23,59,23,31.0166666666667,36.7916666666667,1.62958333333333,58,Satisfactory,pm10,-0.4255191237501901,2.14964079250288,0.5137029220994507,0.7189406630607061,0.04499331141134022,0.04011984482811744,MODELING_HISTORY,Cluster 1,1.3537503962772046
PROJ_186,"New Malakpet, Hyderabad - TSPCB",Hyderabad,2025-05-09,Summer / Pre-monsoon,31,70,36,31.1166666666667,40.125,1.6675,69,Satisfactory,pm10,-0.8896438113915577,1.7793699998580914,-0.2110698132610584,0.268736078309211,0.25778995108532604,0.09453081846052114,MODELING_HISTORY,Cluster 1,0.5785617527208156
PROJ_186,"New Malakpet, Hyderabad - TSPCB",Hyderabad,2025-05-10,Summer / Pre-monsoon,22,57,32,31.8375,39.7083333333333,1.36416666666667,56,Satisfactory,pm10,-0.4886261887857364,2.2972019765281075,-0.08476783250645606,0.727485068291925,0.3769092096709269,0.01298004082469847,MODELING_HISTORY,Cluster 1,1.2917166082611469
PROJ_186,"New Malakpet, Hyderabad - TSPCB",Hyderabad,2025-05-11,Summer / Pre-monsoon,22,58,34,32.7083333333333,39.7083333333333,1.4275,57,Satisfactory,pm10,-0.5246741123670989,2.472376325465116,-0.19511969390512668,0.542926509739238,0.4781509054828751,-0.04111207769649361,MODELING_HISTORY,Cluster 1,1.3193043336589594
PROJ_186,"New Malakpet, Hyderabad - TSPCB",Hyderabad,2025-05-12,Summer / Pre-monsoon,27,64,25,32.4083333333333,42.7916666666667,2.2275,63,Satisfactory,pm10,-0.30912319178556713,2.099792844866743,0.4713431717742712,-0.03461362388875011,0.3130755790311244,-0.06058869083568523,MODELING_HISTORY,Cluster 1,1.0641804147716776
PROJ_186,"New Malakpet, Hyderabad - TSPCB",Hyderabad,2025-05-13,Summer / Pre-monsoon,32,64,29,31.9375,47.0833333333333,1.5425,63,Satisfactory,pm10,-0.6478260104275662,1.8214091421833896,0.2187389174586603,0.31589249196240843,0.7491779518617758,0.06928888482905272,MODELING_HISTORY,Cluster 1,0.7226972602931291
PROJ_186,"New Malakpet, Hyderabad - TSPCB",Hyderabad,2025-05-14,Summer / Pre-monsoon,19,61,27,31.2458333333333,50.7916666666667,1.61333333333333,60,Satisfactory,pm10,-0.03902859937872272,1.8495712341577355,0.1705279083569256,0.6693420312064527,0.5587786199740297,-0.35827440235155306,MODELING_HISTORY,Cluster 1,1.2219477562533358
PROJ_186,"New Malakpet, Hyderabad - TSPCB",Hyderabad,2025-05-15,Summer / Pre-monsoon,24,55,20,29.2625,63.5,1.30666666666667,54,Satisfactory,pm10,0.236381629001979,1.0356871892985755,0.580003200633416,1.0945956144762403,0.9968890307224711,-0.1870279347873446,MODELING_HISTORY,Cluster 1,1.7568869141861991
PROJ_186,"New Malakpet, Hyderabad - TSPCB",Hyderabad,2025-05-16,Summer / Pre-monsoon,21,56,22,29.3916666666667,61.9583333333333,1.06125,55,Satisfactory,pm10,0.14977312694339606,1.1772490435203289,0.41269974829940714,1.2817860909143486,0.9867096245922976,-0.3027591915976856,MODELING_HISTORY,Cluster 1,1.7675304347388041
PROJ_186,"New Malakpet, Hyderabad - TSPCB",Hyderabad,2025-05-17,Summer / Pre-monsoon,21,57,31,29.9666666666667,59.5,1.34166666666667,56,Satisfactory,pm10,0.09181748730571482,1.329633826417837,-0.12623759279535662,0.9356648350682446,0.872088684342007,-0.2402499020746109,MODELING_HISTORY,Cluster 1,1.3679491076824974
PROJ_186,"New Malakpet, Hyderabad - TSPCB",Hyderabad,2025-05-18,Summer / Pre-monsoon,23,58,26,29.975,60.2916666666667,1.45958333333333,57,Satisfactory,pm10,0.11996511016013622,1.2552956127835402,0.2198412430693915,0.8495092878705669,0.888251317686652,-0.2346020101018511,MODELING_HISTORY,Cluster 1,1.3674918567435226
PROJ_186,"New Malakpet, Hyderabad - TSPCB",Hyderabad,2025-05-19,Summer / Pre-monsoon,24,64,14,29,67.1666666666667,1.82083333333333,63,Satisfactory,pm10,0.4184976343438858,0.7444100099851354,0.9841001012462164,0.7486625932996744,0.8604874393230127,-0.4677189652555896,MODELING_HISTORY,Cluster 1,1.9446732541091112
PROJ_186,"New Malakpet, Hyderabad - TSPCB",Hyderabad,2025-05-21,Summer / Pre-monsoon,23,54,10,26.475,82.125,1.26,53,Satisfactory,pm10,0.8977946211185261,-0.07645855010291416,1.0986765937990717,1.5397771480093505,1.3202286739545563,-0.41326929649529287,MODELING_HISTORY,Cluster 2,2.2320434517077277
PROJ_186,"New Malakpet, Hyderabad - TSPCB",Hyderabad,2025-05-29,Summer / Pre-monsoon,26,66,19,26.175,82.1666666666667,2.8925,65,Satisfactory,pm10,1.1715301360037649,-0.47778302510568776,0.6613004032296015,0.2393904662384864,0.6728769195979757,-0.43142340776779536,MODELING_HISTORY,Cluster 2,0.9528321694516315
PROJ_186,"New Malakpet, Hyderabad - TSPCB",Hyderabad,2025-05-30,Summer / Pre-monsoon,26,70,19,27.825,71.0416666666667,3.46583333333333,69,Satisfactory,pm10,0.9980745379470004,0.12328887217505444,0.7570683381108235,-0.34585634266382537,0.2468112990140245,-0.4138279324914463,MODELING_HISTORY,Cluster 2,1.052179294296235
PROJ_186,"New Malakpet, Hyderabad - TSPCB",Hyderabad,2025-05-31,Summer / Pre-monsoon,26,66,23,28.6125,59.625,3.63208333333333,65,Satisfactory,pm10,0.8007856873673131,0.6511315388764147,0.555992802639812,-0.5124541417064629,-0.12185556778406084,-0.14064952088712768,MODELING_HISTORY,Cluster 2,1.3812922639401417
PROJ_186,"New Malakpet, Hyderabad - TSPCB",Hyderabad,2025-06-01,Monsoon,22,65,25,28.2916666666667,60.375,3.76791666666667,64,Satisfactory,pm10,1.007836461650713,0.6345268180806773,0.3809651625966623,-0.4876368163221704,-0.25130815942177687,-0.2332924379249228,MODELING_HISTORY,Cluster 2,1.1865681644240527
PROJ_186,"New Malakpet, Hyderabad - TSPCB",Hyderabad,2025-06-02,Monsoon,24,65,24,27.65,64.5416666666667,3.46708333333333,64,Satisfactory,pm10,0.9575234665793028,0.35722689027570975,0.4291234599901588,-0.25550890456434483,-0.0388535133309372,-0.21524463449320555,MODELING_HISTORY,Cluster 2,1.0148639817513614
PROJ_186,"New Malakpet, Hyderabad - TSPCB",Hyderabad,2025-06-04,Monsoon,26,65,28,28.9291666666667,56.25,2.89875,64,Satisfactory,pm10,0.3892991763471907,0.8842674981981083,0.21357383584168568,-0.09459201183995442,0.06506897899612542,-0.08525845270584397,MODELING_HISTORY,Cluster 1,1.3179982519222067
PROJ_186,"New Malakpet, Hyderabad - TSPCB",Hyderabad,2025-06-05,Monsoon,26,64,46,28.8833333333333,57.6666666666667,1.48291666666667,63,Satisfactory,pm10,-0.2728548101222795,0.9361040707826468,-1.0118326794163377,0.6761063593644296,0.6407538425997197,-0.03037247779666003,MODELING_HISTORY,Cluster 1,1.3678340910063327
PROJ_186,"New Malakpet, Hyderabad - TSPCB",Hyderabad,2025-06-06,Monsoon,28,65,32,29.8541666666667,57.25,1.4075,64,Satisfactory,pm10,-0.3086300819443786,1.1402386078955735,-0.08749013857453873,0.683029738229205,0.8170796011783189,-0.13296449601776003,MODELING_HISTORY,Cluster 1,0.9517029578372286
PROJ_186,"New Malakpet, Hyderabad - TSPCB",Hyderabad,2025-06-07,Monsoon,27,67,32,30.5166666666667,52.2916666666667,2.37666666666667,66,Satisfactory,pm10,-0.06949505726886918,1.349807126884116,-0.01901803650837161,-0.01997808371368939,0.33995722415340857,-0.12304840959088538,MODELING_HISTORY,Cluster 1,0.7378686925486476
PROJ_186,"New Malakpet, Hyderabad - TSPCB",Hyderabad,2025-06-08,Monsoon,30,68,27,29.85,57.6666666666667,2.90583333333333,67,Satisfactory,pm10,0.22946657355997077,0.9374237342726052,0.3363082511004469,-0.3297035279013984,0.30603980102532047,-0.09349210968408496,MODELING_HISTORY,Cluster 1,1.2172969752452074
PROJ_186,"New Malakpet, Hyderabad - TSPCB",Hyderabad,2025-06-09,Monsoon,33,73,24,26.1583333333333,76.9166666666667,3.43916666666667,72,Satisfactory,pm10,0.874179713055548,-0.594782263658982,0.48199525983668906,-0.35989083104637537,0.34781887961366065,-0.2021871144325165,MODELING_HISTORY,Cluster 2,0.9480914561758896
PROJ_186,"New Malakpet, Hyderabad - TSPCB",Hyderabad,2025-06-10,Monsoon,31,69,25,27.3708333333333,71.5416666666667,3.32208333333333,68,Satisfactory,pm10,0.7856943580150318,-0.07947139740660149,0.4181937228787219,-0.34891706510939635,0.3470069612010822,-0.15625299425850958,MODELING_HISTORY,Cluster 2,0.9632175754727448
PROJ_186,"New Malakpet, Hyderabad - TSPCB",Hyderabad,2025-06-11,Monsoon,34,71,22,26.625,75.875,2.71458333333333,70,Satisfactory,pm10,0.5662016292850796,-0.3966210829583402,0.5892153988564937,0.07797609310269939,0.6658060420498038,-0.17993571204729536,MODELING_HISTORY,Cluster 2,1.2632277099915703
PROJ_186,"New Malakpet, Hyderabad - TSPCB",Hyderabad,2025-06-12,Monsoon,31,70,19,26.7,80.25,1.3375,69,Satisfactory,pm10,0.2514588797811561,-0.3161075149492529,0.6555037533158554,1.061140854767994,1.2995791927023967,-0.43450662578765986,MODELING_HISTORY,Cluster 3,1.6563933850654613
PROJ_186,"New Malakpet, Hyderabad - TSPCB",Hyderabad,2025-06-13,Monsoon,30,65,20,27.5833333333333,78.0416666666667,1.0175,64,Satisfactory,pm10,0.15923375258579797,0.04111276798368649,0.5762038802449099,1.223823190383183,1.4717520722027189,-0.370600054448315,MODELING_HISTORY,Cluster 3,1.8158446597145625
PROJ_186,"New Malakpet, Hyderabad - TSPCB",Hyderabad,2025-06-14,Monsoon,26,64,23,27.75,74.7916666666667,2.1125,63,Satisfactory,pm10,0.6309359574339211,0.16694390952557273,0.4092553015278566,0.5586662343713688,0.9105205514140792,-0.3664282145488602,MODELING_HISTORY,Cluster 2,1.4275455956760283
PROJ_186,"New Malakpet, Hyderabad - TSPCB",Hyderabad,2025-06-15,Monsoon,25,63,21,26.7458333333333,76.2083333333333,3.43708333333333,62,Satisfactory,pm10,1.2972615046750198,-0.17570001184517647,0.575734646832444,-0.14007740495396853,0.3268263439506445,-0.28622101766810487,MODELING_HISTORY,Cluster 2,0.6625882685842917
PROJ_186,"New Malakpet, Hyderabad - TSPCB",Hyderabad,2025-06-16,Monsoon,24,65,22,26.5541666666667,74.25,4.97333333333333,64,Satisfactory,pm10,1.8579502900595504,-0.2924063269280795,0.5893862397665514,-1.1276158598508683,-0.3626496307154768,-0.2383249155159234,MODELING_HISTORY,Cluster 2,1.050349670570905
PROJ_186,"New Malakpet, Hyderabad - TSPCB",Hyderabad,2025-06-17,Monsoon,25,63,22,27.5541666666667,66.4166666666667,4.20125,62,Satisfactory,pm10,1.3286160514756813,0.22278346574693475,0.5971484603167624,-0.7190902572344416,-0.21586367087640665,-0.12696591167015553,MODELING_HISTORY,Cluster 2,0.9358436963929644
PROJ_186,"New Malakpet, Hyderabad - TSPCB",Hyderabad,2025-06-20,Monsoon,30,70,26,27.8625,65.125,4.43125,69,Satisfactory,pm10,1.061195036899988,0.13145620967810603,0.4319592409241845,-1.116181688334974,-0.2571697346086675,-0.07451744488591347,MODELING_HISTORY,Cluster 2,1.179611123820155
PROJ_186,"New Malakpet, Hyderabad - TSPCB",Hyderabad,2025-06-21,Monsoon,25,66,32,28.5375,62,4.30708333333333,65,Satisfactory,pm10,1.092127920309799,0.5157002032941403,6.300679526534403e-5,-1.02344303075679,-0.29571787544287054,-0.10808148262308832,MODELING_HISTORY,Cluster 2,1.229752739306287
PROJ_186,"New Malakpet, Hyderabad - TSPCB",Hyderabad,2025-06-22,Monsoon,24,65,39,28.6333333333333,58.8333333333333,4.38666666666667,64,Satisfactory,pm10,1.0347604897665348,0.6425156282596028,-0.44121742353775145,-1.1119985699685797,-0.44326461535277095,-0.020662964881374032,MODELING_HISTORY,Cluster 2,1.4705486424033496
PROJ_186,"New Malakpet, Hyderabad - TSPCB",Hyderabad,2025-06-23,Monsoon,31,71,31,27.1041666666667,65.5416666666667,5.1491666666666696,70,Satisfactory,pm10,1.2941181690642505,-0.14732239971672895,0.1543148346134469,-1.5711581429898112,-0.5984668912676161,0.04712843426987938,MODELING_HISTORY,Cluster 2,1.364708898125422
PROJ_186,"New Malakpet, Hyderabad - TSPCB",Hyderabad,2025-06-24,Monsoon,31,68,33,25.9083333333333,73.7083333333333,5.22666666666667,67,Satisfactory,pm10,1.6072739603731525,-0.6293425633995194,-0.01608268517945149,-1.4912242392949953,-0.46203597367825927,0.07701142735517394,MODELING_HISTORY,Cluster 2,1.2779063974798435
PROJ_186,"New Malakpet, Hyderabad - TSPCB",Hyderabad,2025-06-26,Monsoon,24,63,21,26.3208333333333,73.875,3.8975,62,Satisfactory,pm10,1.4677518607627948,-0.22097500220054855,0.5906397099898671,-0.35708272520285284,-0.01204557483870982,-0.23729246801729964,MODELING_HISTORY,Cluster 2,0.5943974801733758
PROJ_186,"New Malakpet, Hyderabad - TSPCB",Hyderabad,2025-06-27,Monsoon,23,68,22,26.8791666666667,69.1666666666667,3.99375,67,Satisfactory,pm10,1.2975155143290025,-4.146410789087479e-4,0.5503277202668571,-0.5086161669154247,-0.1968038482965998,-0.34154947778356,MODELING_HISTORY,Cluster 2,0.7237225526054739
PROJ_186,"New Malakpet, Hyderabad - TSPCB",Hyderabad,2025-06-28,Monsoon,26,65,23,27.8291666666667,63.0416666666667,4.37208333333333,64,Satisfactory,pm10,1.2279618827945833,0.3255983692107943,0.5722432156386933,-0.9032943782808808,-0.36424751614343104,-0.08573198255919216,MODELING_HISTORY,Cluster 2,1.1121960560867625
PROJ_186,"New Malakpet, Hyderabad - TSPCB",Hyderabad,2025-06-29,Monsoon,24,64,22,27.1416666666667,64,4.98791666666667,63,Satisfactory,pm10,1.6091054312092945,0.1450468875760171,0.6312877142489896,-1.1620150514545962,-0.6799791349412077,-0.08404283026467343,MODELING_HISTORY,Cluster 2,1.1603345066758601
PROJ_186,"New Malakpet, Hyderabad - TSPCB",Hyderabad,2025-07-01,Monsoon,23,65,16,24.6458333333333,82.4583333333333,4.7525,64,Satisfactory,pm10,2.110190663364247,-0.9077414288703972,0.8929891918886711,-0.6868120630351958,-0.26171599492952513,-0.35499236091481357,MODELING_HISTORY,Cluster 2,1.2382987398205052
PROJ_186,"New Malakpet, Hyderabad - TSPCB",Hyderabad,2025-07-02,Monsoon,27,65,14,24.75,84.6666666666667,3.69791666666667,64,Satisfactory,pm10,1.631849235404674,-0.9377421213243888,1.0045517054404831,-0.07986144932801054,0.29035659688551374,-0.3233052798697415,MODELING_HISTORY,Cluster 2,1.187957439365612
PROJ_186,"New Malakpet, Hyderabad - TSPCB",Hyderabad,2025-07-03,Monsoon,30,68,19,25.2875,77.5833333333333,4.19041666666667,67,Satisfactory,pm10,1.4482489633416402,-0.7522286387048551,0.78383526068722,-0.5858130906923334,-0.05107228170603517,-0.1440648817400459,MODELING_HISTORY,Cluster 2,0.9635708096058904
PROJ_186,"New Malakpet, Hyderabad - TSPCB",Hyderabad,2025-07-04,Monsoon,33,68,19,25.9458333333333,75.25,4.58083333333333,67,Satisfactory,pm10,1.4373201864019485,-0.6314129582995033,0.8570049169685175,-0.984270108504634,-0.13464565106017234,-0.01271340362628258,MODELING_HISTORY,Cluster 2,1.1678787135190265
PROJ_186,"New Malakpet, Hyderabad - TSPCB",Hyderabad,2025-07-05,Monsoon,29,69,21,26.2083333333333,74.0833333333333,5.03,68,Satisfactory,pm10,1.6668759905716843,-0.5094024933262336,0.7157652534554052,-1.2532871305349311,-0.37849126011595224,-0.13906891056625076,MODELING_HISTORY,Cluster 2,1.2244391493141422
PROJ_186,"New Malakpet, Hyderabad - TSPCB",Hyderabad,2025-07-06,Monsoon,28,67,22,26.7375,68.5416666666667,4.91375,66,Satisfactory,pm10,1.526136166197941,-0.18181484229809303,0.6575252451220428,-1.1924200696615894,-0.4820246537039635,-0.0668968008263883,MODELING_HISTORY,Cluster 2,1.1294226021549298
PROJ_186,"New Malakpet, Hyderabad - TSPCB",Hyderabad,2025-07-07,Monsoon,31,67,18,25.8416666666667,74.25,4.87583333333333,66,Satisfactory,pm10,1.622415598606981,-0.5983568552047566,0.9133938098213616,-1.099493657509054,-0.3254336486879955,-0.02979601369671349,MODELING_HISTORY,Cluster 2,1.255376013259281
PROJ_186,"New Malakpet, Hyderabad - TSPCB",Hyderabad,2025-07-09,Monsoon,41,81,17,26.4625,70.625,4.15875,81,Satisfactory,pm10,0.6590860051668397,-0.6376475652576492,1.094771267290652,-1.0261584279112717,-0.02799739970725256,-0.03870381817294875,MODELING_HISTORY,Cluster 2,1.673940733504111
PROJ_186,"New Malakpet, Hyderabad - TSPCB",Hyderabad,2025-07-10,Monsoon,36,77,27,27.2333333333333,68.5416666666667,3.20083333333333,77,Satisfactory,pm10,0.3438975530280718,-0.19800640841971937,0.3620041619776563,-0.4384740987091753,0.2920053839306328,-0.11161152933232896,MODELING_HISTORY,Cluster 2,1.3523363470513659
PROJ_186,"New Malakpet, Hyderabad - TSPCB",Hyderabad,2025-07-11,Monsoon,34,60,29,27.9958333333333,66.0416666666667,2.65458333333333,59,Satisfactory,pm10,0.4106221388626552,0.3009953967097424,0.17932312141747536,0.01347712527019145,0.5711396046697084,0.21938500984928885,MODELING_HISTORY,Cluster 2,1.396329381734119
PROJ_186,"New Malakpet, Hyderabad - TSPCB",Hyderabad,2025-07-12,Monsoon,30,61,34,28.2625,64.125,3.40416666666667,60,Satisfactory,pm10,0.7182423797393258,0.4160768095683024,-0.13368544253460635,-0.480136896004364,0.19128111285263985,0.14271734979784775,MODELING_HISTORY,Cluster 2,1.18763301662431
PROJ_186,"New Malakpet, Hyderabad - TSPCB",Hyderabad,2025-07-13,Monsoon,28,61,39,28.6958333333333,59.8333333333333,3.68583333333333,60,Satisfactory,pm10,0.731385073256869,0.6464851322742144,-0.43926156679790745,-0.7102640611543385,-0.04803889939527667,0.16541465469118502,MODELING_HISTORY,Cluster 2,1.4518273641106612
PROJ_186,"New Malakpet, Hyderabad - TSPCB",Hyderabad,2025-07-17,Monsoon,37,61,22,27.3166666666667,76.0833333333333,1.6575,60,Satisfactory,"pm10,pm2_5",0.22647166853912457,-0.11840147588180482,0.5639070135344809,0.71259993354718,1.2700712750400949,0.07726266533813135,MODELING_HISTORY,Cluster 3,1.590706824987359
PROJ_186,"New Malakpet, Hyderabad - TSPCB",Hyderabad,2025-07-18,Monsoon,30,61,33,26.1541666666667,81.75,1.6875,60,Satisfactory,pm10,0.5370168966941337,-0.41889835376021217,-0.25029623589221406,0.8653123820716152,1.194929172393172,-0.12188652080662205,MODELING_HISTORY,Cluster 2,1.610476272983439
PROJ_186,"New Malakpet, Hyderabad - TSPCB",Hyderabad,2025-07-19,Monsoon,34,62,26,25.8416666666667,82.875,1.9275,61,Satisfactory,pm10,0.5883018149986468,-0.6219534487410238,0.24736805733838155,0.7157326845450773,1.1663326495337398,-0.03913227380780796,MODELING_HISTORY,Cluster 2,1.4937417367473855
PROJ_186,"New Malakpet, Hyderabad - TSPCB",Hyderabad,2025-07-20,Monsoon,29,56,35,26.3625,78.7083333333333,2.3325,55,Satisfactory,pm10,0.8258004259642064,-0.2702172759961758,-0.34776249207902754,0.4733733867578894,0.886075647951061,0.05247603030700509,MODELING_HISTORY,Cluster 2,1.1632907150577756
PROJ_186,"New Malakpet, Hyderabad - TSPCB",Hyderabad,2025-07-21,Monsoon,31,63,35,26.4333333333333,79.2083333333333,2.72666666666667,62,Satisfactory,pm10,0.7997246683578978,-0.4139167697693684,-0.2948183074111671,0.09420666714263153,0.7669620771768242,-0.03840833404859173,MODELING_HISTORY,Cluster 2,0.9807336625660515
PROJ_186,"New Malakpet, Hyderabad - TSPCB",Hyderabad,2025-07-22,Monsoon,27,55,34,25.475,83.5,3.50916666666667,54,Satisfactory,pm10,1.5354007662006015,-0.653835986181879,-0.2742009550819209,-0.14544086067335893,0.4896281428522804,0.03621973064233756,MODELING_HISTORY,Cluster 2,0.5096057478826894
PROJ_186,"New Malakpet, Hyderabad - TSPCB",Hyderabad,2025-07-23,Monsoon,29,57,25,24.6416666666667,86.75,4.21041666666667,56,Satisfactory,pm10,1.8990671991627284,-1.04022623263142,0.3386248117706506,-0.4873420793921892,0.2595161846140208,0.02801598230128481,MODELING_HISTORY,Cluster 2,0.8881062523082065
PROJ_186,"New Malakpet, Hyderabad - TSPCB",Hyderabad,2025-07-24,Monsoon,28,58,23,24.1375,86.2083333333333,4.43333333333333,57,Satisfactory,pm10,2.017754743837244,-1.1424689545509907,0.4619437073389009,-0.534703113214359,0.05853033651851147,8.533951138127993e-4,MODELING_HISTORY,Cluster 2,1.0696077527463141
PROJ_186,"New Malakpet, Hyderabad - TSPCB",Hyderabad,2025-07-25,Monsoon,31,57,21,24.2,87.1666666666667,4.63666666666667,56,Satisfactory,pm10,2.067035499353281,-1.2209233568754994,0.6315724096275763,-0.7168063883936029,0.08926260613241521,0.11300348515822016,MODELING_HISTORY,Cluster 2,1.2772531162363316
PROJ_186,"New Malakpet, Hyderabad - TSPCB",Hyderabad,2025-07-26,Monsoon,29,55,21,23.7,89.8333333333333,5.74583333333333,54,Satisfactory,pm10,2.6958054288336912,-1.4422081991688356,0.6491852440047059,-1.333341573131198,-0.3028882739711063,0.1372415185968852,MODELING_HISTORY,Cluster 2,1.9970113427770415
PROJ_186,"New Malakpet, Hyderabad - TSPCB",Hyderabad,2025-07-27,Monsoon,29,55,32,25.9541666666667,72.875,5.78625,54,Satisfactory,pm10,2.130908218628295,-0.4676339847309715,0.04072607951620163,-1.6904151645274497,-0.6480413777516487,0.3616183694791497,MODELING_HISTORY,Cluster 2,1.5201818135902891
PROJ_186,"New Malakpet, Hyderabad - TSPCB",Hyderabad,2025-07-28,Monsoon,25,65,29,26.0625,70.375,5.21083333333333,64,Satisfactory,pm10,1.784505173294924,-0.3394529782646528,0.1757429009171204,-1.2924039283598687,-0.6535356720045621,-0.05158674139143762,MODELING_HISTORY,Cluster 2,1.0501991547553011
PROJ_186,"New Malakpet, Hyderabad - TSPCB",Hyderabad,2025-07-29,Monsoon,27,67,30,26.1208333333333,70.7083333333333,5.24666666666667,66,Satisfactory,pm10,1.6984066043761186,-0.4013746227507019,0.1399874589781167,-1.3960235617795016,-0.6213463909283912,-0.0279678717875918,MODELING_HISTORY,Cluster 2,1.1454058863283894
PROJ_186,"New Malakpet, Hyderabad - TSPCB",Hyderabad,2025-07-30,Monsoon,30,67,29,25.55,76.5416666666667,4.45125,66,Satisfactory,pm10,1.457707360300314,-0.6898939255838095,0.1687797247235439,-0.8750747314283844,-0.13651681078513783,-0.03115807907361188,MODELING_HISTORY,Cluster 2,0.7710631027697269
PROJ_186,"New Malakpet, Hyderabad - TSPCB",Hyderabad,2025-08-02,Monsoon,29,66,32,27.0708333333333,72.2916666666667,2.21083333333333,65,Satisfactory,pm10,0.4259857410200066,-0.01367595339171533,-0.11988543031976974,0.4240329334294328,0.7202747463953911,-0.1616794106194571,MODELING_HISTORY,Cluster 2,1.4296457283496289
PROJ_186,"New Malakpet, Hyderabad - TSPCB",Hyderabad,2025-08-03,Monsoon,31,67,29,27.0208333333333,76.4166666666667,1.72083333333333,66,Satisfactory,pm10,0.27745935200757754,-0.14958765934170298,0.05462669173272596,0.713593960536768,1.0801242710570182,-0.22462132698766457,MODELING_HISTORY,Cluster 3,1.5359778364406291
PROJ_186,"New Malakpet, Hyderabad - TSPCB",Hyderabad,2025-08-04,Monsoon,38,73,33,26.5625,80.3333333333333,1.09791666666667,72,Satisfactory,pm10,-0.22228620139788705,-0.5210600042851375,-0.1619998674773591,0.924740589652414,1.4797959961658849,-0.16246742196828903,MODELING_HISTORY,Cluster 3,1.0612105073310856
PROJ_186,"New Malakpet, Hyderabad - TSPCB",Hyderabad,2025-08-05,Monsoon,49,90,20,26.525,81.0416666666667,1.00125,90,Satisfactory,pm10,-0.7974707767335706,-0.9181819712355304,0.8065842298185075,0.7230407574684077,1.6202223568258929,-0.29298249418846256,MODELING_HISTORY,Cluster 3,0.8345086994761023
PROJ_186,"New Malakpet, Hyderabad - TSPCB",Hyderabad,2025-08-06,Monsoon,38,72,26,26.6375,79.9166666666667,1.09541666666667,71,Satisfactory,pm10,-0.15970921151660528,-0.47168395882942726,0.2834279151662718,0.9949453265370906,1.4777584785907076,-0.18536175212047457,MODELING_HISTORY,Cluster 3,1.1596151791534262
PROJ_186,"New Malakpet, Hyderabad - TSPCB",Hyderabad,2025-08-07,Monsoon,31,69,32,26.2,83.5,0.820416666666667,68,Satisfactory,pm10,0.05247432661709184,-0.4868999907073484,-0.2166024839001117,1.3385454138447226,1.5532443667306175,-0.36942185382848813,MODELING_HISTORY,Cluster 3,1.5162518907522433
PROJ_186,"New Malakpet, Hyderabad - TSPCB",Hyderabad,2025-08-08,Monsoon,29,63,28,26.1,81.3333333333333,1.21208333333333,62,Satisfactory,pm10,0.36835068299635976,-0.3717814376281109,0.03303400281286421,1.239021307871683,1.310333136653835,-0.2604921842324528,MODELING_HISTORY,Cluster 3,1.704809674437468
PROJ_186,"New Malakpet, Hyderabad - TSPCB",Hyderabad,2025-08-09,Monsoon,28,65,35,25.1208333333333,84.4166666666667,1.57958333333333,64,Satisfactory,pm10,0.55783814759878525,-0.7204340465078574,-0.4246582386498563,1.0474069438385298,1.1285933550196516,-0.2711355744866119,MODELING_HISTORY,Cluster 3,1.7579710595800666
PROJ_186,"New Malakpet, Hyderabad - TSPCB",Hyderabad,2025-08-10,Monsoon,30,65,28,24.8833333333333,85.5833333333333,1.98083333333333,64,Satisfactory,pm10,0.752768342676607,-0.8710649244941427,0.05769900455883166,0.8333937508644993,1.0257486827672353,-0.23176445820293917,MODELING_HISTORY,Cluster 2,1.5308773691359512
PROJ_186,"New Malakpet, Hyderabad - TSPCB",Hyderabad,2025-08-11,Monsoon,29,65,29,25.0375,83.875,2.78291666666667,64,Satisfactory,pm10,1.0514679165448182,-0.8359469550910398,0.03330875488274879,0.3026090017063532,0.6745117808319758,-0.19777063821188004,MODELING_HISTORY,Cluster 2,0.9890602400112395
PROJ_186,"New Malakpet, Hyderabad - TSPCB",Hyderabad,2025-08-12,Monsoon,29,66,30,25.0875,82.5416666666667,3.2475,65,Satisfactory,pm10,1.1768129072671774,-0.8368450506821972,0.00118140027009471,-0.02392808248855116,0.45596522496518765,-0.17138635761843868,MODELING_HISTORY,Cluster 2,0.7648102498080214
PROJ_186,"New Malakpet, Hyderabad - TSPCB",Hyderabad,2025-08-13,Monsoon,30,67,23,24.1166666666667,87.4166666666667,3.5325,66,Satisfactory,pm10,1.4503654491450768,-1.2385330242826815,0.4443004549389662,-0.0684393268756836,0.4096581042682263,-0.2179055003831876,MODELING_HISTORY,Cluster 2,1.078721941706695
PROJ_186,"New Malakpet, Hyderabad - TSPCB",Hyderabad,2025-08-14,Monsoon,29,64,27,24.2958333333333,85.0833333333333,3.22708333333333,63,Satisfactory,pm10,1.3188976116079922,-1.060233763305196,0.16862407981134842,0.13012353659912246,0.4568594735887901,-0.14131139249926256,MODELING_HISTORY,Cluster 2,0.9418284679381799
PROJ_186,"New Malakpet, Hyderabad - TSPCB",Hyderabad,2025-08-15,Monsoon,38,66,30,24.6416666666667,84.375,3.75541666666667,65,Satisfactory,pm10,1.169500213182309,-1.2134875824546314,0.1222832794838408,-0.5009194116131002,0.4351609809519491,0.1784035757682727,MODELING_HISTORY,Cluster 2,1.0767428527346266
PROJ_186,"New Malakpet, Hyderabad - TSPCB",Hyderabad,2025-08-16,Monsoon,28,65,30,24.4458333333333,84.7916666666667,4.2429166666666696,64,Satisfactory,pm10,1.703922521048969,-1.0983115680668765,0.02520293338098218,-0.575679989440256,0.07884042419506454,-0.12787418950278126,MODELING_HISTORY,Cluster 2,0.8785943151806185
PROJ_186,"New Malakpet, Hyderabad - TSPCB",Hyderabad,2025-08-17,Monsoon,29,66,28,24.0833333333333,86.75,3.72291666666667,65,Satisfactory,pm10,1.5204568882903966,-1.219504198949685,0.12579731521798784,-0.20446134529288895,0.3007242379561768,-0.17075216152708103,MODELING_HISTORY,Cluster 2,0.9541807124602536
PROJ_186,"New Malakpet, Hyderabad - TSPCB",Hyderabad,2025-08-18,Monsoon,27,64,25,23.7583333333333,87.375,5.32875,63,Satisfactory,pm10,2.317928652149991,-1.379993074254049,0.3697680027897689,-1.1343736917715237,-0.3270975701350184,-0.1177971981184047,MODELING_HISTORY,Cluster 2,1.593959016472602
PROJ_186,"New Malakpet, Hyderabad - TSPCB",Hyderabad,2025-08-19,Monsoon,29,65,30,24.0375,84.1666666666667,5.71125,64,Satisfactory,pm10,2.263438138005143,-1.3146935171834495,0.11228862089956014,-1.5101930247393731,-0.5193776391737241,0.02201629439577487,MODELING_HISTORY,Cluster 2,1.7375435484601742
PROJ_186,"New Malakpet, Hyderabad - TSPCB",Hyderabad,2025-08-20,Monsoon,28,65,30,24.8333333333333,81.875,4.6275,64,Satisfactory,pm10,1.7747018568580957,-0.9597719004707428,0.06093013104684531,-0.8681480429362274,-0.11791167197395458,-0.0817591248678799,MODELING_HISTORY,Cluster 2,0.9202727388211203
PROJ_186,"New Malakpet, Hyderabad - TSPCB",Hyderabad,2025-08-21,Monsoon,27,66,27,25.9625,75.6666666666667,3.92666666666667,65,Satisfactory,pm10,1.3377318097836226,-0.4549920155745828,0.2395504614826131,-0.48654173864970707,0.03237240658434881,-0.16717528462176104,MODELING_HISTORY,Cluster 2,0.4640874193581032
PROJ_186,"New Malakpet, Hyderabad - TSPCB",Hyderabad,2025-08-22,Monsoon,29,66,27,25.775,75.375,3.79416666666667,65,Satisfactory,pm10,1.222138673597295,-0.5173825146767146,0.25442069236329823,-0.4160232900322435,0.07564327457290015,-0.08738566420745672,MODELING_HISTORY,Cluster 2,0.5519250451845383
PROJ_186,"New Malakpet, Hyderabad - TSPCB",Hyderabad,2025-08-23,Monsoon,26,64,25,25.5,74.125,4.345,63,Satisfactory,pm10,1.5670814095567345,-0.5047560156302481,0.3734584332622138,-0.6364049211517047,-0.2546611696473948,-0.09563507002876596,MODELING_HISTORY,Cluster 2,0.557863109262736
PROJ_186,"New Malakpet, Hyderabad - TSPCB",Hyderabad,2025-08-24,Monsoon,27,64,22,25.8,71.4166666666667,4.09541666666667,63,Satisfactory,pm10,1.3837256271345375,-0.3541479697975231,0.5755013619580487,-0.4921313492005162,-0.2112438902138872,-0.06858060095795872,MODELING_HISTORY,Cluster 2,0.6469412647676884
PROJ_186,"New Malakpet, Hyderabad - TSPCB",Hyderabad,2025-08-25,Monsoon,34,68,22,25.8875,70.3333333333333,3.90583333333333,67,Satisfactory,pm10,0.9887745426124244,-0.4692203702423119,0.6577710147646539,-0.5606379467711134,-0.07490940748624109,0.08747542272001071,MODELING_HISTORY,Cluster 2,0.9697837027783465
PROJ_186,"New Malakpet, Hyderabad - TSPCB",Hyderabad,2025-09-03,Monsoon,27,66,50,25.0541666666667,78.625,3.305,65,Satisfactory,pm10,1.0007575740146597,-0.724037991778608,-1.276394294033661,-0.19082879320957535,0.2508779547917458,-0.03460206674189779,MODELING_HISTORY,Cluster 2,1.5256686640756856
PROJ_186,"New Malakpet, Hyderabad - TSPCB",Hyderabad,2025-09-04,Monsoon,28,68,50,25.4875,75.875,3.29875,67,Satisfactory,pm10,0.8476089322810252,-0.5878225047018872,-1.247237109294975,-0.2719002285290367,0.21411678669247028,-0.02872656375652053,MODELING_HISTORY,Cluster 2,1.5375383258610271
PROJ_186,"New Malakpet, Hyderabad - TSPCB",Hyderabad,2025-09-05,Monsoon,33,68,44,25.7125,75.1666666666667,2.97291666666667,67,Satisfactory,pm10,0.5893866547438756,-0.5818894399532825,-0.8193971812930337,-0.1325158112043172,0.4209374184347201,0.09031562785615416,MODELING_HISTORY,Cluster 2,1.393459003742446
PROJ_186,"New Malakpet, Hyderabad - TSPCB",Hyderabad,2025-09-06,Monsoon,28,65,45,25.8791666666667,77.2916666666667,2.55666666666667,64,Satisfactory,pm10,0.6702386364468901,-0.441570533633811,-0.9728196283868606,0.23655788304335823,0.6115420376849531,-0.0747378972320653,MODELING_HISTORY,Cluster 2,1.49366180869063
PROJ_186,"New Malakpet, Hyderabad - TSPCB",Hyderabad,2025-09-09,Monsoon,41,76,49,27.9666666666667,62.25,1.285,76,Satisfactory,pm10,-0.919895531058484,0.1865039286289016,-1.0487328753887355,0.4470139736468617,0.9479727374149908,0.2036758378732373,MODELING_HISTORY,Cluster 1,1.6029806069475663
PROJ_186,"New Malakpet, Hyderabad - TSPCB",Hyderabad,2025-09-10,Monsoon,36,73,42,26.675,75.25,1.80083333333333,72,Satisfactory,pm10,-0.0817262293287167,-0.3802535428654301,-0.7006671542278187,0.4234315288897216,1.0115108152884589,-0.05797231521191044,MODELING_HISTORY,Cluster 3,1.3208738049553441
PROJ_186,"New Malakpet, Hyderabad - TSPCB",Hyderabad,2025-09-11,Monsoon,39,77,41,24.5541666666667,85.4583333333333,2.92583333333333,77,Satisfactory,pm10,0.5318300510586146,-1.342974727298158,-0.5996337294304633,-0.17544087681462958,0.7220248465528488,-0.03805428648214126,MODELING_HISTORY,Cluster 2,1.6643405973740653
PROJ_186,"New Malakpet, Hyderabad - TSPCB",Hyderabad,2025-09-12,Monsoon,30,67,41,24.0708333333333,87.7083333333333,2.46416666666667,66,Satisfactory,pm10,0.8811009156529686,-1.193455695060659,-0.7574140541554442,0.46832544648979113,0.8094030962949822,-0.1508599062531329,MODELING_HISTORY,Cluster 2,1.6042969741327506
PROJ_186,"New Malakpet, Hyderabad - TSPCB",Hyderabad,2025-09-13,Monsoon,31,68,50,24.2541666666667,89.7916666666667,1.64208333333333,67,Satisfactory,pm10,0.47296343659922574,-1.1874958115905718,-1.3643207801986854,0.8609400780020016,1.2318149772728295,-0.16343437165506197,MODELING_HISTORY,Cluster 3,2.0993652017167235
PROJ_186,"New Malakpet, Hyderabad - TSPCB",Hyderabad,2025-09-14,Monsoon,29,65,54,25.3291666666667,85.1666666666667,1.62625,64,Satisfactory,pm10,0.404530034671985,-0.7476374260333085,-1.6162752470990664,0.7818257216036704,1.199254365209159,-0.11952872989340028,MODELING_HISTORY,Cluster 3,2.2240807790883363
PROJ_186,"New Malakpet, Hyderabad - TSPCB",Hyderabad,2025-09-15,Monsoon,29,64,45,25.55,83.5,2.28541666666667,63,Satisfactory,pm10,0.7150119208786573,-0.682298258806608,-1.0021728908640997,0.4206038450744044,0.9294200584968492,-0.10818305929542538,MODELING_HISTORY,Cluster 2,1.5999904981468491
PROJ_186,"New Malakpet, Hyderabad - TSPCB",Hyderabad,2025-09-16,Monsoon,33,67,49,25.4625,84.7083333333333,1.66375,66,Satisfactory,pm10,0.2854675342959223,-0.8016236360597779,-1.2437593956394015,0.6855789676573538,1.2423545825534763,-0.05789989132567518,MODELING_HISTORY,Cluster 3,1.850447335606087
PROJ_186,"New Malakpet, Hyderabad - TSPCB",Hyderabad,2025-09-17,Monsoon,36,72,60,25.4333333333333,86.0416666666667,1.04416666666667,71,Satisfactory,pm10,-0.207250263387245,-0.9222055301223108,-1.9385049723234105,0.8764882979755269,1.5423861349758647,-0.04842987039619936,MODELING_HISTORY,Cluster 3,2.2067162519998815
PROJ_186,"New Malakpet, Hyderabad - TSPCB",Hyderabad,2025-09-18,Monsoon,34,71,51,25.8833333333333,82.7083333333333,1.28583333333333,70,Satisfactory,pm10,-0.05360096223600041,-0.6820096041905969,-1.3616610955233046,0.8105871374608185,1.3567203537128236,-0.11910952257634676,MODELING_HISTORY,Cluster 3,1.7795405134520836
PROJ_186,"New Malakpet, Hyderabad - TSPCB",Hyderabad,2025-09-19,Monsoon,28,64,49,25.725,81.9583333333333,1.78333333333333,63,Satisfactory,pm10,0.4660424621131746,-0.5419809636710925,-1.2872930678303054,0.718449486166254,1.0604448151777062,-0.12912885307524552,MODELING_HISTORY,Cluster 2,2.0390400022262853
PROJ_186,"New Malakpet, Hyderabad - TSPCB",Hyderabad,2025-09-20,Monsoon,29,65,50,25.8875,81.8333333333333,2.1375,64,Satisfactory,pm10,0.5434706846389628,-0.5638516385168012,-1.3160609914789652,0.42358497031727826,0.9635733035481068,-0.09766363007322754,MODELING_HISTORY,Cluster 2,1.8916205030751592
PROJ_186,"New Malakpet, Hyderabad - TSPCB",Hyderabad,2025-09-21,Monsoon,28,66,47,25.725,83.4583333333333,2.31125,65,Satisfactory,pm10,0.6944342025976231,-0.6474994327594346,-1.1344619359921564,0.36438837022174575,0.916106992981982,-0.18710855049220815,MODELING_HISTORY,Cluster 2,1.6701173360031256
PROJ_186,"New Malakpet, Hyderabad - TSPCB",Hyderabad,2025-09-22,Monsoon,35,68,47,24.8583333333333,87.3333333333333,2.32166666666667,67,Satisfactory,pm10,0.5715436042001006,-1.1152327499645056,-1.0737053428494034,0.2867146189223717,1.046668917100636,0.00370186218735819,MODELING_HISTORY,Cluster 2,1.835898018423995
PROJ_186,"New Malakpet, Hyderabad - TSPCB",Hyderabad,2025-09-24,Monsoon,35,76,45,25.2458333333333,78.5833333333333,3.57333333333333,76,Satisfactory,pm10,0.7082211618807497,-0.9588659004580172,-0.8347418099977255,-0.608457496862454,0.2574815256273266,-0.02331917155871815,MODELING_HISTORY,Cluster 2,1.4846261835419874
PROJ_186,"New Malakpet, Hyderabad - TSPCB",Hyderabad,2025-09-25,Monsoon,30,67,42,23.7583333333333,83.0416666666667,4.07291666666667,66,Satisfactory,pm10,1.4153880060114277,-1.2641903358271254,-0.7232163963395264,-0.5427234740801865,-0.00191977519582325,0.03584802024189514,MODELING_HISTORY,Cluster 2,1.2924695841464193
PROJ_186,"New Malakpet, Hyderabad - TSPCB",Hyderabad,2025-09-26,Monsoon,28,66,47,23.9375,86.9583333333333,3.00875,65,Satisfactory,pm10,1.1172191712321695,-1.2053382135221582,-1.1332779707398772,0.12372896619917952,0.5375729448706194,-0.10634956810891362,MODELING_HISTORY,Cluster 2,1.6254504655498578
PROJ_186,"New Malakpet, Hyderabad - TSPCB",Hyderabad,2025-09-27,Monsoon,27,64,32,23.6,91,3.41083333333333,63,Satisfactory,pm10,1.5817056837390044,-1.3692828762107871,-0.19189298560635987,0.06989712945664123,0.48900393927520225,-0.22277856654282363,MODELING_HISTORY,Cluster 2,1.1632285636150468
PROJ_186,"New Malakpet, Hyderabad - TSPCB",Hyderabad,2025-09-28,Monsoon,27,63,33,24.1,81.6666666666667,3.33833333333333,62,Satisfactory,pm10,1.3151064818433682,-0.9720460930888652,-0.22242349218219432,0.09098839017380513,0.22689592887370355,-0.07581590912964528,MODELING_HISTORY,Cluster 2,0.881521909035087
PROJ_186,"New Malakpet, Hyderabad - TSPCB",Hyderabad,2025-09-29,Monsoon,27,63,38,25.1666666666667,76.7916666666667,2.85791666666667,62,Satisfactory,pm10,0.9264946531555254,-0.5600607015028581,-0.5346789444342747,0.24054263409023752,0.36837962636667754,-0.0482342471892492,MODELING_HISTORY,Cluster 2,1.0798604296722811
PROJ_186,"New Malakpet, Hyderabad - TSPCB",Hyderabad,2025-09-30,Monsoon,28,63,34,25.35,78.9583333333333,2.94541666666667,62,Satisfactory,pm10,1.0129193569329429,-0.6039743690426997,-0.26898591979286585,0.166751355714057,0.4649114051505898,-0.07954810020259052,MODELING_HISTORY,Cluster 2,0.8812445531253079
PROJ_186,"New Malakpet, Hyderabad - TSPCB",Hyderabad,2025-10-01,Post-monsoon,27,63,33,25.6583333333333,75.25,3.01583333333333,62,Satisfactory,pm10,0.9776666969483092,-0.4119666972344704,-0.19685684083466512,0.12640300075209432,0.32074443004471087,-0.077635654156675,MODELING_HISTORY,Cluster 2,0.8142025036270829
PROJ_186,"New Malakpet, Hyderabad - TSPCB",Hyderabad,2025-10-02,Post-monsoon,27,64,28,25.2625,78.3333333333333,2.91875,63,Satisfactory,pm10,1.0487729613372223,-0.5843308068956375,0.10088335783266315,0.268349289321164,0.4105066019148573,-0.1704340353578989,MODELING_HISTORY,Cluster 2,0.8553799742537384
PROJ_186,"New Malakpet, Hyderabad - TSPCB",Hyderabad,2025-10-03,Post-monsoon,31,65,30,25.9875,75.4583333333333,2.96708333333333,64,Satisfactory,pm10,0.8183271183444083,-0.4374345884234021,0.0445098975373442,0.03935081846248634,0.45138416728395053,-0.02754657642365091,MODELING_HISTORY,Cluster 2,0.8911846027484424
PROJ_186,"New Malakpet, Hyderabad - TSPCB",Hyderabad,2025-10-04,Post-monsoon,27,66,32,26.2666666666667,77.5833333333333,2.48541666666667,65,Satisfactory,pm10,0.7537453746059857,-0.3290224241557275,-0.1574845236432308,0.3688129633736315,0.6763177589288059,-0.25817683632383703,MODELING_HISTORY,Cluster 2,1.1074644840513657
PROJ_186,"New Malakpet, Hyderabad - TSPCB",Hyderabad,2025-10-05,Post-monsoon,29,67,33,25.7,79.2916666666667,1.86,66,Satisfactory,pm10,0.4729598143310139,-0.5039992608109127,-0.24318515130133947,0.7871887102080626,0.9150239318572596,-0.23429834963080823,MODELING_HISTORY,Cluster 3,1.6032774204782552
PROJ_186,"New Malakpet, Hyderabad - TSPCB",Hyderabad,2025-10-06,Post-monsoon,28,75,28,24.95,80.125,2.2425,74,Satisfactory,pm10,0.5869483775529446,-0.781334032585385,0.08009547651136889,0.6250413077425077,0.6310556316104501,-0.455880334264644,MODELING_HISTORY,Cluster 2,1.4681743229456912
PROJ_186,"New Malakpet, Hyderabad - TSPCB",Hyderabad,2025-10-07,Post-monsoon,28,71,32,25.0166666666667,80.5,1.53625,70,Satisfactory,pm10,0.35384448603835095,-0.6829752215662674,-0.2171933093826748,1.0794685580223895,0.9367271343115507,-0.3768840319122584,MODELING_HISTORY,Cluster 3,1.5535682713064396
PROJ_186,"New Malakpet, Hyderabad - TSPCB",Hyderabad,2025-10-08,Post-monsoon,26,66,28,26.1458333333333,74.5416666666667,1.0325,65,Satisfactory,pm10,0.15705009198844444,-0.1192208353099824,0.01522534834879378,1.4164712465740243,1.043599963682349,-0.3497758211923364,MODELING_HISTORY,Cluster 3,1.7611177895321617
PROJ_186,"New Malakpet, Hyderabad - TSPCB",Hyderabad,2025-10-09,Post-monsoon,58,87,30,26.0791666666667,74.5416666666667,1.4625,97,Satisfactory,pm2_5,-1.0555006445889386,-1.0326757145465992,0.3143996617127156,0.24335123182533017,1.3098826628851532,0.3305351009325663,MODELING_HISTORY,Cluster 3,0.2941615732741298
PROJ_186,"New Malakpet, Hyderabad - TSPCB",Hyderabad,2025-10-10,Post-monsoon,57,51,24,26.5958333333333,58.4583333333333,1.81166666666667,95,Satisfactory,pm2_5,-0.5574774044396997,-0.0836812855153411,0.7173897332870236,0.4249792261182235,0.8188900765615739,1.3877026971455868,MODELING_HISTORY,Cluster 3,1.1832241118295035
PROJ_186,"New Malakpet, Hyderabad - TSPCB",Hyderabad,2025-10-11,Post-monsoon,27,60,20,26.375,54.7083333333333,2.32541666666667,59,Satisfactory,pm10,0.32700945303540674,0.451925500505678,0.6662360518607623,0.7273414031622922,-0.12420765743432556,0.1481922646645022,MODELING_HISTORY,Cluster 1,1.8386924212210947
PROJ_186,"New Malakpet, Hyderabad - TSPCB",Hyderabad,2025-10-12,Post-monsoon,33,69,37,26.7333333333333,58.0416666666667,2.15333333333333,68,Satisfactory,pm10,-0.16315844938695528,0.2116831598175297,-0.34633605741694296,0.4046571522120247,0.18195077431841516,0.1826687378393481,MODELING_HISTORY,Cluster 1,1.4246758718978292
PROJ_186,"New Malakpet, Hyderabad - TSPCB",Hyderabad,2025-10-13,Post-monsoon,39,73,27,25.5416666666667,70.9583333333333,1.74166666666667,72,Satisfactory,pm10,-0.14772229728462086,-0.5412185447702671,0.28265421151878956,0.7094292042726412,0.7397847375781668,0.06870978886812466,MODELING_HISTORY,Cluster 3,1.011782942869674
PROJ_186,"New Malakpet, Hyderabad - TSPCB",Hyderabad,2025-10-14,Post-monsoon,33,66,28,24.7,84.75,2.19833333333333,65,Satisfactory,pm10,0.7153593641827611,-0.9766156760571758,0.10628771517508386,0.6439455576588425,0.9332123623912232,-0.1128013373407376,MODELING_HISTORY,Cluster 2,1.4739429883727593
PROJ_186,"New Malakpet, Hyderabad - TSPCB",Hyderabad,2025-10-15,Post-monsoon,35,69,28,25.5166666666667,77.5416666666667,2.47958333333333,68,Satisfactory,pm10,0.5057986557812981,-0.680182417117074,0.18413010811564312,0.31087323197731653,0.6846221020479776,-0.03043652629609216,MODELING_HISTORY,Cluster 2,1.3427241318025296
PROJ_186,"New Malakpet, Hyderabad - TSPCB",Hyderabad,2025-10-16,Post-monsoon,40,72,34,26.3875,69.9583333333333,2.21541666666667,71,Satisfactory,pm10,-0.07444544557995825,-0.3841239342582381,-0.11085804923262448,0.2104057215558197,0.6813785971741597,0.1760603519352156,MODELING_HISTORY,Cluster 3,1.1021316971250363
PROJ_186,"New Malakpet, Hyderabad - TSPCB",Hyderabad,2025-10-17,Post-monsoon,54,86,35,26.5916666666667,67.7916666666667,2.38791666666667,90,Satisfactory,pm2_5,-0.766491942930234,-0.7168812547667671,0.0278431251245563,-0.3597794805122698,0.7238490563509367,0.37563235320936234,MODELING_HISTORY,Cluster 3,0.8066418010554139
PROJ_186,"New Malakpet, Hyderabad - TSPCB",Hyderabad,2025-10-18,Post-monsoon,70,91,37,26.7375,62.5416666666667,1.87708333333333,131,Moderately Polluted,pm2_5,-1.7045155599122024,-0.8654647311551904,0.08802556055879154,-0.4273571432289621,0.9715206191331048,0.8914256213129832,MODELING_HISTORY,Cluster 3,1.0962821298474765
PROJ_186,"New Malakpet, Hyderabad - TSPCB",Hyderabad,2025-10-19,Post-monsoon,40,77,38,25.8583333333333,70.625,2.19375,77,Satisfactory,pm10,-0.1798780211685655,-0.5761491633301942,-0.3690972442747664,0.20653965653878123,0.6093489472540041,0.09759817223036812,MODELING_HISTORY,Cluster 3,1.0028668660341526
PROJ_186,"New Malakpet, Hyderabad - TSPCB",Hyderabad,2025-10-20,Post-monsoon,50,112,31,25.7083333333333,75.625,1.94875,107,Moderately Polluted,pm10,-1.0707867776361857,-1.2826964703449604,0.20581670327025747,-0.10348736007590252,0.8346736234248664,-0.5421348874513627,MODELING_HISTORY,Cluster 3,0.5873307140161439
PROJ_186,"New Malakpet, Hyderabad - TSPCB",Hyderabad,2025-10-21,Post-monsoon,45,117,31,25.2333333333333,79.2916666666667,2.52083333333333,111,Moderately Polluted,pm10,-0.6794487733242638,-1.4931874548871178,0.16514468786775746,-0.3735805755572893,0.5859253014055241,-0.8471550349748579,MODELING_HISTORY,Cluster 3,0.951944907644921
PROJ_186,"New Malakpet, Hyderabad - TSPCB",Hyderabad,2025-10-22,Post-monsoon,31,83,33,24.8708333333333,82.9166666666667,3.00958333333333,83,Satisfactory,pm10,0.6831655560792966,-1.0940062628553644,-0.16105326302545309,-0.06902791949919491,0.4595217677661859,-0.5065924063003918,MODELING_HISTORY,Cluster 2,1.2872827068394321
PROJ_186,"New Malakpet, Hyderabad - TSPCB",Hyderabad,2025-10-23,Post-monsoon,28,79,35,23.5833333333333,90.8333333333333,3.50875,79,Satisfactory,pm10,1.2730348357936638,-1.553936202311604,-0.34588009957911614,-0.1809658567881788,0.3740495027319121,-0.5282368392829402,MODELING_HISTORY,Cluster 2,1.3821473445673822
PROJ_186,"New Malakpet, Hyderabad - TSPCB",Hyderabad,2025-10-24,Post-monsoon,30,82,31,23.2208333333333,91.4166666666667,2.25958333333333,82,Satisfactory,pm10,0.7080258942667738,-1.6114564450256497,-0.1385054146227625,0.6567395827626443,0.8093943628287702,-0.617882108601216,MODELING_HISTORY,Cluster 3,1.8211379710460585
PROJ_186,"New Malakpet, Hyderabad - TSPCB",Hyderabad,2025-10-25,Post-monsoon,28,79,37,23.5291666666667,89.1666666666667,1.67041666666667,79,Satisfactory,pm10,0.4740842877456322,-1.3657202156989316,-0.5666808760993591,1.0274580027090046,0.9651736733466514,-0.5873225064979218,MODELING_HISTORY,Cluster 3,1.7467921252428937
PROJ_186,"New Malakpet, Hyderabad - TSPCB",Hyderabad,2025-10-27,Post-monsoon,32,82,37,24.7708333333333,80.5416666666667,1.10958333333333,82,Satisfactory,pm10,-0.18417217175390993,-0.9030795110954092,-0.49987928123887915,1.1577083534960342,1.062471920872881,-0.4802156412706522,MODELING_HISTORY,Cluster 3,1.2483106068566263
PROJ_186,"New Malakpet, Hyderabad - TSPCB",Hyderabad,2025-10-28,Post-monsoon,29,81,35,23.7541666666667,87.75,3.365,81,Satisfactory,pm10,1.0638494960779563,-1.454823210232641,-0.32658841321011,-0.13543131847384338,0.33487497174829,-0.5106028926903675,MODELING_HISTORY,Cluster 2,1.3640790890666963
PROJ_186,"New Malakpet, Hyderabad - TSPCB",Hyderabad,2025-10-29,Post-monsoon,30,82,32,22.6208333333333,90.7083333333333,4.285,82,Satisfactory,pm10,1.5182775288968098,-1.8962101624874304,-0.0991476675783966,-0.6082778205489723,-0.03859933350866385,-0.4543732995898224,MODELING_HISTORY,Cluster 2,1.6629347147464744
PROJ_186,"New Malakpet, Hyderabad - TSPCB",Hyderabad,2025-10-30,Post-monsoon,25,80,26,24.8708333333333,74.9583333333333,3.62083333333333,80,Satisfactory,pm10,1.0269752218589296,-0.7524129010194546,0.2682650833958249,-0.215649615904001,-0.1656377466486713,-0.5409662820427003,MODELING_HISTORY,Cluster 2,0.8116729418319021
PROJ_186,"New Malakpet, Hyderabad - TSPCB",Hyderabad,2025-10-31,Post-monsoon,29,80,24,24.3708333333333,72.0416666666667,2.46916666666667,80,Satisfactory,pm10,0.39922915940638104,-0.7596392458772075,0.38349142426490856,0.5561686470951548,0.12941142891282795,-0.4017831761385039,MODELING_HISTORY,Cluster 3,1.42978720038547
PROJ_186,"New Malakpet, Hyderabad - TSPCB",Hyderabad,2025-11-01,Post-monsoon,32,82,25,25.1916666666667,80.8333333333333,1.4325,82,Satisfactory,pm10,0.03857305806872602,-0.8277167667209493,0.2840967930624087,1.0036250780792322,1.0136467759774848,-0.5753183159744343,MODELING_HISTORY,Cluster 3,1.2147795792960367
PROJ_186,"New Malakpet, Hyderabad - TSPCB",Hyderabad,2025-11-02,Post-monsoon,36,83,20,25.225,81,2.17375,83,Satisfactory,pm10,0.2417529651536745,-0.9711329472636052,0.689644643032494,0.4625489578918271,0.8183932425655867,-0.45405725260211416,MODELING_HISTORY,Cluster 3,1.3594973099032153
PROJ_186,"New Malakpet, Hyderabad - TSPCB",Hyderabad,2025-11-05,Post-monsoon,36,87,20,25.3041666666667,74.0416666666667,1.54708333333333,87,Satisfactory,pm10,-0.2652110860640789,-0.7393845968540883,0.685496221892501,0.8580516043687006,0.7576310116467149,-0.4835516143742548,MODELING_HISTORY,Cluster 3,1.0787038228617403
PROJ_186,"New Malakpet, Hyderabad - TSPCB",Hyderabad,2025-11-06,Post-monsoon,36,86,22,24.8083333333333,66.9166666666667,1.66958333333333,86,Satisfactory,pm10,-0.37613585636010416,-0.6455956791379605,0.5808826203463373,0.8621512699304958,0.3652821260795168,-0.29927912291735814,MODELING_HISTORY,Cluster 3,0.9807356149792914
PROJ_186,"New Malakpet, Hyderabad - TSPCB",Hyderabad,2025-11-07,Post-monsoon,42,90,25,24.7333333333333,60.125,2.0725,90,Satisfactory,pm10,-0.6639438589417876,-0.6649862308265576,0.5095906850937839,0.44030117322368695,0.02207707584654181,-0.02686810547563142,MODELING_HISTORY,Cluster 3,0.6248728952125269
PROJ_186,"New Malakpet, Hyderabad - TSPCB",Hyderabad,2025-11-08,Post-monsoon,31,84,27,24.2208333333333,50.5,1.96333333333333,84,Satisfactory,pm10,-0.501787191818299,-0.20992552543727772,0.2646432804452946,0.8915523064742434,-0.5490659439608354,-0.08997496609913433,MODELING_HISTORY,Cluster 3,1.0594452564763335
PROJ_186,"New Malakpet, Hyderabad - TSPCB",Hyderabad,2025-11-09,Post-monsoon,33,83,34,23.275,53.8333333333333,1.73791666666667,83,Satisfactory,pm10,-0.5791213036743681,-0.5384180386161617,-0.19370486149308824,1.0495373904195602,-0.4318483784151847,0.04375067826151421,MODELING_HISTORY,Cluster 3,0.9361523578009557
PROJ_186,"New Malakpet, Hyderabad - TSPCB",Hyderabad,2025-11-10,Post-monsoon,37,86,22,23.2875,51.7083333333333,1.21791666666667,86,Satisfactory,pm10,-0.923888101753259,-0.523931701819684,0.5984974452979548,1.402304623623586,-0.2806673253322467,0.03211824933918311,MODELING_HISTORY,Cluster 3,1.2458459512956352
PROJ_186,"New Malakpet, Hyderabad - TSPCB",Hyderabad,2025-11-11,Post-monsoon,34,84,35,24.0208333333333,49.4583333333333,1.48875,84,Satisfactory,pm10,-0.8692056047809009,-0.2563082543436968,-0.2326149968312843,1.094285223527136,-0.3923071853747515,0.07658011620704785,MODELING_HISTORY,Cluster 3,1.0736924693241114
PROJ_186,"New Malakpet, Hyderabad - TSPCB",Hyderabad,2025-11-12,Post-monsoon,60,104,33,23.8458333333333,48.0416666666667,1.86125,102,Moderately Polluted,pm10,-1.9042067792727024,-1.010828738380826,0.24867377135498983,0.15536654267441308,-0.2775512769835945,0.5605575036555921,MODELING_HISTORY,Cluster 3,0.9803682603685818
PROJ_186,"New Malakpet, Hyderabad - TSPCB",Hyderabad,2025-11-13,Post-monsoon,36,87,26,23.15,45.1666666666667,1.9925,87,Satisfactory,pm10,-0.7922566820364637,-0.4254574512164453,0.39562874497825073,0.910095933559846,-0.8606587175192507,0.15264775149609067,MODELING_HISTORY,Cluster 3,0.8585953257735646
PROJ_186,"New Malakpet, Hyderabad - TSPCB",Hyderabad,2025-11-14,Post-monsoon,51,95,38,22.0791666666667,49.1666666666667,1.68666666666667,95,Satisfactory,pm10,-1.4887435739113672,-1.15558392822638,-0.22370392789649524,0.725302340239567,-0.5319550753806442,0.5616999952857418,MODELING_HISTORY,Cluster 3,0.7167122207326259
PROJ_186,"New Malakpet, Hyderabad - TSPCB",Hyderabad,2025-11-15,Post-monsoon,36,87,38,22.1041666666667,50.5416666666667,1.42625,87,Satisfactory,pm10,-0.9528046996815318,-0.7839665736102732,-0.42896313958799814,1.2830095524095668,-0.5926163770722528,0.17930459939190718,MODELING_HISTORY,Cluster 3,1.0575146655829801
PROJ_186,"New Malakpet, Hyderabad - TSPCB",Hyderabad,2025-11-16,Post-monsoon,35,85,37,22.0958333333333,47.5416666666667,2.00708333333333,85,Satisfactory,pm10,-0.7160178860887126,-0.7055082136833805,-0.33870417097081224,0.9627899935952022,-0.9281622713106322,0.26530255500606,MODELING_HISTORY,Cluster 3,0.8098569620477751
PROJ_186,"New Malakpet, Hyderabad - TSPCB",Hyderabad,2025-11-17,Post-monsoon,52,98,45,22.0916666666667,45.5833333333333,2.39041666666667,98,Satisfactory,pm10,-1.4396143145392486,-1.1688621504951602,-0.6025614142452955,0.15758807449253043,-0.9228852498798552,0.6681522750847186,MODELING_HISTORY,Cluster 3,0.870954477267177
PROJ_186,"New Malakpet, Hyderabad - TSPCB",Hyderabad,2025-11-18,Post-monsoon,46,92,24,22.7625,46.5416666666667,1.65416666666667,92,Satisfactory,pm10,-1.2652070209223287,-0.772844799664656,0.6187774390559218,0.937613456407914,-0.5987208834258051,0.3572258681091754,MODELING_HISTORY,Cluster 3,0.8682551281513082
PROJ_186,"New Malakpet, Hyderabad - TSPCB",Hyderabad,2025-11-19,Post-monsoon,38,89,49,22.6958333333333,50.0416666666667,1.38083333333333,89,Satisfactory,pm10,-1.1898451134574572,-0.7107997917859766,-1.0938419156046932,1.0702939815311856,-0.479898628114175,0.25405805484014327,MODELING_HISTORY,Cluster 3,1.4029477518676747
PROJ_186,"New Malakpet, Hyderabad - TSPCB",Hyderabad,2025-11-20,Post-monsoon,34,87,33,22.6125,50.5833333333333,1.55416666666667,87,Satisfactory,pm10,-0.8142507135439894,-0.6353211499601663,-0.12140322866099024,1.222612151464256,-0.5990976397128724,0.05008465940909318,MODELING_HISTORY,Cluster 3,0.9507154345168707
PROJ_186,"New Malakpet, Hyderabad - TSPCB",Hyderabad,2025-11-21,Post-monsoon,36,85,16,23.9125,58.7083333333333,1.63333333333333,85,Satisfactory,pm10,-0.5012816653795594,-0.5842613073698766,0.973785988360318,1.1050863514601228,-0.0758812967750575,-0.14242711849350925,MODELING_HISTORY,Cluster 3,1.314235466587328
PROJ_186,"New Malakpet, Hyderabad - TSPCB",Hyderabad,2025-11-22,Post-monsoon,36,84,20,25.0791666666667,64.7083333333333,1.665,84,Satisfactory,pm10,-0.3864206862230528,-0.4975102092284815,0.7161771636999096,0.8766872027133069,0.33070846920596914,-0.2442984978413512,MODELING_HISTORY,Cluster 3,1.1149497284484742
PROJ_186,"New Malakpet, Hyderabad - TSPCB",Hyderabad,2025-11-23,Post-monsoon,34,84,24,25.4041666666667,63.5833333333333,1.47,84,Satisfactory,pm10,-0.475212779622072,-0.3416330033725126,0.43641242684048087,0.971771478146176,0.37214909773448435,-0.2990065454111621,MODELING_HISTORY,Cluster 3,1.0707694709250237
PROJ_186,"New Malakpet, Hyderabad - TSPCB",Hyderabad,2025-11-24,Post-monsoon,47,97,24,24.9916666666667,56.125,1.70041666666667,97,Satisfactory,pm10,-1.2001968531705147,-0.6307770624214231,0.6379080815852679,0.506740058357025,0.08126047892609561,0.00140883770150886,MODELING_HISTORY,Cluster 3,0.7212728825909633
PROJ_186,"New Malakpet, Hyderabad - TSPCB",Hyderabad,2025-11-25,Post-monsoon,39,88,25,24.1291666666667,59.875,1.905,88,Satisfactory,pm10,-0.5905714818799558,-0.6970494362713329,0.4552340189249021,0.7138547907354272,-0.05701439301657718,-0.05868341619665278,MODELING_HISTORY,Cluster 3,0.6981322565588262
PROJ_186,"New Malakpet, Hyderabad - TSPCB",Hyderabad,2025-11-26,Post-monsoon,34,88,33,23.7916666666667,62.8333333333333,1.85708333333333,88,Satisfactory,pm10,-0.43992165439366626,-0.764828306002828,-0.1287195806745722,0.8072571998353091,-0.05557213980572506,-0.21338448089215176,MODELING_HISTORY,Cluster 3,0.7436251329065394
PROJ_186,"New Malakpet, Hyderabad - TSPCB",Hyderabad,2025-11-27,Post-monsoon,45,94,33,23.3875,64.1666666666667,1.97541666666667,94,Satisfactory,pm10,-0.794728753750785,-1.186424764741589,0.00493750313277734,0.4857721146158377,0.04971776456835469,0.04390228257798591,MODELING_HISTORY,Cluster 3,0.29425575004935817
PROJ_186,"New Malakpet, Hyderabad - TSPCB",Hyderabad,2025-11-28,Post-monsoon,30,82,33,22.8833333333333,52.9583333333333,2.55958333333333,82,Satisfactory,pm10,-0.13936593169534758,-0.5970800236749472,-0.12520201336808406,0.6452127016955134,-0.8679022405475043,0.03336848082938358,MODELING_HISTORY,Cluster 3,0.9723482679293035
PROJ_186,"New Malakpet, Hyderabad - TSPCB",Hyderabad,2025-11-29,Post-monsoon,36,88,33,21.85,52.0833333333333,1.94833333333333,88,Satisfactory,pm10,-0.6744000293811359,-0.9321499187038872,-0.09088415173137128,1.0041034097048105,-0.766430362832491,0.1374630302242708,MODELING_HISTORY,Cluster 3,0.7153549634346852
PROJ_186,"New Malakpet, Hyderabad - TSPCB",Hyderabad,2025-11-30,Post-monsoon,36,88,24,22.5416666666667,55.1666666666667,1.92458333333333,88,Satisfactory,pm10,-0.5543249157111129,-0.8528797048023228,0.47839071878276895,1.0027393646811555,-0.5380474646107254,-0.01385809331211934,MODELING_HISTORY,Cluster 3,0.8654160108859188
PROJ_186,"New Malakpet, Hyderabad - TSPCB",Hyderabad,2025-12-01,Winter,43,91,29,23.0625,61.625,1.77583333333333,91,Satisfactory,pm10,-0.7783395624331724,-1.091271493214256,0.22482961924145456,0.7798832901625228,-0.045684036706367503,0.06352092807502992,MODELING_HISTORY,Cluster 3,0.48511065617803534
PROJ_186,"New Malakpet, Hyderabad - TSPCB",Hyderabad,2025-12-02,Winter,35,87,33,23.7666666666667,63,1.83916666666667,87,Satisfactory,pm10,-0.4530980309273928,-0.783686130393789,-0.12006698997677837,0.8095342765728426,-0.02289395560585361,-0.15460174656436868,MODELING_HISTORY,Cluster 3,0.7279751514546415
PROJ_186,"New Malakpet, Hyderabad - TSPCB",Hyderabad,2025-12-03,Winter,46,91,26,23.8125,60.2083333333333,2.10291666666667,91,Satisfactory,pm10,-0.7702569847409928,-0.9670187355771044,0.4832495331773692,0.4362414071649963,-0.05808896870036137,0.15059754078043602,MODELING_HISTORY,Cluster 3,0.46092297540492083
PROJ_186,"New Malakpet, Hyderabad - TSPCB",Hyderabad,2025-12-04,Winter,34,76,21,24.1125,63.5416666666667,1.94541666666667,76,Satisfactory,pm10,-0.06654623954418235,-0.581645592361648,0.6246176451954956,0.9304768224062078,0.05351294448977822,-0.02499155910475127,MODELING_HISTORY,Cluster 3,1.260191735388948
PROJ_186,"New Malakpet, Hyderabad - TSPCB",Hyderabad,2025-12-05,Winter,32,70,32,23.4458333333333,52.7916666666667,2.27708333333333,69,Satisfactory,pm10,-0.09474122356387343,-0.3598564476546156,-0.06030269240866168,0.8365415828090929,-0.5833300792492768,0.3528040290600696,MODELING_HISTORY,Cluster 3,1.175210213629215
PROJ_186,"New Malakpet, Hyderabad - TSPCB",Hyderabad,2025-12-06,Winter,43,76,44,22.6166666666667,51.0416666666667,1.77541666666667,76,Satisfactory,pm10,-0.8620366197272082,-0.7516119833546626,-0.7172735252064653,0.8775283919421781,-0.4328567147948131,0.7325690520358482,MODELING_HISTORY,Cluster 3,0.9699632778737441
PROJ_186,"New Malakpet, Hyderabad - TSPCB",Hyderabad,2025-12-07,Winter,30,75,38,22.9541666666667,47.5,1.87041666666667,74,Satisfactory,pm10,-0.46180894769303943,-0.3005702713675848,-0.4692866632519501,1.1304533362821183,-0.7799355627277678,0.28596576076758856,MODELING_HISTORY,Cluster 3,1.260038125119832
PROJ_186,"New Malakpet, Hyderabad - TSPCB",Hyderabad,2025-12-08,Winter,50,100,40,22.1166666666667,41.5833333333333,1.95958333333333,100,Satisfactory,pm10,-1.6521210686621106,-0.9836014435229368,-0.31553923943645645,0.527913831037012,-0.9708342817898584,0.547606647478008,MODELING_HISTORY,Cluster 3,0.8030441943666929
PROJ_186,"New Malakpet, Hyderabad - TSPCB",Hyderabad,2025-12-09,Winter,33,85,36,22.1791666666667,36.7083333333333,2.44208333333333,85,Satisfactory,pm10,-0.7453812715927511,-0.3669996098880292,-0.23802033045316573,0.762585179512769,-1.5363182906806738,0.37499091447294375,MODELING_HISTORY,Cluster 3,0.8232670821197735
PROJ_186,"New Malakpet, Hyderabad - TSPCB",Hyderabad,2025-12-10,Winter,45,97,37,22.2041666666667,36.3333333333333,2.39041666666667,97,Satisfactory,pm10,-1.3787490336952728,-0.7120538375173322,-0.14593435294603313,0.41764878485581947,-1.391429202713968,0.5208738997627413,MODELING_HISTORY,Cluster 3,0.5427107848501875
PROJ_186,"New Malakpet, Hyderabad - TSPCB",Hyderabad,2025-12-11,Winter,32,83,37,21.775,32.5,2.11708333333333,83,Satisfactory,pm10,-0.9091752041565484,-0.26809824555709816,-0.32473757511072054,1.0780976624117342,-1.6500832567493042,0.465152406065301,MODELING_HISTORY,Cluster 3,1.0821230252115208
PROJ_186,"New Malakpet, Hyderabad - TSPCB",Hyderabad,2025-12-12,Winter,32,87,37,21.325,36.125,1.59791666666667,87,Satisfactory,pm10,-1.0920499755950772,-0.47059472780627143,-0.36582448072943785,1.4276104248704045,-1.4098322430670187,0.3046092229154891,MODELING_HISTORY,Cluster 3,1.2583860036127692
PROJ_186,"New Malakpet, Hyderabad - TSPCB",Hyderabad,2025-12-13,Winter,36,86,43,21.5541666666667,42.2083333333333,1.30583333333333,86,Satisfactory,pm10,-1.214871079667443,-0.6510239850342571,-0.7337722657669341,1.4307699108078824,-0.9514853308435376,0.3933304023793338,MODELING_HISTORY,Cluster 3,1.3928245751822186
PROJ_186,"New Malakpet, Hyderabad - TSPCB",Hyderabad,2025-12-14,Winter,32,84,38,21.65,48.375,1.235,84,Satisfactory,pm10,-0.8919552196295254,-0.6946165448255152,-0.489178910460914,1.591255368314224,-0.7280505827893375,0.156629236511742,MODELING_HISTORY,Cluster 3,1.3737834976584966
PROJ_186,"New Malakpet, Hyderabad - TSPCB",Hyderabad,2025-12-15,Winter,35,88,35,21.4041666666667,53,1.44875,88,Satisfactory,pm10,-0.8260149447494423,-0.9986038147959748,-0.2656487569886697,1.3906724470899876,-0.632178353202638,0.09746619242326345,MODELING_HISTORY,Cluster 3,1.0808107868729167
PROJ_186,"New Malakpet, Hyderabad - TSPCB",Hyderabad,2025-12-16,Winter,43,94,24,21.5333333333333,54.6666666666667,1.51083333333333,94,Satisfactory,pm10,-1.031130030028244,-1.230078115202342,0.5341845488742255,1.2050099361893514,-0.472022985904685,0.13024617056818744,MODELING_HISTORY,Cluster 3,0.9853262232105553
PROJ_186,"New Malakpet, Hyderabad - TSPCB",Hyderabad,2025-12-17,Winter,41,90,42,22.425,51.25,1.64208333333333,90,Satisfactory,pm10,-1.098948312013322,-0.8886355725309452,-0.6065333172428238,0.922256694391022,-0.5240658217534073,0.2982066486256362,MODELING_HISTORY,Cluster 3,0.8874400233937202
PROJ_186,"New Malakpet, Hyderabad - TSPCB",Hyderabad,2025-12-18,Winter,37,89,24,21.95,42.9583333333333,1.89958333333333,89,Satisfactory,pm10,-0.9017619492635128,-0.6579234761398698,0.5228812289882103,1.1174835695936247,-1.0877957352082666,0.2192773886519895,MODELING_HISTORY,Cluster 3,0.9325073919189631
PROJ_186,"New Malakpet, Hyderabad - TSPCB",Hyderabad,2025-12-19,Winter,35,94,21,21.5875,38.375,2.27625,94,Satisfactory,pm10,-0.8653475685504881,-0.6433473476617266,0.7267247037238688,0.9610007872329288,-1.5247678116305463,0.1136774096043184,MODELING_HISTORY,Cluster 3,0.9500857469046979
PROJ_186,"New Malakpet, Hyderabad - TSPCB",Hyderabad,2025-12-20,Winter,30,83,24,21.0583333333333,43.2916666666667,1.94791666666667,83,Satisfactory,pm10,-0.5199322734384004,-0.6675578580970213,0.4219605133731197,1.406391817499279,-1.3100136979260717,0.16020643834787493,MODELING_HISTORY,Cluster 3,1.2207445859379134
PROJ_186,"New Malakpet, Hyderabad - TSPCB",Hyderabad,2025-12-21,Winter,32,84,33,20.8208333333333,54.7916666666667,1.33,84,Satisfactory,pm10,-0.6275543533482849,-1.0661563672484098,-0.19951352567945668,1.6585032450624249,-0.6341932034088347,0.07060027734038149,MODELING_HISTORY,Cluster 3,1.35861909855071
PROJ_186,"New Malakpet, Hyderabad - TSPCB",Hyderabad,2025-12-22,Winter,31,86,32,21.6708333333333,49.125,1.495,86,Satisfactory,pm10,-0.728463389631398,-0.7251740347637974,-0.1057692157764738,1.4743689757615337,-0.8215626395436444,0.02952161736509086,MODELING_HISTORY,Cluster 3,1.1694640360554776
PROJ_186,"New Malakpet, Hyderabad - TSPCB",Hyderabad,2025-12-23,Winter,40,93,32,21.25,49.1666666666667,1.445,93,Satisfactory,pm10,-1.1420487741893104,-1.0686421275400415,6.463623403449859e-4,1.305136126591494,-0.7496782746944162,0.20128392580446253,MODELING_HISTORY,Cluster 3,0.9548069685562732
PROJ_186,"New Malakpet, Hyderabad - TSPCB",Hyderabad,2025-12-24,Winter,38,90,29,21.3708333333333,50.3333333333333,1.66833333333333,90,Satisfactory,pm10,-0.883483767044646,-1.019179008556936,0.17344729731567676,1.236374307245014,-0.7846957611564693,0.1694425288795409,MODELING_HISTORY,Cluster 3,0.8737879472320388
PROJ_186,"New Malakpet, Hyderabad - TSPCB",Hyderabad,2025-12-25,Winter,33,86,28,21.2916666666667,49.625,1.33041666666667,86,Satisfactory,pm10,-0.7989465324601267,-0.8446654578536305,0.15604633067630425,1.6263934012091688,-0.7658504349522712,0.07691368048475135,MODELING_HISTORY,Cluster 3,1.2748793110646288
PROJ_186,"New Malakpet, Hyderabad - TSPCB",Hyderabad,2025-12-26,Winter,36,88,26,20.8,54.2083333333333,1.17291666666667,88,Satisfactory,pm10,-0.8461359878572903,-1.1519019379564437,0.2903832056975473,1.7122005967524798,-0.5615345656600296,0.06778098188211336,MODELING_HISTORY,Cluster 3,1.3722870910778484
PROJ_186,"New Malakpet, Hyderabad - TSPCB",Hyderabad,2025-12-27,Winter,37,86,28,20.9916666666667,54.0833333333333,1.05791666666667,86,Satisfactory,pm10,-0.909239195983194,-1.0986477413985685,0.1695274706193502,1.7413713396273556,-0.46622993537231194,0.15310064695184328,MODELING_HISTORY,Cluster 3,1.3775761006263882
PROJ_186,"New Malakpet, Hyderabad - TSPCB",Hyderabad,2025-12-28,Winter,36,87,39,21.0125,53.5416666666667,1.235,87,Satisfactory,pm10,-0.9304803175972812,-1.0992153973811538,-0.5277432445013508,1.5302476667885847,-0.56625896806322,0.18789184501370076,MODELING_HISTORY,Cluster 3,1.3081856998646566
PROJ_186,"New Malakpet, Hyderabad - TSPCB",Hyderabad,2025-12-29,Winter,35,87,22,20.8125,53.7916666666667,1.30541666666667,87,Satisfactory,pm10,-0.7213650239780671,-1.1119826140296991,0.5399483447846005,1.6939905454042354,-0.6374397480902756,0.04099610049633363,MODELING_HISTORY,Cluster 3,1.4283578376268906
PROJ_186,"New Malakpet, Hyderabad - TSPCB",Hyderabad,2025-12-30,Winter,35,87,35,21.4958333333333,53.4583333333333,0.881666666666667,87,Satisfactory,pm10,-1.02702918288229,-0.9336083800858016,-0.29763525897498405,1.7603379307165223,-0.38968678172907545,0.07855226069757003,MODELING_HISTORY,Cluster 3,1.4375358216496077
PROJ_186,"New Malakpet, Hyderabad - TSPCB",Hyderabad,2025-12-31,Winter,37,88,31,22.4041666666667,53.875,0.939583333333333,88,Satisfactory,pm10,-1.067543156818946,-0.7933532784256854,-0.00465764481618247,1.5876735997204472,-0.23277831867484824,0.04518998340577869,MODELING_HISTORY,Cluster 3,1.2361322168423372
PROJ_186,"New Malakpet, Hyderabad - TSPCB",Hyderabad,2026-01-01,Winter,40,90,21,22.6083333333333,65.5,1.58,90,Satisfactory,pm10,-0.5719448303457764,-1.2060353399354562,0.6663661116066791,1.1028993951895063,0.06069786705672708,-0.12453475524259323,MODELING_HISTORY,Cluster 3,1.0443370991844645
PROJ_186,"New Malakpet, Hyderabad - TSPCB",Hyderabad,2026-01-02,Winter,36,90,18,22.8708333333333,65.7916666666667,1.41458333333333,90,Satisfactory,pm10,-0.4941650615007558,-1.057198936957957,0.8034195532314328,1.2908646239399026,0.09990100019647496,-0.31887755659079225,MODELING_HISTORY,Cluster 3,1.2672880722601816
PROJ_186,"New Malakpet, Hyderabad - TSPCB",Hyderabad,2026-01-03,Winter,32,86,27,22.5458333333333,64.8333333333333,1.97291666666667,86,Satisfactory,pm10,-0.15800189548062238,-1.0402267025347347,0.20850160567171216,1.0048708997191047,-0.22885935206122787,-0.23657559410353077,MODELING_HISTORY,Cluster 3,1.0357867050977048
PROJ_186,"New Malakpet, Hyderabad - TSPCB",Hyderabad,2026-01-04,Winter,32,86,34,22,61.5833333333333,1.70125,86,Satisfactory,pm10,-0.38967771206761914,-1.0544554004119815,-0.247094682736568,1.2020761596151592,-0.3365250723943808,-0.12128265947120068,MODELING_HISTORY,Cluster 3,1.0603706620974624
PROJ_186,"New Malakpet, Hyderabad - TSPCB",Hyderabad,2026-01-05,Winter,41,92,33,21.7708333333333,55.5833333333333,1.50041666666667,92,Satisfactory,pm10,-0.9936498121297068,-1.15539091112374,-0.0636952203295275,1.1515255604758543,-0.4150748378618431,0.14394015760018342,MODELING_HISTORY,Cluster 3,0.8084997260522535
PROJ_186,"New Malakpet, Hyderabad - TSPCB",Hyderabad,2026-01-06,Winter,40,90,37,21.1583333333333,53.1666666666667,1.8625,90,Satisfactory,pm10,-0.8532271514154399,-1.2170700840274704,-0.31285739404866486,1.0043871597231586,-0.7355606636602344,0.2770374457378738,MODELING_HISTORY,Cluster 3,0.7822790953788377
PROJ_186,"New Malakpet, Hyderabad - TSPCB",Hyderabad,2026-01-07,Winter,31,86,34,20.7125,50.9583333333333,1.68791666666667,86,Satisfactory,pm10,-0.5922680523284068,-1.0106662307998633,-0.24168078068976703,1.4457812553331757,-0.9598066484561556,0.07770339995312653,MODELING_HISTORY,Cluster 3,1.1781471319059142
PROJ_186,"New Malakpet, Hyderabad - TSPCB",Hyderabad,2026-01-08,Winter,66,132,40,20.425,47.2083333333333,1.64166666666667,121,Moderately Polluted,pm10,-2.6908127879554313,-2.1455088058198606,-0.14528529217684122,0.2977024764129039,-0.7973419447680177,0.31925471054339727,MODELING_HISTORY,Cluster 3,2.091794282249602
PROJ_186,"New Malakpet, Hyderabad - TSPCB",Hyderabad,2026-01-09,Winter,33,86,38,20.2375,43.7916666666667,1.98,86,Satisfactory,pm10,-0.7323268641969323,-0.978750290731278,-0.4388905719779854,1.264090007555,-1.3821870539668448,0.33289608428933726,MODELING_HISTORY,Cluster 3,1.0525874829667083
PROJ_186,"New Malakpet, Hyderabad - TSPCB",Hyderabad,2026-01-21,Winter,34,86,32,22.2666666666667,53.5833333333333,2.18833333333333,86,Satisfactory,pm10,-0.445201198227703,-0.8411126885481898,-0.03994661386662425,0.8556210390670382,-0.7553959205302317,0.074816499374313,MODELING_HISTORY,Cluster 3,0.7324010768250884
PROJ_186,"New Malakpet, Hyderabad - TSPCB",Hyderabad,2026-01-22,Winter,39,90,33,21.975,51.3333333333333,1.97666666666667,90,Satisfactory,pm10,-0.8146875274698484,-0.9658482898494116,-0.04722279610472232,0.8894787328818541,-0.7476096543343413,0.2030996863141519,MODELING_HISTORY,Cluster 3,0.5510045918576302
PROJ_186,"New Malakpet, Hyderabad - TSPCB",Hyderabad,2026-01-23,Winter,47,90,32,22.0583333333333,51.9583333333333,2.00416666666667,90,Satisfactory,pm10,-1.0238040205837071,-1.127668282627408,0.11110157943553078,0.6963028270056676,-0.5820865828517423,0.47304158352402215,MODELING_HISTORY,Cluster 3,0.3601590841422237
PROJ_186,"New Malakpet, Hyderabad - TSPCB",Hyderabad,2026-01-24,Winter,45,95,29,22.0458333333333,59.0416666666667,1.69041666666667,95,Satisfactory,pm10,-0.9847955514379424,-1.3161876678984634,0.2436176104049007,0.9006917153247243,-0.25672296915474435,0.12743271720406757,MODELING_HISTORY,Cluster 3,0.6465137422428878
PROJ_186,"New Malakpet, Hyderabad - TSPCB",Hyderabad,2026-01-25,Winter,36,88,28,23.2833333333333,58.6666666666667,1.56166666666667,88,Satisfactory,pm10,-0.6680425820931606,-0.764960558159276,0.2034187486014303,1.0918189475010394,-0.15668712210166136,-0.10039190595656212,MODELING_HISTORY,Cluster 3,0.8191440140668871
PROJ_186,"New Malakpet, Hyderabad - TSPCB",Hyderabad,2026-01-26,Winter,35,87,31,23.5916666666667,58.3333333333333,2.13916666666667,87,Satisfactory,pm10,-0.4271974438711029,-0.7093267808591884,0.03623732232306331,0.6732970226572825,-0.3426383676860916,-0.0696706038227864,MODELING_HISTORY,Cluster 3,0.6760761650236261
PROJ_186,"New Malakpet, Hyderabad - TSPCB",Hyderabad,2026-01-27,Winter,38,90,36,23.7333333333333,54.75,1.96416666666667,90,Satisfactory,pm10,-0.7810149349954874,-0.6573434504978415,-0.23745883872905635,0.6452240505619804,-0.36330636215736384,0.03901576081045115,MODELING_HISTORY,Cluster 3,0.5573419906401775
PROJ_186,"New Malakpet, Hyderabad - TSPCB",Hyderabad,2026-01-28,Winter,33,87,26,23.8791666666667,54.625,1.34458333333333,87,Satisfactory,pm10,-0.748528735764757,-0.4231590062962578,0.303815180780852,1.2666035530097488,-0.196846970930746,-0.17963022579328852,MODELING_HISTORY,Cluster 3,1.1025182894897934
PROJ_186,"New Malakpet, Hyderabad - TSPCB",Hyderabad,2026-01-29,Winter,35,86,17,23.8541666666667,57.6666666666667,1.68875,86,Satisfactory,pm10,-0.5004942476424339,-0.5631152387594106,0.9054459061282416,1.0830333127233644,-0.16852935033298816,-0.173770178407881,MODELING_HISTORY,Cluster 3,1.2628607332726345
PROJ_186,"New Malakpet, Hyderabad - TSPCB",Hyderabad,2026-01-30,Winter,37,89,18,23.4041666666667,58.2916666666667,1.95125,89,Satisfactory,pm10,-0.49186460953051414,-0.775812359653522,0.8751767807696904,0.8859842926697822,-0.2879851886998323,-0.13939961877574372,MODELING_HISTORY,Cluster 3,1.0853634565326764
PROJ_186,"New Malakpet, Hyderabad - TSPCB",Hyderabad,2026-01-31,Winter,44,96,18,22.9333333333333,56.7916666666667,1.98291666666667,96,Satisfactory,pm10,-0.8491687159295958,-1.0521399576035797,0.9668751059634032,0.7186453954997518,-0.34866612972687294,-0.00871382160765379,MODELING_HISTORY,Cluster 3,0.9696247448111601
PROJ_186,"New Malakpet, Hyderabad - TSPCB",Hyderabad,2026-02-01,Winter,38,88,35,22.5291666666667,62.25,1.67875,88,Satisfactory,pm10,-0.6258286377086227,-1.0971341384232502,-0.23348085550327652,0.988253581837052,-0.1308548422631876,0.01332388713584625,MODELING_HISTORY,Cluster 3,0.7737858105193274
PROJ_186,"New Malakpet, Hyderabad - TSPCB",Hyderabad,2026-02-02,Winter,49,98,18,22.8125,60.75,1.42291666666667,98,Satisfactory,pm10,-1.1623171114917077,-1.2681267876956204,0.9833947632297664,0.9621129161648828,0.0670346558036018,0.03621220863877063,MODELING_HISTORY,Cluster 3,1.1394523621553976
PROJ_186,"New Malakpet, Hyderabad - TSPCB",Hyderabad,2026-02-05,Winter,32,90,31,23.0541666666667,57.6666666666667,1.77958333333333,90,Satisfactory,pm10,-0.5404933545524289,-0.7492984064234696,-0.01975129695245202,1.0203772432408154,-0.388741030682788,-0.23330055529515228,MODELING_HISTORY,Cluster 3,0.814443816452611
PROJ_186,"New Malakpet, Hyderabad - TSPCB",Hyderabad,2026-02-06,Winter,35,88,31,23.4666666666667,52.25,1.53791666666667,88,Satisfactory,pm10,-0.8379002564763206,-0.5199338091448947,0.02390054285242927,1.102898550937716,-0.39037592376950503,-0.02598273072508114,MODELING_HISTORY,Cluster 3,0.876098416924186
PROJ_186,"New Malakpet, Hyderabad - TSPCB",Hyderabad,2026-02-07,Winter,35,86,30,24.0208333333333,43.8333333333333,1.61333333333333,86,Satisfactory,pm10,-0.987833092224677,-0.13663185018383783,0.12468306497378852,1.0438974436013428,-0.6567087831697442,0.12245333579776913,MODELING_HISTORY,Cluster 3,1.0833079775443375
PROJ_186,"New Malakpet, Hyderabad - TSPCB",Hyderabad,2026-02-09,Winter,33,86,30,23.5666666666667,36.5833333333333,1.385,86,Satisfactory,pm10,-1.1875417815835745,0.0326225618071108,0.1069004516682365,1.327428396417787,-0.9628044812661304,0.17532527251364238,MODELING_HISTORY,Cluster 3,1.4133244805051477
PROJ_186,"New Malakpet, Hyderabad - TSPCB",Hyderabad,2026-02-10,Winter,29,83,29,23.7625,40.6666666666667,1.54791666666667,83,Satisfactory,pm10,-0.8385239153409136,0.05651206078755141,0.11716700412871232,1.2999833978011504,-0.8833264927051416,0.03223812701167188,MODELING_HISTORY,Cluster 3,1.400943059174464
PROJ_186,"New Malakpet, Hyderabad - TSPCB",Hyderabad,2026-02-11,Winter,30,82,28,23.2541666666667,53.4583333333333,1.65708333333333,82,Satisfactory,pm10,-0.4618466208037968,-0.44592373530901386,0.14721022538645678,1.2383833477534978,-0.4697331272881892,-0.08052138953694538,MODELING_HISTORY,Cluster 3,1.1396998512208651
PROJ_186,"New Malakpet, Hyderabad - TSPCB",Hyderabad,2026-02-12,Winter,42,92,30,23.5291666666667,50.3333333333333,1.64375,92,Satisfactory,pm10,-1.1254914692234144,-0.6397596953225537,0.1879607375074529,0.8557788540833149,-0.39789299598646055,0.15377829936877907,MODELING_HISTORY,Cluster 3,0.625843802959026
PROJ_186,"New Malakpet, Hyderabad - TSPCB",Hyderabad,2026-02-13,Winter,42,95,29,24.0833333333333,44.875,1.50291666666667,95,Satisfactory,pm10,-1.3854036087894983,-0.37522957320306694,0.2735955838112145,0.8808310389680382,-0.499003558055744,0.11983083365615488,MODELING_HISTORY,Cluster 3,0.9205799579170845
PROJ_186,"New Malakpet, Hyderabad - TSPCB",Hyderabad,2026-02-14,Winter,33,87,29,24.6041666666667,41.5416666666667,1.52041666666667,87,Satisfactory,pm10,-1.0509778732674369,0.09906251575821144,0.17655928877198485,1.0814790653758246,-0.6684586484092898,0.01717969892839452,MODELING_HISTORY,Cluster 3,1.3023429732918836
PROJ_186,"New Malakpet, Hyderabad - TSPCB",Hyderabad,2026-02-20,Winter,30,84,25,24.9625,52.2916666666667,2.24958333333333,84,Satisfactory,pm10,-0.3170420200347343,-0.09811238158464952,0.39936894393746264,0.6384063229687957,-0.49010750454424223,-0.19271948133645384,MODELING_HISTORY,Cluster 3,1.177174609481446
PROJ_186,"New Malakpet, Hyderabad - TSPCB",Hyderabad,2026-02-21,Winter,38,89,23,25.9625,49.7083333333333,1.7575,89,Satisfactory,pm10,-0.9322624074842764,0.03128747235565804,0.6229856024177653,0.6447988547034015,-0.1581635514355288,-0.08226281495576701,MODELING_HISTORY,Cluster 3,1.1887891037978788
PROJ_186,"New Malakpet, Hyderabad - TSPCB",Hyderabad,2026-02-22,Winter,30,82,24,26.1375,51.0833333333333,1.47541666666667,82,Satisfactory,pm10,-0.6483417075315326,0.2852630377117197,0.4389301436677281,1.028543188219576,-0.07267386679113791,-0.23802202582179796,MODELING_HISTORY,Cluster 3,1.509929727734671
PROJ_186,"New Malakpet, Hyderabad - TSPCB",Hyderabad,2026-02-23,Winter,30,83,21,25.3625,60.9583333333333,1.56458333333333,83,Satisfactory,pm10,-0.3369687886754362,-0.18734991111583216,0.5917417367498186,1.0495039811671498,0.16305015405857914,-0.3919524596472422,MODELING_HISTORY,Cluster 3,1.3268004416355226
PROJ_186,"New Malakpet, Hyderabad - TSPCB",Hyderabad,2026-02-24,Winter,36,85,10,23.9791666666667,67.2083333333333,1.47875,85,Satisfactory,pm10,-0.3042173188742579,-0.7947053201121071,1.3188586568681195,1.220455506936148,0.3227247265011582,-0.33057454488134136,MODELING_HISTORY,Cluster 3,1.6579699970600423
PROJ_186,"New Malakpet, Hyderabad - TSPCB",Hyderabad,2026-02-25,Winter,41,90,26,24.7208333333333,62.0833333333333,1.09291666666667,90,Satisfactory,pm10,-0.988212008899336,-0.6235088571137655,0.37500883881396807,1.0921475391758046,0.4345899243690613,-0.14049415876029203,MODELING_HISTORY,Cluster 3,0.8607398180612738
PROJ_186,"New Malakpet, Hyderabad - TSPCB",Hyderabad,2026-02-26,Winter,33,91,27,24.9083333333333,58,1.03416666666667,91,Satisfactory,pm10,-0.9056908587557552,-0.3085475568698665,0.23158010714555605,1.2756903074893162,0.1778545655947083,-0.39749995480502137,MODELING_HISTORY,Cluster 3,1.14103739328953
PROJ_186,"New Malakpet, Hyderabad - TSPCB",Hyderabad,2026-02-27,Winter,39,91,28,26.0541666666667,52.5,1.24625,91,Satisfactory,pm10,-1.1811744074065125,-0.03426383129805967,0.28435362144932763,0.8705189104452163,0.15839431495943063,-0.13704517842675798,MODELING_HISTORY,Cluster 3,1.1153576347915675
PROJ_186,"New Malakpet, Hyderabad - TSPCB",Hyderabad,2026-02-28,Winter,38,91,29,26.8375,47.6666666666667,1.82291666666667,91,Satisfactory,pm10,-1.0705448979845005,0.25052320786853555,0.26696532125765565,0.4191286595030262,-0.1416790496245539,-0.10072571173359494,MODELING_HISTORY,Cluster 3,1.2565603745446687
PROJ_186,"New Malakpet, Hyderabad - TSPCB",Hyderabad,2026-03-01,Summer / Pre-monsoon,33,87,28,27.5541666666667,45.875,1.90166666666667,87,Satisfactory,pm10,-0.8685981282831761,0.5983866344508915,0.2864765110577535,0.4342344712472635,-0.19819999847940717,-0.1961380636480782,MODELING_HISTORY,Cluster 1,1.0154558569261387
PROJ_186,"New Malakpet, Hyderabad - TSPCB",Hyderabad,2026-03-02,Summer / Pre-monsoon,44,93,29,28.0416666666667,47.6666666666667,1.36958333333333,93,Satisfactory,pm10,-1.5094637494469212,0.4150109754720455,0.3324387072909202,0.4135970345026084,0.2927940634014218,-0.02334182894086645,MODELING_HISTORY,Cluster 1,1.3650727521123627
PROJ_186,"New Malakpet, Hyderabad - TSPCB",Hyderabad,2026-03-03,Summer / Pre-monsoon,32,86,30,28.4083333333333,41.625,1.56958333333333,86,Satisfactory,pm10,-1.1013809235735792,0.9672089594824768,0.1545723448652918,0.5706417448463456,-0.1300119653210408,-0.19144683031962667,MODELING_HISTORY,Cluster 1,0.8786819055357447
PROJ_186,"New Malakpet, Hyderabad - TSPCB",Hyderabad,2026-03-04,Summer / Pre-monsoon,45,95,28,27.8791666666667,34.5,1.60083333333333,95,Satisfactory,pm10,-1.8014002248428196,0.7029180161955634,0.4645420229436783,0.3072732340735419,-0.33024878623957193,0.18389972068821195,MODELING_HISTORY,Cluster 1,1.3930879774827787
PROJ_186,"New Malakpet, Hyderabad - TSPCB",Hyderabad,2026-03-05,Summer / Pre-monsoon,39,89,24,28.3291666666667,29.625,1.71583333333333,89,Satisfactory,pm10,-1.560749548862027,1.1229726803813158,0.6687924435043805,0.4151579634758419,-0.5682066060262392,0.145136822891473,MODELING_HISTORY,Cluster 1,1.2322508799366652
PROJ_186,"New Malakpet, Hyderabad - TSPCB",Hyderabad,2026-03-06,Summer / Pre-monsoon,36,89,25,28.8875,26.4166666666667,1.81875,89,Satisfactory,pm10,-1.5337236979422904,1.390720928053655,0.5938696193842997,0.3419786408350288,-0.701013507514723,0.06934084608322058,MODELING_HISTORY,Cluster 1,1.1142370507807282
PROJ_186,"New Malakpet, Hyderabad - TSPCB",Hyderabad,2026-03-07,Summer / Pre-monsoon,37,88,26,28.9083333333333,29.2916666666667,1.67041666666667,88,Satisfactory,pm10,-1.5413096803304942,1.3128739084165195,0.5235933560226617,0.4033377186776479,-0.5068914057555107,0.08313284807048815,MODELING_HISTORY,Cluster 1,1.1036359141744063
PROJ_186,"New Malakpet, Hyderabad - TSPCB",Hyderabad,2026-03-08,Summer / Pre-monsoon,34,85,25,27.9291666666667,39.5,1.49916666666667,85,Satisfactory,pm10,-1.1690617075338423,0.9054946179372868,0.49107536580443406,0.7035266112314776,-0.22142362673150265,-0.07465129285567824,MODELING_HISTORY,Cluster 1,1.1660084216405175
PROJ_186,"New Malakpet, Hyderabad - TSPCB",Hyderabad,2026-03-09,Summer / Pre-monsoon,36,86,21,27.3166666666667,54.9166666666667,1.97166666666667,86,Satisfactory,pm10,-0.6212655246130017,0.2368308723790849,0.7351950942702885,0.39369595773859,0.1531596711118742,-0.2374485477610536,MODELING_HISTORY,Cluster 3,1.433118745664442
PROJ_186,"New Malakpet, Hyderabad - TSPCB",Hyderabad,2026-03-11,Summer / Pre-monsoon,28,83,27,28.1208333333333,39.2083333333333,1.64166666666667,83,Satisfactory,pm10,-0.9210001798989874,1.0830775659201306,0.3020760414867531,0.7131145515208214,-0.34726270976075574,-0.22599648241909936,MODELING_HISTORY,Cluster 1,0.9645655716938376
PROJ_186,"New Malakpet, Hyderabad - TSPCB",Hyderabad,2026-03-12,Summer / Pre-monsoon,32,87,37,29.0333333333333,36.75,1.61333333333333,87,Satisfactory,pm10,-1.3006451840477449,1.2237667552584517,-0.26131242911193553,0.40359812567972614,-0.24826287273157804,-0.12128990858540872,MODELING_HISTORY,Cluster 1,0.7430814823052306
PROJ_186,"New Malakpet, Hyderabad - TSPCB",Hyderabad,2026-03-14,Summer / Pre-monsoon,34,86,38,29.3916666666667,39.2916666666667,2.33166666666667,86,Satisfactory,pm10,-1.0067599309359072,1.1375292513873314,-0.26753718941724625,-0.1714327775039023,-0.31297091068699767,-0.03603158851108871,MODELING_HISTORY,Cluster 1,0.34880059759382487
PROJ_186,"New Malakpet, Hyderabad - TSPCB",Hyderabad,2026-03-15,Summer / Pre-monsoon,30,83,40,28.4166666666667,43.9583333333333,2.19333333333333,83,Satisfactory,pm10,-0.7542258099907849,0.905145277381324,-0.4819212766775965,0.12225676831716692,-0.2736326043665013,-0.12025472616407246,MODELING_HISTORY,Cluster 1,0.6286804855841196
PROJ_186,"New Malakpet, Hyderabad - TSPCB",Hyderabad,2026-03-16,Summer / Pre-monsoon,43,91,38,27.7875,46.375,1.85583333333333,91,Satisfactory,pm10,-1.342105198198177,0.3825859503073187,-0.22634618530753217,0.08462464660094055,0.02756432500100297,0.11541144591646288,MODELING_HISTORY,Cluster 1,1.1394286078072078
PROJ_186,"New Malakpet, Hyderabad - TSPCB",Hyderabad,2026-03-17,Summer / Pre-monsoon,26,81,23,26.2375,52.2916666666667,1.73208333333333,81,Satisfactory,pm10,-0.3691961162746608,0.34309743668644443,0.46508925898347614,0.9453415594453524,-0.1668079907538078,-0.3753131303984532,MODELING_HISTORY,Cluster 3,1.6133574546255876
PROJ_186,"New Malakpet, Hyderabad - TSPCB",Hyderabad,2026-03-18,Summer / Pre-monsoon,40,89,25,23.5916666666667,62,2.32625,89,Satisfactory,pm10,-0.40067883398852217,-0.944129223969079,0.47641208483567105,0.46671258349658473,-0.19344584531493367,-0.02798174671630527,MODELING_HISTORY,Cluster 3,0.702707642619488
PROJ_186,"New Malakpet, Hyderabad - TSPCB",Hyderabad,2026-03-19,Summer / Pre-monsoon,27,80,31,24.8666666666667,60.75,1.25041666666667,80,Satisfactory,pm10,-0.387029159055496,-0.18853581613818335,-0.10528534011571836,1.3184814404043383,0.1656695830947193,-0.34217719613412506,MODELING_HISTORY,Cluster 3,1.376223715936072
PROJ_186,"New Malakpet, Hyderabad - TSPCB",Hyderabad,2026-03-20,Summer / Pre-monsoon,36,88,84,25.6125,56.625,1.07875,88,Satisfactory,pm10,-1.4392464939561684,-0.22858070711523432,-3.338984682317283,0.5745413044095977,0.31065292892692337,0.17888433914575497,MODELING_HISTORY,Cluster 3,3.5305505570215954
PROJ_186,"New Malakpet, Hyderabad - TSPCB",Hyderabad,2026-03-21,Summer / Pre-monsoon,32,85,35,26.4583333333333,56.875,1.15708333333333,85,Satisfactory,pm10,-0.8494147902227025,0.1281532194163005,-0.26411205031519414,0.99584559404908,0.34117685891632743,-0.2871099189771076,MODELING_HISTORY,Cluster 3,1.3240863553275521
PROJ_186,"New Malakpet, Hyderabad - TSPCB",Hyderabad,2026-03-22,Summer / Pre-monsoon,29,85,24,26.8958333333333,62.2916666666667,1.25375,85,Satisfactory,pm10,-0.5078783089037249,0.13637875282244377,0.39193074826524726,1.0219460459109393,0.5275063531888954,-0.577484722637304,MODELING_HISTORY,Cluster 3,1.4112096222996373
PROJ_186,"New Malakpet, Hyderabad - TSPCB",Hyderabad,2026-03-23,Summer / Pre-monsoon,41,92,27,28.0333333333333,52.8333333333333,1.7925,92,Satisfactory,pm10,-1.0829227289392305,0.301027844381993,0.4280525277360567,0.2064755223299148,0.29585052198367356,-0.1783880697602472,MODELING_HISTORY,Cluster 1,1.260100432956076
PROJ_186,"New Malakpet, Hyderabad - TSPCB",Hyderabad,2026-03-24,Summer / Pre-monsoon,34,87,29,28.6416666666667,49.8333333333333,1.1275,87,Satisfactory,pm10,-1.1531029400014785,0.7686905824020965,0.19489354104993512,0.7550013582826238,0.4169159515439209,-0.31666974221456523,MODELING_HISTORY,Cluster 1,1.1431758491103863
PROJ_186,"New Malakpet, Hyderabad - TSPCB",Hyderabad,2026-03-25,Summer / Pre-monsoon,42,94,37,29.0666666666667,49.125,1.28208333333333,94,Satisfactory,pm10,-1.562972443149781,0.6263840443780517,-0.19327847615904956,0.2872752115349265,0.497315903506845,-0.14658459544173835,MODELING_HISTORY,Cluster 1,1.1326026317983582
PROJ_186,"New Malakpet, Hyderabad - TSPCB",Hyderabad,2026-03-26,Summer / Pre-monsoon,29,86,39,29.7041666666667,42.1666666666667,1.50958333333333,86,Satisfactory,pm10,-1.1334302070101052,1.292032954237056,-0.43943168318775944,0.41550209352911455,0.05759268744805679,-0.3177377475557325,MODELING_HISTORY,Cluster 1,0.7035722560491992
PROJ_186,"New Malakpet, Hyderabad - TSPCB",Hyderabad,2026-03-27,Summer / Pre-monsoon,29,83,41,30.1583333333333,41.5833333333333,1.63125,83,Satisfactory,pm10,-1.0707298608159934,1.427414959839943,-0.5555102940861619,0.28656926314325526,0.07680084225587935,-0.2376855485733847,MODELING_HISTORY,Cluster 1,0.6551655257201644
PROJ_186,"New Malakpet, Hyderabad - TSPCB",Hyderabad,2026-03-28,Summer / Pre-monsoon,28,81,38,31.1583333333333,33.2083333333333,2.21791666666667,81,Satisfactory,pm10,-0.9799765766202104,1.888671617282135,-0.30612447431782674,-0.1279538940251133,-0.3248511783837855,-0.1360655691014225,MODELING_HISTORY,Cluster 1,0.5942950498214125
PROJ_186,"New Malakpet, Hyderabad - TSPCB",Hyderabad,2026-03-29,Summer / Pre-monsoon,29,84,36,30.9083333333333,34.1666666666667,1.81625,84,Satisfactory,pm10,-1.1826916481809626,1.791187863190141,-0.19173916513123457,0.13607584735479283,-0.1804795307181476,-0.2123972349384377,MODELING_HISTORY,Cluster 1,0.6328298826995286
PROJ_186,"New Malakpet, Hyderabad - TSPCB",Hyderabad,2026-03-30,Summer / Pre-monsoon,50,97,37,30.4791666666667,40.1666666666667,1.77708333333333,97,Satisfactory,pm10,-1.92892527511144,0.9671591497992988,-0.01919310255098811,-0.3860379937189977,0.29484742166120853,0.16023397134674633,MODELING_HISTORY,Cluster 1,1.234219781666996
PROJ_186,"New Malakpet, Hyderabad - TSPCB",Hyderabad,2026-03-31,Summer / Pre-monsoon,45,86,33,27.7875,54.7083333333333,2.22833333333333,86,Satisfactory,pm10,-0.9061550558580878,0.12701830597782812,0.10038246843901248,-0.1446327089025537,0.28436018208617764,0.16647807488440097,MODELING_HISTORY,Cluster 3,1.2287359790784727
PROJ_186,"New Malakpet, Hyderabad - TSPCB",Hyderabad,2026-04-01,Summer / Pre-monsoon,32,87,26,28.7333333333333,53.5833333333333,1.79333333333333,87,Satisfactory,pm10,-0.7082638570273401,0.6687489485063945,0.3862115082467469,0.3593333956267545,0.30195862983627253,-0.43714137064672,MODELING_HISTORY,Cluster 1,0.97271644403115
PROJ_186,"New Malakpet, Hyderabad - TSPCB",Hyderabad,2026-04-02,Summer / Pre-monsoon,29,83,33,28.5125,46,1.82083333333333,83,Satisfactory,pm10,-0.7693579921120608,0.9288235643297088,-0.07481500303768804,0.43579053707929594,-0.06510622735343385,-0.2644030921585956,MODELING_HISTORY,Cluster 1,0.6913710722061078
PROJ_186,"New Malakpet, Hyderabad - TSPCB",Hyderabad,2026-04-07,Summer / Pre-monsoon,33,87,32,30.2958333333333,28.0833333333333,1.79375,87,Satisfactory,pm10,-1.4719189461800275,1.7282312576874304,0.12394759073508556,0.18201732607057097,-0.4540080203484934,-0.04337655567839148,MODELING_HISTORY,Cluster 1,0.8546226163124404
PROJ_186,"New Malakpet, Hyderabad - TSPCB",Hyderabad,2026-04-08,Summer / Pre-monsoon,44,97,31,30.9458333333333,28.7083333333333,1.75,97,Satisfactory,pm10,-2.0106355215271554,1.5358870657705856,0.3343245734112369,-0.1951821324451274,-0.1862831011406564,0.05257385244132095,MODELING_HISTORY,Cluster 1,1.308777188711498
PROJ_186,"New Malakpet, Hyderabad - TSPCB",Hyderabad,2026-04-11,Summer / Pre-monsoon,32,84,45,31.5916666666667,39.4166666666667,1.61583333333333,84,Satisfactory,pm10,-1.316455589023405,1.7338364566784912,-0.7467208899027173,0.00589172902050083,0.2573303114761326,-0.1696909322917245,MODELING_HISTORY,Cluster 1,0.9090046230781152
PROJ_186,"New Malakpet, Hyderabad - TSPCB",Hyderabad,2026-04-12,Summer / Pre-monsoon,30,84,44,32.3125,37.75,1.85583333333333,84,Satisfactory,pm10,-1.214257522005249,1.9641187585940472,-0.6784565517686656,-0.1877072003179826,0.17637130734735218,-0.24883554548729583,MODELING_HISTORY,Cluster 1,0.9324016145245692
PROJ_186,"New Malakpet, Hyderabad - TSPCB",Hyderabad,2026-04-13,Summer / Pre-monsoon,50,96,42,32.8,36.9583333333333,2.38041666666667,96,Satisfactory,pm10,-1.856212502684223,1.528535850749294,-0.2629278144496441,-1.1141888181232678,0.30258775760265755,0.17905675148005468,MODELING_HISTORY,Cluster 1,1.4815411967567167
PROJ_186,"New Malakpet, Hyderabad - TSPCB",Hyderabad,2026-04-14,Summer / Pre-monsoon,31,84,44,33.2291666666667,36.375,2.16833333333333,84,Satisfactory,pm10,-1.1800260758262615,2.1614117968372524,-0.6327112382624808,-0.5298681527679343,0.16237541162504382,-0.2232611813156297,MODELING_HISTORY,Cluster 1,1.1155771979677591
PROJ_186,"New Malakpet, Hyderabad - TSPCB",Hyderabad,2026-04-15,Summer / Pre-monsoon,30,83,49,33.575,32.0416666666667,2.01166666666667,83,Satisfactory,pm10,-1.3532326734350557,2.400507680041463,-0.952358836827092,-0.471107003938088,0.09009166872656292,-0.15855693898390638,MODELING_HISTORY,Cluster 1,1.4956747835955426
PROJ_186,"New Malakpet, Hyderabad - TSPCB",Hyderabad,2026-04-18,Summer / Pre-monsoon,45,95,48,33.2708333333333,37.5833333333333,1.82083333333333,95,Satisfactory,pm10,-1.9592141047190923,1.7644599031883188,-0.7297346073200035,-0.7507429510246809,0.5213757558817053,-8.339949747614012e-4,MODELING_HISTORY,Cluster 1,1.522012490161218
PROJ_186,"New Malakpet, Hyderabad - TSPCB",Hyderabad,2026-04-19,Summer / Pre-monsoon,27,82,35,32.7291666666667,41.625,1.47,82,Satisfactory,pm10,-1.083186453124412,2.07061881875146,-0.17295366081889935,0.1653805983229335,0.4858997029368215,-0.47692171847339643,MODELING_HISTORY,Cluster 1,0.8159811943532295
PROJ_186,"New Malakpet, Hyderabad - TSPCB",Hyderabad,2026-04-20,Summer / Pre-monsoon,33,84,38,32.4041666666667,34.1666666666667,2.09958333333333,84,Satisfactory,pm10,-1.2499783057331326,2.0163415381262646,-0.23582474314359383,-0.3519952173591513,0.00934488203951955,-0.11831373820106696,MODELING_HISTORY,Cluster 1,0.8458065473252036
PROJ_186,"New Malakpet, Hyderabad - TSPCB",Hyderabad,2026-04-21,Summer / Pre-monsoon,41,90,32,32.1125,40.9583333333333,1.82958333333333,90,Satisfactory,pm10,-1.4890667352332247,1.5630524093793978,0.2058091713661543,-0.33288180076141494,0.4321612671875959,-0.12575540829271598,MODELING_HISTORY,Cluster 1,0.8214489298614809
PROJ_186,"New Malakpet, Hyderabad - TSPCB",Hyderabad,2026-04-22,Summer / Pre-monsoon,44,93,41,32.2916666666667,37,1.72708333333333,93,Satisfactory,pm10,-1.8566316617221672,1.622350232874386,-0.31617419730243407,-0.450667229327505,0.37807196065013976,0.01939716122616359,MODELING_HISTORY,Cluster 1,1.1641531078799023
PROJ_186,"New Malakpet, Hyderabad - TSPCB",Hyderabad,2026-04-23,Summer / Pre-monsoon,31,86,36,32.4333333333333,37.2083333333333,1.435,86,Satisfactory,pm10,-1.405215036717525,2.013214105785584,-0.17533723122370065,0.11364357642479272,0.3262625021930229,-0.34088861225204686,MODELING_HISTORY,Cluster 1,0.92234464724885
PROJ_186,"New Malakpet, Hyderabad - TSPCB",Hyderabad,2026-04-24,Summer / Pre-monsoon,45,93,39,32.8208333333333,32.9166666666667,1.88083333333333,93,Satisfactory,pm10,-1.9264527508018188,1.8284626141658675,-0.1482211901424769,-0.6065692965620307,0.25593443901537855,0.08519081657613137,MODELING_HISTORY,Cluster 1,1.3234328601425345
PROJ_186,"New Malakpet, Hyderabad - TSPCB",Hyderabad,2026-04-25,Summer / Pre-monsoon,42,95,43,33.0041666666667,34.5,1.69625,95,Satisfactory,pm10,-1.9475006052158128,1.87302634529944,-0.4476839405006789,-0.5082760437102648,0.3503678092923056,-0.08951081604304423,MODELING_HISTORY,Cluster 1,1.3658841952182377
PROJ_186,"New Malakpet, Hyderabad - TSPCB",Hyderabad,2026-04-26,Summer / Pre-monsoon,29,84,38,33.7208333333333,35.9166666666667,1.94916666666667,84,Satisfactory,pm10,-1.1855588894140243,2.35155040155211,-0.2788464631328842,-0.3472262630519194,0.2585228414961627,-0.3702326216344762,MODELING_HISTORY,Cluster 1,1.1067127861107895
PROJ_186,"New Malakpet, Hyderabad - TSPCB",Hyderabad,2026-04-27,Summer / Pre-monsoon,36,83,37,34.0083333333333,35.5,2.09458333333333,83,Satisfactory,pm10,-1.3296947339015697,2.2858354448227,-0.12096512396270512,-0.6100111486163524,0.3591423337802869,-0.09988628099353604,MODELING_HISTORY,Cluster 1,1.1834647426848799
PROJ_186,"New Malakpet, Hyderabad - TSPCB",Hyderabad,2026-04-28,Summer / Pre-monsoon,51,98,37,33.4458333333333,38.8333333333333,1.81541666666667,98,Satisfactory,pm10,-2.0850231617523667,1.6319009311126402,0.04110247019870758,-0.8255667542185219,0.6793928702148844,0.03418573321616702,MODELING_HISTORY,Cluster 1,1.509611991528159
PROJ_186,"New Malakpet, Hyderabad - TSPCB",Hyderabad,2026-04-29,Summer / Pre-monsoon,36,73,42,33.9833333333333,32.1666666666667,2.03833333333333,72,Satisfactory,pm10,-1.282433992849929,2.4766174299135857,-0.4433330106362967,-0.5111724632345941,0.30616208136274115,0.23430523212779997,MODELING_HISTORY,Cluster 1,1.327487160798962
PROJ_186,"New Malakpet, Hyderabad - TSPCB",Hyderabad,2026-04-30,Summer / Pre-monsoon,34,73,32,34.7083333333333,26.5416666666667,2.12583333333333,72,Satisfactory,pm10,-1.267829539582071,2.8487790351172615,0.20144636269898747,-0.5013825031044437,0.1199003926847399,0.14408116314031727,MODELING_HISTORY,Cluster 1,1.643064678744526
PROJ_186,"New Malakpet, Hyderabad - TSPCB",Hyderabad,2026-05-01,Summer / Pre-monsoon,39,78,44,33.7083333333333,25.4166666666667,2.37625,78,Satisfactory,pm10,-1.5101107886697105,2.4687706696692064,-0.4916035994812833,-0.7995210004347635,-0.10011979621814536,0.3726164996310749,MODELING_HISTORY,Cluster 1,1.5394995717067153
PROJ_186,"New Malakpet, Hyderabad - TSPCB",Hyderabad,2026-05-02,Summer / Pre-monsoon,33,74,31,34.375,24.625,2.27416666666667,73,Satisfactory,pm10,-1.226918566686249,2.8292982654546917,0.26422459994945774,-0.5257708521759892,-0.0826619635060776,0.13219270070545308,MODELING_HISTORY,Cluster 1,1.6335093761918353
PROJ_186,"New Malakpet, Hyderabad - TSPCB",Hyderabad,2026-05-03,Summer / Pre-monsoon,44,82,29,33.8916666666667,27.0833333333333,2.41958333333333,82,Satisfactory,pm10,-1.5626637642136032,2.3376351995528437,0.524002214590274,-0.858732605056817,0.03263769965249101,0.31375507140091236,MODELING_HISTORY,Cluster 1,1.5874325471681026
PROJ_186,"New Malakpet, Hyderabad - TSPCB",Hyderabad,2026-05-07,Summer / Pre-monsoon,26,66,27,30.4833333333333,50.2083333333333,2.15916666666667,65,Satisfactory,pm10,-0.11831240673332025,1.4588829867683202,0.2802026851536864,0.21550192641503027,0.31730310152044827,-0.1479076186220133,MODELING_HISTORY,Cluster 1,0.8520999109959183
PROJ_186,"New Malakpet, Hyderabad - TSPCB",Hyderabad,2026-05-08,Summer / Pre-monsoon,32,70,29,30.1375,50.25,2.58,69,Satisfactory,pm10,-0.21165214845527716,1.1806512019037303,0.2467562829035208,-0.20171499851738056,0.1970432291596896,0.02604270417399791,MODELING_HISTORY,Cluster 1,0.7154960383836938
PROJ_186,"New Malakpet, Hyderabad - TSPCB",Hyderabad,2026-05-14,Summer / Pre-monsoon,43,79,42,32.6541666666667,44.2916666666667,1.55708333333333,79,Satisfactory,pm10,-1.460978279983356,1.6668942128416755,-0.43784934755221744,-0.27526930782621817,0.8479762746950366,0.19438506112567625,MODELING_HISTORY,Cluster 1,0.8198521340858629
PROJ_186,"New Malakpet, Hyderabad - TSPCB",Hyderabad,2026-05-15,Summer / Pre-monsoon,56,86,36,33.4541666666667,43.7916666666667,1.82083333333333,93,Satisfactory,pm2_5,-1.8698393997235156,1.5122539732720803,0.13205150375228988,-0.8372884837329294,1.0324768873793555,0.4281067073884331,MODELING_HISTORY,Cluster 1,1.3314452674569894
PROJ_186,"New Malakpet, Hyderabad - TSPCB",Hyderabad,2026-05-16,Summer / Pre-monsoon,31,69,21,32.7833333333333,47.25,1.83583333333333,68,Satisfactory,pm10,-0.5518617643782049,1.9607272957520283,0.7480071424655562,0.0627087861157003,0.7239460358848293,-0.18017061166464884,MODELING_HISTORY,Cluster 1,1.0909338720991293
PROJ_186,"New Malakpet, Hyderabad - TSPCB",Hyderabad,2026-05-17,Summer / Pre-monsoon,27,67,27,31.8833333333333,49.5,1.94083333333333,66,Satisfactory,pm10,-0.3156108192486425,1.7787441637110566,0.3031307544002009,0.14830841303736425,0.587065028216301,-0.21328837145388604,MODELING_HISTORY,Cluster 1,0.8025484159023811
PROJ_186,"New Malakpet, Hyderabad - TSPCB",Hyderabad,2026-05-18,Summer / Pre-monsoon,34,74,32,32.5666666666667,47.0833333333333,1.91958333333333,73,Satisfactory,pm10,-0.7923977866532206,1.7828461069950423,0.09346110539388865,-0.17979035363670215,0.6828619676979102,-0.09790185562410891,MODELING_HISTORY,Cluster 1,0.4776838989616001
PROJ_186,"New Malakpet, Hyderabad - TSPCB",Hyderabad,2026-05-19,Summer / Pre-monsoon,42,76,39,33.7166666666667,44.375,1.91333333333333,76,Satisfactory,pm10,-1.234173454465614,1.9258489040852944,-0.22957532363854813,-0.5721448159786183,0.8790607917762092,0.17219719246475812,MODELING_HISTORY,Cluster 1,0.8640222197747423
PROJ_186,"New Malakpet, Hyderabad - TSPCB",Hyderabad,2026-05-20,Summer / Pre-monsoon,41,79,39,34.4666666666667,39.3333333333333,2.95875,79,Satisfactory,pm10,-0.9882697071789552,2.140673786224922,-0.15425758479273885,-1.3458738178066034,0.3781106091762212,0.15812545220648122,MODELING_HISTORY,Cluster 1,1.480803622789639
PROJ_186,"New Malakpet, Hyderabad - TSPCB",Hyderabad,2026-05-21,Summer / Pre-monsoon,45,85,34,35.6,33.75,2.94125,85,Satisfactory,pm10,-1.3650230720173293,2.4217744218158894,0.25128757255199174,-1.552500056887517,0.36289324000218853,0.1435936328404288,MODELING_HISTORY,Cluster 1,1.9193889820968488
PROJ_186,"New Malakpet, Hyderabad - TSPCB",Hyderabad,2026-05-22,Summer / Pre-monsoon,37,79,36,33.5375,44.5416666666667,4.525,79,Satisfactory,pm10,-0.05231414615893581,1.7359301332633703,0.04291608611394222,-2.1653842457911603,-0.19046581237337523,0.0477398150248379,MODELING_HISTORY,Cluster 1,2.2292794447048965
PROJ_186,"New Malakpet, Hyderabad - TSPCB",Hyderabad,2026-05-23,Summer / Pre-monsoon,27,68,36,33.5333333333333,42.9166666666667,3.8,67,Satisfactory,pm10,0.12880582676576324,2.157121249984684,-0.12250599480436172,-1.363723041366681,-0.10150376550532177,-0.05642299882038461,MODELING_HISTORY,Cluster 1,1.755387763157683
PROJ_186,"New Malakpet, Hyderabad - TSPCB",Hyderabad,2026-05-24,Summer / Pre-monsoon,33,74,35,33.1333333333333,43.75,4.07583333333333,73,Satisfactory,pm10,-0.0159422265749306,1.8400066578912035,0.02587897759061887,-1.671069191552664,-0.15957303329012512,0.02893638687065744,MODELING_HISTORY,Cluster 1,1.8209990073305207
PROJ_186,"New Malakpet, Hyderabad - TSPCB",Hyderabad,2026-05-25,Summer / Pre-monsoon,34,76,35,33.6958333333333,39.2916666666667,3.24791666666667,76,Satisfactory,pm10,-0.5476167591674272,2.1237444068013014,0.01843069902350288,-1.219489568602926,0.0520799154852587,0.00879753121809746,MODELING_HISTORY,Cluster 1,1.3817067593324608
PROJ_186,"New Malakpet, Hyderabad - TSPCB",Hyderabad,2026-05-26,Summer / Pre-monsoon,31,74,31,33.0291666666667,44.1666666666667,2.69291666666667,73,Satisfactory,pm10,-0.4681275682264921,1.96729052048207,0.17920271343647473,-0.6649436318338902,0.3042097870732729,-0.15002951204595844,MODELING_HISTORY,Cluster 1,0.9370889907139746
PROJ_186,"New Malakpet, Hyderabad - TSPCB",Hyderabad,2026-05-28,Summer / Pre-monsoon,25,68,28,30.8333333333333,57.9166666666667,2.93166666666667,67,Satisfactory,pm10,0.35956773733358516,1.2459863987169189,0.2279196870574011,-0.379499068101811,0.3660144262608922,-0.3231670787485435,MODELING_HISTORY,Cluster 1,1.2412584463531204
PROJ_186,"New Malakpet, Hyderabad - TSPCB",Hyderabad,2026-05-29,Summer / Pre-monsoon,29,70,36,32.1375,48.8333333333333,2.93833333333333,69,Satisfactory,pm10,-0.1285102318420865,1.6866400585772434,-0.1815989466677461,-0.6979151126417886,0.25949832763191705,-0.0986770924189164,MODELING_HISTORY,Cluster 1,0.9548192559293738
PROJ_186,"New Malakpet, Hyderabad - TSPCB",Hyderabad,2026-05-30,Summer / Pre-monsoon,37,79,33,33.3125,39.25,3.41833333333333,79,Satisfactory,pm10,-0.6006524572902654,1.937190931576878,0.1886176308518887,-1.3542022628881938,-0.03473990513707553,0.05965912857562481,MODELING_HISTORY,Cluster 1,1.4236402489241835
PROJ_186,"New Malakpet, Hyderabad - TSPCB",Hyderabad,2026-05-31,Summer / Pre-monsoon,28,71,39,32.6916666666667,41.625,3.0925,70,Satisfactory,pm10,-0.27672757054982045,2.0119439321936703,-0.342554502173781,-0.8588661177723773,-0.02074244386680457,-0.04683184569040063,MODELING_HISTORY,Cluster 1,1.1491054716897162
PROJ_186,"New Malakpet, Hyderabad - TSPCB",Hyderabad,2026-06-01,Monsoon,26,68,33,32.7166666666667,35.5416666666667,1.79166666666667,67,Satisfactory,pm10,-0.7880190470188291,2.3834355412015142,-0.03812814393705515,0.1504449427225304,0.19251450098564243,-0.06634244491570641,MODELING_HISTORY,Cluster 1,1.058851824132933
PROJ_186,"New Malakpet, Hyderabad - TSPCB",Hyderabad,2026-06-02,Monsoon,29,71,36,32.4833333333333,40.625,1.655,70,Satisfactory,pm10,-0.8819960251242949,2.0998783541819783,-0.2169655446479632,0.12912023095028502,0.4439277721871518,-0.08518863219411388,MODELING_HISTORY,Cluster 1,0.7890544564741101
PROJ_186,"New Malakpet, Hyderabad - TSPCB",Hyderabad,2026-06-03,Monsoon,38,83,34,31.6541666666667,45.875,2.62041666666667,83,Satisfactory,pm10,-0.8232488123655752,1.3807060582972903,0.05424231510504081,-0.7057700989679572,0.26354657900028816,-0.05462873190630795,MODELING_HISTORY,Cluster 1,0.6252320075227341
PROJ_186,"New Malakpet, Hyderabad - TSPCB",Hyderabad,2026-06-04,Monsoon,27,68,35,31.2041666666667,49.125,2.94375,67,Satisfactory,pm10,0.01605239579009804,1.5323856517973156,-0.15773010437026863,-0.5093650839328876,0.10742842028978414,-0.08244917953293644,MODELING_HISTORY,Cluster 1,0.9257888454995852
PROJ_186,"New Malakpet, Hyderabad - TSPCB",Hyderabad,2026-06-05,Monsoon,29,71,37,30.2125,56.4583333333333,2.88041666666667,70,Satisfactory,pm10,0.06899685946984406,1.030289498767652,-0.2988754221520538,-0.4580545063348071,0.2910148274440383,-0.1347862695504037,MODELING_HISTORY,Cluster 1,1.0085215623577082
PROJ_186,"New Malakpet, Hyderabad - TSPCB",Hyderabad,2026-06-06,Monsoon,48,92,31,30.5083333333333,54.7916666666667,2.55666666666667,92,Satisfactory,pm10,-1.0430735561280555,0.5830967058859556,0.32504352427443717,-0.8191045287037904,0.5876203785304803,-0.01815636600612721,MODELING_HISTORY,Cluster 1,1.1679015516972802
PROJ_186,"New Malakpet, Hyderabad - TSPCB",Hyderabad,2026-06-07,Monsoon,25,67,27,30.3875,59.6666666666667,2.97541666666667,66,Satisfactory,pm10,0.46182642856084416,1.103982094560341,0.2805024140439518,-0.3383600850810736,0.3587523081318811,-0.30634645789389614,MODELING_HISTORY,Cluster 1,1.3628047348328378
PROJ_186,"New Malakpet, Hyderabad - TSPCB",Hyderabad,2026-06-08,Monsoon,38,75,36,28.9041666666667,63.2916666666667,3.10875,74,Satisfactory,pm10,0.03046334874294279,0.30076958481553856,-0.1527803597427066,-0.6857274280268738,0.416623072602944,0.06144977913142704,MODELING_HISTORY,Cluster 1,1.4637104676936497
PROJ_186,"New Malakpet, Hyderabad - TSPCB",Hyderabad,2026-06-11,Monsoon,19,52,28,30.025,59.375,2.47166666666667,51,Satisfactory,pm10,0.7248396634914073,1.3468230784756603,0.09614674046013448,0.3005039140003044,0.4611931331131424,-0.14837697155152232,MODELING_HISTORY,Cluster 1,1.5880352762740702
PROJ_186,"New Malakpet, Hyderabad - TSPCB",Hyderabad,2026-06-12,Monsoon,15,47,30,30.7083333333333,53.25,2.705,47,Good,pm10,0.8465338704636296,1.7858600148182813,-0.04193550400231816,0.19512080968533388,0.1974828841797113,-0.0830687424616063,MODELING_HISTORY,Cluster 1,1.725419125970158
PROJ_186,"New Malakpet, Hyderabad - TSPCB",Hyderabad,2026-06-13,Monsoon,17,49,28,28.8958333333333,62.25,2.72541666666667,49,Good,pm10,1.0514178529850775,1.0618025822349988,0.05724359638939635,0.33958865929990295,0.298966317827147,-0.11620735879068037,MODELING_HISTORY,Cluster 2,1.5847221200856163
PROJ_186,"New Malakpet, Hyderabad - TSPCB",Hyderabad,2026-06-14,Monsoon,29,54,26,29.2291666666667,59.1666666666667,3.12708333333333,53,Satisfactory,pm10,0.6838959821622134,0.9016185379013566,0.36851044786448395,-0.24001678456257056,0.25897698526328455,0.23284534794941117,MODELING_HISTORY,Cluster 2,1.5571518369139696
PROJ_186,"New Malakpet, Hyderabad - TSPCB",Hyderabad,2026-06-15,Monsoon,36,56,30,31.0208333333333,48.125,3.05458333333333,59,Satisfactory,pm2_5,0.04222052325176365,1.4595521026055207,0.2573071547108495,-0.5875522571403017,0.22597447528240425,0.53731511315803,MODELING_HISTORY,Cluster 1,1.0411541040551937
PROJ_186,"New Malakpet, Hyderabad - TSPCB",Hyderabad,2026-06-16,Monsoon,39,65,29,32.2166666666667,40.625,2.78291666666667,64,Satisfactory,"pm10,pm2_5",-0.5473700736431005,1.815383164013489,0.3945704466256792,-0.6714303084994716,0.20285723606461903,0.4531835139644172,MODELING_HISTORY,Cluster 1,0.9216993820452493
PROJ_186,"New Malakpet, Hyderabad - TSPCB",Hyderabad,2026-06-18,Monsoon,38,73,30,32.1541666666667,43.8333333333333,2.29333333333333,72,Satisfactory,pm10,-0.7955754404794946,1.6865647768668908,0.2916018071927676,-0.415796109020477,0.4326851922562711,0.15153953073264614,MODELING_HISTORY,Cluster 1,0.6064668985676954
PROJ_186,"New Malakpet, Hyderabad - TSPCB",Hyderabad,2026-06-19,Monsoon,25,60,29,32.125,44.9166666666667,2.39166666666667,59,Satisfactory,pm10,-0.07598684798007993,2.0365479094953134,0.1865286238927188,-0.07345181241135496,0.28691398964650783,-0.01403097589859096,MODELING_HISTORY,Cluster 1,1.0340745217250864
PROJ_186,"New Malakpet, Hyderabad - TSPCB",Hyderabad,2026-06-20,Monsoon,27,59,27,32.2625,45.125,2.23541666666667,58,Satisfactory,pm10,-0.16278294440690994,2.0469954731231645,0.3286104228039435,-0.0034795825662805,0.41163849361933447,0.04954165124601205,MODELING_HISTORY,Cluster 1,1.0393333835486778
PROJ_186,"New Malakpet, Hyderabad - TSPCB",Hyderabad,2026-06-21,Monsoon,26,59,26,28.975,62.0416666666667,2.02,58,Satisfactory,pm10,0.3101414155396423,0.8642385542142154,0.26697556378223186,0.5299707705457817,0.6529139173140497,-0.09279827782909748,MODELING_HISTORY,Cluster 1,1.4193401257159735
PROJ_186,"New Malakpet, Hyderabad - TSPCB",Hyderabad,2026-06-22,Monsoon,31,61,29,30.3583333333333,56.25,2.91333333333333,60,Satisfactory,pm10,0.2707121432960873,1.1393142352362249,0.22433186702049185,-0.3712375507198674,0.38278637304102975,0.12577090799703083,MODELING_HISTORY,Cluster 1,1.1711482098354626
PROJ_186,"New Malakpet, Hyderabad - TSPCB",Hyderabad,2026-06-26,Monsoon,16,48,26,27.5416666666667,70.4583333333333,2.69666666666667,48,Good,pm10,1.351484808105606,0.5578928619392304,0.12353809828074488,0.5516402976649146,0.4206407953887571,-0.19875988934396183,MODELING_HISTORY,Cluster 2,1.2074600694269217
PROJ_186,"New Malakpet, Hyderabad - TSPCB",Hyderabad,2026-06-27,Monsoon,24,54,25,26.8625,77.8333333333333,2.29041666666667,53,Satisfactory,pm10,1.0428803679919902,0.00569430464462709,0.23315194360273653,0.6609494164249032,0.8608299450908357,-0.16622724551294735,MODELING_HISTORY,Cluster 2,1.1551292206467998
PROJ_186,"New Malakpet, Hyderabad - TSPCB",Hyderabad,2026-06-28,Monsoon,19,48,26,27.3541666666667,77.625,2.10208333333333,48,Good,pm10,1.2056856538646823,0.2974966705985752,0.10041664682105392,0.8744963345359585,0.9429447813151588,-0.2252235822945164,MODELING_HISTORY,Cluster 2,1.3499863571488044
PROJ_186,"New Malakpet, Hyderabad - TSPCB",Hyderabad,2026-06-29,Monsoon,20,49,26,26.9166666666667,75.8333333333333,2.76166666666667,49,Good,pm10,1.3908507557238152,0.16640512361197884,0.14887658429330036,0.4733474538292002,0.5804555167476252,-0.12534807280301496,MODELING_HISTORY,Cluster 2,0.9044625631536001
PROJ_186,"New Malakpet, Hyderabad - TSPCB",Hyderabad,2026-06-30,Monsoon,16,50,28,27.0166666666667,71.625,4.40708333333333,50,Good,pm10,2.032375914146912,0.23998482403650764,0.07979832531399766,-0.5512819275251917,-0.23977123901813707,-0.12866934431285404,MODELING_HISTORY,Cluster 2,0.7125082322240569
PROJ_186,"New Malakpet, Hyderabad - TSPCB",Hyderabad,2026-07-01,Monsoon,16,47,27,26.2708333333333,74.6666666666667,4.42583333333333,47,Good,pm10,2.2044909112814057,0.01625242539928997,0.1200495647886412,-0.4411956644348296,-0.21949514909812884,-0.0676190934938802,MODELING_HISTORY,Cluster 2,0.666115169928491
PROJ_186,"New Malakpet, Hyderabad - TSPCB",Hyderabad,2026-07-02,Monsoon,22,53,26,25.875,78.4583333333333,4.46875,52,Satisfactory,pm10,2.039562219962987,-0.3662980410002288,0.2460825466324213,-0.6077516609133216,-0.07589952748054485,-0.04176578583223993,MODELING_HISTORY,Cluster 2,0.5744567393370468
PROJ_186,"New Malakpet, Hyderabad - TSPCB",Hyderabad,2026-07-03,Monsoon,18,48,25,25.8541666666667,76.875,5.32916666666667,48,Good,pm10,2.573670722963312,-0.264218226248354,0.3072438823919389,-1.0249187517599634,-0.49250372776387097,0.00403214657636979,MODELING_HISTORY,Cluster 2,1.2346388557269758
PROJ_186,"New Malakpet, Hyderabad - TSPCB",Hyderabad,2026-07-04,Monsoon,21,50,23,24.4083333333333,85.1666666666667,5.49166666666667,50,Good,pm10,2.777072939298875,-0.918294719375862,0.4332416120915265,-1.040759838216306,-0.3986283596363206,0.00629181795479319,MODELING_HISTORY,Cluster 2,1.5691611886777248
PROJ_186,"New Malakpet, Hyderabad - TSPCB",Hyderabad,2026-07-05,Monsoon,15,47,25,25.7791666666667,75.0416666666667,5.56791666666667,47,Good,pm10,2.736374138966606,-0.1770153811978223,0.2885289932487456,-1.0915760221825328,-0.7084428618320766,-0.03380153262320565,MODELING_HISTORY,Cluster 2,1.4001696482254862
PROJ_186,"New Malakpet, Hyderabad - TSPCB",Hyderabad,2026-07-06,Monsoon,14,47,25,27.025,69.625,5.46416666666667,47,Good,pm10,2.551854769536492,0.2862785300448957,0.30640972285617785,-1.1423866087064063,-0.7177644574902616,-0.0584162708017393,MODELING_HISTORY,Cluster 2,1.4128446145741067
PROJ_186,"New Malakpet, Hyderabad - TSPCB",Hyderabad,2026-07-07,Monsoon,28,54,27,27.5125,69.125,5.54833333333333,53,Satisfactory,pm10,1.9845483571666775,0.0454735667608534,0.3662748734558289,-1.6432596565798931,-0.49329234003213984,0.27561070367843477,MODELING_HISTORY,Cluster 2,1.4959675207938035
PROJ_186,"New Malakpet, Hyderabad - TSPCB",Hyderabad,2026-07-08,Monsoon,24,51,26,28.0291666666667,66.3333333333333,5.3375,50,Good,pm10,2.000952988682545,0.3719373484289542,0.3839108830804233,-1.43719250260746,-0.5029757820039787,0.2019647841294759,MODELING_HISTORY,Cluster 2,1.4332125407351466
PROJ_186,"New Malakpet, Hyderabad - TSPCB",Hyderabad,2026-07-09,Monsoon,20,54,28,27.6666666666667,69.75,3.78416666666667,53,Satisfactory,pm10,1.5163151457045487,0.36995183058970327,0.1138143955507078,-0.34003132751541754,0.05307080554890914,-0.12347930351107268,MODELING_HISTORY,Cluster 2,0.6706051378380945
PROJ_186,"New Malakpet, Hyderabad - TSPCB",Hyderabad,2026-07-10,Monsoon,21,50,28,29.4208333333333,57.2083333333333,3.62125,50,Good,pm10,1.131345120934906,1.158767394436162,0.17784303232218016,-0.3942968590961288,-0.08255931562110569,0.10432738945237294,MODELING_HISTORY,Cluster 2,1.538369840304906
PROJ_186,"New Malakpet, Hyderabad - TSPCB",Hyderabad,2026-07-11,Monsoon,18,50,28,30.0666666666667,53.9166666666667,3.92833333333333,50,Good,pm10,1.24427515814634,1.4326608355558863,0.17884509523846878,-0.6037583916179351,-0.2799437037066639,0.02932831713680098,MODELING_HISTORY,Cluster 2,1.7960820852365662
PROJ_186,"New Malakpet, Hyderabad - TSPCB",Hyderabad,2026-07-12,Monsoon,15,47,28,30.0875,51.5,4.28541666666667,47,Good,pm10,1.4759789592692134,1.5685643009894727,0.16720330831948405,-0.7401430644870168,-0.5355538125719419,0.05164536639088918,MODELING_HISTORY,Cluster 2,1.9202999597545356
PROJ_186,"New Malakpet, Hyderabad - TSPCB",Hyderabad,2026-07-13,Monsoon,14,47,27,30.3708333333333,51.8333333333333,4.22083333333333,47,Good,pm10,1.4880812623585626,1.648928583951357,0.21820704681422745,-0.7050637921743984,-0.4749312435475061,-0.01587391639082681,MODELING_HISTORY,Cluster 2,1.9928058310503456
PROJ_186,"New Malakpet, Hyderabad - TSPCB",Hyderabad,2026-07-15,Monsoon,24,57,30,29.8791666666667,48.875,3.6975,56,Satisfactory,pm10,0.6977578926370791,1.3615981496978184,0.13344156018707928,-0.6179717791295075,-0.36013886159248604,0.16356607441908347,MODELING_HISTORY,Cluster 1,1.5992028773286038
PROJ_186,"New Malakpet, Hyderabad - TSPCB",Hyderabad,2026-07-16,Monsoon,18,52,29,28.8958333333333,58.4583333333333,3.64125,51,Satisfactory,pm10,1.2301716618470442,1.042674536490633,0.07121846239155186,-0.307856905153326,-0.18169744121337292,-0.03688429522499899,MODELING_HISTORY,Cluster 2,1.3858007965319707
PROJ_186,"New Malakpet, Hyderabad - TSPCB",Hyderabad,2026-07-17,Monsoon,18,51,27,26.1333333333333,75.6666666666667,2.86291666666667,50,Good,pm10,1.4645822523025114,0.00703888539180362,0.05960148086789574,0.5246020130508605,0.37505795030678096,-0.1896536239980788,MODELING_HISTORY,Cluster 2,0.8574897556188258
PROJ_186,"New Malakpet, Hyderabad - TSPCB",Hyderabad,2026-07-19,Monsoon,16,50,25,26.4791666666667,75.375,3.465,50,Good,pm10,1.7861283549850244,0.0951681006779021,0.1997618028754993,0.1542773457155906,0.1675321658374508,-0.23220782380595095,MODELING_HISTORY,Cluster 2,0.6031163588224783
PROJ_186,"New Malakpet, Hyderabad - TSPCB",Hyderabad,2026-07-20,Monsoon,17,52,24,25.9333333333333,77.75,3.99583333333333,51,Satisfactory,pm10,2.015593669085776,-0.1790000113511443,0.2906302655311771,-0.1647921807342939,-0.00630367278763388,-0.23081757146631543,MODELING_HISTORY,Cluster 2,0.47574042583414883
PROJ_186,"New Malakpet, Hyderabad - TSPCB",Hyderabad,2026-07-22,Monsoon,16,46,23,24.25,83.7083333333333,4.87333333333333,46,Good,pm10,2.7238016945851675,-0.7174393569675495,0.33872877191155853,-0.4617160367780044,-0.3193635094559615,-0.07868772819257262,MODELING_HISTORY,Cluster 2,1.2232543824554392
PROJ_186,"New Malakpet, Hyderabad - TSPCB",Hyderabad,2026-07-23,Monsoon,16,46,27,25.5666666666667,73.2916666666667,4.66375,46,Good,pm10,2.306573261147979,-0.1101753605595,0.12648770066725246,-0.4908503470603398,-0.4581749715152133,0.03005354446208644,MODELING_HISTORY,Cluster 2,0.7291030322707109
PROJ_186,"New Malakpet, Hyderabad - TSPCB",Hyderabad,2026-07-24,Monsoon,20,47,28,26.3541666666667,70.25,4.86,47,Good,pm10,2.137971380585275,0.04446398537120089,0.1429561784256873,-0.8153681407543991,-0.4685560199873514,0.1732614850275579,MODELING_HISTORY,Cluster 2,0.8173795945504262
PROJ_186,"New Malakpet, Hyderabad - TSPCB",Hyderabad,2026-07-25,Monsoon,16,46,28,26.575,69.25,3.7825,46,Good,pm10,1.8111704906161,0.30418110288042205,0.04307650934591296,-0.03402658308363915,-0.1496494352912145,-0.00316692497026521,MODELING_HISTORY,Cluster 2,0.6498178723290704
PROJ_186,"New Malakpet, Hyderabad - TSPCB",Hyderabad,2026-07-26,Monsoon,18,47,28,26.6416666666667,74.5,3.81208333333333,47,Good,pm10,1.8727988851909272,0.11341893832847652,0.0528464964303129,-0.13637689708988798,0.08580027625908676,-0.03964818854188047,MODELING_HISTORY,Cluster 2,0.4738103941379284
PROJ_186,"New Malakpet, Hyderabad - TSPCB",Hyderabad,2026-07-29,Monsoon,20,46,24,24.0208333333333,90.9166666666667,4.94583333333333,46,Good,pm10,2.8114400990590305,-1.06607994858223,0.29900064551171285,-0.6049562173036864,-0.02466792324514433,-0.02301476221159432,MODELING_HISTORY,Cluster 2,1.4748835402604017
PROJ_186,"New Malakpet, Hyderabad - TSPCB",Hyderabad,2026-07-30,Monsoon,21,48,25,24.2166666666667,87.5,5.40083333333333,48,Good,pm10,2.8268998026767145,-1.0035744469964496,0.2884000895596079,-0.966192133185533,-0.28907278898250155,0.03898225284509415,MODELING_HISTORY,Cluster 2,1.5776076798410406
PROJ_186,"New Malakpet, Hyderabad - TSPCB",Hyderabad,2026-07-31,Monsoon,17,47,21,26.1333333333333,76.9583333333333,4.90375,47,Good,pm10,2.4776097404595583,-0.13257881662698856,0.5288497898817144,-0.7119030573819578,-0.3076062186264293,-0.07608097502814695,MODELING_HISTORY,Cluster 2,1.080660761664297
PROJ_186,"New Malakpet, Hyderabad - TSPCB",Hyderabad,2026-08-01,Monsoon,16,47,25,26.8958333333333,73.625,3.48416666666667,47,Good,pm10,1.7956137440388795,0.26765169516023785,0.20854928632376885,0.1220817732527808,0.17108293381597267,-0.15186783140713483,MODELING_HISTORY,Cluster 2,0.7090134261565634
PROJ_186,"New Malakpet, Hyderabad - TSPCB",Hyderabad,2026-08-02,Monsoon,16,46,27,27.1208333333333,72.3333333333333,3.42375,46,Good,pm10,1.735224749876433,0.3675895557215445,0.0844725362581006,0.12787605733762686,0.1821789411589167,-0.10808625501693524,MODELING_HISTORY,Cluster 2,0.7637868394824463
PROJ_186,"New Malakpet, Hyderabad - TSPCB",Hyderabad,2026-08-03,Monsoon,17,46,28,26.7333333333333,76.3333333333333,3.21791666666667,46,Good,pm10,1.7254413547996956,0.16090308666020178,0.00301226950101773,0.2667801282479016,0.37505245417173594,-0.11782460607877956,MODELING_HISTORY,Cluster 2,0.6951100125479122
PROJ_186,"New Malakpet, Hyderabad - TSPCB",Hyderabad,2026-08-04,Monsoon,24,53,26,25.7375,81.5833333333333,3.15375,52,Satisfactory,pm10,1.5303018011336669,-0.417324921754928,0.18672958097504372,0.22248559116925432,0.5369331326598645,-0.08402882622981091,MODELING_HISTORY,Cluster 2,0.5396997539114613
PROJ_186,"New Malakpet, Hyderabad - TSPCB",Hyderabad,2026-08-05,Monsoon,19,46,30,26.175,80.25,3.30791666666667,46,Good,pm10,1.7998621452697412,-0.1278646921180414,-0.11633385732079068,0.20213758872693083,0.45032954703689754,-0.05716160453116739,MODELING_HISTORY,Cluster 2,0.536011116867841
PROJ_186,"New Malakpet, Hyderabad - TSPCB",Hyderabad,2026-08-08,Monsoon,17,47,27,26.0208333333333,74.625,3.31041666666667,47,Good,pm10,1.7301598290057938,0.03560071804757314,0.06868184749490779,0.30672933748763853,0.16205917526390945,-0.07934249239825308,MODELING_HISTORY,Cluster 2,0.6585577323706414
PROJ_186,"New Malakpet, Hyderabad - TSPCB",Hyderabad,2026-08-10,Monsoon,19,47,31,27.1041666666667,70.3333333333333,3.035,47,Good,pm10,1.3862130922869629,0.3782082716484387,-0.14723112489987217,0.28317093653775005,0.2892418758040432,0.01494071627462085,MODELING_HISTORY,Cluster 2,0.910497348133074
PROJ_186,"New Malakpet, Hyderabad - TSPCB",Hyderabad,2026-08-11,Monsoon,16,46,31,26.9,69.9583333333333,3.43708333333333,46,Good,pm10,1.6552513013029757,0.38056675257195705,-0.16383662362662327,0.11951011598968891,0.05279861406435166,-0.02963531745874145,MODELING_HISTORY,Cluster 2,0.7882233860083899
PROJ_186,"New Malakpet, Hyderabad - TSPCB",Hyderabad,2026-08-12,Monsoon,16,46,30,26.3791666666667,75.375,3.99333333333333,46,Good,pm10,2.0392032880238693,0.0619971000124097,-0.09578402845398644,-0.19249163162004523,-0.01174328345491226,-0.06241152473051734,MODELING_HISTORY,Cluster 2,0.5445263960624374
PROJ_186,"New Malakpet, Hyderabad - TSPCB",Hyderabad,2026-08-13,Monsoon,22,51,23,26.6416666666667,73.4166666666667,3.46458333333333,50,Good,pm10,1.547898650219434,0.05995378459486421,0.40750944248201487,0.0231368310170541,0.2115786846175733,-0.03208111101423321,MODELING_HISTORY,Cluster 2,0.5885866008708592
PROJ_186,"New Malakpet, Hyderabad - TSPCB",Hyderabad,2026-08-14,Monsoon,26,55,28,26.4541666666667,72.3333333333333,4.19625,54,Satisfactory,pm10,1.5832142398316755,-0.1405788016411364,0.1826470157581146,-0.6014301167929084,-0.07515629660212614,0.11720574751787152,MODELING_HISTORY,Cluster 2,0.39899114097422933
PROJ_186,"New Malakpet, Hyderabad - TSPCB",Hyderabad,2026-08-15,Monsoon,31,58,27,27.125,68.625,4.0975,57,Satisfactory,pm10,1.2296653041406898,-0.00533425588986392,0.3252245728380728,-0.7337452115340709,-0.01819408852806764,0.23305339865224728,MODELING_HISTORY,Cluster 2,0.742330763019255
PROJ_186,"New Malakpet, Hyderabad - TSPCB",Hyderabad,2026-08-16,Monsoon,20,51,28,26.7541666666667,70.375,3.48791666666667,50,Good,pm10,1.497560097516014,0.204450257277866,0.07947905991397511,3.871464231758326e-4,0.0674205924470217,-0.02598444042384849,MODELING_HISTORY,Cluster 2,0.5715517149263651
PROJ_186,"New Malakpet, Hyderabad - TSPCB",Hyderabad,2026-08-17,Monsoon,23,55,29,27.8125,64.1666666666667,4.30208333333333,54,Satisfactory,pm10,1.4634197344861806,0.44887677461754943,0.1354656385477749,-0.7606607926008727,-0.28641096985516523,0.07591006339799211,MODELING_HISTORY,Cluster 2,0.9053518824832292
PROJ_186,"New Malakpet, Hyderabad - TSPCB",Hyderabad,2026-08-18,Monsoon,22,53,28,27.375,65.7916666666667,3.8325,52,Satisfactory,pm10,1.4044586920945277,0.3859328469947753,0.14796801461744458,-0.35057122430685733,-0.1233648667805235,0.0542185083252298,MODELING_HISTORY,Cluster 2,0.7208423166226674
PROJ_186,"New Malakpet, Hyderabad - TSPCB",Hyderabad,2026-08-19,Monsoon,20,53,29,26.3375,71.3333333333333,3.465,52,Satisfactory,pm10,1.4779477790376128,0.0640345171454818,0.0083811999804969,0.0380121324449113,0.04040461446543225,-0.0621884496695374,MODELING_HISTORY,Cluster 2,0.4860459954802256
PROJ_186,"New Malakpet, Hyderabad - TSPCB",Hyderabad,2026-08-20,Monsoon,24,54,25,26.925,69.625,3.46791666666667,53,Satisfactory,pm10,1.311254928305802,0.15900682250931117,0.32469923000997136,-0.09010539972342012,0.12037377448974083,0.02446553373046466,MODELING_HISTORY,Cluster 2,0.6452922695278811
PROJ_186,"New Malakpet, Hyderabad - TSPCB",Hyderabad,2026-08-21,Monsoon,31,59,27,27.8875,62.1666666666667,3.44541666666667,58,Satisfactory,pm10,0.7625096488163213,0.39655574322994974,0.32359425657675156,-0.3854372720957319,0.0691434587721283,0.2317712479445811,MODELING_HISTORY,Cluster 2,1.152650559294593
PROJ_186,"New Malakpet, Hyderabad - TSPCB",Hyderabad,2026-08-22,Monsoon,23,54,30,28.2666666666667,60.2916666666667,3.8,53,Satisfactory,pm10,1.1612523819741838,0.7134663875437521,0.06296850859007126,-0.4728891397968049,-0.1844246708831616,0.11598414171773257,MODELING_HISTORY,Cluster 2,1.1229534666063405
PROJ_186,"New Malakpet, Hyderabad - TSPCB",Hyderabad,2026-08-23,Monsoon,20,52,26,25.7708333333333,78.9166666666667,3.12833333333333,51,Satisfactory,pm10,1.592390122884201,-0.2394187651824093,0.14632541949891598,0.34089180268358366,0.3821684914416218,-0.16562385567018664,MODELING_HISTORY,Cluster 2,0.6182794076937338
PROJ_186,"New Malakpet, Hyderabad - TSPCB",Hyderabad,2026-08-24,Monsoon,21,52,25,25.0958333333333,83.4583333333333,3.23083333333333,51,Satisfactory,pm10,1.7455734516986436,-0.5488106587171927,0.2026287428869561,0.33094444621101915,0.4414552546781684,-0.16540761611997246,MODELING_HISTORY,Cluster 2,0.6824327288400227
PROJ_186,"New Malakpet, Hyderabad - TSPCB",Hyderabad,2026-08-25,Monsoon,21,54,26,26.2541666666667,75.2083333333333,3.36916666666667,53,Satisfactory,pm10,1.5135744595398353,-0.08503548228032623,0.1926396673785275,0.09417378885926048,0.22569633277303405,-0.13368936782700966,MODELING_HISTORY,Cluster 2,0.4556545018231058
PROJ_186,"New Malakpet, Hyderabad - TSPCB",Hyderabad,2026-08-26,Monsoon,28,60,26,26.775,69.5416666666667,3.70458333333333,59,Satisfactory,pm10,1.1643840163190653,-0.03516746390349916,0.32693070005781943,-0.3770229315236686,0.04356184826472292,0.05029973031586633,MODELING_HISTORY,Cluster 2,0.6216371014819817
PROJ_186,"New Malakpet, Hyderabad - TSPCB",Hyderabad,2026-08-30,Monsoon,21,51,20,25.35,72.6666666666667,4.19583333333333,50,Good,pm10,1.9177228268029176,-0.242454087271924,0.6102161890733677,-0.23673439046156963,-0.29251102469138185,0.03259079825722677,MODELING_HISTORY,Cluster 2,0.6416599542502784
PROJ_186,"New Malakpet, Hyderabad - TSPCB",Hyderabad,2026-08-31,Monsoon,22,58,24,25.6708333333333,72.8333333333333,3.60125,57,Satisfactory,pm10,1.4740834114038452,-0.22331108063733984,0.34890245810015236,-0.01169616014961505,-0.04594484097306978,-0.12931844548635824,MODELING_HISTORY,Cluster 2,0.440918187806563
