"relative_path","size_bytes","size_mb","category","git_recommendation","reason"
"data\analysis\phase3A\aqi_validity_profile.csv","23736","0.02","OTHER","REVIEW_SIZE",""
"data\analysis\phase3A\Hyderabad_NextDay_Modeling_Base.csv","2880393","2.75","MODELING_INPUT","REGENERATE_NOT_TRACK","Bulk generated analysis outputs"
"data\analysis\phase3A\India_NextDay_Modeling_Base.csv","6092404","5.81","MODELING_INPUT","REGENERATE_NOT_TRACK","Bulk generated analysis outputs"
"data\analysis\phase3A\phase3A_hyderabad_valid_aqi.csv","1902018","1.81","OTHER","REVIEW_SIZE",""
"data\analysis\phase3A\phase3A_india_valid_aqi.csv","4626163","4.41","OTHER","REVIEW_SIZE",""
"data\analysis\phase3A\phase3A_master_valid_aqi.csv","6302373","6.01","OTHER","REVIEW_SIZE",""
"data\analysis\phase3A\phase3A_station_month_summary.csv","65301","0.06","OTHER","REVIEW_SIZE",""
"data\analysis\phase3B\phase3B_current_aqi_drift_ranking.csv","1926","0","OTHER","REVIEW_SIZE",""
"data\analysis\phase3B\phase3B_current_drift_snapshot.csv","67445","0.06","OTHER","REVIEW_SIZE",""
"data\analysis\phase3B\phase3B_current_o3_drift_ranking.csv","2707","0","OTHER","REVIEW_SIZE",""
"data\analysis\phase3B\phase3B_current_pm10_drift_ranking.csv","2445","0","OTHER","REVIEW_SIZE",""
"data\analysis\phase3B\phase3B_current_pm25_drift_ranking.csv","2588","0","OTHER","REVIEW_SIZE",""
"data\analysis\phase3B\phase3B_current_window_observations_for_inference.csv","2235991","2.13","OTHER","REVIEW_SIZE",""
"data\analysis\phase3B\phase3B_current_window_summary_for_inference.csv","32375","0.03","OTHER","REVIEW_SIZE",""
"data\analysis\phase3B\phase3B_daily_drift_metrics.csv","35226270","33.59","OTHER","REVIEW_SIZE",""
"data\analysis\phase3B\phase3B_hyderabad_drift.csv","11701004","11.16","OTHER","REVIEW_SIZE",""
"data\analysis\phase3B\phase3B_india_drift.csv","25201884","24.03","OTHER","REVIEW_SIZE",""
"data\analysis\phase3B\phase3B_station_month_drift_summary.csv","319571","0.3","OTHER","REVIEW_SIZE",""
"data\analysis\phase3B\phase3B_weather_context.csv","4210956","4.02","OTHER","REVIEW_SIZE",""
"data\analysis\phase3C\phase3C_current_drift_inference_results.csv","129265","0.12","OTHER","REVIEW_SIZE",""
"data\analysis\phase3C\phase3C_hyderabad_inference.csv","42702","0.04","OTHER","REVIEW_SIZE",""
"data\analysis\phase3C\phase3C_india_inference.csv","93573","0.09","OTHER","REVIEW_SIZE",""
"data\analysis\phase3C\phase3C_large_but_uncertain_drifts.csv","2813","0","OTHER","REVIEW_SIZE",""
"data\analysis\phase3C\phase3C_small_but_supported_shifts.csv","135","0","OTHER","REVIEW_SIZE",""
"data\analysis\phase3C\phase3C_supported_shifts.csv","6932","0.01","OTHER","REVIEW_SIZE",""
"data\interim\daily\.gitkeep","34","0","INTERIM","LOCAL_ONLY","Interim normalized data"
"data\interim\daily\phase2C_master_daily_preAQI.csv","5513178","5.26","INTERIM","LOCAL_ONLY","Interim normalized data"
"data\interim\daily\phase2C_master_station_day_spine.csv","1962437","1.87","INTERIM","LOCAL_ONLY","Interim normalized data"
"data\interim\daily\UAQI_Hyderabad_Daily_PreAQI.csv","1845828","1.76","INTERIM","LOCAL_ONLY","Interim normalized data"
"data\interim\daily\UAQI_India_Daily_PreAQI.csv","3928227","3.75","INTERIM","LOCAL_ONLY","Interim normalized data"
"data\interim\hourly\.gitkeep","35","0","INTERIM","LOCAL_ONLY","Interim normalized data"
"data\interim\hourly\phase2_pilot_air_quality_2025_03.csv","28765798","27.43","INTERIM","LOCAL_ONLY","Interim normalized data"
"data\interim\hourly\phase2_pilot_joined_2025_03.csv","40114118","38.26","INTERIM","LOCAL_ONLY","Interim normalized data"
"data\interim\hourly\phase2_pilot_weather_2025_03.csv","3878092","3.7","INTERIM","LOCAL_ONLY","Interim normalized data"
"data\interim\hourly\phase2_selected_air_quality_2025_03.csv","29236171","27.88","INTERIM","LOCAL_ONLY","Interim normalized data"
"data\interim\hourly\phase2_selected_weather_2025_03.csv","3878757","3.7","INTERIM","LOCAL_ONLY","Interim normalized data"
"data\interim\hourly\phase2a1_kolkata_alternates_air_quality_2025_03.csv","2833171","2.7","INTERIM","LOCAL_ONLY","Interim normalized data"
"data\interim\hourly\phase2a1_kolkata_alternates_weather_2025_03.csv","573207","0.55","INTERIM","LOCAL_ONLY","Interim normalized data"
"data\interim\hourly\sample_air_quality_hourly_2026-09-17_2026-09-24.csv","4","0","INTERIM","LOCAL_ONLY","Interim normalized data"
"data\interim\hourly\sample_weather_hourly_2026-09-15_2026-09-21.csv","8025","0.01","INTERIM","LOCAL_ONLY","Interim normalized data"
"data\interim\hourly\sample_weather_hourly_2026-09-17_2026-09-23.csv","16007","0.02","INTERIM","LOCAL_ONLY","Interim normalized data"
"data\interim\hourly\sample_weather_hourly_2026-09-17_2026-09-24.csv","17825","0.02","INTERIM","LOCAL_ONLY","Interim normalized data"
"data\interim\hourly\smoke_test_air_quality.csv","89752","0.09","INTERIM","LOCAL_ONLY","Interim normalized data"
"data\interim\hourly\smoke_test_weather.csv","15995","0.02","INTERIM","LOCAL_ONLY","Interim normalized data"
"data\interim\hourly\historical\air_quality_2025_03.csv","29236171","27.88","INTERIM","LOCAL_ONLY","Interim normalized data"
"data\interim\hourly\historical\air_quality_2025_04.csv","19516932","18.61","INTERIM","LOCAL_ONLY","Interim normalized data"
"data\interim\hourly\historical\air_quality_2025_05.csv","22252793","21.22","INTERIM","LOCAL_ONLY","Interim normalized data"
"data\interim\hourly\historical\air_quality_2025_06.csv","21480703","20.49","INTERIM","LOCAL_ONLY","Interim normalized data"
"data\interim\hourly\historical\air_quality_2025_07.csv","28483657","27.16","INTERIM","LOCAL_ONLY","Interim normalized data"
"data\interim\hourly\historical\air_quality_2025_08.csv","22769714","21.71","INTERIM","LOCAL_ONLY","Interim normalized data"
"data\interim\hourly\historical\air_quality_2025_09.csv","22354562","21.32","INTERIM","LOCAL_ONLY","Interim normalized data"
"data\interim\hourly\historical\air_quality_2025_10.csv","23628500","22.53","INTERIM","LOCAL_ONLY","Interim normalized data"
"data\interim\hourly\historical\air_quality_2025_11.csv","23068881","22","INTERIM","LOCAL_ONLY","Interim normalized data"
"data\interim\hourly\historical\air_quality_2025_12.csv","24641015","23.5","INTERIM","LOCAL_ONLY","Interim normalized data"
"data\interim\hourly\historical\air_quality_2026_01.csv","17210657","16.41","INTERIM","LOCAL_ONLY","Interim normalized data"
"data\interim\hourly\historical\air_quality_2026_02.csv","19467569","18.57","INTERIM","LOCAL_ONLY","Interim normalized data"
"data\interim\hourly\historical\air_quality_2026_03.csv","27249201","25.99","INTERIM","LOCAL_ONLY","Interim normalized data"
"data\interim\hourly\historical\air_quality_2026_04.csv","21882831","20.87","INTERIM","LOCAL_ONLY","Interim normalized data"
"data\interim\hourly\historical\air_quality_2026_05.csv","22039021","21.02","INTERIM","LOCAL_ONLY","Interim normalized data"
"data\interim\hourly\historical\air_quality_2026_06.csv","23495294","22.41","INTERIM","LOCAL_ONLY","Interim normalized data"
"data\interim\hourly\historical\air_quality_2026_07.csv","22725787","21.67","INTERIM","LOCAL_ONLY","Interim normalized data"
"data\interim\hourly\historical\air_quality_2026_08.csv","21192185","20.21","INTERIM","LOCAL_ONLY","Interim normalized data"
"data\interim\hourly\historical\air_quality_2026_09.csv","16468836","15.71","INTERIM","LOCAL_ONLY","Interim normalized data"
"data\interim\hourly\historical_weather\weather_2025_03.csv","2901834","2.77","INTERIM","LOCAL_ONLY","Interim normalized data"
"data\interim\hourly\historical_weather\weather_2025_04.csv","2924836","2.79","INTERIM","LOCAL_ONLY","Interim normalized data"
"data\interim\hourly\historical_weather\weather_2025_05.csv","3022543","2.88","INTERIM","LOCAL_ONLY","Interim normalized data"
"data\interim\hourly\historical_weather\weather_2025_06.csv","2926403","2.79","INTERIM","LOCAL_ONLY","Interim normalized data"
"data\interim\hourly\historical_weather\weather_2025_07.csv","3024285","2.88","INTERIM","LOCAL_ONLY","Interim normalized data"
"data\interim\hourly\historical_weather\weather_2025_08.csv","3023910","2.88","INTERIM","LOCAL_ONLY","Interim normalized data"
"data\interim\hourly\historical_weather\weather_2025_09.csv","2926431","2.79","INTERIM","LOCAL_ONLY","Interim normalized data"
"data\interim\hourly\historical_weather\weather_2025_10.csv","3019277","2.88","INTERIM","LOCAL_ONLY","Interim normalized data"
"data\interim\hourly\historical_weather\weather_2025_11.csv","2919749","2.78","INTERIM","LOCAL_ONLY","Interim normalized data"
"data\interim\hourly\historical_weather\weather_2025_12.csv","3015682","2.88","INTERIM","LOCAL_ONLY","Interim normalized data"
"data\interim\hourly\historical_weather\weather_2026_01.csv","3018081","2.88","INTERIM","LOCAL_ONLY","Interim normalized data"
"data\interim\hourly\historical_weather\weather_2026_02.csv","2727420","2.6","INTERIM","LOCAL_ONLY","Interim normalized data"
"data\interim\hourly\historical_weather\weather_2026_03.csv","3021715","2.88","INTERIM","LOCAL_ONLY","Interim normalized data"
"data\interim\hourly\historical_weather\weather_2026_04.csv","2925703","2.79","INTERIM","LOCAL_ONLY","Interim normalized data"
"data\interim\hourly\historical_weather\weather_2026_05.csv","3022912","2.88","INTERIM","LOCAL_ONLY","Interim normalized data"
"data\interim\hourly\historical_weather\weather_2026_06.csv","2927352","2.79","INTERIM","LOCAL_ONLY","Interim normalized data"
"data\interim\hourly\historical_weather\weather_2026_07.csv","3024174","2.88","INTERIM","LOCAL_ONLY","Interim normalized data"
"data\interim\hourly\historical_weather\weather_2026_08.csv","3024322","2.88","INTERIM","LOCAL_ONLY","Interim normalized data"
"data\interim\hourly\historical_weather\weather_2026_09.csv","2047931","1.95","INTERIM","LOCAL_ONLY","Interim normalized data"
"data\interim\station_audit\.gitkeep","42","0","INTERIM","LOCAL_ONLY","Interim normalized data"
"data\metadata\coverage_report.csv","75189","0.07","METADATA","TRACK","Metadata and provenance"
"data\metadata\cpcb_aqi_test_vectors.csv","1903","0","METADATA","TRACK","Metadata and provenance"
"data\metadata\cpcb_methodology_source_registry.csv","2442","0","METADATA","TRACK","Metadata and provenance"
"data\metadata\data_dictionary.csv","4285","0","METADATA","TRACK","Metadata and provenance"
"data\metadata\historical_acquisition_manifest.csv","1057453","1.01","METADATA","TRACK","Metadata and provenance"
"data\metadata\historical_acquisition_state.csv","27586","0.03","METADATA","TRACK","Metadata and provenance"
"data\metadata\historical_window_options.csv","1093","0","METADATA","TRACK","Metadata and provenance"
"data\metadata\hyderabad_scope_review.csv","4425","0","METADATA","TRACK","Metadata and provenance"
"data\metadata\hyderabad_selection_decision_pack.csv","5919","0.01","METADATA","TRACK","Metadata and provenance"
"data\metadata\hyderabad_station_review.csv","9268","0.01","METADATA","TRACK","Metadata and provenance"
"data\metadata\india_city_selection_decision_pack.csv","3362","0","METADATA","TRACK","Metadata and provenance"
"data\metadata\india_station_selection_decision_pack.csv","15880","0.02","METADATA","TRACK","Metadata and provenance"
"data\metadata\india_station_shortlist.csv","17401","0.02","METADATA","TRACK","Metadata and provenance"
"data\metadata\phase2_pilot_completeness.csv","11651","0.01","METADATA","TRACK","Metadata and provenance"
"data\metadata\phase2_pilot_hyderabad_summary.csv","657","0","METADATA","TRACK","Metadata and provenance"
"data\metadata\phase2_pilot_india_summary.csv","1437","0","METADATA","TRACK","Metadata and provenance"
"data\metadata\phase2_pilot_weather_completeness.csv","655","0","METADATA","TRACK","Metadata and provenance"
"data\metadata\phase2_selected_march_completeness.csv","12884","0.01","METADATA","TRACK","Metadata and provenance"
"data\metadata\phase2a_data_quality_audit.csv","221","0","METADATA","TRACK","Metadata and provenance"
"data\metadata\phase2a1_kolkata_acquisition_state.csv","2455","0","METADATA","TRACK","Metadata and provenance"
"data\metadata\phase2a1_kolkata_alternate_sensors.csv","1929","0","METADATA","TRACK","Metadata and provenance"
"data\metadata\phase2a1_kolkata_comparison.csv","1007","0","METADATA","TRACK","Metadata and provenance"
"data\metadata\phase2B_acquisition_plan.csv","1556","0","METADATA","TRACK","Metadata and provenance"
"data\metadata\phase2B_acquisition_state.csv","604701","0.58","METADATA","TRACK","Metadata and provenance"
"data\metadata\phase2B_hyderabad_history_summary.csv","4933","0","METADATA","TRACK","Metadata and provenance"
"data\metadata\phase2B_india_history_summary.csv","10266","0.01","METADATA","TRACK","Metadata and provenance"
"data\metadata\phase2B_monthly_completeness.csv","293616","0.28","METADATA","TRACK","Metadata and provenance"
"data\metadata\phase2B_quality_flags.csv","3059","0","METADATA","TRACK","Metadata and provenance"
"data\metadata\phase2B_station_history_summary.csv","14263","0.01","METADATA","TRACK","Metadata and provenance"
"data\metadata\phase2C_daily_quality_profile.csv","10636","0.01","METADATA","TRACK","Metadata and provenance"
"data\metadata\phase2C_hyderabad_daily_summary.csv","157","0","METADATA","TRACK","Metadata and provenance"
"data\metadata\phase2C_india_daily_summary.csv","154","0","METADATA","TRACK","Metadata and provenance"
"data\metadata\phase2C_preAQI_data_dictionary.csv","6956","0.01","METADATA","TRACK","Metadata and provenance"
"data\metadata\phase2C_station_day_missingness.csv","1475","0","METADATA","TRACK","Metadata and provenance"
"data\metadata\phase2C_value_integrity_audit.csv","10871","0.01","METADATA","TRACK","Metadata and provenance"
"data\metadata\phase2D1_project_aqi_diagnostic_sample.csv","2682","0","METADATA","TRACK","Metadata and provenance"
"data\metadata\phase2D2_sensor_unit_audit.csv","15721","0.01","METADATA","TRACK","Metadata and provenance"
"data\metadata\phase2D2_severe_policy_impact.csv","460","0","METADATA","TRACK","Metadata and provenance"
"data\metadata\phase2D2_source_unit_distribution.csv","18257","0.02","METADATA","TRACK","Metadata and provenance"
"data\metadata\phase2D3_location_sensor_unit_catalog.csv","55056","0.05","METADATA","TRACK","Metadata and provenance"
"data\metadata\phase2D3_sensor_semantic_units.csv","21579","0.02","METADATA","TRACK","Metadata and provenance"
"data\metadata\phase2D3_severe_policy_impact.csv","347","0","METADATA","TRACK","Metadata and provenance"
"data\metadata\phase2D3_source_unit_distribution.csv","20146","0.02","METADATA","TRACK","Metadata and provenance"
"data\metadata\phase2D3_unit_audit_manifest.csv","7193","0.01","METADATA","TRACK","Metadata and provenance"
"data\metadata\phase2D3_unit_trace_examples.csv","886","0","METADATA","TRACK","Metadata and provenance"
"data\metadata\phase2D4_final_sensor_semantic_units.csv","19569","0.02","METADATA","TRACK","Metadata and provenance"
"data\metadata\phase2D4_verified_subset_feasibility.csv","1825","0","METADATA","TRACK","Metadata and provenance"
"data\metadata\phase2E_aqi_category_distribution.csv","7874","0.01","METADATA","TRACK","Metadata and provenance"
"data\metadata\phase2E_aqi_validity_summary.csv","2990","0","METADATA","TRACK","Metadata and provenance"
"data\metadata\phase2E_dominant_pollutant_distribution.csv","6701","0.01","METADATA","TRACK","Metadata and provenance"
"data\metadata\phase2E_final_dataset_quality.csv","557","0","METADATA","TRACK","Metadata and provenance"
"data\metadata\phase2E_first_day_edge_audit.csv","1509","0","METADATA","TRACK","Metadata and provenance"
"data\metadata\phase2E_index400_boundary_trace.csv","150","0","METADATA","TRACK","Metadata and provenance"
"data\metadata\phase2E_o3_path_summary.csv","588","0","METADATA","TRACK","Metadata and provenance"
"data\metadata\phase2E_subindex_audit.csv","316","0","METADATA","TRACK","Metadata and provenance"
"data\metadata\pollutant_dictionary.csv","1755","0","METADATA","TRACK","Metadata and provenance"
"data\metadata\project_measurement_unit_provenance.csv","998","0","METADATA","TRACK","Metadata and provenance"
"data\metadata\raw_data_manifest.csv","112222","0.11","RAW_SOURCE","LOCAL_ONLY","Raw OpenAQ/API downloads"
"data\metadata\selected_sensor_snapshot.csv","23494","0.02","METADATA","TRACK","Metadata and provenance"
"data\metadata\selection_history.csv","14064","0.01","METADATA","TRACK","Metadata and provenance"
"data\metadata\sensor_catalog.csv","189700","0.18","METADATA","TRACK","Metadata and provenance"
"data\metadata\sensor_lineage_summary.csv","88856","0.08","METADATA","TRACK","Metadata and provenance"
"data\metadata\source_registry.csv","1505","0","METADATA","TRACK","Metadata and provenance"
"data\metadata\station_catalog.csv","76145","0.07","METADATA","TRACK","Metadata and provenance"
"data\metadata\station_selection_summary.csv","10605","0.01","METADATA","TRACK","Metadata and provenance"
"data\metadata\UAQI_Final_Data_Dictionary.csv","7825","0.01","METADATA","TRACK","Metadata and provenance"
"data\modeling\phase4A\Hyderabad_Common_Comparison.csv","552298","0.53","MODELING_INPUT","REGENERATE_NOT_TRACK","Bulk generated analysis outputs"
"data\modeling\phase4A\Hyderabad_Logistic_Design.csv","581430","0.55","MODELING_INPUT","REGENERATE_NOT_TRACK","Bulk generated analysis outputs"
"data\modeling\phase4A\Hyderabad_Model_A.csv","544470","0.52","MODELING_INPUT","REGENERATE_NOT_TRACK","Bulk generated analysis outputs"
"data\modeling\phase4A\Hyderabad_Model_B.csv","552298","0.53","MODELING_INPUT","REGENERATE_NOT_TRACK","Bulk generated analysis outputs"
"data\modeling\phase4A\India_Common_Comparison.csv","1399217","1.33","MODELING_INPUT","REGENERATE_NOT_TRACK","Bulk generated analysis outputs"
"data\modeling\phase4A\India_Logistic_Design.csv","1474213","1.41","MODELING_INPUT","REGENERATE_NOT_TRACK","Bulk generated analysis outputs"
"data\modeling\phase4A\India_Model_A.csv","1378596","1.31","MODELING_INPUT","REGENERATE_NOT_TRACK","Bulk generated analysis outputs"
"data\modeling\phase4A\India_Model_B.csv","1399217","1.33","MODELING_INPUT","REGENERATE_NOT_TRACK","Bulk generated analysis outputs"
"data\modeling\phase4A\NextDay_AQI_Modeling_Design_Master.csv","3370282","3.21","MODELING_INPUT","REGENERATE_NOT_TRACK","Bulk generated analysis outputs"
"data\modeling\phase4B\phase4B_final_model_metadata.csv","1251","0","MODELING_INPUT","REGENERATE_NOT_TRACK","Bulk generated analysis outputs"
"data\modeling\phase4B\phase4B_model_selection.csv","587","0","MODELING_INPUT","REGENERATE_NOT_TRACK","Bulk generated analysis outputs"
"data\modeling\phase4C\phase4C_model_selection.csv","623","0","MODELING_INPUT","REGENERATE_NOT_TRACK","Bulk generated analysis outputs"
"data\modeling\phase4C\phase4C_threshold_selection.csv","425","0","MODELING_INPUT","REGENERATE_NOT_TRACK","Bulk generated analysis outputs"
"data\processed\.gitkeep","189","0","FINAL_PROCESSED","TRACK","Final compact daily datasets"
"data\processed\UAQI_Hyderabad_Daily.csv","2869292","2.74","FINAL_PROCESSED","TRACK","Final compact daily datasets"
"data\processed\UAQI_India_Daily.csv","6093535","5.81","FINAL_PROCESSED","TRACK","Final compact daily datasets"
"data\processed\UAQI_Master_Daily.csv","8555387","8.16","FINAL_PROCESSED","TRACK","Final compact daily datasets"
"data\quarantine\phase1_invalid\raw_DL001_2024-01-01_2024-01-07.csv","33750","0.03","RAW_SOURCE","LOCAL_ONLY","Raw OpenAQ/API downloads"
"data\quarantine\phase1_invalid\raw_KA001_2024-01-01_2024-01-07.csv","35794","0.03","RAW_SOURCE","LOCAL_ONLY","Raw OpenAQ/API downloads"
"data\quarantine\phase1_invalid\raw_TG001_2024-01-01_2024-01-07.csv","35934","0.03","RAW_SOURCE","LOCAL_ONLY","Raw OpenAQ/API downloads"
"data\quarantine\phase1_invalid\raw_TG002_2024-01-01_2024-01-07.csv","37642","0.04","RAW_SOURCE","LOCAL_ONLY","Raw OpenAQ/API downloads"
"data\quarantine\phase1_invalid\interim\harmonized_sample_hourly_2024-01-01_2024-01-07.csv","225824","0.22","INTERIM","LOCAL_ONLY","Interim normalized data"
"data\quarantine\phase1_invalid\interim\sample_air_quality_hourly_2024-01-01_2024-01-07.csv","186667","0.18","INTERIM","LOCAL_ONLY","Interim normalized data"
"data\quarantine\phase1_invalid\interim\sample_weather_hourly_2024-01-01_2024-01-07.csv","41695","0.04","INTERIM","LOCAL_ONLY","Interim normalized data"
"data\quarantine\phase1_untracked\raw_PROJ_001_2026-09-17_2026-09-24.json","7050","0.01","RAW_SOURCE","LOCAL_ONLY","Raw OpenAQ/API downloads"
"data\quarantine\phase1_untracked\raw_PROJ_001_sensor_13866_2026-09-17_2026-09-24.json","91","0","RAW_SOURCE","LOCAL_ONLY","Raw OpenAQ/API downloads"
"data\quarantine\phase1_untracked\raw_PROJ_001_sensor_24_2026-09-17_2026-09-24.json","91","0","RAW_SOURCE","LOCAL_ONLY","Raw OpenAQ/API downloads"
"data\quarantine\phase1_untracked\raw_PROJ_002_2026-09-15_2026-09-21.json","6400","0.01","RAW_SOURCE","LOCAL_ONLY","Raw OpenAQ/API downloads"
"data\quarantine\phase1_untracked\raw_PROJ_002_2026-09-17_2026-09-23.json","6397","0.01","RAW_SOURCE","LOCAL_ONLY","Raw OpenAQ/API downloads"
"data\quarantine\phase1_untracked\raw_PROJ_002_2026-09-17_2026-09-24.json","7072","0.01","RAW_SOURCE","LOCAL_ONLY","Raw OpenAQ/API downloads"
"data\quarantine\phase1_untracked\raw_PROJ_002_sensor_12234786_2026-09-15_2026-09-21.json","122958","0.12","RAW_SOURCE","LOCAL_ONLY","Raw OpenAQ/API downloads"
"data\quarantine\phase1_untracked\raw_PROJ_002_sensor_12234787_2026-09-15_2026-09-21.json","119619","0.11","RAW_SOURCE","LOCAL_ONLY","Raw OpenAQ/API downloads"
"data\quarantine\phase1_untracked\raw_PROJ_002_sensor_35_2018-02-15_2018-02-21.json","132395","0.13","RAW_SOURCE","LOCAL_ONLY","Raw OpenAQ/API downloads"
"data\quarantine\phase1_untracked\raw_PROJ_002_sensor_399_2018-02-15_2018-02-21.json","133712","0.13","RAW_SOURCE","LOCAL_ONLY","Raw OpenAQ/API downloads"
"data\quarantine\phase1_untracked\raw_PROJ_007_2026-09-15_2026-09-21.json","6455","0.01","RAW_SOURCE","LOCAL_ONLY","Raw OpenAQ/API downloads"
"data\quarantine\phase1_untracked\raw_PROJ_007_2026-09-17_2026-09-23.json","6456","0.01","RAW_SOURCE","LOCAL_ONLY","Raw OpenAQ/API downloads"
"data\quarantine\phase1_untracked\raw_PROJ_007_sensor_12235582_2026-09-15_2026-09-21.json","115157","0.11","RAW_SOURCE","LOCAL_ONLY","Raw OpenAQ/API downloads"
"data\quarantine\phase1_untracked\raw_PROJ_007_sensor_12235583_2026-09-15_2026-09-21.json","114858","0.11","RAW_SOURCE","LOCAL_ONLY","Raw OpenAQ/API downloads"
"data\quarantine\phase1_untracked\raw_PROJ_007_sensor_714_2022-10-25_2022-10-31.json","3198","0","RAW_SOURCE","LOCAL_ONLY","Raw OpenAQ/API downloads"
"data\quarantine\phase1_untracked\raw_PROJ_007_sensor_715_2022-10-25_2022-10-31.json","3234","0","RAW_SOURCE","LOCAL_ONLY","Raw OpenAQ/API downloads"
"data\quarantine\phase1_untracked\sensor_12234782_days_2026-08-25_2026-09-24.json","85022","0.08","OTHER","REVIEW_SIZE",""
"data\quarantine\phase1_untracked\sensor_12234784_days_2026-08-25_2026-09-24.json","84471","0.08","OTHER","REVIEW_SIZE",""
"data\quarantine\phase1_untracked\sensor_12234785_days_2026-08-25_2026-09-24.json","84515","0.08","OTHER","REVIEW_SIZE",""
"data\quarantine\phase1_untracked\sensor_12234786_days_2026-08-25_2026-09-24.json","83485","0.08","OTHER","REVIEW_SIZE",""
"data\quarantine\phase1_untracked\sensor_12234787_days_2026-08-25_2026-09-24.json","82369","0.08","OTHER","REVIEW_SIZE",""
"data\raw\air_quality\cpcb\.gitkeep","41","0","RAW_SOURCE","LOCAL_ONLY","Raw OpenAQ/API downloads"
"data\raw\air_quality\openaq\.gitkeep","43","0","RAW_SOURCE","LOCAL_ONLY","Raw OpenAQ/API downloads"
"data\raw\air_quality\openaq\raw_PROJ_002_sensor_12234786_2026-09-15_2026-09-21_retrieved_20260924T175356.json","122958","0.12","RAW_SOURCE","LOCAL_ONLY","Raw OpenAQ/API downloads"
"data\raw\air_quality\openaq\raw_PROJ_002_sensor_12234787_2026-09-15_2026-09-21_retrieved_20260924T175354.json","119619","0.11","RAW_SOURCE","LOCAL_ONLY","Raw OpenAQ/API downloads"
"data\raw\air_quality\openaq\raw_PROJ_007_sensor_12235582_2026-09-15_2026-09-21_retrieved_20260924T175352.json","115157","0.11","RAW_SOURCE","LOCAL_ONLY","Raw OpenAQ/API downloads"
"data\raw\air_quality\openaq\raw_PROJ_007_sensor_12235583_2026-09-15_2026-09-21_retrieved_20260924T175350.json","114858","0.11","RAW_SOURCE","LOCAL_ONLY","Raw OpenAQ/API downloads"
"data\raw\air_quality\openaq\coverage\sensor_12234782_days_2026-08-26_2026-09-24_retrieved_20260924T174415.json","22672","0.02","RAW_SOURCE","LOCAL_ONLY","Raw OpenAQ/API downloads"
"data\raw\air_quality\openaq\coverage\sensor_12234784_days_2026-08-26_2026-09-24_retrieved_20260924T174411.json","22660","0.02","RAW_SOURCE","LOCAL_ONLY","Raw OpenAQ/API downloads"
"data\raw\air_quality\openaq\coverage\sensor_12234785_days_2026-08-26_2026-09-24_retrieved_20260924T174406.json","22669","0.02","RAW_SOURCE","LOCAL_ONLY","Raw OpenAQ/API downloads"
"data\raw\air_quality\openaq\coverage\sensor_12234786_days_2026-08-26_2026-09-24_retrieved_20260924T174413.json","22221","0.02","RAW_SOURCE","LOCAL_ONLY","Raw OpenAQ/API downloads"
"data\raw\air_quality\openaq\coverage\sensor_12234787_days_2026-08-26_2026-09-24_retrieved_20260924T174409.json","22142","0.02","RAW_SOURCE","LOCAL_ONLY","Raw OpenAQ/API downloads"
"data\raw\air_quality\openaq\coverage\sensor_12234789_days_2026-08-26_2026-09-24_retrieved_20260924T174417.json","22605","0.02","RAW_SOURCE","LOCAL_ONLY","Raw OpenAQ/API downloads"
"data\raw\air_quality\openaq\coverage\sensor_12234791_days_2026-08-26_2026-09-24_retrieved_20260924T174427.json","22046","0.02","RAW_SOURCE","LOCAL_ONLY","Raw OpenAQ/API downloads"
"data\raw\air_quality\openaq\coverage\sensor_12234793_days_2026-08-26_2026-09-24_retrieved_20260924T174425.json","22669","0.02","RAW_SOURCE","LOCAL_ONLY","Raw OpenAQ/API downloads"
"data\raw\air_quality\openaq\coverage\sensor_12234794_days_2026-08-26_2026-09-24_retrieved_20260924T174423.json","21989","0.02","RAW_SOURCE","LOCAL_ONLY","Raw OpenAQ/API downloads"
"data\raw\air_quality\openaq\coverage\sensor_12234795_days_2026-08-26_2026-09-24_retrieved_20260924T174429.json","22268","0.02","RAW_SOURCE","LOCAL_ONLY","Raw OpenAQ/API downloads"
"data\raw\air_quality\openaq\coverage\sensor_12234796_days_2026-08-26_2026-09-24_retrieved_20260924T174421.json","22137","0.02","RAW_SOURCE","LOCAL_ONLY","Raw OpenAQ/API downloads"
"data\raw\air_quality\openaq\coverage\sensor_12234798_days_2026-08-26_2026-09-24_retrieved_20260924T174419.json","22380","0.02","RAW_SOURCE","LOCAL_ONLY","Raw OpenAQ/API downloads"
"data\raw\air_quality\openaq\coverage\sensor_12234800_days_2026-08-26_2026-09-24_retrieved_20260924T174723.json","22619","0.02","RAW_SOURCE","LOCAL_ONLY","Raw OpenAQ/API downloads"
"data\raw\air_quality\openaq\coverage\sensor_12234802_days_2026-08-26_2026-09-24_retrieved_20260924T174728.json","22873","0.02","RAW_SOURCE","LOCAL_ONLY","Raw OpenAQ/API downloads"
"data\raw\air_quality\openaq\coverage\sensor_12234803_days_2026-08-26_2026-09-24_retrieved_20260924T174726.json","23076","0.02","RAW_SOURCE","LOCAL_ONLY","Raw OpenAQ/API downloads"
"data\raw\air_quality\openaq\coverage\sensor_12234804_days_2026-08-26_2026-09-24_retrieved_20260924T174718.json","22815","0.02","RAW_SOURCE","LOCAL_ONLY","Raw OpenAQ/API downloads"
"data\raw\air_quality\openaq\coverage\sensor_12234805_days_2026-08-26_2026-09-24_retrieved_20260924T174722.json","22860","0.02","RAW_SOURCE","LOCAL_ONLY","Raw OpenAQ/API downloads"
"data\raw\air_quality\openaq\coverage\sensor_12234807_days_2026-08-26_2026-09-24_retrieved_20260924T174720.json","23355","0.02","RAW_SOURCE","LOCAL_ONLY","Raw OpenAQ/API downloads"
"data\raw\air_quality\openaq\coverage\sensor_12234845_days_2026-08-26_2026-09-24_retrieved_20260924T174732.json","22631","0.02","RAW_SOURCE","LOCAL_ONLY","Raw OpenAQ/API downloads"
"data\raw\air_quality\openaq\coverage\sensor_12234847_days_2026-08-26_2026-09-24_retrieved_20260924T174736.json","22876","0.02","RAW_SOURCE","LOCAL_ONLY","Raw OpenAQ/API downloads"
"data\raw\air_quality\openaq\coverage\sensor_12234848_days_2026-08-26_2026-09-24_retrieved_20260924T174734.json","22883","0.02","RAW_SOURCE","LOCAL_ONLY","Raw OpenAQ/API downloads"
"data\raw\air_quality\openaq\coverage\sensor_12234849_days_2026-08-26_2026-09-24_retrieved_20260924T174730.json","22700","0.02","RAW_SOURCE","LOCAL_ONLY","Raw OpenAQ/API downloads"
"data\raw\air_quality\openaq\coverage\sensor_12234850_days_2026-08-26_2026-09-24_retrieved_20260924T174740.json","22810","0.02","RAW_SOURCE","LOCAL_ONLY","Raw OpenAQ/API downloads"
"data\raw\air_quality\openaq\coverage\sensor_12234851_days_2026-08-26_2026-09-24_retrieved_20260924T174738.json","22685","0.02","RAW_SOURCE","LOCAL_ONLY","Raw OpenAQ/API downloads"
"data\raw\air_quality\openaq\coverage\sensor_12234871_days_2026-08-26_2026-09-24_retrieved_20260924T174711.json","21656","0.02","RAW_SOURCE","LOCAL_ONLY","Raw OpenAQ/API downloads"
"data\raw\air_quality\openaq\coverage\sensor_12234873_days_2026-08-26_2026-09-24_retrieved_20260924T174706.json","22140","0.02","RAW_SOURCE","LOCAL_ONLY","Raw OpenAQ/API downloads"
"data\raw\air_quality\openaq\coverage\sensor_12234874_days_2026-08-26_2026-09-24_retrieved_20260924T174709.json","22131","0.02","RAW_SOURCE","LOCAL_ONLY","Raw OpenAQ/API downloads"
"data\raw\air_quality\openaq\coverage\sensor_12234875_days_2026-08-26_2026-09-24_retrieved_20260924T174704.json","22059","0.02","RAW_SOURCE","LOCAL_ONLY","Raw OpenAQ/API downloads"
"data\raw\air_quality\openaq\coverage\sensor_12234876_days_2026-08-26_2026-09-24_retrieved_20260924T174714.json","21823","0.02","RAW_SOURCE","LOCAL_ONLY","Raw OpenAQ/API downloads"
"data\raw\air_quality\openaq\coverage\sensor_12234878_days_2026-08-26_2026-09-24_retrieved_20260924T174716.json","21408","0.02","RAW_SOURCE","LOCAL_ONLY","Raw OpenAQ/API downloads"
"data\raw\air_quality\openaq\coverage\sensor_12235262_days_2026-08-26_2026-09-24_retrieved_20260924T174614.json","23142","0.02","RAW_SOURCE","LOCAL_ONLY","Raw OpenAQ/API downloads"
"data\raw\air_quality\openaq\coverage\sensor_12235264_days_2026-08-26_2026-09-24_retrieved_20260924T174606.json","22494","0.02","RAW_SOURCE","LOCAL_ONLY","Raw OpenAQ/API downloads"
"data\raw\air_quality\openaq\coverage\sensor_12235265_days_2026-08-26_2026-09-24_retrieved_20260924T174612.json","23085","0.02","RAW_SOURCE","LOCAL_ONLY","Raw OpenAQ/API downloads"
"data\raw\air_quality\openaq\coverage\sensor_12235266_days_2026-08-26_2026-09-24_retrieved_20260924T174609.json","21982","0.02","RAW_SOURCE","LOCAL_ONLY","Raw OpenAQ/API downloads"
"data\raw\air_quality\openaq\coverage\sensor_12235267_days_2026-08-26_2026-09-24_retrieved_20260924T174611.json","21974","0.02","RAW_SOURCE","LOCAL_ONLY","Raw OpenAQ/API downloads"
"data\raw\air_quality\openaq\coverage\sensor_12235269_days_2026-08-26_2026-09-24_retrieved_20260924T174604.json","22631","0.02","RAW_SOURCE","LOCAL_ONLY","Raw OpenAQ/API downloads"
"data\raw\air_quality\openaq\coverage\sensor_12235356_days_2026-08-26_2026-09-24_retrieved_20260924T174535.json","90","0","RAW_SOURCE","LOCAL_ONLY","Raw OpenAQ/API downloads"
"data\raw\air_quality\openaq\coverage\sensor_12235358_days_2026-08-26_2026-09-24_retrieved_20260924T174543.json","4306","0","RAW_SOURCE","LOCAL_ONLY","Raw OpenAQ/API downloads"
"data\raw\air_quality\openaq\coverage\sensor_12235359_days_2026-08-26_2026-09-24_retrieved_20260924T174533.json","4338","0","RAW_SOURCE","LOCAL_ONLY","Raw OpenAQ/API downloads"
"data\raw\air_quality\openaq\coverage\sensor_12235360_days_2026-08-26_2026-09-24_retrieved_20260924T174539.json","4329","0","RAW_SOURCE","LOCAL_ONLY","Raw OpenAQ/API downloads"
"data\raw\air_quality\openaq\coverage\sensor_12235361_days_2026-08-26_2026-09-24_retrieved_20260924T174541.json","4326","0","RAW_SOURCE","LOCAL_ONLY","Raw OpenAQ/API downloads"
"data\raw\air_quality\openaq\coverage\sensor_12235363_days_2026-08-26_2026-09-24_retrieved_20260924T174537.json","4363","0","RAW_SOURCE","LOCAL_ONLY","Raw OpenAQ/API downloads"
"data\raw\air_quality\openaq\coverage\sensor_12235365_days_2026-08-26_2026-09-24_retrieved_20260924T174545.json","22682","0.02","RAW_SOURCE","LOCAL_ONLY","Raw OpenAQ/API downloads"
"data\raw\air_quality\openaq\coverage\sensor_12235367_days_2026-08-26_2026-09-24_retrieved_20260924T174558.json","22712","0.02","RAW_SOURCE","LOCAL_ONLY","Raw OpenAQ/API downloads"
"data\raw\air_quality\openaq\coverage\sensor_12235368_days_2026-08-26_2026-09-24_retrieved_20260924T174554.json","22873","0.02","RAW_SOURCE","LOCAL_ONLY","Raw OpenAQ/API downloads"
"data\raw\air_quality\openaq\coverage\sensor_12235369_days_2026-08-26_2026-09-24_retrieved_20260924T174600.json","15213","0.01","RAW_SOURCE","LOCAL_ONLY","Raw OpenAQ/API downloads"
"data\raw\air_quality\openaq\coverage\sensor_12235370_days_2026-08-26_2026-09-24_retrieved_20260924T174550.json","16870","0.02","RAW_SOURCE","LOCAL_ONLY","Raw OpenAQ/API downloads"
"data\raw\air_quality\openaq\coverage\sensor_12235372_days_2026-08-26_2026-09-24_retrieved_20260924T174602.json","22814","0.02","RAW_SOURCE","LOCAL_ONLY","Raw OpenAQ/API downloads"
"data\raw\air_quality\openaq\coverage\sensor_12235395_days_2026-08-26_2026-09-24_retrieved_20260924T174516.json","21131","0.02","RAW_SOURCE","LOCAL_ONLY","Raw OpenAQ/API downloads"
"data\raw\air_quality\openaq\coverage\sensor_12235397_days_2026-08-26_2026-09-24_retrieved_20260924T174518.json","20861","0.02","RAW_SOURCE","LOCAL_ONLY","Raw OpenAQ/API downloads"
"data\raw\air_quality\openaq\coverage\sensor_12235398_days_2026-08-26_2026-09-24_retrieved_20260924T174513.json","21147","0.02","RAW_SOURCE","LOCAL_ONLY","Raw OpenAQ/API downloads"
"data\raw\air_quality\openaq\coverage\sensor_12235399_days_2026-08-26_2026-09-24_retrieved_20260924T174510.json","19631","0.02","RAW_SOURCE","LOCAL_ONLY","Raw OpenAQ/API downloads"
"data\raw\air_quality\openaq\coverage\sensor_12235400_days_2026-08-26_2026-09-24_retrieved_20260924T174507.json","19506","0.02","RAW_SOURCE","LOCAL_ONLY","Raw OpenAQ/API downloads"
"data\raw\air_quality\openaq\coverage\sensor_12235402_days_2026-08-26_2026-09-24_retrieved_20260924T174511.json","21022","0.02","RAW_SOURCE","LOCAL_ONLY","Raw OpenAQ/API downloads"
"data\raw\air_quality\openaq\coverage\sensor_12235404_days_2026-08-26_2026-09-24_retrieved_20260924T183639.json","21920","0.02","RAW_SOURCE","LOCAL_ONLY","Raw OpenAQ/API downloads"
"data\raw\air_quality\openaq\coverage\sensor_12235406_days_2026-08-26_2026-09-24_retrieved_20260924T183633.json","21890","0.02","RAW_SOURCE","LOCAL_ONLY","Raw OpenAQ/API downloads"
"data\raw\air_quality\openaq\coverage\sensor_12235407_days_2026-08-26_2026-09-24_retrieved_20260924T183649.json","22048","0.02","RAW_SOURCE","LOCAL_ONLY","Raw OpenAQ/API downloads"
"data\raw\air_quality\openaq\coverage\sensor_12235408_days_2026-08-26_2026-09-24_retrieved_20260924T183643.json","21437","0.02","RAW_SOURCE","LOCAL_ONLY","Raw OpenAQ/API downloads"
"data\raw\air_quality\openaq\coverage\sensor_12235409_days_2026-08-26_2026-09-24_retrieved_20260924T183646.json","21258","0.02","RAW_SOURCE","LOCAL_ONLY","Raw OpenAQ/API downloads"
"data\raw\air_quality\openaq\coverage\sensor_12235411_days_2026-08-26_2026-09-24_retrieved_20260924T183635.json","21924","0.02","RAW_SOURCE","LOCAL_ONLY","Raw OpenAQ/API downloads"
"data\raw\air_quality\openaq\coverage\sensor_12235455_days_2026-08-26_2026-09-24_retrieved_20260924T175145.json","22089","0.02","RAW_SOURCE","LOCAL_ONLY","Raw OpenAQ/API downloads"
"data\raw\air_quality\openaq\coverage\sensor_12235457_days_2026-08-26_2026-09-24_retrieved_20260924T175151.json","22746","0.02","RAW_SOURCE","LOCAL_ONLY","Raw OpenAQ/API downloads"
"data\raw\air_quality\openaq\coverage\sensor_12235458_days_2026-08-26_2026-09-24_retrieved_20260924T175143.json","22733","0.02","RAW_SOURCE","LOCAL_ONLY","Raw OpenAQ/API downloads"
"data\raw\air_quality\openaq\coverage\sensor_12235459_days_2026-08-26_2026-09-24_retrieved_20260924T175147.json","22030","0.02","RAW_SOURCE","LOCAL_ONLY","Raw OpenAQ/API downloads"
"data\raw\air_quality\openaq\coverage\sensor_12235460_days_2026-08-26_2026-09-24_retrieved_20260924T175141.json","21949","0.02","RAW_SOURCE","LOCAL_ONLY","Raw OpenAQ/API downloads"
"data\raw\air_quality\openaq\coverage\sensor_12235462_days_2026-08-26_2026-09-24_retrieved_20260924T175150.json","22999","0.02","RAW_SOURCE","LOCAL_ONLY","Raw OpenAQ/API downloads"
"data\raw\air_quality\openaq\coverage\sensor_12235500_days_2026-08-26_2026-09-24_retrieved_20260924T183531.json","22685","0.02","RAW_SOURCE","LOCAL_ONLY","Raw OpenAQ/API downloads"
"data\raw\air_quality\openaq\coverage\sensor_12235500_days_2026-08-26_2026-09-24_retrieved_20260924T183613.json","22685","0.02","RAW_SOURCE","LOCAL_ONLY","Raw OpenAQ/API downloads"
"data\raw\air_quality\openaq\coverage\sensor_12235502_days_2026-08-26_2026-09-24_retrieved_20260924T183616.json","22623","0.02","RAW_SOURCE","LOCAL_ONLY","Raw OpenAQ/API downloads"
"data\raw\air_quality\openaq\coverage\sensor_12235503_days_2026-08-26_2026-09-24_retrieved_20260924T183626.json","21774","0.02","RAW_SOURCE","LOCAL_ONLY","Raw OpenAQ/API downloads"
"data\raw\air_quality\openaq\coverage\sensor_12235504_days_2026-08-26_2026-09-24_retrieved_20260924T183619.json","22272","0.02","RAW_SOURCE","LOCAL_ONLY","Raw OpenAQ/API downloads"
"data\raw\air_quality\openaq\coverage\sensor_12235505_days_2026-08-26_2026-09-24_retrieved_20260924T183629.json","22248","0.02","RAW_SOURCE","LOCAL_ONLY","Raw OpenAQ/API downloads"
"data\raw\air_quality\openaq\coverage\sensor_12235507_days_2026-08-26_2026-09-24_retrieved_20260924T183623.json","22515","0.02","RAW_SOURCE","LOCAL_ONLY","Raw OpenAQ/API downloads"
"data\raw\air_quality\openaq\coverage\sensor_12235517_days_2026-08-26_2026-09-24_retrieved_20260924T174805.json","23442","0.02","RAW_SOURCE","LOCAL_ONLY","Raw OpenAQ/API downloads"
"data\raw\air_quality\openaq\coverage\sensor_12235519_days_2026-08-26_2026-09-24_retrieved_20260924T174809.json","22972","0.02","RAW_SOURCE","LOCAL_ONLY","Raw OpenAQ/API downloads"
"data\raw\air_quality\openaq\coverage\sensor_12235520_days_2026-08-26_2026-09-24_retrieved_20260924T174803.json","22932","0.02","RAW_SOURCE","LOCAL_ONLY","Raw OpenAQ/API downloads"
"data\raw\air_quality\openaq\coverage\sensor_12235521_days_2026-08-26_2026-09-24_retrieved_20260924T174801.json","22935","0.02","RAW_SOURCE","LOCAL_ONLY","Raw OpenAQ/API downloads"
"data\raw\air_quality\openaq\coverage\sensor_12235522_days_2026-08-26_2026-09-24_retrieved_20260924T174811.json","22871","0.02","RAW_SOURCE","LOCAL_ONLY","Raw OpenAQ/API downloads"
"data\raw\air_quality\openaq\coverage\sensor_12235524_days_2026-08-26_2026-09-24_retrieved_20260924T174807.json","22778","0.02","RAW_SOURCE","LOCAL_ONLY","Raw OpenAQ/API downloads"
"data\raw\air_quality\openaq\coverage\sensor_12235526_days_2026-08-26_2026-09-24_retrieved_20260924T174841.json","19985","0.02","RAW_SOURCE","LOCAL_ONLY","Raw OpenAQ/API downloads"
"data\raw\air_quality\openaq\coverage\sensor_12235528_days_2026-08-26_2026-09-24_retrieved_20260924T174845.json","20979","0.02","RAW_SOURCE","LOCAL_ONLY","Raw OpenAQ/API downloads"
"data\raw\air_quality\openaq\coverage\sensor_12235529_days_2026-08-26_2026-09-24_retrieved_20260924T174843.json","21972","0.02","RAW_SOURCE","LOCAL_ONLY","Raw OpenAQ/API downloads"
"data\raw\air_quality\openaq\coverage\sensor_12235530_days_2026-08-26_2026-09-24_retrieved_20260924T174839.json","22041","0.02","RAW_SOURCE","LOCAL_ONLY","Raw OpenAQ/API downloads"
"data\raw\air_quality\openaq\coverage\sensor_12235531_days_2026-08-26_2026-09-24_retrieved_20260924T174850.json","21192","0.02","RAW_SOURCE","LOCAL_ONLY","Raw OpenAQ/API downloads"
"data\raw\air_quality\openaq\coverage\sensor_12235533_days_2026-08-26_2026-09-24_retrieved_20260924T174848.json","21867","0.02","RAW_SOURCE","LOCAL_ONLY","Raw OpenAQ/API downloads"
"data\raw\air_quality\openaq\coverage\sensor_12235569_days_2026-08-26_2026-09-24_retrieved_20260924T174752.json","22664","0.02","RAW_SOURCE","LOCAL_ONLY","Raw OpenAQ/API downloads"
"data\raw\air_quality\openaq\coverage\sensor_12235571_days_2026-08-26_2026-09-24_retrieved_20260924T174748.json","22976","0.02","RAW_SOURCE","LOCAL_ONLY","Raw OpenAQ/API downloads"
"data\raw\air_quality\openaq\coverage\sensor_12235572_days_2026-08-26_2026-09-24_retrieved_20260924T174742.json","22761","0.02","RAW_SOURCE","LOCAL_ONLY","Raw OpenAQ/API downloads"
"data\raw\air_quality\openaq\coverage\sensor_12235573_days_2026-08-26_2026-09-24_retrieved_20260924T174757.json","22839","0.02","RAW_SOURCE","LOCAL_ONLY","Raw OpenAQ/API downloads"
"data\raw\air_quality\openaq\coverage\sensor_12235574_days_2026-08-26_2026-09-24_retrieved_20260924T174759.json","23145","0.02","RAW_SOURCE","LOCAL_ONLY","Raw OpenAQ/API downloads"
"data\raw\air_quality\openaq\coverage\sensor_12235576_days_2026-08-26_2026-09-24_retrieved_20260924T174744.json","22366","0.02","RAW_SOURCE","LOCAL_ONLY","Raw OpenAQ/API downloads"
"data\raw\air_quality\openaq\coverage\sensor_12235578_days_2026-08-26_2026-09-24_retrieved_20260924T174457.json","22729","0.02","RAW_SOURCE","LOCAL_ONLY","Raw OpenAQ/API downloads"
"data\raw\air_quality\openaq\coverage\sensor_12235580_days_2026-08-26_2026-09-24_retrieved_20260924T174501.json","22317","0.02","RAW_SOURCE","LOCAL_ONLY","Raw OpenAQ/API downloads"
"data\raw\air_quality\openaq\coverage\sensor_12235581_days_2026-08-26_2026-09-24_retrieved_20260924T174453.json","22554","0.02","RAW_SOURCE","LOCAL_ONLY","Raw OpenAQ/API downloads"
"data\raw\air_quality\openaq\coverage\sensor_12235582_days_2026-08-26_2026-09-24_retrieved_20260924T174505.json","22146","0.02","RAW_SOURCE","LOCAL_ONLY","Raw OpenAQ/API downloads"
"data\raw\air_quality\openaq\coverage\sensor_12235583_days_2026-08-26_2026-09-24_retrieved_20260924T174503.json","22099","0.02","RAW_SOURCE","LOCAL_ONLY","Raw OpenAQ/API downloads"
"data\raw\air_quality\openaq\coverage\sensor_12235585_days_2026-08-26_2026-09-24_retrieved_20260924T174448.json","22562","0.02","RAW_SOURCE","LOCAL_ONLY","Raw OpenAQ/API downloads"
"data\raw\air_quality\openaq\coverage\sensor_12235605_days_2026-08-26_2026-09-24_retrieved_20260924T174433.json","21789","0.02","RAW_SOURCE","LOCAL_ONLY","Raw OpenAQ/API downloads"
"data\raw\air_quality\openaq\coverage\sensor_12235607_days_2026-08-26_2026-09-24_retrieved_20260924T174438.json","21925","0.02","RAW_SOURCE","LOCAL_ONLY","Raw OpenAQ/API downloads"
"data\raw\air_quality\openaq\coverage\sensor_12235608_days_2026-08-26_2026-09-24_retrieved_20260924T174431.json","21921","0.02","RAW_SOURCE","LOCAL_ONLY","Raw OpenAQ/API downloads"
"data\raw\air_quality\openaq\coverage\sensor_12235609_days_2026-08-26_2026-09-24_retrieved_20260924T174440.json","21164","0.02","RAW_SOURCE","LOCAL_ONLY","Raw OpenAQ/API downloads"
"data\raw\air_quality\openaq\coverage\sensor_12235610_days_2026-08-26_2026-09-24_retrieved_20260924T174444.json","21232","0.02","RAW_SOURCE","LOCAL_ONLY","Raw OpenAQ/API downloads"
"data\raw\air_quality\openaq\coverage\sensor_12235612_days_2026-08-26_2026-09-24_retrieved_20260924T174436.json","21648","0.02","RAW_SOURCE","LOCAL_ONLY","Raw OpenAQ/API downloads"
"data\raw\air_quality\openaq\coverage\sensor_12235621_days_2026-08-26_2026-09-24_retrieved_20260924T175108.json","22811","0.02","RAW_SOURCE","LOCAL_ONLY","Raw OpenAQ/API downloads"
"data\raw\air_quality\openaq\coverage\sensor_12235623_days_2026-08-26_2026-09-24_retrieved_20260924T175103.json","22886","0.02","RAW_SOURCE","LOCAL_ONLY","Raw OpenAQ/API downloads"
"data\raw\air_quality\openaq\coverage\sensor_12235624_days_2026-08-26_2026-09-24_retrieved_20260924T175112.json","22834","0.02","RAW_SOURCE","LOCAL_ONLY","Raw OpenAQ/API downloads"
"data\raw\air_quality\openaq\coverage\sensor_12235625_days_2026-08-26_2026-09-24_retrieved_20260924T175101.json","22981","0.02","RAW_SOURCE","LOCAL_ONLY","Raw OpenAQ/API downloads"
"data\raw\air_quality\openaq\coverage\sensor_12235626_days_2026-08-26_2026-09-24_retrieved_20260924T175105.json","23023","0.02","RAW_SOURCE","LOCAL_ONLY","Raw OpenAQ/API downloads"
"data\raw\air_quality\openaq\coverage\sensor_12235628_days_2026-08-26_2026-09-24_retrieved_20260924T175110.json","22736","0.02","RAW_SOURCE","LOCAL_ONLY","Raw OpenAQ/API downloads"
"data\raw\air_quality\openaq\coverage\sensor_12235648_days_2026-08-26_2026-09-24_retrieved_20260924T174828.json","22707","0.02","RAW_SOURCE","LOCAL_ONLY","Raw OpenAQ/API downloads"
"data\raw\air_quality\openaq\coverage\sensor_12235650_days_2026-08-26_2026-09-24_retrieved_20260924T174834.json","22511","0.02","RAW_SOURCE","LOCAL_ONLY","Raw OpenAQ/API downloads"
"data\raw\air_quality\openaq\coverage\sensor_12235651_days_2026-08-26_2026-09-24_retrieved_20260924T174837.json","22838","0.02","RAW_SOURCE","LOCAL_ONLY","Raw OpenAQ/API downloads"
"data\raw\air_quality\openaq\coverage\sensor_12235652_days_2026-08-26_2026-09-24_retrieved_20260924T174832.json","22927","0.02","RAW_SOURCE","LOCAL_ONLY","Raw OpenAQ/API downloads"
"data\raw\air_quality\openaq\coverage\sensor_12235653_days_2026-08-26_2026-09-24_retrieved_20260924T174830.json","22855","0.02","RAW_SOURCE","LOCAL_ONLY","Raw OpenAQ/API downloads"
"data\raw\air_quality\openaq\coverage\sensor_12235655_days_2026-08-26_2026-09-24_retrieved_20260924T174826.json","22596","0.02","RAW_SOURCE","LOCAL_ONLY","Raw OpenAQ/API downloads"
"data\raw\air_quality\openaq\coverage\sensor_12235666_days_2026-08-26_2026-09-24_retrieved_20260924T175153.json","22957","0.02","RAW_SOURCE","LOCAL_ONLY","Raw OpenAQ/API downloads"
"data\raw\air_quality\openaq\coverage\sensor_12235668_days_2026-08-26_2026-09-24_retrieved_20260924T175155.json","22877","0.02","RAW_SOURCE","LOCAL_ONLY","Raw OpenAQ/API downloads"
"data\raw\air_quality\openaq\coverage\sensor_12235669_days_2026-08-26_2026-09-24_retrieved_20260924T175204.json","22889","0.02","RAW_SOURCE","LOCAL_ONLY","Raw OpenAQ/API downloads"
"data\raw\air_quality\openaq\coverage\sensor_12235670_days_2026-08-26_2026-09-24_retrieved_20260924T175158.json","23091","0.02","RAW_SOURCE","LOCAL_ONLY","Raw OpenAQ/API downloads"
"data\raw\air_quality\openaq\coverage\sensor_12235671_days_2026-08-26_2026-09-24_retrieved_20260924T175202.json","22944","0.02","RAW_SOURCE","LOCAL_ONLY","Raw OpenAQ/API downloads"
"data\raw\air_quality\openaq\coverage\sensor_12235673_days_2026-08-26_2026-09-24_retrieved_20260924T175159.json","22893","0.02","RAW_SOURCE","LOCAL_ONLY","Raw OpenAQ/API downloads"
"data\raw\air_quality\openaq\coverage\sensor_12235675_days_2026-08-26_2026-09-24_retrieved_20260924T174642.json","21995","0.02","RAW_SOURCE","LOCAL_ONLY","Raw OpenAQ/API downloads"
"data\raw\air_quality\openaq\coverage\sensor_12235677_days_2026-08-26_2026-09-24_retrieved_20260924T174647.json","22063","0.02","RAW_SOURCE","LOCAL_ONLY","Raw OpenAQ/API downloads"
"data\raw\air_quality\openaq\coverage\sensor_12235678_days_2026-08-26_2026-09-24_retrieved_20260924T174656.json","21982","0.02","RAW_SOURCE","LOCAL_ONLY","Raw OpenAQ/API downloads"
"data\raw\air_quality\openaq\coverage\sensor_12235679_days_2026-08-26_2026-09-24_retrieved_20260924T174651.json","21093","0.02","RAW_SOURCE","LOCAL_ONLY","Raw OpenAQ/API downloads"
"data\raw\air_quality\openaq\coverage\sensor_12235680_days_2026-08-26_2026-09-24_retrieved_20260924T174702.json","21976","0.02","RAW_SOURCE","LOCAL_ONLY","Raw OpenAQ/API downloads"
"data\raw\air_quality\openaq\coverage\sensor_12235682_days_2026-08-26_2026-09-24_retrieved_20260924T174659.json","21950","0.02","RAW_SOURCE","LOCAL_ONLY","Raw OpenAQ/API downloads"
"data\raw\air_quality\openaq\coverage\sensor_12235756_days_2026-08-26_2026-09-24_retrieved_20260924T175238.json","22818","0.02","RAW_SOURCE","LOCAL_ONLY","Raw OpenAQ/API downloads"
"data\raw\air_quality\openaq\coverage\sensor_12235758_days_2026-08-26_2026-09-24_retrieved_20260924T175234.json","22622","0.02","RAW_SOURCE","LOCAL_ONLY","Raw OpenAQ/API downloads"
"data\raw\air_quality\openaq\coverage\sensor_12235759_days_2026-08-26_2026-09-24_retrieved_20260924T175242.json","22847","0.02","RAW_SOURCE","LOCAL_ONLY","Raw OpenAQ/API downloads"
"data\raw\air_quality\openaq\coverage\sensor_12235760_days_2026-08-26_2026-09-24_retrieved_20260924T175240.json","22733","0.02","RAW_SOURCE","LOCAL_ONLY","Raw OpenAQ/API downloads"
"data\raw\air_quality\openaq\coverage\sensor_12235761_days_2026-08-26_2026-09-24_retrieved_20260924T175245.json","22920","0.02","RAW_SOURCE","LOCAL_ONLY","Raw OpenAQ/API downloads"
"data\raw\air_quality\openaq\coverage\sensor_12235763_days_2026-08-26_2026-09-24_retrieved_20260924T175236.json","22842","0.02","RAW_SOURCE","LOCAL_ONLY","Raw OpenAQ/API downloads"
"data\raw\air_quality\openaq\coverage\sensor_12235791_days_2026-08-26_2026-09-24_retrieved_20260924T174901.json","22606","0.02","RAW_SOURCE","LOCAL_ONLY","Raw OpenAQ/API downloads"
"data\raw\air_quality\openaq\coverage\sensor_12235793_days_2026-08-26_2026-09-24_retrieved_20260924T174859.json","22785","0.02","RAW_SOURCE","LOCAL_ONLY","Raw OpenAQ/API downloads"
"data\raw\air_quality\openaq\coverage\sensor_12235794_days_2026-08-26_2026-09-24_retrieved_20260924T174852.json","16022","0.02","RAW_SOURCE","LOCAL_ONLY","Raw OpenAQ/API downloads"
"data\raw\air_quality\openaq\coverage\sensor_12235795_days_2026-08-26_2026-09-24_retrieved_20260924T174857.json","22824","0.02","RAW_SOURCE","LOCAL_ONLY","Raw OpenAQ/API downloads"
"data\raw\air_quality\openaq\coverage\sensor_12235796_days_2026-08-26_2026-09-24_retrieved_20260924T174854.json","23006","0.02","RAW_SOURCE","LOCAL_ONLY","Raw OpenAQ/API downloads"
"data\raw\air_quality\openaq\coverage\sensor_12235798_days_2026-08-26_2026-09-24_retrieved_20260924T174903.json","22559","0.02","RAW_SOURCE","LOCAL_ONLY","Raw OpenAQ/API downloads"
"data\raw\air_quality\openaq\coverage\sensor_12235818_days_2026-08-26_2026-09-24_retrieved_20260924T175045.json","90","0","RAW_SOURCE","LOCAL_ONLY","Raw OpenAQ/API downloads"
"data\raw\air_quality\openaq\coverage\sensor_12235820_days_2026-08-26_2026-09-24_retrieved_20260924T175039.json","90","0","RAW_SOURCE","LOCAL_ONLY","Raw OpenAQ/API downloads"
"data\raw\air_quality\openaq\coverage\sensor_12235821_days_2026-08-26_2026-09-24_retrieved_20260924T175041.json","90","0","RAW_SOURCE","LOCAL_ONLY","Raw OpenAQ/API downloads"
"data\raw\air_quality\openaq\coverage\sensor_12235822_days_2026-08-26_2026-09-24_retrieved_20260924T175043.json","90","0","RAW_SOURCE","LOCAL_ONLY","Raw OpenAQ/API downloads"
"data\raw\air_quality\openaq\coverage\sensor_12235823_days_2026-08-26_2026-09-24_retrieved_20260924T175046.json","90","0","RAW_SOURCE","LOCAL_ONLY","Raw OpenAQ/API downloads"
"data\raw\air_quality\openaq\coverage\sensor_12235825_days_2026-08-26_2026-09-24_retrieved_20260924T175038.json","90","0","RAW_SOURCE","LOCAL_ONLY","Raw OpenAQ/API downloads"
"data\raw\air_quality\openaq\coverage\sensor_12235829_days_2026-08-26_2026-09-24_retrieved_20260924T175052.json","20752","0.02","RAW_SOURCE","LOCAL_ONLY","Raw OpenAQ/API downloads"
"data\raw\air_quality\openaq\coverage\sensor_12235831_days_2026-08-26_2026-09-24_retrieved_20260924T175056.json","22833","0.02","RAW_SOURCE","LOCAL_ONLY","Raw OpenAQ/API downloads"
"data\raw\air_quality\openaq\coverage\sensor_12235832_days_2026-08-26_2026-09-24_retrieved_20260924T175059.json","22961","0.02","RAW_SOURCE","LOCAL_ONLY","Raw OpenAQ/API downloads"
"data\raw\air_quality\openaq\coverage\sensor_12235833_days_2026-08-26_2026-09-24_retrieved_20260924T175054.json","15384","0.01","RAW_SOURCE","LOCAL_ONLY","Raw OpenAQ/API downloads"
"data\raw\air_quality\openaq\coverage\sensor_12235834_days_2026-08-26_2026-09-24_retrieved_20260924T175050.json","15175","0.01","RAW_SOURCE","LOCAL_ONLY","Raw OpenAQ/API downloads"
"data\raw\air_quality\openaq\coverage\sensor_12235873_days_2026-08-26_2026-09-24_retrieved_20260924T174635.json","22681","0.02","RAW_SOURCE","LOCAL_ONLY","Raw OpenAQ/API downloads"
"data\raw\air_quality\openaq\coverage\sensor_12235875_days_2026-08-26_2026-09-24_retrieved_20260924T174640.json","22827","0.02","RAW_SOURCE","LOCAL_ONLY","Raw OpenAQ/API downloads"
"data\raw\air_quality\openaq\coverage\sensor_12235876_days_2026-08-26_2026-09-24_retrieved_20260924T174631.json","22959","0.02","RAW_SOURCE","LOCAL_ONLY","Raw OpenAQ/API downloads"
"data\raw\air_quality\openaq\coverage\sensor_12235877_days_2026-08-26_2026-09-24_retrieved_20260924T174629.json","22803","0.02","RAW_SOURCE","LOCAL_ONLY","Raw OpenAQ/API downloads"
"data\raw\air_quality\openaq\coverage\sensor_12235878_days_2026-08-26_2026-09-24_retrieved_20260924T174638.json","22907","0.02","RAW_SOURCE","LOCAL_ONLY","Raw OpenAQ/API downloads"
"data\raw\air_quality\openaq\coverage\sensor_12235880_days_2026-08-26_2026-09-24_retrieved_20260924T174633.json","22627","0.02","RAW_SOURCE","LOCAL_ONLY","Raw OpenAQ/API downloads"
"data\raw\air_quality\openaq\coverage\sensor_12235882_days_2026-08-26_2026-09-24_retrieved_20260924T174625.json","20379","0.02","RAW_SOURCE","LOCAL_ONLY","Raw OpenAQ/API downloads"
"data\raw\air_quality\openaq\coverage\sensor_12235884_days_2026-08-26_2026-09-24_retrieved_20260924T174621.json","22894","0.02","RAW_SOURCE","LOCAL_ONLY","Raw OpenAQ/API downloads"
"data\raw\air_quality\openaq\coverage\sensor_12235885_days_2026-08-26_2026-09-24_retrieved_20260924T174616.json","23094","0.02","RAW_SOURCE","LOCAL_ONLY","Raw OpenAQ/API downloads"
"data\raw\air_quality\openaq\coverage\sensor_12235886_days_2026-08-26_2026-09-24_retrieved_20260924T174623.json","22983","0.02","RAW_SOURCE","LOCAL_ONLY","Raw OpenAQ/API downloads"
"data\raw\air_quality\openaq\coverage\sensor_12235887_days_2026-08-26_2026-09-24_retrieved_20260924T174627.json","22997","0.02","RAW_SOURCE","LOCAL_ONLY","Raw OpenAQ/API downloads"
"data\raw\air_quality\openaq\coverage\sensor_12235889_days_2026-08-26_2026-09-24_retrieved_20260924T174618.json","22769","0.02","RAW_SOURCE","LOCAL_ONLY","Raw OpenAQ/API downloads"
"data\raw\air_quality\openaq\coverage\sensor_12235921_days_2026-08-26_2026-09-24_retrieved_20260924T175035.json","90","0","RAW_SOURCE","LOCAL_ONLY","Raw OpenAQ/API downloads"
"data\raw\air_quality\openaq\coverage\sensor_12235923_days_2026-08-26_2026-09-24_retrieved_20260924T175036.json","90","0","RAW_SOURCE","LOCAL_ONLY","Raw OpenAQ/API downloads"
"data\raw\air_quality\openaq\coverage\sensor_12235924_days_2026-08-26_2026-09-24_retrieved_20260924T175029.json","90","0","RAW_SOURCE","LOCAL_ONLY","Raw OpenAQ/API downloads"
"data\raw\air_quality\openaq\coverage\sensor_12235925_days_2026-08-26_2026-09-24_retrieved_20260924T175033.json","90","0","RAW_SOURCE","LOCAL_ONLY","Raw OpenAQ/API downloads"
"data\raw\air_quality\openaq\coverage\sensor_12235926_days_2026-08-26_2026-09-24_retrieved_20260924T175027.json","90","0","RAW_SOURCE","LOCAL_ONLY","Raw OpenAQ/API downloads"
"data\raw\air_quality\openaq\coverage\sensor_12235928_days_2026-08-26_2026-09-24_retrieved_20260924T175031.json","90","0","RAW_SOURCE","LOCAL_ONLY","Raw OpenAQ/API downloads"
"data\raw\air_quality\openaq\coverage\sensor_12235980_days_2026-08-26_2026-09-24_retrieved_20260924T174813.json","22407","0.02","RAW_SOURCE","LOCAL_ONLY","Raw OpenAQ/API downloads"
"data\raw\air_quality\openaq\coverage\sensor_12235982_days_2026-08-26_2026-09-24_retrieved_20260924T174820.json","22135","0.02","RAW_SOURCE","LOCAL_ONLY","Raw OpenAQ/API downloads"
"data\raw\air_quality\openaq\coverage\sensor_12235983_days_2026-08-26_2026-09-24_retrieved_20260924T174818.json","22656","0.02","RAW_SOURCE","LOCAL_ONLY","Raw OpenAQ/API downloads"
"data\raw\air_quality\openaq\coverage\sensor_12235984_days_2026-08-26_2026-09-24_retrieved_20260924T174822.json","22074","0.02","RAW_SOURCE","LOCAL_ONLY","Raw OpenAQ/API downloads"
"data\raw\air_quality\openaq\coverage\sensor_12235985_days_2026-08-26_2026-09-24_retrieved_20260924T174824.json","22049","0.02","RAW_SOURCE","LOCAL_ONLY","Raw OpenAQ/API downloads"
"data\raw\air_quality\openaq\coverage\sensor_12235987_days_2026-08-26_2026-09-24_retrieved_20260924T174815.json","22617","0.02","RAW_SOURCE","LOCAL_ONLY","Raw OpenAQ/API downloads"
"data\raw\air_quality\openaq\coverage\sensor_12236016_days_2026-08-26_2026-09-24_retrieved_20260924T175308.json","23246","0.02","RAW_SOURCE","LOCAL_ONLY","Raw OpenAQ/API downloads"
"data\raw\air_quality\openaq\coverage\sensor_12236018_days_2026-08-26_2026-09-24_retrieved_20260924T175310.json","22693","0.02","RAW_SOURCE","LOCAL_ONLY","Raw OpenAQ/API downloads"
"data\raw\air_quality\openaq\coverage\sensor_12236019_days_2026-08-26_2026-09-24_retrieved_20260924T175258.json","22721","0.02","RAW_SOURCE","LOCAL_ONLY","Raw OpenAQ/API downloads"
"data\raw\air_quality\openaq\coverage\sensor_12236020_days_2026-08-26_2026-09-24_retrieved_20260924T175306.json","22038","0.02","RAW_SOURCE","LOCAL_ONLY","Raw OpenAQ/API downloads"
"data\raw\air_quality\openaq\coverage\sensor_12236021_days_2026-08-26_2026-09-24_retrieved_20260924T175303.json","21931","0.02","RAW_SOURCE","LOCAL_ONLY","Raw OpenAQ/API downloads"
"data\raw\air_quality\openaq\coverage\sensor_12236023_days_2026-08-26_2026-09-24_retrieved_20260924T175301.json","22838","0.02","RAW_SOURCE","LOCAL_ONLY","Raw OpenAQ/API downloads"
"data\raw\air_quality\openaq\coverage\sensor_12236097_days_2026-08-26_2026-09-24_retrieved_20260924T175006.json","23033","0.02","RAW_SOURCE","LOCAL_ONLY","Raw OpenAQ/API downloads"
"data\raw\air_quality\openaq\coverage\sensor_12236099_days_2026-08-26_2026-09-24_retrieved_20260924T175013.json","22776","0.02","RAW_SOURCE","LOCAL_ONLY","Raw OpenAQ/API downloads"
"data\raw\air_quality\openaq\coverage\sensor_12236100_days_2026-08-26_2026-09-24_retrieved_20260924T175001.json","23060","0.02","RAW_SOURCE","LOCAL_ONLY","Raw OpenAQ/API downloads"
"data\raw\air_quality\openaq\coverage\sensor_12236101_days_2026-08-26_2026-09-24_retrieved_20260924T175004.json","22769","0.02","RAW_SOURCE","LOCAL_ONLY","Raw OpenAQ/API downloads"
"data\raw\air_quality\openaq\coverage\sensor_12236102_days_2026-08-26_2026-09-24_retrieved_20260924T175010.json","22791","0.02","RAW_SOURCE","LOCAL_ONLY","Raw OpenAQ/API downloads"
"data\raw\air_quality\openaq\coverage\sensor_12236104_days_2026-08-26_2026-09-24_retrieved_20260924T175008.json","22860","0.02","RAW_SOURCE","LOCAL_ONLY","Raw OpenAQ/API downloads"
"data\raw\air_quality\openaq\coverage\sensor_12236177_days_2026-08-26_2026-09-24_retrieved_20260924T175023.json","22801","0.02","RAW_SOURCE","LOCAL_ONLY","Raw OpenAQ/API downloads"
"data\raw\air_quality\openaq\coverage\sensor_12236179_days_2026-08-26_2026-09-24_retrieved_20260924T175019.json","22772","0.02","RAW_SOURCE","LOCAL_ONLY","Raw OpenAQ/API downloads"
"data\raw\air_quality\openaq\coverage\sensor_12236180_days_2026-08-26_2026-09-24_retrieved_20260924T175021.json","22940","0.02","RAW_SOURCE","LOCAL_ONLY","Raw OpenAQ/API downloads"
"data\raw\air_quality\openaq\coverage\sensor_12236181_days_2026-08-26_2026-09-24_retrieved_20260924T175017.json","22998","0.02","RAW_SOURCE","LOCAL_ONLY","Raw OpenAQ/API downloads"
"data\raw\air_quality\openaq\coverage\sensor_12236182_days_2026-08-26_2026-09-24_retrieved_20260924T175025.json","23146","0.02","RAW_SOURCE","LOCAL_ONLY","Raw OpenAQ/API downloads"
"data\raw\air_quality\openaq\coverage\sensor_12236184_days_2026-08-26_2026-09-24_retrieved_20260924T175015.json","22107","0.02","RAW_SOURCE","LOCAL_ONLY","Raw OpenAQ/API downloads"
"data\raw\air_quality\openaq\coverage\sensor_12236186_days_2026-08-26_2026-09-24_retrieved_20260924T174952.json","22847","0.02","RAW_SOURCE","LOCAL_ONLY","Raw OpenAQ/API downloads"
"data\raw\air_quality\openaq\coverage\sensor_12236188_days_2026-08-26_2026-09-24_retrieved_20260924T174955.json","22772","0.02","RAW_SOURCE","LOCAL_ONLY","Raw OpenAQ/API downloads"
"data\raw\air_quality\openaq\coverage\sensor_12236189_days_2026-08-26_2026-09-24_retrieved_20260924T174957.json","23066","0.02","RAW_SOURCE","LOCAL_ONLY","Raw OpenAQ/API downloads"
"data\raw\air_quality\openaq\coverage\sensor_12236190_days_2026-08-26_2026-09-24_retrieved_20260924T174950.json","22870","0.02","RAW_SOURCE","LOCAL_ONLY","Raw OpenAQ/API downloads"
"data\raw\air_quality\openaq\coverage\sensor_12236191_days_2026-08-26_2026-09-24_retrieved_20260924T174945.json","22745","0.02","RAW_SOURCE","LOCAL_ONLY","Raw OpenAQ/API downloads"
"data\raw\air_quality\openaq\coverage\sensor_12236193_days_2026-08-26_2026-09-24_retrieved_20260924T174948.json","22555","0.02","RAW_SOURCE","LOCAL_ONLY","Raw OpenAQ/API downloads"
"data\raw\air_quality\openaq\coverage\sensor_12236458_days_2026-08-26_2026-09-24_retrieved_20260924T174908.json","22828","0.02","RAW_SOURCE","LOCAL_ONLY","Raw OpenAQ/API downloads"
"data\raw\air_quality\openaq\coverage\sensor_12236460_days_2026-08-26_2026-09-24_retrieved_20260924T174910.json","22874","0.02","RAW_SOURCE","LOCAL_ONLY","Raw OpenAQ/API downloads"
"data\raw\air_quality\openaq\coverage\sensor_12236461_days_2026-08-26_2026-09-24_retrieved_20260924T174912.json","22267","0.02","RAW_SOURCE","LOCAL_ONLY","Raw OpenAQ/API downloads"
"data\raw\air_quality\openaq\coverage\sensor_12236462_days_2026-08-26_2026-09-24_retrieved_20260924T174916.json","22838","0.02","RAW_SOURCE","LOCAL_ONLY","Raw OpenAQ/API downloads"
"data\raw\air_quality\openaq\coverage\sensor_12236463_days_2026-08-26_2026-09-24_retrieved_20260924T174906.json","22884","0.02","RAW_SOURCE","LOCAL_ONLY","Raw OpenAQ/API downloads"
"data\raw\air_quality\openaq\coverage\sensor_12236465_days_2026-08-26_2026-09-24_retrieved_20260924T174914.json","22763","0.02","RAW_SOURCE","LOCAL_ONLY","Raw OpenAQ/API downloads"
"data\raw\air_quality\openaq\coverage\sensor_12236526_days_2026-08-26_2026-09-24_retrieved_20260924T175232.json","21986","0.02","RAW_SOURCE","LOCAL_ONLY","Raw OpenAQ/API downloads"
"data\raw\air_quality\openaq\coverage\sensor_12236528_days_2026-08-26_2026-09-24_retrieved_20260924T175230.json","22093","0.02","RAW_SOURCE","LOCAL_ONLY","Raw OpenAQ/API downloads"
"data\raw\air_quality\openaq\coverage\sensor_12236529_days_2026-08-26_2026-09-24_retrieved_20260924T175225.json","21192","0.02","RAW_SOURCE","LOCAL_ONLY","Raw OpenAQ/API downloads"
"data\raw\air_quality\openaq\coverage\sensor_12236530_days_2026-08-26_2026-09-24_retrieved_20260924T175223.json","22228","0.02","RAW_SOURCE","LOCAL_ONLY","Raw OpenAQ/API downloads"
"data\raw\air_quality\openaq\coverage\sensor_12236531_days_2026-08-26_2026-09-24_retrieved_20260924T175221.json","22220","0.02","RAW_SOURCE","LOCAL_ONLY","Raw OpenAQ/API downloads"
"data\raw\air_quality\openaq\coverage\sensor_12236533_days_2026-08-26_2026-09-24_retrieved_20260924T175227.json","21974","0.02","RAW_SOURCE","LOCAL_ONLY","Raw OpenAQ/API downloads"
"data\raw\air_quality\openaq\coverage\sensor_12236535_days_2026-08-26_2026-09-24_retrieved_20260924T175216.json","22987","0.02","RAW_SOURCE","LOCAL_ONLY","Raw OpenAQ/API downloads"
"data\raw\air_quality\openaq\coverage\sensor_12236537_days_2026-08-26_2026-09-24_retrieved_20260924T175209.json","22960","0.02","RAW_SOURCE","LOCAL_ONLY","Raw OpenAQ/API downloads"
"data\raw\air_quality\openaq\coverage\sensor_12236538_days_2026-08-26_2026-09-24_retrieved_20260924T175206.json","22921","0.02","RAW_SOURCE","LOCAL_ONLY","Raw OpenAQ/API downloads"
"data\raw\air_quality\openaq\coverage\sensor_12236539_days_2026-08-26_2026-09-24_retrieved_20260924T175219.json","22026","0.02","RAW_SOURCE","LOCAL_ONLY","Raw OpenAQ/API downloads"
"data\raw\air_quality\openaq\coverage\sensor_12236540_days_2026-08-26_2026-09-24_retrieved_20260924T175211.json","23084","0.02","RAW_SOURCE","LOCAL_ONLY","Raw OpenAQ/API downloads"
"data\raw\air_quality\openaq\coverage\sensor_12236542_days_2026-08-26_2026-09-24_retrieved_20260924T175214.json","22926","0.02","RAW_SOURCE","LOCAL_ONLY","Raw OpenAQ/API downloads"
"data\raw\air_quality\openaq\coverage\sensor_12237084_days_2026-08-26_2026-09-24_retrieved_20260924T183950.json","22957","0.02","RAW_SOURCE","LOCAL_ONLY","Raw OpenAQ/API downloads"
"data\raw\air_quality\openaq\coverage\sensor_12237086_days_2026-08-26_2026-09-24_retrieved_20260924T183943.json","22808","0.02","RAW_SOURCE","LOCAL_ONLY","Raw OpenAQ/API downloads"
"data\raw\air_quality\openaq\coverage\sensor_12237087_days_2026-08-26_2026-09-24_retrieved_20260924T183946.json","22777","0.02","RAW_SOURCE","LOCAL_ONLY","Raw OpenAQ/API downloads"
"data\raw\air_quality\openaq\coverage\sensor_12237088_days_2026-08-26_2026-09-24_retrieved_20260924T183936.json","21370","0.02","RAW_SOURCE","LOCAL_ONLY","Raw OpenAQ/API downloads"
"data\raw\air_quality\openaq\coverage\sensor_12237089_days_2026-08-26_2026-09-24_retrieved_20260924T183939.json","21306","0.02","RAW_SOURCE","LOCAL_ONLY","Raw OpenAQ/API downloads"
"data\raw\air_quality\openaq\coverage\sensor_12237091_days_2026-08-26_2026-09-24_retrieved_20260924T183933.json","22597","0.02","RAW_SOURCE","LOCAL_ONLY","Raw OpenAQ/API downloads"
"data\raw\air_quality\openaq\coverage\sensor_12237093_days_2026-08-26_2026-09-24_retrieved_20260924T183715.json","22813","0.02","RAW_SOURCE","LOCAL_ONLY","Raw OpenAQ/API downloads"
"data\raw\air_quality\openaq\coverage\sensor_12237095_days_2026-08-26_2026-09-24_retrieved_20260924T183730.json","22668","0.02","RAW_SOURCE","LOCAL_ONLY","Raw OpenAQ/API downloads"
"data\raw\air_quality\openaq\coverage\sensor_12237096_days_2026-08-26_2026-09-24_retrieved_20260924T183719.json","23082","0.02","RAW_SOURCE","LOCAL_ONLY","Raw OpenAQ/API downloads"
"data\raw\air_quality\openaq\coverage\sensor_12237097_days_2026-08-26_2026-09-24_retrieved_20260924T183722.json","22863","0.02","RAW_SOURCE","LOCAL_ONLY","Raw OpenAQ/API downloads"
"data\raw\air_quality\openaq\coverage\sensor_12237098_days_2026-08-26_2026-09-24_retrieved_20260924T183726.json","22855","0.02","RAW_SOURCE","LOCAL_ONLY","Raw OpenAQ/API downloads"
"data\raw\air_quality\openaq\coverage\sensor_12237100_days_2026-08-26_2026-09-24_retrieved_20260924T183712.json","22697","0.02","RAW_SOURCE","LOCAL_ONLY","Raw OpenAQ/API downloads"
"data\raw\air_quality\openaq\coverage\sensor_12237102_days_2026-08-26_2026-09-24_retrieved_20260924T183849.json","21112","0.02","RAW_SOURCE","LOCAL_ONLY","Raw OpenAQ/API downloads"
"data\raw\air_quality\openaq\coverage\sensor_12237104_days_2026-08-26_2026-09-24_retrieved_20260924T183843.json","21215","0.02","RAW_SOURCE","LOCAL_ONLY","Raw OpenAQ/API downloads"
"data\raw\air_quality\openaq\coverage\sensor_12237105_days_2026-08-26_2026-09-24_retrieved_20260924T183846.json","21091","0.02","RAW_SOURCE","LOCAL_ONLY","Raw OpenAQ/API downloads"
"data\raw\air_quality\openaq\coverage\sensor_12237106_days_2026-08-26_2026-09-24_retrieved_20260924T183833.json","21077","0.02","RAW_SOURCE","LOCAL_ONLY","Raw OpenAQ/API downloads"
"data\raw\air_quality\openaq\coverage\sensor_12237107_days_2026-08-26_2026-09-24_retrieved_20260924T183839.json","21180","0.02","RAW_SOURCE","LOCAL_ONLY","Raw OpenAQ/API downloads"
"data\raw\air_quality\openaq\coverage\sensor_12237109_days_2026-08-26_2026-09-24_retrieved_20260924T183836.json","21092","0.02","RAW_SOURCE","LOCAL_ONLY","Raw OpenAQ/API downloads"
"data\raw\air_quality\openaq\coverage\sensor_12237111_days_2026-08-26_2026-09-24_retrieved_20260924T183752.json","22668","0.02","RAW_SOURCE","LOCAL_ONLY","Raw OpenAQ/API downloads"
"data\raw\air_quality\openaq\coverage\sensor_12237113_days_2026-08-26_2026-09-24_retrieved_20260924T183759.json","23048","0.02","RAW_SOURCE","LOCAL_ONLY","Raw OpenAQ/API downloads"
"data\raw\air_quality\openaq\coverage\sensor_12237114_days_2026-08-26_2026-09-24_retrieved_20260924T183755.json","22914","0.02","RAW_SOURCE","LOCAL_ONLY","Raw OpenAQ/API downloads"
"data\raw\air_quality\openaq\coverage\sensor_12237115_days_2026-08-26_2026-09-24_retrieved_20260924T183802.json","23068","0.02","RAW_SOURCE","LOCAL_ONLY","Raw OpenAQ/API downloads"
"data\raw\air_quality\openaq\coverage\sensor_12237116_days_2026-08-26_2026-09-24_retrieved_20260924T183809.json","22935","0.02","RAW_SOURCE","LOCAL_ONLY","Raw OpenAQ/API downloads"
"data\raw\air_quality\openaq\coverage\sensor_12237118_days_2026-08-26_2026-09-24_retrieved_20260924T183806.json","22856","0.02","RAW_SOURCE","LOCAL_ONLY","Raw OpenAQ/API downloads"
"data\raw\air_quality\openaq\coverage\sensor_12237120_days_2026-08-26_2026-09-24_retrieved_20260924T183749.json","23043","0.02","RAW_SOURCE","LOCAL_ONLY","Raw OpenAQ/API downloads"
"data\raw\air_quality\openaq\coverage\sensor_12237122_days_2026-08-26_2026-09-24_retrieved_20260924T183736.json","22803","0.02","RAW_SOURCE","LOCAL_ONLY","Raw OpenAQ/API downloads"
"data\raw\air_quality\openaq\coverage\sensor_12237123_days_2026-08-26_2026-09-24_retrieved_20260924T183746.json","22909","0.02","RAW_SOURCE","LOCAL_ONLY","Raw OpenAQ/API downloads"
"data\raw\air_quality\openaq\coverage\sensor_12237124_days_2026-08-26_2026-09-24_retrieved_20260924T183739.json","23008","0.02","RAW_SOURCE","LOCAL_ONLY","Raw OpenAQ/API downloads"
"data\raw\air_quality\openaq\coverage\sensor_12237125_days_2026-08-26_2026-09-24_retrieved_20260924T183733.json","22871","0.02","RAW_SOURCE","LOCAL_ONLY","Raw OpenAQ/API downloads"
"data\raw\air_quality\openaq\coverage\sensor_12237127_days_2026-08-26_2026-09-24_retrieved_20260924T183743.json","21998","0.02","RAW_SOURCE","LOCAL_ONLY","Raw OpenAQ/API downloads"
"data\raw\air_quality\openaq\coverage\sensor_12237129_days_2026-08-26_2026-09-24_retrieved_20260924T183827.json","22716","0.02","RAW_SOURCE","LOCAL_ONLY","Raw OpenAQ/API downloads"
"data\raw\air_quality\openaq\coverage\sensor_12237131_days_2026-08-26_2026-09-24_retrieved_20260924T183830.json","22752","0.02","RAW_SOURCE","LOCAL_ONLY","Raw OpenAQ/API downloads"
"data\raw\air_quality\openaq\coverage\sensor_12237132_days_2026-08-26_2026-09-24_retrieved_20260924T183823.json","22841","0.02","RAW_SOURCE","LOCAL_ONLY","Raw OpenAQ/API downloads"
"data\raw\air_quality\openaq\coverage\sensor_12237133_days_2026-08-26_2026-09-24_retrieved_20260924T183820.json","22962","0.02","RAW_SOURCE","LOCAL_ONLY","Raw OpenAQ/API downloads"
"data\raw\air_quality\openaq\coverage\sensor_12237134_days_2026-08-26_2026-09-24_retrieved_20260924T183816.json","22990","0.02","RAW_SOURCE","LOCAL_ONLY","Raw OpenAQ/API downloads"
"data\raw\air_quality\openaq\coverage\sensor_12237136_days_2026-08-26_2026-09-24_retrieved_20260924T183813.json","22824","0.02","RAW_SOURCE","LOCAL_ONLY","Raw OpenAQ/API downloads"
"data\raw\air_quality\openaq\coverage\sensor_12237156_days_2026-08-26_2026-09-24_retrieved_20260924T183919.json","18742","0.02","RAW_SOURCE","LOCAL_ONLY","Raw OpenAQ/API downloads"
"data\raw\air_quality\openaq\coverage\sensor_12237158_days_2026-08-26_2026-09-24_retrieved_20260924T183926.json","18788","0.02","RAW_SOURCE","LOCAL_ONLY","Raw OpenAQ/API downloads"
"data\raw\air_quality\openaq\coverage\sensor_12237159_days_2026-08-26_2026-09-24_retrieved_20260924T183929.json","18680","0.02","RAW_SOURCE","LOCAL_ONLY","Raw OpenAQ/API downloads"
"data\raw\air_quality\openaq\coverage\sensor_12237160_days_2026-08-26_2026-09-24_retrieved_20260924T183923.json","18693","0.02","RAW_SOURCE","LOCAL_ONLY","Raw OpenAQ/API downloads"
"data\raw\air_quality\openaq\coverage\sensor_12237161_days_2026-08-26_2026-09-24_retrieved_20260924T183913.json","18766","0.02","RAW_SOURCE","LOCAL_ONLY","Raw OpenAQ/API downloads"
"data\raw\air_quality\openaq\coverage\sensor_12237163_days_2026-08-26_2026-09-24_retrieved_20260924T183916.json","18455","0.02","RAW_SOURCE","LOCAL_ONLY","Raw OpenAQ/API downloads"
"data\raw\air_quality\openaq\coverage\sensor_12237353_days_2026-08-26_2026-09-24_retrieved_20260924T175316.json","22670","0.02","RAW_SOURCE","LOCAL_ONLY","Raw OpenAQ/API downloads"
"data\raw\air_quality\openaq\coverage\sensor_12237355_days_2026-08-26_2026-09-24_retrieved_20260924T175321.json","22538","0.02","RAW_SOURCE","LOCAL_ONLY","Raw OpenAQ/API downloads"
"data\raw\air_quality\openaq\coverage\sensor_12237356_days_2026-08-26_2026-09-24_retrieved_20260924T175319.json","22884","0.02","RAW_SOURCE","LOCAL_ONLY","Raw OpenAQ/API downloads"
"data\raw\air_quality\openaq\coverage\sensor_12237357_days_2026-08-26_2026-09-24_retrieved_20260924T175312.json","22095","0.02","RAW_SOURCE","LOCAL_ONLY","Raw OpenAQ/API downloads"
"data\raw\air_quality\openaq\coverage\sensor_12237358_days_2026-08-26_2026-09-24_retrieved_20260924T175323.json","22101","0.02","RAW_SOURCE","LOCAL_ONLY","Raw OpenAQ/API downloads"
"data\raw\air_quality\openaq\coverage\sensor_12237360_days_2026-08-26_2026-09-24_retrieved_20260924T175314.json","22430","0.02","RAW_SOURCE","LOCAL_ONLY","Raw OpenAQ/API downloads"
"data\raw\air_quality\openaq\coverage\sensor_12237362_days_2026-08-26_2026-09-24_retrieved_20260924T175256.json","22834","0.02","RAW_SOURCE","LOCAL_ONLY","Raw OpenAQ/API downloads"
"data\raw\air_quality\openaq\coverage\sensor_12237364_days_2026-08-26_2026-09-24_retrieved_20260924T175254.json","22871","0.02","RAW_SOURCE","LOCAL_ONLY","Raw OpenAQ/API downloads"
"data\raw\air_quality\openaq\coverage\sensor_12237365_days_2026-08-26_2026-09-24_retrieved_20260924T175252.json","22766","0.02","RAW_SOURCE","LOCAL_ONLY","Raw OpenAQ/API downloads"
"data\raw\air_quality\openaq\coverage\sensor_12237366_days_2026-08-26_2026-09-24_retrieved_20260924T175247.json","21721","0.02","RAW_SOURCE","LOCAL_ONLY","Raw OpenAQ/API downloads"
"data\raw\air_quality\openaq\coverage\sensor_12237367_days_2026-08-26_2026-09-24_retrieved_20260924T175248.json","22923","0.02","RAW_SOURCE","LOCAL_ONLY","Raw OpenAQ/API downloads"
"data\raw\air_quality\openaq\coverage\sensor_12237369_days_2026-08-26_2026-09-24_retrieved_20260924T175250.json","22906","0.02","RAW_SOURCE","LOCAL_ONLY","Raw OpenAQ/API downloads"
"data\raw\air_quality\openaq\coverage\sensor_12237613_days_2026-08-26_2026-09-24_retrieved_20260924T184008.json","22929","0.02","RAW_SOURCE","LOCAL_ONLY","Raw OpenAQ/API downloads"
"data\raw\air_quality\openaq\coverage\sensor_12237615_days_2026-08-26_2026-09-24_retrieved_20260924T183956.json","22808","0.02","RAW_SOURCE","LOCAL_ONLY","Raw OpenAQ/API downloads"
"data\raw\air_quality\openaq\coverage\sensor_12237616_days_2026-08-26_2026-09-24_retrieved_20260924T184001.json","22866","0.02","RAW_SOURCE","LOCAL_ONLY","Raw OpenAQ/API downloads"
"data\raw\air_quality\openaq\coverage\sensor_12237617_days_2026-08-26_2026-09-24_retrieved_20260924T184011.json","22316","0.02","RAW_SOURCE","LOCAL_ONLY","Raw OpenAQ/API downloads"
"data\raw\air_quality\openaq\coverage\sensor_12237618_days_2026-08-26_2026-09-24_retrieved_20260924T183953.json","22334","0.02","RAW_SOURCE","LOCAL_ONLY","Raw OpenAQ/API downloads"
"data\raw\air_quality\openaq\coverage\sensor_12237620_days_2026-08-26_2026-09-24_retrieved_20260924T184004.json","22710","0.02","RAW_SOURCE","LOCAL_ONLY","Raw OpenAQ/API downloads"
"data\raw\air_quality\openaq\coverage\sensor_12237806_days_2026-08-26_2026-09-24_retrieved_20260924T175330.json","21373","0.02","RAW_SOURCE","LOCAL_ONLY","Raw OpenAQ/API downloads"
"data\raw\air_quality\openaq\coverage\sensor_12237808_days_2026-08-26_2026-09-24_retrieved_20260924T175325.json","21043","0.02","RAW_SOURCE","LOCAL_ONLY","Raw OpenAQ/API downloads"
"data\raw\air_quality\openaq\coverage\sensor_12237809_days_2026-08-26_2026-09-24_retrieved_20260924T175328.json","21113","0.02","RAW_SOURCE","LOCAL_ONLY","Raw OpenAQ/API downloads"
"data\raw\air_quality\openaq\coverage\sensor_12237810_days_2026-08-26_2026-09-24_retrieved_20260924T175332.json","20418","0.02","RAW_SOURCE","LOCAL_ONLY","Raw OpenAQ/API downloads"
"data\raw\air_quality\openaq\coverage\sensor_12237811_days_2026-08-26_2026-09-24_retrieved_20260924T175334.json","20458","0.02","RAW_SOURCE","LOCAL_ONLY","Raw OpenAQ/API downloads"
"data\raw\air_quality\openaq\coverage\sensor_12237813_days_2026-08-26_2026-09-24_retrieved_20260924T175336.json","20897","0.02","RAW_SOURCE","LOCAL_ONLY","Raw OpenAQ/API downloads"
"data\raw\air_quality\openaq\coverage\sensor_12238000_days_2026-08-26_2026-09-24_retrieved_20260924T174943.json","19364","0.02","RAW_SOURCE","LOCAL_ONLY","Raw OpenAQ/API downloads"
"data\raw\air_quality\openaq\coverage\sensor_12238002_days_2026-08-26_2026-09-24_retrieved_20260924T174934.json","14347","0.01","RAW_SOURCE","LOCAL_ONLY","Raw OpenAQ/API downloads"
"data\raw\air_quality\openaq\coverage\sensor_12238003_days_2026-08-26_2026-09-24_retrieved_20260924T174939.json","19522","0.02","RAW_SOURCE","LOCAL_ONLY","Raw OpenAQ/API downloads"
"data\raw\air_quality\openaq\coverage\sensor_12238004_days_2026-08-26_2026-09-24_retrieved_20260924T174937.json","19632","0.02","RAW_SOURCE","LOCAL_ONLY","Raw OpenAQ/API downloads"
"data\raw\air_quality\openaq\coverage\sensor_12238005_days_2026-08-26_2026-09-24_retrieved_20260924T174932.json","19571","0.02","RAW_SOURCE","LOCAL_ONLY","Raw OpenAQ/API downloads"
"data\raw\air_quality\openaq\coverage\sensor_12238007_days_2026-08-26_2026-09-24_retrieved_20260924T174941.json","19405","0.02","RAW_SOURCE","LOCAL_ONLY","Raw OpenAQ/API downloads"
"data\raw\air_quality\openaq\coverage\sensor_12238208_days_2026-08-26_2026-09-24_retrieved_20260924T175125.json","23080","0.02","RAW_SOURCE","LOCAL_ONLY","Raw OpenAQ/API downloads"
"data\raw\air_quality\openaq\coverage\sensor_12238210_days_2026-08-26_2026-09-24_retrieved_20260924T175117.json","22734","0.02","RAW_SOURCE","LOCAL_ONLY","Raw OpenAQ/API downloads"
"data\raw\air_quality\openaq\coverage\sensor_12238211_days_2026-08-26_2026-09-24_retrieved_20260924T175123.json","22984","0.02","RAW_SOURCE","LOCAL_ONLY","Raw OpenAQ/API downloads"
"data\raw\air_quality\openaq\coverage\sensor_12238212_days_2026-08-26_2026-09-24_retrieved_20260924T175114.json","22994","0.02","RAW_SOURCE","LOCAL_ONLY","Raw OpenAQ/API downloads"
"data\raw\air_quality\openaq\coverage\sensor_12238213_days_2026-08-26_2026-09-24_retrieved_20260924T175118.json","23029","0.02","RAW_SOURCE","LOCAL_ONLY","Raw OpenAQ/API downloads"
"data\raw\air_quality\openaq\coverage\sensor_12238215_days_2026-08-26_2026-09-24_retrieved_20260924T175121.json","21822","0.02","RAW_SOURCE","LOCAL_ONLY","Raw OpenAQ/API downloads"
"data\raw\air_quality\openaq\coverage\sensor_12238217_days_2026-08-26_2026-09-24_retrieved_20260924T175132.json","22838","0.02","RAW_SOURCE","LOCAL_ONLY","Raw OpenAQ/API downloads"
"data\raw\air_quality\openaq\coverage\sensor_12238219_days_2026-08-26_2026-09-24_retrieved_20260924T175134.json","22844","0.02","RAW_SOURCE","LOCAL_ONLY","Raw OpenAQ/API downloads"
"data\raw\air_quality\openaq\coverage\sensor_12238220_days_2026-08-26_2026-09-24_retrieved_20260924T175138.json","22913","0.02","RAW_SOURCE","LOCAL_ONLY","Raw OpenAQ/API downloads"
"data\raw\air_quality\openaq\coverage\sensor_12238221_days_2026-08-26_2026-09-24_retrieved_20260924T175127.json","22884","0.02","RAW_SOURCE","LOCAL_ONLY","Raw OpenAQ/API downloads"
"data\raw\air_quality\openaq\coverage\sensor_12238222_days_2026-08-26_2026-09-24_retrieved_20260924T175136.json","23054","0.02","RAW_SOURCE","LOCAL_ONLY","Raw OpenAQ/API downloads"
"data\raw\air_quality\openaq\coverage\sensor_12238224_days_2026-08-26_2026-09-24_retrieved_20260924T175129.json","22836","0.02","RAW_SOURCE","LOCAL_ONLY","Raw OpenAQ/API downloads"
"data\raw\air_quality\openaq\coverage\sensor_12242116_days_2026-08-26_2026-09-24_retrieved_20260924T174520.json","22999","0.02","RAW_SOURCE","LOCAL_ONLY","Raw OpenAQ/API downloads"
"data\raw\air_quality\openaq\coverage\sensor_12242118_days_2026-08-26_2026-09-24_retrieved_20260924T174522.json","22833","0.02","RAW_SOURCE","LOCAL_ONLY","Raw OpenAQ/API downloads"
"data\raw\air_quality\openaq\coverage\sensor_12242119_days_2026-08-26_2026-09-24_retrieved_20260924T174525.json","22740","0.02","RAW_SOURCE","LOCAL_ONLY","Raw OpenAQ/API downloads"
"data\raw\air_quality\openaq\coverage\sensor_12242120_days_2026-08-26_2026-09-24_retrieved_20260924T174529.json","22323","0.02","RAW_SOURCE","LOCAL_ONLY","Raw OpenAQ/API downloads"
"data\raw\air_quality\openaq\coverage\sensor_12242121_days_2026-08-26_2026-09-24_retrieved_20260924T174527.json","22301","0.02","RAW_SOURCE","LOCAL_ONLY","Raw OpenAQ/API downloads"
"data\raw\air_quality\openaq\coverage\sensor_12242123_days_2026-08-26_2026-09-24_retrieved_20260924T174531.json","22742","0.02","RAW_SOURCE","LOCAL_ONLY","Raw OpenAQ/API downloads"
"data\raw\air_quality\openaq\coverage\sensor_12242125_days_2026-08-26_2026-09-24_retrieved_20260924T183652.json","22785","0.02","RAW_SOURCE","LOCAL_ONLY","Raw OpenAQ/API downloads"
"data\raw\air_quality\openaq\coverage\sensor_12242127_days_2026-08-26_2026-09-24_retrieved_20260924T183659.json","22001","0.02","RAW_SOURCE","LOCAL_ONLY","Raw OpenAQ/API downloads"
"data\raw\air_quality\openaq\coverage\sensor_12242128_days_2026-08-26_2026-09-24_retrieved_20260924T183702.json","21876","0.02","RAW_SOURCE","LOCAL_ONLY","Raw OpenAQ/API downloads"
"data\raw\air_quality\openaq\coverage\sensor_12242129_days_2026-08-26_2026-09-24_retrieved_20260924T183656.json","21947","0.02","RAW_SOURCE","LOCAL_ONLY","Raw OpenAQ/API downloads"
"data\raw\air_quality\openaq\coverage\sensor_12242131_days_2026-08-26_2026-09-24_retrieved_20260924T183705.json","22664","0.02","RAW_SOURCE","LOCAL_ONLY","Raw OpenAQ/API downloads"
"data\raw\air_quality\openaq\coverage\sensor_12242159_days_2026-08-26_2026-09-24_retrieved_20260924T183906.json","22600","0.02","RAW_SOURCE","LOCAL_ONLY","Raw OpenAQ/API downloads"
"data\raw\air_quality\openaq\coverage\sensor_12242161_days_2026-08-26_2026-09-24_retrieved_20260924T183852.json","22664","0.02","RAW_SOURCE","LOCAL_ONLY","Raw OpenAQ/API downloads"
"data\raw\air_quality\openaq\coverage\sensor_12242162_days_2026-08-26_2026-09-24_retrieved_20260924T183856.json","22835","0.02","RAW_SOURCE","LOCAL_ONLY","Raw OpenAQ/API downloads"
"data\raw\air_quality\openaq\coverage\sensor_12242163_days_2026-08-26_2026-09-24_retrieved_20260924T183859.json","22921","0.02","RAW_SOURCE","LOCAL_ONLY","Raw OpenAQ/API downloads"
"data\raw\air_quality\openaq\coverage\sensor_12242164_days_2026-08-26_2026-09-24_retrieved_20260924T183909.json","23023","0.02","RAW_SOURCE","LOCAL_ONLY","Raw OpenAQ/API downloads"
"data\raw\air_quality\openaq\coverage\sensor_12242166_days_2026-08-26_2026-09-24_retrieved_20260924T183903.json","22875","0.02","RAW_SOURCE","LOCAL_ONLY","Raw OpenAQ/API downloads"
"data\raw\air_quality\openaq\coverage\sensor_12248365_days_2026-08-26_2026-09-24_retrieved_20260924T174919.json","22863","0.02","RAW_SOURCE","LOCAL_ONLY","Raw OpenAQ/API downloads"
"data\raw\air_quality\openaq\coverage\sensor_12248367_days_2026-08-26_2026-09-24_retrieved_20260924T174926.json","22738","0.02","RAW_SOURCE","LOCAL_ONLY","Raw OpenAQ/API downloads"
"data\raw\air_quality\openaq\coverage\sensor_12248368_days_2026-08-26_2026-09-24_retrieved_20260924T174921.json","22885","0.02","RAW_SOURCE","LOCAL_ONLY","Raw OpenAQ/API downloads"
"data\raw\air_quality\openaq\coverage\sensor_12248369_days_2026-08-26_2026-09-24_retrieved_20260924T174931.json","23132","0.02","RAW_SOURCE","LOCAL_ONLY","Raw OpenAQ/API downloads"
"data\raw\air_quality\openaq\coverage\sensor_12248370_days_2026-08-26_2026-09-24_retrieved_20260924T174928.json","22964","0.02","RAW_SOURCE","LOCAL_ONLY","Raw OpenAQ/API downloads"
"data\raw\air_quality\openaq\coverage\sensor_12248372_days_2026-08-26_2026-09-24_retrieved_20260924T174923.json","22928","0.02","RAW_SOURCE","LOCAL_ONLY","Raw OpenAQ/API downloads"
"data\raw\air_quality\openaq\coverage\sensor_12289836_days_2026-08-26_2026-09-24_retrieved_20260924T175048.json","22497","0.02","RAW_SOURCE","LOCAL_ONLY","Raw OpenAQ/API downloads"
"data\raw\air_quality\openaq\coverage\sensor_24857_days_2026-08-26_2026-09-24_retrieved_20260924T183709.json","90","0","RAW_SOURCE","LOCAL_ONLY","Raw OpenAQ/API downloads"
"data\raw\air_quality\openaq\historical\PROJ_002\co\PROJ_002_12234782_co_2025_03_p1_20260924T193820.json","527709","0.5","RAW_SOURCE","LOCAL_ONLY","Raw OpenAQ/API downloads"
"data\raw\air_quality\openaq\historical\PROJ_002\co\PROJ_002_12234782_co_2025_04_p1_20260924T212712.json","431071","0.41","RAW_SOURCE","LOCAL_ONLY","Raw OpenAQ/API downloads"
"data\raw\air_quality\openaq\historical\PROJ_002\co\PROJ_002_12234782_co_2025_05_p1_20260924T213524.json","570276","0.54","RAW_SOURCE","LOCAL_ONLY","Raw OpenAQ/API downloads"
"data\raw\air_quality\openaq\historical\PROJ_002\co\PROJ_002_12234782_co_2025_06_p1_20260924T214404.json","513505","0.49","RAW_SOURCE","LOCAL_ONLY","Raw OpenAQ/API downloads"
"data\raw\air_quality\openaq\historical\PROJ_002\co\PROJ_002_12234782_co_2025_07_p1_20260924T215244.json","592471","0.57","RAW_SOURCE","LOCAL_ONLY","Raw OpenAQ/API downloads"
"data\raw\air_quality\openaq\historical\PROJ_002\co\PROJ_002_12234782_co_2025_08_p1_20260924T220209.json","565647","0.54","RAW_SOURCE","LOCAL_ONLY","Raw OpenAQ/API downloads"
"data\raw\air_quality\openaq\historical\PROJ_002\co\PROJ_002_12234782_co_2025_09_p1_20260924T221100.json","537595","0.51","RAW_SOURCE","LOCAL_ONLY","Raw OpenAQ/API downloads"
"data\raw\air_quality\openaq\historical\PROJ_002\co\PROJ_002_12234782_co_2025_10_p1_20260924T222014.json","507041","0.48","RAW_SOURCE","LOCAL_ONLY","Raw OpenAQ/API downloads"
"data\raw\air_quality\openaq\historical\PROJ_002\co\PROJ_002_12234782_co_2025_11_p1_20260924T222914.json","538253","0.51","RAW_SOURCE","LOCAL_ONLY","Raw OpenAQ/API downloads"
"data\raw\air_quality\openaq\historical\PROJ_002\co\PROJ_002_12234782_co_2025_12_p1_20260924T223826.json","571126","0.54","RAW_SOURCE","LOCAL_ONLY","Raw OpenAQ/API downloads"
"data\raw\air_quality\openaq\historical\PROJ_002\co\PROJ_002_12234782_co_2026_01_p1_20260924T224742.json","400745","0.38","RAW_SOURCE","LOCAL_ONLY","Raw OpenAQ/API downloads"
"data\raw\air_quality\openaq\historical\PROJ_002\co\PROJ_002_12234782_co_2026_02_p1_20260924T225630.json","463726","0.44","RAW_SOURCE","LOCAL_ONLY","Raw OpenAQ/API downloads"
"data\raw\air_quality\openaq\historical\PROJ_002\co\PROJ_002_12234782_co_2026_03_p1_20260924T230517.json","560966","0.53","RAW_SOURCE","LOCAL_ONLY","Raw OpenAQ/API downloads"
"data\raw\air_quality\openaq\historical\PROJ_002\co\PROJ_002_12234782_co_2026_04_p1_20260924T231438.json","534763","0.51","RAW_SOURCE","LOCAL_ONLY","Raw OpenAQ/API downloads"
"data\raw\air_quality\openaq\historical\PROJ_002\co\PROJ_002_12234782_co_2026_05_p1_20260924T232343.json","526718","0.5","RAW_SOURCE","LOCAL_ONLY","Raw OpenAQ/API downloads"
"data\raw\air_quality\openaq\historical\PROJ_002\co\PROJ_002_12234782_co_2026_06_p1_20260924T233245.json","479910","0.46","RAW_SOURCE","LOCAL_ONLY","Raw OpenAQ/API downloads"
"data\raw\air_quality\openaq\historical\PROJ_002\co\PROJ_002_12234782_co_2026_07_p1_20260924T234208.json","581400","0.55","RAW_SOURCE","LOCAL_ONLY","Raw OpenAQ/API downloads"
"data\raw\air_quality\openaq\historical\PROJ_002\co\PROJ_002_12234782_co_2026_08_p1_20260924T235127.json","486211","0.46","RAW_SOURCE","LOCAL_ONLY","Raw OpenAQ/API downloads"
"data\raw\air_quality\openaq\historical\PROJ_002\co\PROJ_002_12234782_co_2026_09_p1_20260925T000018.json","382632","0.36","RAW_SOURCE","LOCAL_ONLY","Raw OpenAQ/API downloads"
"data\raw\air_quality\openaq\historical\PROJ_002\no2\PROJ_002_12234784_no2_2025_03_p1_20260924T193815.json","530141","0.51","RAW_SOURCE","LOCAL_ONLY","Raw OpenAQ/API downloads"
"data\raw\air_quality\openaq\historical\PROJ_002\no2\PROJ_002_12234784_no2_2025_04_p1_20260924T212705.json","447230","0.43","RAW_SOURCE","LOCAL_ONLY","Raw OpenAQ/API downloads"
"data\raw\air_quality\openaq\historical\PROJ_002\no2\PROJ_002_12234784_no2_2025_05_p1_20260924T213515.json","568542","0.54","RAW_SOURCE","LOCAL_ONLY","Raw OpenAQ/API downloads"
"data\raw\air_quality\openaq\historical\PROJ_002\no2\PROJ_002_12234784_no2_2025_06_p1_20260924T214357.json","510526","0.49","RAW_SOURCE","LOCAL_ONLY","Raw OpenAQ/API downloads"
"data\raw\air_quality\openaq\historical\PROJ_002\no2\PROJ_002_12234784_no2_2025_07_p1_20260924T215236.json","593399","0.57","RAW_SOURCE","LOCAL_ONLY","Raw OpenAQ/API downloads"
"data\raw\air_quality\openaq\historical\PROJ_002\no2\PROJ_002_12234784_no2_2025_08_p1_20260924T220159.json","563147","0.54","RAW_SOURCE","LOCAL_ONLY","Raw OpenAQ/API downloads"
"data\raw\air_quality\openaq\historical\PROJ_002\no2\PROJ_002_12234784_no2_2025_09_p1_20260924T221050.json","565860","0.54","RAW_SOURCE","LOCAL_ONLY","Raw OpenAQ/API downloads"
"data\raw\air_quality\openaq\historical\PROJ_002\no2\PROJ_002_12234784_no2_2025_10_p1_20260924T222004.json","546242","0.52","RAW_SOURCE","LOCAL_ONLY","Raw OpenAQ/API downloads"
"data\raw\air_quality\openaq\historical\PROJ_002\no2\PROJ_002_12234784_no2_2025_11_p1_20260924T222907.json","555886","0.53","RAW_SOURCE","LOCAL_ONLY","Raw OpenAQ/API downloads"
"data\raw\air_quality\openaq\historical\PROJ_002\no2\PROJ_002_12234784_no2_2025_12_p1_20260924T223817.json","571039","0.54","RAW_SOURCE","LOCAL_ONLY","Raw OpenAQ/API downloads"
"data\raw\air_quality\openaq\historical\PROJ_002\no2\PROJ_002_12234784_no2_2026_01_p1_20260924T224735.json","399701","0.38","RAW_SOURCE","LOCAL_ONLY","Raw OpenAQ/API downloads"
"data\raw\air_quality\openaq\historical\PROJ_002\no2\PROJ_002_12234784_no2_2026_02_p1_20260924T225622.json","463075","0.44","RAW_SOURCE","LOCAL_ONLY","Raw OpenAQ/API downloads"
"data\raw\air_quality\openaq\historical\PROJ_002\no2\PROJ_002_12234784_no2_2026_03_p1_20260924T230509.json","555413","0.53","RAW_SOURCE","LOCAL_ONLY","Raw OpenAQ/API downloads"
"data\raw\air_quality\openaq\historical\PROJ_002\no2\PROJ_002_12234784_no2_2026_04_p1_20260924T231428.json","535446","0.51","RAW_SOURCE","LOCAL_ONLY","Raw OpenAQ/API downloads"
"data\raw\air_quality\openaq\historical\PROJ_002\no2\PROJ_002_12234784_no2_2026_05_p1_20260924T232333.json","538456","0.51","RAW_SOURCE","LOCAL_ONLY","Raw OpenAQ/API downloads"
"data\raw\air_quality\openaq\historical\PROJ_002\no2\PROJ_002_12234784_no2_2026_06_p1_20260924T233238.json","504916","0.48","RAW_SOURCE","LOCAL_ONLY","Raw OpenAQ/API downloads"
"data\raw\air_quality\openaq\historical\PROJ_002\no2\PROJ_002_12234784_no2_2026_07_p1_20260924T234159.json","581312","0.55","RAW_SOURCE","LOCAL_ONLY","Raw OpenAQ/API downloads"
"data\raw\air_quality\openaq\historical\PROJ_002\no2\PROJ_002_12234784_no2_2026_08_p1_20260924T235119.json","484942","0.46","RAW_SOURCE","LOCAL_ONLY","Raw OpenAQ/API downloads"
"data\raw\air_quality\openaq\historical\PROJ_002\no2\PROJ_002_12234784_no2_2026_09_p1_20260925T000009.json","381443","0.36","RAW_SOURCE","LOCAL_ONLY","Raw OpenAQ/API downloads"
"data\raw\air_quality\openaq\historical\PROJ_002\o3\PROJ_002_12234785_o3_2025_03_p1_20260924T193809.json","568726","0.54","RAW_SOURCE","LOCAL_ONLY","Raw OpenAQ/API downloads"
"data\raw\air_quality\openaq\historical\PROJ_002\o3\PROJ_002_12234785_o3_2025_04_p1_20260924T212658.json","418450","0.4","RAW_SOURCE","LOCAL_ONLY","Raw OpenAQ/API downloads"
"data\raw\air_quality\openaq\historical\PROJ_002\o3\PROJ_002_12234785_o3_2025_05_p1_20260924T213508.json","563049","0.54","RAW_SOURCE","LOCAL_ONLY","Raw OpenAQ/API downloads"
"data\raw\air_quality\openaq\historical\PROJ_002\o3\PROJ_002_12234785_o3_2025_06_p1_20260924T214349.json","482326","0.46","RAW_SOURCE","LOCAL_ONLY","Raw OpenAQ/API downloads"
"data\raw\air_quality\openaq\historical\PROJ_002\o3\PROJ_002_12234785_o3_2025_07_p1_20260924T215228.json","596396","0.57","RAW_SOURCE","LOCAL_ONLY","Raw OpenAQ/API downloads"
"data\raw\air_quality\openaq\historical\PROJ_002\o3\PROJ_002_12234785_o3_2025_08_p1_20260924T220150.json","558992","0.53","RAW_SOURCE","LOCAL_ONLY","Raw OpenAQ/API downloads"
"data\raw\air_quality\openaq\historical\PROJ_002\o3\PROJ_002_12234785_o3_2025_09_p1_20260924T221042.json","565279","0.54","RAW_SOURCE","LOCAL_ONLY","Raw OpenAQ/API downloads"
"data\raw\air_quality\openaq\historical\PROJ_002\o3\PROJ_002_12234785_o3_2025_10_p1_20260924T221955.json","565197","0.54","RAW_SOURCE","LOCAL_ONLY","Raw OpenAQ/API downloads"
"data\raw\air_quality\openaq\historical\PROJ_002\o3\PROJ_002_12234785_o3_2025_11_p1_20260924T222858.json","551288","0.53","RAW_SOURCE","LOCAL_ONLY","Raw OpenAQ/API downloads"
"data\raw\air_quality\openaq\historical\PROJ_002\o3\PROJ_002_12234785_o3_2025_12_p1_20260924T223809.json","564342","0.54","RAW_SOURCE","LOCAL_ONLY","Raw OpenAQ/API downloads"
"data\raw\air_quality\openaq\historical\PROJ_002\o3\PROJ_002_12234785_o3_2026_01_p1_20260924T224728.json","363336","0.35","RAW_SOURCE","LOCAL_ONLY","Raw OpenAQ/API downloads"
"data\raw\air_quality\openaq\historical\PROJ_002\o3\PROJ_002_12234785_o3_2026_02_p1_20260924T225615.json","460084","0.44","RAW_SOURCE","LOCAL_ONLY","Raw OpenAQ/API downloads"
"data\raw\air_quality\openaq\historical\PROJ_002\o3\PROJ_002_12234785_o3_2026_03_p1_20260924T230500.json","558947","0.53","RAW_SOURCE","LOCAL_ONLY","Raw OpenAQ/API downloads"
"data\raw\air_quality\openaq\historical\PROJ_002\o3\PROJ_002_12234785_o3_2026_04_p1_20260924T231419.json","549971","0.52","RAW_SOURCE","LOCAL_ONLY","Raw OpenAQ/API downloads"
"data\raw\air_quality\openaq\historical\PROJ_002\o3\PROJ_002_12234785_o3_2026_05_p1_20260924T232323.json","542266","0.52","RAW_SOURCE","LOCAL_ONLY","Raw OpenAQ/API downloads"
"data\raw\air_quality\openaq\historical\PROJ_002\o3\PROJ_002_12234785_o3_2026_06_p1_20260924T233229.json","489564","0.47","RAW_SOURCE","LOCAL_ONLY","Raw OpenAQ/API downloads"
"data\raw\air_quality\openaq\historical\PROJ_002\o3\PROJ_002_12234785_o3_2026_07_p1_20260924T234150.json","546013","0.52","RAW_SOURCE","LOCAL_ONLY","Raw OpenAQ/API downloads"
"data\raw\air_quality\openaq\historical\PROJ_002\o3\PROJ_002_12234785_o3_2026_08_p1_20260924T235111.json","456226","0.44","RAW_SOURCE","LOCAL_ONLY","Raw OpenAQ/API downloads"
"data\raw\air_quality\openaq\historical\PROJ_002\o3\PROJ_002_12234785_o3_2026_09_p1_20260925T000003.json","334616","0.32","RAW_SOURCE","LOCAL_ONLY","Raw OpenAQ/API downloads"
"data\raw\air_quality\openaq\historical\PROJ_002\pm10\PROJ_002_12234786_pm10_2025_03_p1_20260924T193817.json","535680","0.51","RAW_SOURCE","LOCAL_ONLY","Raw OpenAQ/API downloads"
"data\raw\air_quality\openaq\historical\PROJ_002\pm10\PROJ_002_12234786_pm10_2025_04_p1_20260924T212708.json","427959","0.41","RAW_SOURCE","LOCAL_ONLY","Raw OpenAQ/API downloads"
"data\raw\air_quality\openaq\historical\PROJ_002\pm10\PROJ_002_12234786_pm10_2025_05_p1_20260924T213520.json","553112","0.53","RAW_SOURCE","LOCAL_ONLY","Raw OpenAQ/API downloads"
"data\raw\air_quality\openaq\historical\PROJ_002\pm10\PROJ_002_12234786_pm10_2025_06_p1_20260924T214400.json","495452","0.47","RAW_SOURCE","LOCAL_ONLY","Raw OpenAQ/API downloads"
"data\raw\air_quality\openaq\historical\PROJ_002\pm10\PROJ_002_12234786_pm10_2025_07_p1_20260924T215241.json","551009","0.53","RAW_SOURCE","LOCAL_ONLY","Raw OpenAQ/API downloads"
"data\raw\air_quality\openaq\historical\PROJ_002\pm10\PROJ_002_12234786_pm10_2025_08_p1_20260924T220204.json","546929","0.52","RAW_SOURCE","LOCAL_ONLY","Raw OpenAQ/API downloads"
"data\raw\air_quality\openaq\historical\PROJ_002\pm10\PROJ_002_12234786_pm10_2025_09_p1_20260924T221054.json","541846","0.52","RAW_SOURCE","LOCAL_ONLY","Raw OpenAQ/API downloads"
"data\raw\air_quality\openaq\historical\PROJ_002\pm10\PROJ_002_12234786_pm10_2025_10_p1_20260924T222009.json","526404","0.5","RAW_SOURCE","LOCAL_ONLY","Raw OpenAQ/API downloads"
"data\raw\air_quality\openaq\historical\PROJ_002\pm10\PROJ_002_12234786_pm10_2025_11_p1_20260924T222911.json","531217","0.51","RAW_SOURCE","LOCAL_ONLY","Raw OpenAQ/API downloads"
"data\raw\air_quality\openaq\historical\PROJ_002\pm10\PROJ_002_12234786_pm10_2025_12_p1_20260924T223822.json","557249","0.53","RAW_SOURCE","LOCAL_ONLY","Raw OpenAQ/API downloads"
"data\raw\air_quality\openaq\historical\PROJ_002\pm10\PROJ_002_12234786_pm10_2026_01_p1_20260924T224739.json","391037","0.37","RAW_SOURCE","LOCAL_ONLY","Raw OpenAQ/API downloads"
"data\raw\air_quality\openaq\historical\PROJ_002\pm10\PROJ_002_12234786_pm10_2026_02_p1_20260924T225625.json","450208","0.43","RAW_SOURCE","LOCAL_ONLY","Raw OpenAQ/API downloads"
"data\raw\air_quality\openaq\historical\PROJ_002\pm10\PROJ_002_12234786_pm10_2026_03_p1_20260924T230512.json","547238","0.52","RAW_SOURCE","LOCAL_ONLY","Raw OpenAQ/API downloads"
"data\raw\air_quality\openaq\historical\PROJ_002\pm10\PROJ_002_12234786_pm10_2026_04_p1_20260924T231433.json","532344","0.51","RAW_SOURCE","LOCAL_ONLY","Raw OpenAQ/API downloads"
"data\raw\air_quality\openaq\historical\PROJ_002\pm10\PROJ_002_12234786_pm10_2026_05_p1_20260924T232338.json","527459","0.5","RAW_SOURCE","LOCAL_ONLY","Raw OpenAQ/API downloads"
"data\raw\air_quality\openaq\historical\PROJ_002\pm10\PROJ_002_12234786_pm10_2026_06_p1_20260924T233241.json","480348","0.46","RAW_SOURCE","LOCAL_ONLY","Raw OpenAQ/API downloads"
"data\raw\air_quality\openaq\historical\PROJ_002\pm10\PROJ_002_12234786_pm10_2026_07_p1_20260924T234203.json","559821","0.53","RAW_SOURCE","LOCAL_ONLY","Raw OpenAQ/API downloads"
"data\raw\air_quality\openaq\historical\PROJ_002\pm10\PROJ_002_12234786_pm10_2026_08_p1_20260924T235124.json","417052","0.4","RAW_SOURCE","LOCAL_ONLY","Raw OpenAQ/API downloads"
"data\raw\air_quality\openaq\historical\PROJ_002\pm10\PROJ_002_12234786_pm10_2026_09_p1_20260925T000014.json","363479","0.35","RAW_SOURCE","LOCAL_ONLY","Raw OpenAQ/API downloads"
"data\raw\air_quality\openaq\historical\PROJ_002\pm2_5\PROJ_002_12234787_pm2_5_2025_03_p1_20260924T193812.json","539599","0.51","RAW_SOURCE","LOCAL_ONLY","Raw OpenAQ/API downloads"
"data\raw\air_quality\openaq\historical\PROJ_002\pm2_5\PROJ_002_12234787_pm2_5_2025_04_p1_20260924T212702.json","430147","0.41","RAW_SOURCE","LOCAL_ONLY","Raw OpenAQ/API downloads"
"data\raw\air_quality\openaq\historical\PROJ_002\pm2_5\PROJ_002_12234787_pm2_5_2025_05_p1_20260924T213512.json","549023","0.52","RAW_SOURCE","LOCAL_ONLY","Raw OpenAQ/API downloads"
"data\raw\air_quality\openaq\historical\PROJ_002\pm2_5\PROJ_002_12234787_pm2_5_2025_06_p1_20260924T214353.json","492811","0.47","RAW_SOURCE","LOCAL_ONLY","Raw OpenAQ/API downloads"
"data\raw\air_quality\openaq\historical\PROJ_002\pm2_5\PROJ_002_12234787_pm2_5_2025_07_p1_20260924T215232.json","541699","0.52","RAW_SOURCE","LOCAL_ONLY","Raw OpenAQ/API downloads"
"data\raw\air_quality\openaq\historical\PROJ_002\pm2_5\PROJ_002_12234787_pm2_5_2025_08_p1_20260924T220155.json","545295","0.52","RAW_SOURCE","LOCAL_ONLY","Raw OpenAQ/API downloads"
"data\raw\air_quality\openaq\historical\PROJ_002\pm2_5\PROJ_002_12234787_pm2_5_2025_09_p1_20260924T221046.json","541246","0.52","RAW_SOURCE","LOCAL_ONLY","Raw OpenAQ/API downloads"
"data\raw\air_quality\openaq\historical\PROJ_002\pm2_5\PROJ_002_12234787_pm2_5_2025_10_p1_20260924T222001.json","550401","0.52","RAW_SOURCE","LOCAL_ONLY","Raw OpenAQ/API downloads"
"data\raw\air_quality\openaq\historical\PROJ_002\pm2_5\PROJ_002_12234787_pm2_5_2025_11_p1_20260924T222903.json","540119","0.52","RAW_SOURCE","LOCAL_ONLY","Raw OpenAQ/API downloads"
"data\raw\air_quality\openaq\historical\PROJ_002\pm2_5\PROJ_002_12234787_pm2_5_2025_12_p1_20260924T223813.json","558212","0.53","RAW_SOURCE","LOCAL_ONLY","Raw OpenAQ/API downloads"
"data\raw\air_quality\openaq\historical\PROJ_002\pm2_5\PROJ_002_12234787_pm2_5_2026_01_p1_20260924T224732.json","390094","0.37","RAW_SOURCE","LOCAL_ONLY","Raw OpenAQ/API downloads"
"data\raw\air_quality\openaq\historical\PROJ_002\pm2_5\PROJ_002_12234787_pm2_5_2026_02_p1_20260924T225618.json","450713","0.43","RAW_SOURCE","LOCAL_ONLY","Raw OpenAQ/API downloads"
"data\raw\air_quality\openaq\historical\PROJ_002\pm2_5\PROJ_002_12234787_pm2_5_2026_03_p1_20260924T230504.json","544264","0.52","RAW_SOURCE","LOCAL_ONLY","Raw OpenAQ/API downloads"
"data\raw\air_quality\openaq\historical\PROJ_002\pm2_5\PROJ_002_12234787_pm2_5_2026_04_p1_20260924T231423.json","534151","0.51","RAW_SOURCE","LOCAL_ONLY","Raw OpenAQ/API downloads"
"data\raw\air_quality\openaq\historical\PROJ_002\pm2_5\PROJ_002_12234787_pm2_5_2026_05_p1_20260924T232328.json","517533","0.49","RAW_SOURCE","LOCAL_ONLY","Raw OpenAQ/API downloads"
"data\raw\air_quality\openaq\historical\PROJ_002\pm2_5\PROJ_002_12234787_pm2_5_2026_06_p1_20260924T233233.json","489607","0.47","RAW_SOURCE","LOCAL_ONLY","Raw OpenAQ/API downloads"
"data\raw\air_quality\openaq\historical\PROJ_002\pm2_5\PROJ_002_12234787_pm2_5_2026_07_p1_20260924T234154.json","535590","0.51","RAW_SOURCE","LOCAL_ONLY","Raw OpenAQ/API downloads"
"data\raw\air_quality\openaq\historical\PROJ_002\pm2_5\PROJ_002_12234787_pm2_5_2026_08_p1_20260924T235115.json","422294","0.4","RAW_SOURCE","LOCAL_ONLY","Raw OpenAQ/API downloads"
"data\raw\air_quality\openaq\historical\PROJ_002\pm2_5\PROJ_002_12234787_pm2_5_2026_09_p1_20260925T000006.json","357322","0.34","RAW_SOURCE","LOCAL_ONLY","Raw OpenAQ/API downloads"
"data\raw\air_quality\openaq\historical\PROJ_002\so2\PROJ_002_12234789_so2_2025_03_p1_20260924T193824.json","567505","0.54","RAW_SOURCE","LOCAL_ONLY","Raw OpenAQ/API downloads"
"data\raw\air_quality\openaq\historical\PROJ_002\so2\PROJ_002_12234789_so2_2025_04_p1_20260924T212716.json","441089","0.42","RAW_SOURCE","LOCAL_ONLY","Raw OpenAQ/API downloads"
"data\raw\air_quality\openaq\historical\PROJ_002\so2\PROJ_002_12234789_so2_2025_05_p1_20260924T213529.json","531836","0.51","RAW_SOURCE","LOCAL_ONLY","Raw OpenAQ/API downloads"
"data\raw\air_quality\openaq\historical\PROJ_002\so2\PROJ_002_12234789_so2_2025_06_p1_20260924T214407.json","483209","0.46","RAW_SOURCE","LOCAL_ONLY","Raw OpenAQ/API downloads"
"data\raw\air_quality\openaq\historical\PROJ_002\so2\PROJ_002_12234789_so2_2025_07_p1_20260924T215249.json","566213","0.54","RAW_SOURCE","LOCAL_ONLY","Raw OpenAQ/API downloads"
"data\raw\air_quality\openaq\historical\PROJ_002\so2\PROJ_002_12234789_so2_2025_08_p1_20260924T220212.json","521807","0.5","RAW_SOURCE","LOCAL_ONLY","Raw OpenAQ/API downloads"
"data\raw\air_quality\openaq\historical\PROJ_002\so2\PROJ_002_12234789_so2_2025_09_p1_20260924T221103.json","505290","0.48","RAW_SOURCE","LOCAL_ONLY","Raw OpenAQ/API downloads"
"data\raw\air_quality\openaq\historical\PROJ_002\so2\PROJ_002_12234789_so2_2025_10_p1_20260924T222019.json","548440","0.52","RAW_SOURCE","LOCAL_ONLY","Raw OpenAQ/API downloads"
"data\raw\air_quality\openaq\historical\PROJ_002\so2\PROJ_002_12234789_so2_2025_11_p1_20260924T222917.json","526589","0.5","RAW_SOURCE","LOCAL_ONLY","Raw OpenAQ/API downloads"
"data\raw\air_quality\openaq\historical\PROJ_002\so2\PROJ_002_12234789_so2_2025_12_p1_20260924T223830.json","560971","0.53","RAW_SOURCE","LOCAL_ONLY","Raw OpenAQ/API downloads"
"data\raw\air_quality\openaq\historical\PROJ_002\so2\PROJ_002_12234789_so2_2026_01_p1_20260924T224747.json","394080","0.38","RAW_SOURCE","LOCAL_ONLY","Raw OpenAQ/API downloads"
"data\raw\air_quality\openaq\historical\PROJ_002\so2\PROJ_002_12234789_so2_2026_02_p1_20260924T225635.json","462472","0.44","RAW_SOURCE","LOCAL_ONLY","Raw OpenAQ/API downloads"
"data\raw\air_quality\openaq\historical\PROJ_002\so2\PROJ_002_12234789_so2_2026_03_p1_20260924T230522.json","507878","0.48","RAW_SOURCE","LOCAL_ONLY","Raw OpenAQ/API downloads"
"data\raw\air_quality\openaq\historical\PROJ_002\so2\PROJ_002_12234789_so2_2026_04_p1_20260924T231443.json","485342","0.46","RAW_SOURCE","LOCAL_ONLY","Raw OpenAQ/API downloads"
"data\raw\air_quality\openaq\historical\PROJ_002\so2\PROJ_002_12234789_so2_2026_05_p1_20260924T232347.json","491822","0.47","RAW_SOURCE","LOCAL_ONLY","Raw OpenAQ/API downloads"
"data\raw\air_quality\openaq\historical\PROJ_002\so2\PROJ_002_12234789_so2_2026_06_p1_20260924T233248.json","461665","0.44","RAW_SOURCE","LOCAL_ONLY","Raw OpenAQ/API downloads"
"data\raw\air_quality\openaq\historical\PROJ_002\so2\PROJ_002_12234789_so2_2026_07_p1_20260924T234212.json","548673","0.52","RAW_SOURCE","LOCAL_ONLY","Raw OpenAQ/API downloads"
"data\raw\air_quality\openaq\historical\PROJ_002\so2\PROJ_002_12234789_so2_2026_08_p1_20260924T235132.json","482850","0.46","RAW_SOURCE","LOCAL_ONLY","Raw OpenAQ/API downloads"
"data\raw\air_quality\openaq\historical\PROJ_002\so2\PROJ_002_12234789_so2_2026_09_p1_20260925T000022.json","381146","0.36","RAW_SOURCE","LOCAL_ONLY","Raw OpenAQ/API downloads"
"data\raw\air_quality\openaq\historical\PROJ_007\co\PROJ_007_12235578_co_2025_03_p1_20260924T193835.json","571253","0.54","RAW_SOURCE","LOCAL_ONLY","Raw OpenAQ/API downloads"
"data\raw\air_quality\openaq\historical\PROJ_007\co\PROJ_007_12235578_co_2025_04_p1_20260924T212727.json","429116","0.41","RAW_SOURCE","LOCAL_ONLY","Raw OpenAQ/API downloads"
"data\raw\air_quality\openaq\historical\PROJ_007\co\PROJ_007_12235578_co_2025_05_p1_20260924T213539.json","529114","0.5","RAW_SOURCE","LOCAL_ONLY","Raw OpenAQ/API downloads"
"data\raw\air_quality\openaq\historical\PROJ_007\co\PROJ_007_12235578_co_2025_06_p1_20260924T214419.json","505360","0.48","RAW_SOURCE","LOCAL_ONLY","Raw OpenAQ/API downloads"
"data\raw\air_quality\openaq\historical\PROJ_007\co\PROJ_007_12235578_co_2025_07_p1_20260924T215303.json","494032","0.47","RAW_SOURCE","LOCAL_ONLY","Raw OpenAQ/API downloads"
"data\raw\air_quality\openaq\historical\PROJ_007\co\PROJ_007_12235578_co_2025_08_p1_20260924T220226.json","591942","0.56","RAW_SOURCE","LOCAL_ONLY","Raw OpenAQ/API downloads"
"data\raw\air_quality\openaq\historical\PROJ_007\co\PROJ_007_12235578_co_2025_09_p1_20260924T221115.json","526137","0.5","RAW_SOURCE","LOCAL_ONLY","Raw OpenAQ/API downloads"
"data\raw\air_quality\openaq\historical\PROJ_007\co\PROJ_007_12235578_co_2025_10_p1_20260924T222034.json","575560","0.55","RAW_SOURCE","LOCAL_ONLY","Raw OpenAQ/API downloads"
"data\raw\air_quality\openaq\historical\PROJ_007\co\PROJ_007_12235578_co_2025_11_p1_20260924T222932.json","549866","0.52","RAW_SOURCE","LOCAL_ONLY","Raw OpenAQ/API downloads"
"data\raw\air_quality\openaq\historical\PROJ_007\co\PROJ_007_12235578_co_2025_12_p1_20260924T223846.json","564043","0.54","RAW_SOURCE","LOCAL_ONLY","Raw OpenAQ/API downloads"
"data\raw\air_quality\openaq\historical\PROJ_007\co\PROJ_007_12235578_co_2026_01_p1_20260924T224800.json","391752","0.37","RAW_SOURCE","LOCAL_ONLY","Raw OpenAQ/API downloads"
"data\raw\air_quality\openaq\historical\PROJ_007\co\PROJ_007_12235578_co_2026_02_p1_20260924T225649.json","466064","0.44","RAW_SOURCE","LOCAL_ONLY","Raw OpenAQ/API downloads"
"data\raw\air_quality\openaq\historical\PROJ_007\co\PROJ_007_12235578_co_2026_03_p1_20260924T230533.json","565388","0.54","RAW_SOURCE","LOCAL_ONLY","Raw OpenAQ/API downloads"
"data\raw\air_quality\openaq\historical\PROJ_007\co\PROJ_007_12235578_co_2026_04_p1_20260924T231458.json","509081","0.49","RAW_SOURCE","LOCAL_ONLY","Raw OpenAQ/API downloads"
"data\raw\air_quality\openaq\historical\PROJ_007\co\PROJ_007_12235578_co_2026_05_p1_20260924T232400.json","475177","0.45","RAW_SOURCE","LOCAL_ONLY","Raw OpenAQ/API downloads"
"data\raw\air_quality\openaq\historical\PROJ_007\co\PROJ_007_12235578_co_2026_06_p1_20260924T233301.json","409507","0.39","RAW_SOURCE","LOCAL_ONLY","Raw OpenAQ/API downloads"
"data\raw\air_quality\openaq\historical\PROJ_007\co\PROJ_007_12235578_co_2026_07_p1_20260924T234224.json","486053","0.46","RAW_SOURCE","LOCAL_ONLY","Raw OpenAQ/API downloads"
"data\raw\air_quality\openaq\historical\PROJ_007\co\PROJ_007_12235578_co_2026_08_p1_20260924T235145.json","513275","0.49","RAW_SOURCE","LOCAL_ONLY","Raw OpenAQ/API downloads"
"data\raw\air_quality\openaq\historical\PROJ_007\co\PROJ_007_12235578_co_2026_09_p1_20260925T000033.json","389264","0.37","RAW_SOURCE","LOCAL_ONLY","Raw OpenAQ/API downloads"
"data\raw\air_quality\openaq\historical\PROJ_007\no2\PROJ_007_12235580_no2_2025_03_p1_20260924T193838.json","570118","0.54","RAW_SOURCE","LOCAL_ONLY","Raw OpenAQ/API downloads"
"data\raw\air_quality\openaq\historical\PROJ_007\no2\PROJ_007_12235580_no2_2025_04_p1_20260924T212730.json","383469","0.37","RAW_SOURCE","LOCAL_ONLY","Raw OpenAQ/API downloads"
"data\raw\air_quality\openaq\historical\PROJ_007\no2\PROJ_007_12235580_no2_2025_05_p1_20260924T213543.json","525270","0.5","RAW_SOURCE","LOCAL_ONLY","Raw OpenAQ/API downloads"
"data\raw\air_quality\openaq\historical\PROJ_007\no2\PROJ_007_12235580_no2_2025_06_p1_20260924T214422.json","497193","0.47","RAW_SOURCE","LOCAL_ONLY","Raw OpenAQ/API downloads"
"data\raw\air_quality\openaq\historical\PROJ_007\no2\PROJ_007_12235580_no2_2025_07_p1_20260924T215308.json","487177","0.46","RAW_SOURCE","LOCAL_ONLY","Raw OpenAQ/API downloads"
"data\raw\air_quality\openaq\historical\PROJ_007\no2\PROJ_007_12235580_no2_2025_08_p1_20260924T220232.json","582547","0.56","RAW_SOURCE","LOCAL_ONLY","Raw OpenAQ/API downloads"
"data\raw\air_quality\openaq\historical\PROJ_007\no2\PROJ_007_12235580_no2_2025_09_p1_20260924T221119.json","519824","0.5","RAW_SOURCE","LOCAL_ONLY","Raw OpenAQ/API downloads"
"data\raw\air_quality\openaq\historical\PROJ_007\no2\PROJ_007_12235580_no2_2025_10_p1_20260924T222038.json","576375","0.55","RAW_SOURCE","LOCAL_ONLY","Raw OpenAQ/API downloads"
"data\raw\air_quality\openaq\historical\PROJ_007\no2\PROJ_007_12235580_no2_2025_11_p1_20260924T222936.json","552401","0.53","RAW_SOURCE","LOCAL_ONLY","Raw OpenAQ/API downloads"
"data\raw\air_quality\openaq\historical\PROJ_007\no2\PROJ_007_12235580_no2_2025_12_p1_20260924T223850.json","564192","0.54","RAW_SOURCE","LOCAL_ONLY","Raw OpenAQ/API downloads"
"data\raw\air_quality\openaq\historical\PROJ_007\no2\PROJ_007_12235580_no2_2026_01_p1_20260924T224803.json","386551","0.37","RAW_SOURCE","LOCAL_ONLY","Raw OpenAQ/API downloads"
"data\raw\air_quality\openaq\historical\PROJ_007\no2\PROJ_007_12235580_no2_2026_02_p1_20260924T225653.json","458676","0.44","RAW_SOURCE","LOCAL_ONLY","Raw OpenAQ/API downloads"
"data\raw\air_quality\openaq\historical\PROJ_007\no2\PROJ_007_12235580_no2_2026_03_p1_20260924T230538.json","555432","0.53","RAW_SOURCE","LOCAL_ONLY","Raw OpenAQ/API downloads"
"data\raw\air_quality\openaq\historical\PROJ_007\no2\PROJ_007_12235580_no2_2026_04_p1_20260924T231502.json","500475","0.48","RAW_SOURCE","LOCAL_ONLY","Raw OpenAQ/API downloads"
"data\raw\air_quality\openaq\historical\PROJ_007\no2\PROJ_007_12235580_no2_2026_05_p1_20260924T232403.json","464761","0.44","RAW_SOURCE","LOCAL_ONLY","Raw OpenAQ/API downloads"
"data\raw\air_quality\openaq\historical\PROJ_007\no2\PROJ_007_12235580_no2_2026_06_p1_20260924T233305.json","397780","0.38","RAW_SOURCE","LOCAL_ONLY","Raw OpenAQ/API downloads"
"data\raw\air_quality\openaq\historical\PROJ_007\no2\PROJ_007_12235580_no2_2026_07_p1_20260924T234229.json","466608","0.44","RAW_SOURCE","LOCAL_ONLY","Raw OpenAQ/API downloads"
"data\raw\air_quality\openaq\historical\PROJ_007\no2\PROJ_007_12235580_no2_2026_08_p1_20260924T235150.json","499959","0.48","RAW_SOURCE","LOCAL_ONLY","Raw OpenAQ/API downloads"
"data\raw\air_quality\openaq\historical\PROJ_007\no2\PROJ_007_12235580_no2_2026_09_p1_20260925T000037.json","378655","0.36","RAW_SOURCE","LOCAL_ONLY","Raw OpenAQ/API downloads"
"data\raw\air_quality\openaq\historical\PROJ_007\o3\PROJ_007_12235581_o3_2025_03_p1_20260924T193831.json","571559","0.55","RAW_SOURCE","LOCAL_ONLY","Raw OpenAQ/API downloads"
"data\raw\air_quality\openaq\historical\PROJ_007\o3\PROJ_007_12235581_o3_2025_04_p1_20260924T212723.json","386004","0.37","RAW_SOURCE","LOCAL_ONLY","Raw OpenAQ/API downloads"
"data\raw\air_quality\openaq\historical\PROJ_007\o3\PROJ_007_12235581_o3_2025_05_p1_20260924T213536.json","530460","0.51","RAW_SOURCE","LOCAL_ONLY","Raw OpenAQ/API downloads"
"data\raw\air_quality\openaq\historical\PROJ_007\o3\PROJ_007_12235581_o3_2025_06_p1_20260924T214414.json","504563","0.48","RAW_SOURCE","LOCAL_ONLY","Raw OpenAQ/API downloads"
"data\raw\air_quality\openaq\historical\PROJ_007\o3\PROJ_007_12235581_o3_2025_07_p1_20260924T215259.json","491950","0.47","RAW_SOURCE","LOCAL_ONLY","Raw OpenAQ/API downloads"
"data\raw\air_quality\openaq\historical\PROJ_007\o3\PROJ_007_12235581_o3_2025_08_p1_20260924T220221.json","591818","0.56","RAW_SOURCE","LOCAL_ONLY","Raw OpenAQ/API downloads"
"data\raw\air_quality\openaq\historical\PROJ_007\o3\PROJ_007_12235581_o3_2025_09_p1_20260924T221111.json","526271","0.5","RAW_SOURCE","LOCAL_ONLY","Raw OpenAQ/API downloads"
"data\raw\air_quality\openaq\historical\PROJ_007\o3\PROJ_007_12235581_o3_2025_10_p1_20260924T222030.json","580881","0.55","RAW_SOURCE","LOCAL_ONLY","Raw OpenAQ/API downloads"
"data\raw\air_quality\openaq\historical\PROJ_007\o3\PROJ_007_12235581_o3_2025_11_p1_20260924T222927.json","553849","0.53","RAW_SOURCE","LOCAL_ONLY","Raw OpenAQ/API downloads"
"data\raw\air_quality\openaq\historical\PROJ_007\o3\PROJ_007_12235581_o3_2025_12_p1_20260924T223841.json","566078","0.54","RAW_SOURCE","LOCAL_ONLY","Raw OpenAQ/API downloads"
"data\raw\air_quality\openaq\historical\PROJ_007\o3\PROJ_007_12235581_o3_2026_01_p1_20260924T224755.json","390662","0.37","RAW_SOURCE","LOCAL_ONLY","Raw OpenAQ/API downloads"
"data\raw\air_quality\openaq\historical\PROJ_007\o3\PROJ_007_12235581_o3_2026_02_p1_20260924T225645.json","466324","0.44","RAW_SOURCE","LOCAL_ONLY","Raw OpenAQ/API downloads"
"data\raw\air_quality\openaq\historical\PROJ_007\o3\PROJ_007_12235581_o3_2026_03_p1_20260924T230529.json","564593","0.54","RAW_SOURCE","LOCAL_ONLY","Raw OpenAQ/API downloads"
"data\raw\air_quality\openaq\historical\PROJ_007\o3\PROJ_007_12235581_o3_2026_04_p1_20260924T231453.json","508758","0.49","RAW_SOURCE","LOCAL_ONLY","Raw OpenAQ/API downloads"
"data\raw\air_quality\openaq\historical\PROJ_007\o3\PROJ_007_12235581_o3_2026_05_p1_20260924T232355.json","473328","0.45","RAW_SOURCE","LOCAL_ONLY","Raw OpenAQ/API downloads"
"data\raw\air_quality\openaq\historical\PROJ_007\o3\PROJ_007_12235581_o3_2026_06_p1_20260924T233257.json","410981","0.39","RAW_SOURCE","LOCAL_ONLY","Raw OpenAQ/API downloads"
"data\raw\air_quality\openaq\historical\PROJ_007\o3\PROJ_007_12235581_o3_2026_07_p1_20260924T234221.json","436448","0.42","RAW_SOURCE","LOCAL_ONLY","Raw OpenAQ/API downloads"
"data\raw\air_quality\openaq\historical\PROJ_007\o3\PROJ_007_12235581_o3_2026_08_p1_20260924T235141.json","504210","0.48","RAW_SOURCE","LOCAL_ONLY","Raw OpenAQ/API downloads"
"data\raw\air_quality\openaq\historical\PROJ_007\o3\PROJ_007_12235581_o3_2026_09_p1_20260925T000030.json","384486","0.37","RAW_SOURCE","LOCAL_ONLY","Raw OpenAQ/API downloads"
"data\raw\air_quality\openaq\historical\PROJ_007\pm10\PROJ_007_12235582_pm10_2025_03_p1_20260924T193845.json","561921","0.54","RAW_SOURCE","LOCAL_ONLY","Raw OpenAQ/API downloads"
"data\raw\air_quality\openaq\historical\PROJ_007\pm10\PROJ_007_12235582_pm10_2025_04_p1_20260924T212738.json","434663","0.41","RAW_SOURCE","LOCAL_ONLY","Raw OpenAQ/API downloads"
"data\raw\air_quality\openaq\historical\PROJ_007\pm10\PROJ_007_12235582_pm10_2025_05_p1_20260924T213551.json","500305","0.48","RAW_SOURCE","LOCAL_ONLY","Raw OpenAQ/API downloads"
"data\raw\air_quality\openaq\historical\PROJ_007\pm10\PROJ_007_12235582_pm10_2025_06_p1_20260924T214430.json","461483","0.44","RAW_SOURCE","LOCAL_ONLY","Raw OpenAQ/API downloads"
"data\raw\air_quality\openaq\historical\PROJ_007\pm10\PROJ_007_12235582_pm10_2025_07_p1_20260924T215316.json","452312","0.43","RAW_SOURCE","LOCAL_ONLY","Raw OpenAQ/API downloads"
"data\raw\air_quality\openaq\historical\PROJ_007\pm10\PROJ_007_12235582_pm10_2025_08_p1_20260924T220239.json","575459","0.55","RAW_SOURCE","LOCAL_ONLY","Raw OpenAQ/API downloads"
"data\raw\air_quality\openaq\historical\PROJ_007\pm10\PROJ_007_12235582_pm10_2025_09_p1_20260924T221128.json","468235","0.45","RAW_SOURCE","LOCAL_ONLY","Raw OpenAQ/API downloads"
"data\raw\air_quality\openaq\historical\PROJ_007\pm10\PROJ_007_12235582_pm10_2025_10_p1_20260924T222048.json","567074","0.54","RAW_SOURCE","LOCAL_ONLY","Raw OpenAQ/API downloads"
"data\raw\air_quality\openaq\historical\PROJ_007\pm10\PROJ_007_12235582_pm10_2025_11_p1_20260924T222944.json","516986","0.49","RAW_SOURCE","LOCAL_ONLY","Raw OpenAQ/API downloads"
"data\raw\air_quality\openaq\historical\PROJ_007\pm10\PROJ_007_12235582_pm10_2025_12_p1_20260924T223900.json","556651","0.53","RAW_SOURCE","LOCAL_ONLY","Raw OpenAQ/API downloads"
"data\raw\air_quality\openaq\historical\PROJ_007\pm10\PROJ_007_12235582_pm10_2026_01_p1_20260924T224811.json","384077","0.37","RAW_SOURCE","LOCAL_ONLY","Raw OpenAQ/API downloads"
"data\raw\air_quality\openaq\historical\PROJ_007\pm10\PROJ_007_12235582_pm10_2026_02_p1_20260924T225702.json","454031","0.43","RAW_SOURCE","LOCAL_ONLY","Raw OpenAQ/API downloads"
"data\raw\air_quality\openaq\historical\PROJ_007\pm10\PROJ_007_12235582_pm10_2026_03_p1_20260924T230547.json","548696","0.52","RAW_SOURCE","LOCAL_ONLY","Raw OpenAQ/API downloads"
"data\raw\air_quality\openaq\historical\PROJ_007\pm10\PROJ_007_12235582_pm10_2026_04_p1_20260924T231510.json","455946","0.43","RAW_SOURCE","LOCAL_ONLY","Raw OpenAQ/API downloads"
"data\raw\air_quality\openaq\historical\PROJ_007\pm10\PROJ_007_12235582_pm10_2026_05_p1_20260924T232412.json","462099","0.44","RAW_SOURCE","LOCAL_ONLY","Raw OpenAQ/API downloads"
"data\raw\air_quality\openaq\historical\PROJ_007\pm10\PROJ_007_12235582_pm10_2026_06_p1_20260924T233313.json","390872","0.37","RAW_SOURCE","LOCAL_ONLY","Raw OpenAQ/API downloads"
"data\raw\air_quality\openaq\historical\PROJ_007\pm10\PROJ_007_12235582_pm10_2026_07_p1_20260924T234237.json","451572","0.43","RAW_SOURCE","LOCAL_ONLY","Raw OpenAQ/API downloads"
"data\raw\air_quality\openaq\historical\PROJ_007\pm10\PROJ_007_12235582_pm10_2026_08_p1_20260924T235159.json","462517","0.44","RAW_SOURCE","LOCAL_ONLY","Raw OpenAQ/API downloads"
"data\raw\air_quality\openaq\historical\PROJ_007\pm10\PROJ_007_12235582_pm10_2026_09_p1_20260925T000045.json","368489","0.35","RAW_SOURCE","LOCAL_ONLY","Raw OpenAQ/API downloads"
"data\raw\air_quality\openaq\historical\PROJ_007\pm2_5\PROJ_007_12235583_pm2_5_2025_03_p1_20260924T193842.json","553096","0.53","RAW_SOURCE","LOCAL_ONLY","Raw OpenAQ/API downloads"
"data\raw\air_quality\openaq\historical\PROJ_007\pm2_5\PROJ_007_12235583_pm2_5_2025_04_p1_20260924T212734.json","428146","0.41","RAW_SOURCE","LOCAL_ONLY","Raw OpenAQ/API downloads"
"data\raw\air_quality\openaq\historical\PROJ_007\pm2_5\PROJ_007_12235583_pm2_5_2025_05_p1_20260924T213547.json","494551","0.47","RAW_SOURCE","LOCAL_ONLY","Raw OpenAQ/API downloads"
"data\raw\air_quality\openaq\historical\PROJ_007\pm2_5\PROJ_007_12235583_pm2_5_2025_06_p1_20260924T214426.json","460468","0.44","RAW_SOURCE","LOCAL_ONLY","Raw OpenAQ/API downloads"
"data\raw\air_quality\openaq\historical\PROJ_007\pm2_5\PROJ_007_12235583_pm2_5_2025_07_p1_20260924T215311.json","451728","0.43","RAW_SOURCE","LOCAL_ONLY","Raw OpenAQ/API downloads"
"data\raw\air_quality\openaq\historical\PROJ_007\pm2_5\PROJ_007_12235583_pm2_5_2025_08_p1_20260924T220235.json","574777","0.55","RAW_SOURCE","LOCAL_ONLY","Raw OpenAQ/API downloads"
"data\raw\air_quality\openaq\historical\PROJ_007\pm2_5\PROJ_007_12235583_pm2_5_2025_09_p1_20260924T221123.json","467594","0.45","RAW_SOURCE","LOCAL_ONLY","Raw OpenAQ/API downloads"
"data\raw\air_quality\openaq\historical\PROJ_007\pm2_5\PROJ_007_12235583_pm2_5_2025_10_p1_20260924T222043.json","565484","0.54","RAW_SOURCE","LOCAL_ONLY","Raw OpenAQ/API downloads"
"data\raw\air_quality\openaq\historical\PROJ_007\pm2_5\PROJ_007_12235583_pm2_5_2025_11_p1_20260924T222941.json","539552","0.51","RAW_SOURCE","LOCAL_ONLY","Raw OpenAQ/API downloads"
"data\raw\air_quality\openaq\historical\PROJ_007\pm2_5\PROJ_007_12235583_pm2_5_2025_12_p1_20260924T223855.json","551280","0.53","RAW_SOURCE","LOCAL_ONLY","Raw OpenAQ/API downloads"
"data\raw\air_quality\openaq\historical\PROJ_007\pm2_5\PROJ_007_12235583_pm2_5_2026_01_p1_20260924T224808.json","380506","0.36","RAW_SOURCE","LOCAL_ONLY","Raw OpenAQ/API downloads"
"data\raw\air_quality\openaq\historical\PROJ_007\pm2_5\PROJ_007_12235583_pm2_5_2026_02_p1_20260924T225659.json","449940","0.43","RAW_SOURCE","LOCAL_ONLY","Raw OpenAQ/API downloads"
"data\raw\air_quality\openaq\historical\PROJ_007\pm2_5\PROJ_007_12235583_pm2_5_2026_03_p1_20260924T230541.json","545522","0.52","RAW_SOURCE","LOCAL_ONLY","Raw OpenAQ/API downloads"
"data\raw\air_quality\openaq\historical\PROJ_007\pm2_5\PROJ_007_12235583_pm2_5_2026_04_p1_20260924T231506.json","453916","0.43","RAW_SOURCE","LOCAL_ONLY","Raw OpenAQ/API downloads"
"data\raw\air_quality\openaq\historical\PROJ_007\pm2_5\PROJ_007_12235583_pm2_5_2026_05_p1_20260924T232408.json","460647","0.44","RAW_SOURCE","LOCAL_ONLY","Raw OpenAQ/API downloads"
"data\raw\air_quality\openaq\historical\PROJ_007\pm2_5\PROJ_007_12235583_pm2_5_2026_06_p1_20260924T233308.json","387411","0.37","RAW_SOURCE","LOCAL_ONLY","Raw OpenAQ/API downloads"
"data\raw\air_quality\openaq\historical\PROJ_007\pm2_5\PROJ_007_12235583_pm2_5_2026_07_p1_20260924T234232.json","447240","0.43","RAW_SOURCE","LOCAL_ONLY","Raw OpenAQ/API downloads"
"data\raw\air_quality\openaq\historical\PROJ_007\pm2_5\PROJ_007_12235583_pm2_5_2026_08_p1_20260924T235155.json","461519","0.44","RAW_SOURCE","LOCAL_ONLY","Raw OpenAQ/API downloads"
"data\raw\air_quality\openaq\historical\PROJ_007\pm2_5\PROJ_007_12235583_pm2_5_2026_09_p1_20260925T000042.json","366749","0.35","RAW_SOURCE","LOCAL_ONLY","Raw OpenAQ/API downloads"
"data\raw\air_quality\openaq\historical\PROJ_007\so2\PROJ_007_12235585_so2_2025_03_p1_20260924T193828.json","564496","0.54","RAW_SOURCE","LOCAL_ONLY","Raw OpenAQ/API downloads"
"data\raw\air_quality\openaq\historical\PROJ_007\so2\PROJ_007_12235585_so2_2025_04_p1_20260924T212720.json","426035","0.41","RAW_SOURCE","LOCAL_ONLY","Raw OpenAQ/API downloads"
"data\raw\air_quality\openaq\historical\PROJ_007\so2\PROJ_007_12235585_so2_2025_05_p1_20260924T213532.json","522879","0.5","RAW_SOURCE","LOCAL_ONLY","Raw OpenAQ/API downloads"
"data\raw\air_quality\openaq\historical\PROJ_007\so2\PROJ_007_12235585_so2_2025_06_p1_20260924T214411.json","499447","0.48","RAW_SOURCE","LOCAL_ONLY","Raw OpenAQ/API downloads"
"data\raw\air_quality\openaq\historical\PROJ_007\so2\PROJ_007_12235585_so2_2025_07_p1_20260924T215254.json","493322","0.47","RAW_SOURCE","LOCAL_ONLY","Raw OpenAQ/API downloads"
"data\raw\air_quality\openaq\historical\PROJ_007\so2\PROJ_007_12235585_so2_2025_08_p1_20260924T220216.json","585346","0.56","RAW_SOURCE","LOCAL_ONLY","Raw OpenAQ/API downloads"
"data\raw\air_quality\openaq\historical\PROJ_007\so2\PROJ_007_12235585_so2_2025_09_p1_20260924T221107.json","520664","0.5","RAW_SOURCE","LOCAL_ONLY","Raw OpenAQ/API downloads"
"data\raw\air_quality\openaq\historical\PROJ_007\so2\PROJ_007_12235585_so2_2025_10_p1_20260924T222024.json","573525","0.55","RAW_SOURCE","LOCAL_ONLY","Raw OpenAQ/API downloads"
"data\raw\air_quality\openaq\historical\PROJ_007\so2\PROJ_007_12235585_so2_2025_11_p1_20260924T222921.json","536425","0.51","RAW_SOURCE","LOCAL_ONLY","Raw OpenAQ/API downloads"
"data\raw\air_quality\openaq\historical\PROJ_007\so2\PROJ_007_12235585_so2_2025_12_p1_20260924T223836.json","559322","0.53","RAW_SOURCE","LOCAL_ONLY","Raw OpenAQ/API downloads"
"data\raw\air_quality\openaq\historical\PROJ_007\so2\PROJ_007_12235585_so2_2026_01_p1_20260924T224752.json","386615","0.37","RAW_SOURCE","LOCAL_ONLY","Raw OpenAQ/API downloads"
"data\raw\air_quality\openaq\historical\PROJ_007\so2\PROJ_007_12235585_so2_2026_02_p1_20260924T225640.json","459128","0.44","RAW_SOURCE","LOCAL_ONLY","Raw OpenAQ/API downloads"
"data\raw\air_quality\openaq\historical\PROJ_007\so2\PROJ_007_12235585_so2_2026_03_p1_20260924T230526.json","553761","0.53","RAW_SOURCE","LOCAL_ONLY","Raw OpenAQ/API downloads"
"data\raw\air_quality\openaq\historical\PROJ_007\so2\PROJ_007_12235585_so2_2026_04_p1_20260924T231448.json","496906","0.47","RAW_SOURCE","LOCAL_ONLY","Raw OpenAQ/API downloads"
"data\raw\air_quality\openaq\historical\PROJ_007\so2\PROJ_007_12235585_so2_2026_05_p1_20260924T232351.json","462832","0.44","RAW_SOURCE","LOCAL_ONLY","Raw OpenAQ/API downloads"
"data\raw\air_quality\openaq\historical\PROJ_007\so2\PROJ_007_12235585_so2_2026_06_p1_20260924T233253.json","397647","0.38","RAW_SOURCE","LOCAL_ONLY","Raw OpenAQ/API downloads"
"data\raw\air_quality\openaq\historical\PROJ_007\so2\PROJ_007_12235585_so2_2026_07_p1_20260924T234217.json","460367","0.44","RAW_SOURCE","LOCAL_ONLY","Raw OpenAQ/API downloads"
"data\raw\air_quality\openaq\historical\PROJ_007\so2\PROJ_007_12235585_so2_2026_08_p1_20260924T235136.json","499084","0.48","RAW_SOURCE","LOCAL_ONLY","Raw OpenAQ/API downloads"
"data\raw\air_quality\openaq\historical\PROJ_007\so2\PROJ_007_12235585_so2_2026_09_p1_20260925T000025.json","378617","0.36","RAW_SOURCE","LOCAL_ONLY","Raw OpenAQ/API downloads"
"data\raw\air_quality\openaq\historical\PROJ_019\co\PROJ_019_12235648_co_2025_03_p1_20260924T193852.json","553126","0.53","RAW_SOURCE","LOCAL_ONLY","Raw OpenAQ/API downloads"
"data\raw\air_quality\openaq\historical\PROJ_019\co\PROJ_019_12235648_co_2025_04_p1_20260924T212746.json","400449","0.38","RAW_SOURCE","LOCAL_ONLY","Raw OpenAQ/API downloads"
"data\raw\air_quality\openaq\historical\PROJ_019\co\PROJ_019_12235648_co_2025_05_p1_20260924T213559.json","471918","0.45","RAW_SOURCE","LOCAL_ONLY","Raw OpenAQ/API downloads"
"data\raw\air_quality\openaq\historical\PROJ_019\co\PROJ_019_12235648_co_2025_06_p1_20260924T214438.json","495332","0.47","RAW_SOURCE","LOCAL_ONLY","Raw OpenAQ/API downloads"
"data\raw\air_quality\openaq\historical\PROJ_019\co\PROJ_019_12235648_co_2025_07_p1_20260924T215324.json","579828","0.55","RAW_SOURCE","LOCAL_ONLY","Raw OpenAQ/API downloads"
"data\raw\air_quality\openaq\historical\PROJ_019\co\PROJ_019_12235648_co_2025_08_p1_20260924T220246.json","591750","0.56","RAW_SOURCE","LOCAL_ONLY","Raw OpenAQ/API downloads"
"data\raw\air_quality\openaq\historical\PROJ_019\co\PROJ_019_12235648_co_2025_09_p1_20260924T221135.json","515118","0.49","RAW_SOURCE","LOCAL_ONLY","Raw OpenAQ/API downloads"
"data\raw\air_quality\openaq\historical\PROJ_019\co\PROJ_019_12235648_co_2025_10_p1_20260924T222058.json","493919","0.47","RAW_SOURCE","LOCAL_ONLY","Raw OpenAQ/API downloads"
"data\raw\air_quality\openaq\historical\PROJ_019\co\PROJ_019_12235648_co_2025_11_p1_20260924T222954.json","559210","0.53","RAW_SOURCE","LOCAL_ONLY","Raw OpenAQ/API downloads"
"data\raw\air_quality\openaq\historical\PROJ_019\co\PROJ_019_12235648_co_2025_12_p1_20260924T223908.json","524824","0.5","RAW_SOURCE","LOCAL_ONLY","Raw OpenAQ/API downloads"
"data\raw\air_quality\openaq\historical\PROJ_019\co\PROJ_019_12235648_co_2026_01_p1_20260924T224819.json","371847","0.35","RAW_SOURCE","LOCAL_ONLY","Raw OpenAQ/API downloads"
"data\raw\air_quality\openaq\historical\PROJ_019\co\PROJ_019_12235648_co_2026_02_p1_20260924T225710.json","467381","0.45","RAW_SOURCE","LOCAL_ONLY","Raw OpenAQ/API downloads"
"data\raw\air_quality\openaq\historical\PROJ_019\co\PROJ_019_12235648_co_2026_03_p1_20260924T230556.json","582012","0.56","RAW_SOURCE","LOCAL_ONLY","Raw OpenAQ/API downloads"
"data\raw\air_quality\openaq\historical\PROJ_019\co\PROJ_019_12235648_co_2026_04_p1_20260924T231518.json","554018","0.53","RAW_SOURCE","LOCAL_ONLY","Raw OpenAQ/API downloads"
"data\raw\air_quality\openaq\historical\PROJ_019\co\PROJ_019_12235648_co_2026_05_p1_20260924T232422.json","526905","0.5","RAW_SOURCE","LOCAL_ONLY","Raw OpenAQ/API downloads"
"data\raw\air_quality\openaq\historical\PROJ_019\co\PROJ_019_12235648_co_2026_06_p1_20260924T233321.json","510105","0.49","RAW_SOURCE","LOCAL_ONLY","Raw OpenAQ/API downloads"
"data\raw\air_quality\openaq\historical\PROJ_019\co\PROJ_019_12235648_co_2026_07_p1_20260924T234247.json","528186","0.5","RAW_SOURCE","LOCAL_ONLY","Raw OpenAQ/API downloads"
"data\raw\air_quality\openaq\historical\PROJ_019\co\PROJ_019_12235648_co_2026_08_p1_20260924T235208.json","473903","0.45","RAW_SOURCE","LOCAL_ONLY","Raw OpenAQ/API downloads"
"data\raw\air_quality\openaq\historical\PROJ_019\co\PROJ_019_12235648_co_2026_09_p1_20260925T000052.json","398437","0.38","RAW_SOURCE","LOCAL_ONLY","Raw OpenAQ/API downloads"
"data\raw\air_quality\openaq\historical\PROJ_019\no2\PROJ_019_12235650_no2_2025_03_p1_20260924T193901.json","551252","0.53","RAW_SOURCE","LOCAL_ONLY","Raw OpenAQ/API downloads"
"data\raw\air_quality\openaq\historical\PROJ_019\no2\PROJ_019_12235650_no2_2025_04_p1_20260924T212758.json","401617","0.38","RAW_SOURCE","LOCAL_ONLY","Raw OpenAQ/API downloads"
"data\raw\air_quality\openaq\historical\PROJ_019\no2\PROJ_019_12235650_no2_2025_05_p1_20260924T213611.json","471039","0.45","RAW_SOURCE","LOCAL_ONLY","Raw OpenAQ/API downloads"
"data\raw\air_quality\openaq\historical\PROJ_019\no2\PROJ_019_12235650_no2_2025_06_p1_20260924T214451.json","492587","0.47","RAW_SOURCE","LOCAL_ONLY","Raw OpenAQ/API downloads"
"data\raw\air_quality\openaq\historical\PROJ_019\no2\PROJ_019_12235650_no2_2025_07_p1_20260924T215353.json","573726","0.55","RAW_SOURCE","LOCAL_ONLY","Raw OpenAQ/API downloads"
"data\raw\air_quality\openaq\historical\PROJ_019\no2\PROJ_019_12235650_no2_2025_08_p1_20260924T220259.json","583986","0.56","RAW_SOURCE","LOCAL_ONLY","Raw OpenAQ/API downloads"
"data\raw\air_quality\openaq\historical\PROJ_019\no2\PROJ_019_12235650_no2_2025_09_p1_20260924T221148.json","505324","0.48","RAW_SOURCE","LOCAL_ONLY","Raw OpenAQ/API downloads"
"data\raw\air_quality\openaq\historical\PROJ_019\no2\PROJ_019_12235650_no2_2025_10_p1_20260924T222108.json","489472","0.47","RAW_SOURCE","LOCAL_ONLY","Raw OpenAQ/API downloads"
"data\raw\air_quality\openaq\historical\PROJ_019\no2\PROJ_019_12235650_no2_2025_11_p1_20260924T223010.json","555653","0.53","RAW_SOURCE","LOCAL_ONLY","Raw OpenAQ/API downloads"
"data\raw\air_quality\openaq\historical\PROJ_019\no2\PROJ_019_12235650_no2_2025_12_p1_20260924T223921.json","522156","0.5","RAW_SOURCE","LOCAL_ONLY","Raw OpenAQ/API downloads"
"data\raw\air_quality\openaq\historical\PROJ_019\no2\PROJ_019_12235650_no2_2026_01_p1_20260924T224831.json","367896","0.35","RAW_SOURCE","LOCAL_ONLY","Raw OpenAQ/API downloads"
"data\raw\air_quality\openaq\historical\PROJ_019\no2\PROJ_019_12235650_no2_2026_02_p1_20260924T225722.json","463791","0.44","RAW_SOURCE","LOCAL_ONLY","Raw OpenAQ/API downloads"
"data\raw\air_quality\openaq\historical\PROJ_019\no2\PROJ_019_12235650_no2_2026_03_p1_20260924T230609.json","577949","0.55","RAW_SOURCE","LOCAL_ONLY","Raw OpenAQ/API downloads"
"data\raw\air_quality\openaq\historical\PROJ_019\no2\PROJ_019_12235650_no2_2026_04_p1_20260924T231528.json","550933","0.53","RAW_SOURCE","LOCAL_ONLY","Raw OpenAQ/API downloads"
"data\raw\air_quality\openaq\historical\PROJ_019\no2\PROJ_019_12235650_no2_2026_05_p1_20260924T232436.json","525950","0.5","RAW_SOURCE","LOCAL_ONLY","Raw OpenAQ/API downloads"
"data\raw\air_quality\openaq\historical\PROJ_019\no2\PROJ_019_12235650_no2_2026_06_p1_20260924T233334.json","448962","0.43","RAW_SOURCE","LOCAL_ONLY","Raw OpenAQ/API downloads"
"data\raw\air_quality\openaq\historical\PROJ_019\no2\PROJ_019_12235650_no2_2026_07_p1_20260924T234259.json","492753","0.47","RAW_SOURCE","LOCAL_ONLY","Raw OpenAQ/API downloads"
"data\raw\air_quality\openaq\historical\PROJ_019\no2\PROJ_019_12235650_no2_2026_08_p1_20260924T235221.json","399768","0.38","RAW_SOURCE","LOCAL_ONLY","Raw OpenAQ/API downloads"
"data\raw\air_quality\openaq\historical\PROJ_019\no2\PROJ_019_12235650_no2_2026_09_p1_20260925T000104.json","342936","0.33","RAW_SOURCE","LOCAL_ONLY","Raw OpenAQ/API downloads"
"data\raw\air_quality\openaq\historical\PROJ_019\o3\PROJ_019_12235651_o3_2025_03_p1_20260924T193905.json","554463","0.53","RAW_SOURCE","LOCAL_ONLY","Raw OpenAQ/API downloads"
"data\raw\air_quality\openaq\historical\PROJ_019\o3\PROJ_019_12235651_o3_2025_04_p1_20260924T212802.json","402977","0.38","RAW_SOURCE","LOCAL_ONLY","Raw OpenAQ/API downloads"
"data\raw\air_quality\openaq\historical\PROJ_019\o3\PROJ_019_12235651_o3_2025_05_p1_20260924T213615.json","472261","0.45","RAW_SOURCE","LOCAL_ONLY","Raw OpenAQ/API downloads"
"data\raw\air_quality\openaq\historical\PROJ_019\o3\PROJ_019_12235651_o3_2025_06_p1_20260924T214455.json","495184","0.47","RAW_SOURCE","LOCAL_ONLY","Raw OpenAQ/API downloads"
"data\raw\air_quality\openaq\historical\PROJ_019\o3\PROJ_019_12235651_o3_2025_07_p1_20260924T215358.json","581864","0.55","RAW_SOURCE","LOCAL_ONLY","Raw OpenAQ/API downloads"
"data\raw\air_quality\openaq\historical\PROJ_019\o3\PROJ_019_12235651_o3_2025_08_p1_20260924T220302.json","594912","0.57","RAW_SOURCE","LOCAL_ONLY","Raw OpenAQ/API downloads"
"data\raw\air_quality\openaq\historical\PROJ_019\o3\PROJ_019_12235651_o3_2025_09_p1_20260924T221152.json","516426","0.49","RAW_SOURCE","LOCAL_ONLY","Raw OpenAQ/API downloads"
"data\raw\air_quality\openaq\historical\PROJ_019\o3\PROJ_019_12235651_o3_2025_10_p1_20260924T222113.json","493987","0.47","RAW_SOURCE","LOCAL_ONLY","Raw OpenAQ/API downloads"
"data\raw\air_quality\openaq\historical\PROJ_019\o3\PROJ_019_12235651_o3_2025_11_p1_20260924T223014.json","557248","0.53","RAW_SOURCE","LOCAL_ONLY","Raw OpenAQ/API downloads"
"data\raw\air_quality\openaq\historical\PROJ_019\o3\PROJ_019_12235651_o3_2025_12_p1_20260924T223926.json","524968","0.5","RAW_SOURCE","LOCAL_ONLY","Raw OpenAQ/API downloads"
"data\raw\air_quality\openaq\historical\PROJ_019\o3\PROJ_019_12235651_o3_2026_01_p1_20260924T224834.json","371511","0.35","RAW_SOURCE","LOCAL_ONLY","Raw OpenAQ/API downloads"
"data\raw\air_quality\openaq\historical\PROJ_019\o3\PROJ_019_12235651_o3_2026_02_p1_20260924T225726.json","450036","0.43","RAW_SOURCE","LOCAL_ONLY","Raw OpenAQ/API downloads"
"data\raw\air_quality\openaq\historical\PROJ_019\o3\PROJ_019_12235651_o3_2026_03_p1_20260924T230614.json","585100","0.56","RAW_SOURCE","LOCAL_ONLY","Raw OpenAQ/API downloads"
"data\raw\air_quality\openaq\historical\PROJ_019\o3\PROJ_019_12235651_o3_2026_04_p1_20260924T231534.json","556490","0.53","RAW_SOURCE","LOCAL_ONLY","Raw OpenAQ/API downloads"
"data\raw\air_quality\openaq\historical\PROJ_019\o3\PROJ_019_12235651_o3_2026_05_p1_20260924T232440.json","533849","0.51","RAW_SOURCE","LOCAL_ONLY","Raw OpenAQ/API downloads"
"data\raw\air_quality\openaq\historical\PROJ_019\o3\PROJ_019_12235651_o3_2026_06_p1_20260924T233338.json","511551","0.49","RAW_SOURCE","LOCAL_ONLY","Raw OpenAQ/API downloads"
"data\raw\air_quality\openaq\historical\PROJ_019\o3\PROJ_019_12235651_o3_2026_07_p1_20260924T234303.json","526312","0.5","RAW_SOURCE","LOCAL_ONLY","Raw OpenAQ/API downloads"
"data\raw\air_quality\openaq\historical\PROJ_019\o3\PROJ_019_12235651_o3_2026_08_p1_20260924T235224.json","478561","0.46","RAW_SOURCE","LOCAL_ONLY","Raw OpenAQ/API downloads"
"data\raw\air_quality\openaq\historical\PROJ_019\o3\PROJ_019_12235651_o3_2026_09_p1_20260925T000109.json","401368","0.38","RAW_SOURCE","LOCAL_ONLY","Raw OpenAQ/API downloads"
"data\raw\air_quality\openaq\historical\PROJ_019\pm10\PROJ_019_12235652_pm10_2025_03_p1_20260924T193857.json","549926","0.52","RAW_SOURCE","LOCAL_ONLY","Raw OpenAQ/API downloads"
"data\raw\air_quality\openaq\historical\PROJ_019\pm10\PROJ_019_12235652_pm10_2025_04_p1_20260924T212755.json","394972","0.38","RAW_SOURCE","LOCAL_ONLY","Raw OpenAQ/API downloads"
"data\raw\air_quality\openaq\historical\PROJ_019\pm10\PROJ_019_12235652_pm10_2025_05_p1_20260924T213607.json","460552","0.44","RAW_SOURCE","LOCAL_ONLY","Raw OpenAQ/API downloads"
"data\raw\air_quality\openaq\historical\PROJ_019\pm10\PROJ_019_12235652_pm10_2025_06_p1_20260924T214447.json","487445","0.46","RAW_SOURCE","LOCAL_ONLY","Raw OpenAQ/API downloads"
"data\raw\air_quality\openaq\historical\PROJ_019\pm10\PROJ_019_12235652_pm10_2025_07_p1_20260925T095236.json","573797","0.55","RAW_SOURCE","LOCAL_ONLY","Raw OpenAQ/API downloads"
"data\raw\air_quality\openaq\historical\PROJ_019\pm10\PROJ_019_12235652_pm10_2025_08_p1_20260924T220255.json","592457","0.57","RAW_SOURCE","LOCAL_ONLY","Raw OpenAQ/API downloads"
"data\raw\air_quality\openaq\historical\PROJ_019\pm10\PROJ_019_12235652_pm10_2025_09_p1_20260924T221144.json","515119","0.49","RAW_SOURCE","LOCAL_ONLY","Raw OpenAQ/API downloads"
"data\raw\air_quality\openaq\historical\PROJ_019\pm10\PROJ_019_12235652_pm10_2025_10_p1_20260924T222105.json","490724","0.47","RAW_SOURCE","LOCAL_ONLY","Raw OpenAQ/API downloads"
"data\raw\air_quality\openaq\historical\PROJ_019\pm10\PROJ_019_12235652_pm10_2025_11_p1_20260924T223005.json","551168","0.53","RAW_SOURCE","LOCAL_ONLY","Raw OpenAQ/API downloads"
"data\raw\air_quality\openaq\historical\PROJ_019\pm10\PROJ_019_12235652_pm10_2025_12_p1_20260924T223917.json","521646","0.5","RAW_SOURCE","LOCAL_ONLY","Raw OpenAQ/API downloads"
"data\raw\air_quality\openaq\historical\PROJ_019\pm10\PROJ_019_12235652_pm10_2026_01_p1_20260924T224827.json","366605","0.35","RAW_SOURCE","LOCAL_ONLY","Raw OpenAQ/API downloads"
"data\raw\air_quality\openaq\historical\PROJ_019\pm10\PROJ_019_12235652_pm10_2026_02_p1_20260924T225717.json","460340","0.44","RAW_SOURCE","LOCAL_ONLY","Raw OpenAQ/API downloads"
"data\raw\air_quality\openaq\historical\PROJ_019\pm10\PROJ_019_12235652_pm10_2026_03_p1_20260924T230604.json","576441","0.55","RAW_SOURCE","LOCAL_ONLY","Raw OpenAQ/API downloads"
"data\raw\air_quality\openaq\historical\PROJ_019\pm10\PROJ_019_12235652_pm10_2026_04_p1_20260924T231525.json","546328","0.52","RAW_SOURCE","LOCAL_ONLY","Raw OpenAQ/API downloads"
"data\raw\air_quality\openaq\historical\PROJ_019\pm10\PROJ_019_12235652_pm10_2026_05_p1_20260924T232431.json","522410","0.5","RAW_SOURCE","LOCAL_ONLY","Raw OpenAQ/API downloads"
"data\raw\air_quality\openaq\historical\PROJ_019\pm10\PROJ_019_12235652_pm10_2026_06_p1_20260924T233329.json","465812","0.44","RAW_SOURCE","LOCAL_ONLY","Raw OpenAQ/API downloads"
"data\raw\air_quality\openaq\historical\PROJ_019\pm10\PROJ_019_12235652_pm10_2026_07_p1_20260924T234254.json","504642","0.48","RAW_SOURCE","LOCAL_ONLY","Raw OpenAQ/API downloads"
"data\raw\air_quality\openaq\historical\PROJ_019\pm10\PROJ_019_12235652_pm10_2026_08_p1_20260924T235217.json","397619","0.38","RAW_SOURCE","LOCAL_ONLY","Raw OpenAQ/API downloads"
"data\raw\air_quality\openaq\historical\PROJ_019\pm10\PROJ_019_12235652_pm10_2026_09_p1_20260925T000101.json","295048","0.28","RAW_SOURCE","LOCAL_ONLY","Raw OpenAQ/API downloads"
"data\raw\air_quality\openaq\historical\PROJ_019\pm2_5\PROJ_019_12235653_pm2_5_2025_03_p1_20260924T193855.json","549668","0.52","RAW_SOURCE","LOCAL_ONLY","Raw OpenAQ/API downloads"
"data\raw\air_quality\openaq\historical\PROJ_019\pm2_5\PROJ_019_12235653_pm2_5_2025_04_p1_20260924T212750.json","396007","0.38","RAW_SOURCE","LOCAL_ONLY","Raw OpenAQ/API downloads"
"data\raw\air_quality\openaq\historical\PROJ_019\pm2_5\PROJ_019_12235653_pm2_5_2025_05_p1_20260924T213602.json","468735","0.45","RAW_SOURCE","LOCAL_ONLY","Raw OpenAQ/API downloads"
"data\raw\air_quality\openaq\historical\PROJ_019\pm2_5\PROJ_019_12235653_pm2_5_2025_06_p1_20260924T214444.json","486336","0.46","RAW_SOURCE","LOCAL_ONLY","Raw OpenAQ/API downloads"
"data\raw\air_quality\openaq\historical\PROJ_019\pm2_5\PROJ_019_12235653_pm2_5_2025_07_p1_20260924T215328.json","572791","0.55","RAW_SOURCE","LOCAL_ONLY","Raw OpenAQ/API downloads"
"data\raw\air_quality\openaq\historical\PROJ_019\pm2_5\PROJ_019_12235653_pm2_5_2025_08_p1_20260924T220250.json","582449","0.56","RAW_SOURCE","LOCAL_ONLY","Raw OpenAQ/API downloads"
"data\raw\air_quality\openaq\historical\PROJ_019\pm2_5\PROJ_019_12235653_pm2_5_2025_09_p1_20260924T221140.json","510027","0.49","RAW_SOURCE","LOCAL_ONLY","Raw OpenAQ/API downloads"
"data\raw\air_quality\openaq\historical\PROJ_019\pm2_5\PROJ_019_12235653_pm2_5_2025_10_p1_20260924T222101.json","488143","0.47","RAW_SOURCE","LOCAL_ONLY","Raw OpenAQ/API downloads"
"data\raw\air_quality\openaq\historical\PROJ_019\pm2_5\PROJ_019_12235653_pm2_5_2025_11_p1_20260924T223001.json","549646","0.52","RAW_SOURCE","LOCAL_ONLY","Raw OpenAQ/API downloads"
"data\raw\air_quality\openaq\historical\PROJ_019\pm2_5\PROJ_019_12235653_pm2_5_2025_12_p1_20260924T223912.json","514533","0.49","RAW_SOURCE","LOCAL_ONLY","Raw OpenAQ/API downloads"
"data\raw\air_quality\openaq\historical\PROJ_019\pm2_5\PROJ_019_12235653_pm2_5_2026_01_p1_20260924T224823.json","367621","0.35","RAW_SOURCE","LOCAL_ONLY","Raw OpenAQ/API downloads"
"data\raw\air_quality\openaq\historical\PROJ_019\pm2_5\PROJ_019_12235653_pm2_5_2026_02_p1_20260924T225714.json","463719","0.44","RAW_SOURCE","LOCAL_ONLY","Raw OpenAQ/API downloads"
"data\raw\air_quality\openaq\historical\PROJ_019\pm2_5\PROJ_019_12235653_pm2_5_2026_03_p1_20260924T230559.json","575512","0.55","RAW_SOURCE","LOCAL_ONLY","Raw OpenAQ/API downloads"
"data\raw\air_quality\openaq\historical\PROJ_019\pm2_5\PROJ_019_12235653_pm2_5_2026_04_p1_20260924T231521.json","546710","0.52","RAW_SOURCE","LOCAL_ONLY","Raw OpenAQ/API downloads"
"data\raw\air_quality\openaq\historical\PROJ_019\pm2_5\PROJ_019_12235653_pm2_5_2026_05_p1_20260924T232427.json","528907","0.5","RAW_SOURCE","LOCAL_ONLY","Raw OpenAQ/API downloads"
"data\raw\air_quality\openaq\historical\PROJ_019\pm2_5\PROJ_019_12235653_pm2_5_2026_06_p1_20260924T233325.json","492319","0.47","RAW_SOURCE","LOCAL_ONLY","Raw OpenAQ/API downloads"
"data\raw\air_quality\openaq\historical\PROJ_019\pm2_5\PROJ_019_12235653_pm2_5_2026_07_p1_20260924T234250.json","475186","0.45","RAW_SOURCE","LOCAL_ONLY","Raw OpenAQ/API downloads"
"data\raw\air_quality\openaq\historical\PROJ_019\pm2_5\PROJ_019_12235653_pm2_5_2026_08_p1_20260924T235212.json","366831","0.35","RAW_SOURCE","LOCAL_ONLY","Raw OpenAQ/API downloads"
"data\raw\air_quality\openaq\historical\PROJ_019\pm2_5\PROJ_019_12235653_pm2_5_2026_09_p1_20260925T000056.json","332684","0.32","RAW_SOURCE","LOCAL_ONLY","Raw OpenAQ/API downloads"
"data\raw\air_quality\openaq\historical\PROJ_019\so2\PROJ_019_12235655_so2_2025_03_p1_20260924T193848.json","553354","0.53","RAW_SOURCE","LOCAL_ONLY","Raw OpenAQ/API downloads"
"data\raw\air_quality\openaq\historical\PROJ_019\so2\PROJ_019_12235655_so2_2025_04_p1_20260924T212741.json","401353","0.38","RAW_SOURCE","LOCAL_ONLY","Raw OpenAQ/API downloads"
"data\raw\air_quality\openaq\historical\PROJ_019\so2\PROJ_019_12235655_so2_2025_05_p1_20260924T213554.json","471802","0.45","RAW_SOURCE","LOCAL_ONLY","Raw OpenAQ/API downloads"
"data\raw\air_quality\openaq\historical\PROJ_019\so2\PROJ_019_12235655_so2_2025_06_p1_20260924T214434.json","493816","0.47","RAW_SOURCE","LOCAL_ONLY","Raw OpenAQ/API downloads"
"data\raw\air_quality\openaq\historical\PROJ_019\so2\PROJ_019_12235655_so2_2025_07_p1_20260924T215320.json","577910","0.55","RAW_SOURCE","LOCAL_ONLY","Raw OpenAQ/API downloads"
"data\raw\air_quality\openaq\historical\PROJ_019\so2\PROJ_019_12235655_so2_2025_08_p1_20260924T220243.json","591538","0.56","RAW_SOURCE","LOCAL_ONLY","Raw OpenAQ/API downloads"
"data\raw\air_quality\openaq\historical\PROJ_019\so2\PROJ_019_12235655_so2_2025_09_p1_20260924T221132.json","513725","0.49","RAW_SOURCE","LOCAL_ONLY","Raw OpenAQ/API downloads"
"data\raw\air_quality\openaq\historical\PROJ_019\so2\PROJ_019_12235655_so2_2025_10_p1_20260924T222053.json","493914","0.47","RAW_SOURCE","LOCAL_ONLY","Raw OpenAQ/API downloads"
"data\raw\air_quality\openaq\historical\PROJ_019\so2\PROJ_019_12235655_so2_2025_11_p1_20260924T222949.json","558029","0.53","RAW_SOURCE","LOCAL_ONLY","Raw OpenAQ/API downloads"
"data\raw\air_quality\openaq\historical\PROJ_019\so2\PROJ_019_12235655_so2_2025_12_p1_20260924T223904.json","523199","0.5","RAW_SOURCE","LOCAL_ONLY","Raw OpenAQ/API downloads"
"data\raw\air_quality\openaq\historical\PROJ_019\so2\PROJ_019_12235655_so2_2026_01_p1_20260924T224815.json","367557","0.35","RAW_SOURCE","LOCAL_ONLY","Raw OpenAQ/API downloads"
"data\raw\air_quality\openaq\historical\PROJ_019\so2\PROJ_019_12235655_so2_2026_02_p1_20260924T225706.json","466015","0.44","RAW_SOURCE","LOCAL_ONLY","Raw OpenAQ/API downloads"
"data\raw\air_quality\openaq\historical\PROJ_019\so2\PROJ_019_12235655_so2_2026_03_p1_20260924T230552.json","582127","0.56","RAW_SOURCE","LOCAL_ONLY","Raw OpenAQ/API downloads"
"data\raw\air_quality\openaq\historical\PROJ_019\so2\PROJ_019_12235655_so2_2026_04_p1_20260924T231514.json","556022","0.53","RAW_SOURCE","LOCAL_ONLY","Raw OpenAQ/API downloads"
"data\raw\air_quality\openaq\historical\PROJ_019\so2\PROJ_019_12235655_so2_2026_05_p1_20260924T232417.json","532062","0.51","RAW_SOURCE","LOCAL_ONLY","Raw OpenAQ/API downloads"
"data\raw\air_quality\openaq\historical\PROJ_019\so2\PROJ_019_12235655_so2_2026_06_p1_20260924T233317.json","455546","0.43","RAW_SOURCE","LOCAL_ONLY","Raw OpenAQ/API downloads"
"data\raw\air_quality\openaq\historical\PROJ_019\so2\PROJ_019_12235655_so2_2026_07_p1_20260924T234242.json","467895","0.45","RAW_SOURCE","LOCAL_ONLY","Raw OpenAQ/API downloads"
"data\raw\air_quality\openaq\historical\PROJ_019\so2\PROJ_019_12235655_so2_2026_08_p1_20260924T235203.json","377500","0.36","RAW_SOURCE","LOCAL_ONLY","Raw OpenAQ/API downloads"
"data\raw\air_quality\openaq\historical\PROJ_019\so2\PROJ_019_12235655_so2_2026_09_p1_20260925T000049.json","322772","0.31","RAW_SOURCE","LOCAL_ONLY","Raw OpenAQ/API downloads"
"data\raw\air_quality\openaq\historical\PROJ_036\co\PROJ_036_12235395_co_2025_03_p1_20260924T193922.json","538286","0.51","RAW_SOURCE","LOCAL_ONLY","Raw OpenAQ/API downloads"
"data\raw\air_quality\openaq\historical\PROJ_036\co\PROJ_036_12235395_co_2025_04_p1_20260924T212818.json","492531","0.47","RAW_SOURCE","LOCAL_ONLY","Raw OpenAQ/API downloads"
"data\raw\air_quality\openaq\historical\PROJ_036\co\PROJ_036_12235395_co_2025_05_p1_20260924T213632.json","464991","0.44","RAW_SOURCE","LOCAL_ONLY","Raw OpenAQ/API downloads"
"data\raw\air_quality\openaq\historical\PROJ_036\co\PROJ_036_12235395_co_2025_06_p1_20260924T214518.json","415307","0.4","RAW_SOURCE","LOCAL_ONLY","Raw OpenAQ/API downloads"
"data\raw\air_quality\openaq\historical\PROJ_036\co\PROJ_036_12235395_co_2025_07_p1_20260924T215422.json","547917","0.52","RAW_SOURCE","LOCAL_ONLY","Raw OpenAQ/API downloads"
"data\raw\air_quality\openaq\historical\PROJ_036\co\PROJ_036_12235395_co_2025_08_p1_20260924T220323.json","541319","0.52","RAW_SOURCE","LOCAL_ONLY","Raw OpenAQ/API downloads"
"data\raw\air_quality\openaq\historical\PROJ_036\co\PROJ_036_12235395_co_2025_09_p1_20260924T221217.json","565288","0.54","RAW_SOURCE","LOCAL_ONLY","Raw OpenAQ/API downloads"
"data\raw\air_quality\openaq\historical\PROJ_036\co\PROJ_036_12235395_co_2025_10_p1_20260924T222136.json","576764","0.55","RAW_SOURCE","LOCAL_ONLY","Raw OpenAQ/API downloads"
"data\raw\air_quality\openaq\historical\PROJ_036\co\PROJ_036_12235395_co_2025_11_p1_20260924T223035.json","538711","0.51","RAW_SOURCE","LOCAL_ONLY","Raw OpenAQ/API downloads"
"data\raw\air_quality\openaq\historical\PROJ_036\co\PROJ_036_12235395_co_2025_12_p1_20260924T223947.json","540563","0.52","RAW_SOURCE","LOCAL_ONLY","Raw OpenAQ/API downloads"
"data\raw\air_quality\openaq\historical\PROJ_036\co\PROJ_036_12235395_co_2026_01_p1_20260924T224855.json","362723","0.35","RAW_SOURCE","LOCAL_ONLY","Raw OpenAQ/API downloads"
"data\raw\air_quality\openaq\historical\PROJ_036\co\PROJ_036_12235395_co_2026_02_p1_20260924T225745.json","447670","0.43","RAW_SOURCE","LOCAL_ONLY","Raw OpenAQ/API downloads"
"data\raw\air_quality\openaq\historical\PROJ_036\co\PROJ_036_12235395_co_2026_03_p1_20260924T230629.json","28402","0.03","RAW_SOURCE","LOCAL_ONLY","Raw OpenAQ/API downloads"
"data\raw\air_quality\openaq\historical\PROJ_036\co\PROJ_036_12235395_co_2026_04_p1_20260924T231548.json","91","0","RAW_SOURCE","LOCAL_ONLY","Raw OpenAQ/API downloads"
"data\raw\air_quality\openaq\historical\PROJ_036\co\PROJ_036_12235395_co_2026_05_p1_20260924T232454.json","91","0","RAW_SOURCE","LOCAL_ONLY","Raw OpenAQ/API downloads"
"data\raw\air_quality\openaq\historical\PROJ_036\co\PROJ_036_12235395_co_2026_06_p1_20260924T233352.json","91","0","RAW_SOURCE","LOCAL_ONLY","Raw OpenAQ/API downloads"
"data\raw\air_quality\openaq\historical\PROJ_036\co\PROJ_036_12235395_co_2026_07_p1_20260924T234317.json","91","0","RAW_SOURCE","LOCAL_ONLY","Raw OpenAQ/API downloads"
"data\raw\air_quality\openaq\historical\PROJ_036\co\PROJ_036_12235395_co_2026_08_p1_20260924T235249.json","213603","0.2","RAW_SOURCE","LOCAL_ONLY","Raw OpenAQ/API downloads"
"data\raw\air_quality\openaq\historical\PROJ_036\co\PROJ_036_12235395_co_2026_09_p1_20260925T000128.json","275091","0.26","RAW_SOURCE","LOCAL_ONLY","Raw OpenAQ/API downloads"
"data\raw\air_quality\openaq\historical\PROJ_036\no2\PROJ_036_12235397_no2_2025_03_p1_20260924T193926.json","535056","0.51","RAW_SOURCE","LOCAL_ONLY","Raw OpenAQ/API downloads"
"data\raw\air_quality\openaq\historical\PROJ_036\no2\PROJ_036_12235397_no2_2025_04_p1_20260924T212822.json","490568","0.47","RAW_SOURCE","LOCAL_ONLY","Raw OpenAQ/API downloads"
"data\raw\air_quality\openaq\historical\PROJ_036\no2\PROJ_036_12235397_no2_2025_05_p1_20260924T213635.json","464972","0.44","RAW_SOURCE","LOCAL_ONLY","Raw OpenAQ/API downloads"
"data\raw\air_quality\openaq\historical\PROJ_036\no2\PROJ_036_12235397_no2_2025_06_p1_20260924T214522.json","415817","0.4","RAW_SOURCE","LOCAL_ONLY","Raw OpenAQ/API downloads"
"data\raw\air_quality\openaq\historical\PROJ_036\no2\PROJ_036_12235397_no2_2025_07_p1_20260924T215426.json","545195","0.52","RAW_SOURCE","LOCAL_ONLY","Raw OpenAQ/API downloads"
"data\raw\air_quality\openaq\historical\PROJ_036\no2\PROJ_036_12235397_no2_2025_08_p1_20260924T220329.json","539238","0.51","RAW_SOURCE","LOCAL_ONLY","Raw OpenAQ/API downloads"
"data\raw\air_quality\openaq\historical\PROJ_036\no2\PROJ_036_12235397_no2_2025_09_p1_20260924T221221.json","563361","0.54","RAW_SOURCE","LOCAL_ONLY","Raw OpenAQ/API downloads"
"data\raw\air_quality\openaq\historical\PROJ_036\no2\PROJ_036_12235397_no2_2025_10_p1_20260924T222140.json","574864","0.55","RAW_SOURCE","LOCAL_ONLY","Raw OpenAQ/API downloads"
"data\raw\air_quality\openaq\historical\PROJ_036\no2\PROJ_036_12235397_no2_2025_11_p1_20260924T223040.json","536905","0.51","RAW_SOURCE","LOCAL_ONLY","Raw OpenAQ/API downloads"
"data\raw\air_quality\openaq\historical\PROJ_036\no2\PROJ_036_12235397_no2_2025_12_p1_20260924T223952.json","539543","0.51","RAW_SOURCE","LOCAL_ONLY","Raw OpenAQ/API downloads"
"data\raw\air_quality\openaq\historical\PROJ_036\no2\PROJ_036_12235397_no2_2026_01_p1_20260924T224859.json","361435","0.34","RAW_SOURCE","LOCAL_ONLY","Raw OpenAQ/API downloads"
"data\raw\air_quality\openaq\historical\PROJ_036\no2\PROJ_036_12235397_no2_2026_02_p1_20260924T225749.json","446473","0.43","RAW_SOURCE","LOCAL_ONLY","Raw OpenAQ/API downloads"
"data\raw\air_quality\openaq\historical\PROJ_036\no2\PROJ_036_12235397_no2_2026_03_p1_20260924T230632.json","28381","0.03","RAW_SOURCE","LOCAL_ONLY","Raw OpenAQ/API downloads"
"data\raw\air_quality\openaq\historical\PROJ_036\no2\PROJ_036_12235397_no2_2026_04_p1_20260924T231552.json","91","0","RAW_SOURCE","LOCAL_ONLY","Raw OpenAQ/API downloads"
"data\raw\air_quality\openaq\historical\PROJ_036\no2\PROJ_036_12235397_no2_2026_05_p1_20260924T232459.json","91","0","RAW_SOURCE","LOCAL_ONLY","Raw OpenAQ/API downloads"
"data\raw\air_quality\openaq\historical\PROJ_036\no2\PROJ_036_12235397_no2_2026_06_p1_20260924T233355.json","91","0","RAW_SOURCE","LOCAL_ONLY","Raw OpenAQ/API downloads"
"data\raw\air_quality\openaq\historical\PROJ_036\no2\PROJ_036_12235397_no2_2026_07_p1_20260924T234320.json","91","0","RAW_SOURCE","LOCAL_ONLY","Raw OpenAQ/API downloads"
"data\raw\air_quality\openaq\historical\PROJ_036\no2\PROJ_036_12235397_no2_2026_08_p1_20260924T235252.json","213171","0.2","RAW_SOURCE","LOCAL_ONLY","Raw OpenAQ/API downloads"
"data\raw\air_quality\openaq\historical\PROJ_036\no2\PROJ_036_12235397_no2_2026_09_p1_20260925T000132.json","274502","0.26","RAW_SOURCE","LOCAL_ONLY","Raw OpenAQ/API downloads"
"data\raw\air_quality\openaq\historical\PROJ_036\o3\PROJ_036_12235398_o3_2025_03_p1_20260924T193918.json","536791","0.51","RAW_SOURCE","LOCAL_ONLY","Raw OpenAQ/API downloads"
"data\raw\air_quality\openaq\historical\PROJ_036\o3\PROJ_036_12235398_o3_2025_04_p1_20260924T212815.json","490368","0.47","RAW_SOURCE","LOCAL_ONLY","Raw OpenAQ/API downloads"
"data\raw\air_quality\openaq\historical\PROJ_036\o3\PROJ_036_12235398_o3_2025_05_p1_20260924T213628.json","466945","0.45","RAW_SOURCE","LOCAL_ONLY","Raw OpenAQ/API downloads"
"data\raw\air_quality\openaq\historical\PROJ_036\o3\PROJ_036_12235398_o3_2025_06_p1_20260924T214514.json","416179","0.4","RAW_SOURCE","LOCAL_ONLY","Raw OpenAQ/API downloads"
"data\raw\air_quality\openaq\historical\PROJ_036\o3\PROJ_036_12235398_o3_2025_07_p1_20260924T215416.json","546482","0.52","RAW_SOURCE","LOCAL_ONLY","Raw OpenAQ/API downloads"
"data\raw\air_quality\openaq\historical\PROJ_036\o3\PROJ_036_12235398_o3_2025_08_p1_20260924T220319.json","538018","0.51","RAW_SOURCE","LOCAL_ONLY","Raw OpenAQ/API downloads"
"data\raw\air_quality\openaq\historical\PROJ_036\o3\PROJ_036_12235398_o3_2025_09_p1_20260924T221212.json","562960","0.54","RAW_SOURCE","LOCAL_ONLY","Raw OpenAQ/API downloads"
"data\raw\air_quality\openaq\historical\PROJ_036\o3\PROJ_036_12235398_o3_2025_10_p1_20260924T222132.json","574222","0.55","RAW_SOURCE","LOCAL_ONLY","Raw OpenAQ/API downloads"
"data\raw\air_quality\openaq\historical\PROJ_036\o3\PROJ_036_12235398_o3_2025_11_p1_20260924T223031.json","519368","0.5","RAW_SOURCE","LOCAL_ONLY","Raw OpenAQ/API downloads"
"data\raw\air_quality\openaq\historical\PROJ_036\o3\PROJ_036_12235398_o3_2025_12_p1_20260924T223943.json","539609","0.51","RAW_SOURCE","LOCAL_ONLY","Raw OpenAQ/API downloads"
"data\raw\air_quality\openaq\historical\PROJ_036\o3\PROJ_036_12235398_o3_2026_01_p1_20260924T224850.json","361335","0.34","RAW_SOURCE","LOCAL_ONLY","Raw OpenAQ/API downloads"
"data\raw\air_quality\openaq\historical\PROJ_036\o3\PROJ_036_12235398_o3_2026_02_p1_20260924T225741.json","447609","0.43","RAW_SOURCE","LOCAL_ONLY","Raw OpenAQ/API downloads"
"data\raw\air_quality\openaq\historical\PROJ_036\o3\PROJ_036_12235398_o3_2026_03_p1_20260924T230626.json","28346","0.03","RAW_SOURCE","LOCAL_ONLY","Raw OpenAQ/API downloads"
"data\raw\air_quality\openaq\historical\PROJ_036\o3\PROJ_036_12235398_o3_2026_04_p1_20260924T231546.json","91","0","RAW_SOURCE","LOCAL_ONLY","Raw OpenAQ/API downloads"
"data\raw\air_quality\openaq\historical\PROJ_036\o3\PROJ_036_12235398_o3_2026_05_p1_20260924T232451.json","91","0","RAW_SOURCE","LOCAL_ONLY","Raw OpenAQ/API downloads"
"data\raw\air_quality\openaq\historical\PROJ_036\o3\PROJ_036_12235398_o3_2026_06_p1_20260924T233349.json","91","0","RAW_SOURCE","LOCAL_ONLY","Raw OpenAQ/API downloads"
"data\raw\air_quality\openaq\historical\PROJ_036\o3\PROJ_036_12235398_o3_2026_07_p1_20260924T234314.json","91","0","RAW_SOURCE","LOCAL_ONLY","Raw OpenAQ/API downloads"
"data\raw\air_quality\openaq\historical\PROJ_036\o3\PROJ_036_12235398_o3_2026_08_p1_20260924T235246.json","212941","0.2","RAW_SOURCE","LOCAL_ONLY","Raw OpenAQ/API downloads"
"data\raw\air_quality\openaq\historical\PROJ_036\o3\PROJ_036_12235398_o3_2026_09_p1_20260925T000125.json","270050","0.26","RAW_SOURCE","LOCAL_ONLY","Raw OpenAQ/API downloads"
"data\raw\air_quality\openaq\historical\PROJ_036\pm10\PROJ_036_12235399_pm10_2025_03_p1_20260924T193913.json","473492","0.45","RAW_SOURCE","LOCAL_ONLY","Raw OpenAQ/API downloads"
"data\raw\air_quality\openaq\historical\PROJ_036\pm10\PROJ_036_12235399_pm10_2025_04_p1_20260924T212808.json","456550","0.44","RAW_SOURCE","LOCAL_ONLY","Raw OpenAQ/API downloads"
"data\raw\air_quality\openaq\historical\PROJ_036\pm10\PROJ_036_12235399_pm10_2025_05_p1_20260924T213621.json","438378","0.42","RAW_SOURCE","LOCAL_ONLY","Raw OpenAQ/API downloads"
"data\raw\air_quality\openaq\historical\PROJ_036\pm10\PROJ_036_12235399_pm10_2025_06_p1_20260924T214505.json","395732","0.38","RAW_SOURCE","LOCAL_ONLY","Raw OpenAQ/API downloads"
"data\raw\air_quality\openaq\historical\PROJ_036\pm10\PROJ_036_12235399_pm10_2025_07_p1_20260924T215407.json","511439","0.49","RAW_SOURCE","LOCAL_ONLY","Raw OpenAQ/API downloads"
"data\raw\air_quality\openaq\historical\PROJ_036\pm10\PROJ_036_12235399_pm10_2025_08_p1_20260924T220310.json","514343","0.49","RAW_SOURCE","LOCAL_ONLY","Raw OpenAQ/API downloads"
"data\raw\air_quality\openaq\historical\PROJ_036\pm10\PROJ_036_12235399_pm10_2025_09_p1_20260924T221202.json","521537","0.5","RAW_SOURCE","LOCAL_ONLY","Raw OpenAQ/API downloads"
"data\raw\air_quality\openaq\historical\PROJ_036\pm10\PROJ_036_12235399_pm10_2025_10_p1_20260924T222122.json","530019","0.51","RAW_SOURCE","LOCAL_ONLY","Raw OpenAQ/API downloads"
"data\raw\air_quality\openaq\historical\PROJ_036\pm10\PROJ_036_12235399_pm10_2025_11_p1_20260924T223023.json","475058","0.45","RAW_SOURCE","LOCAL_ONLY","Raw OpenAQ/API downloads"
"data\raw\air_quality\openaq\historical\PROJ_036\pm10\PROJ_036_12235399_pm10_2025_12_p1_20260924T223935.json","414515","0.4","RAW_SOURCE","LOCAL_ONLY","Raw OpenAQ/API downloads"
"data\raw\air_quality\openaq\historical\PROJ_036\pm10\PROJ_036_12235399_pm10_2026_01_p1_20260924T224843.json","328614","0.31","RAW_SOURCE","LOCAL_ONLY","Raw OpenAQ/API downloads"
"data\raw\air_quality\openaq\historical\PROJ_036\pm10\PROJ_036_12235399_pm10_2026_02_p1_20260924T225734.json","370242","0.35","RAW_SOURCE","LOCAL_ONLY","Raw OpenAQ/API downloads"
"data\raw\air_quality\openaq\historical\PROJ_036\pm10\PROJ_036_12235399_pm10_2026_03_p1_20260924T230620.json","27092","0.03","RAW_SOURCE","LOCAL_ONLY","Raw OpenAQ/API downloads"
"data\raw\air_quality\openaq\historical\PROJ_036\pm10\PROJ_036_12235399_pm10_2026_04_p1_20260924T231540.json","91","0","RAW_SOURCE","LOCAL_ONLY","Raw OpenAQ/API downloads"
"data\raw\air_quality\openaq\historical\PROJ_036\pm10\PROJ_036_12235399_pm10_2026_05_p1_20260924T232445.json","91","0","RAW_SOURCE","LOCAL_ONLY","Raw OpenAQ/API downloads"
"data\raw\air_quality\openaq\historical\PROJ_036\pm10\PROJ_036_12235399_pm10_2026_06_p1_20260924T233343.json","91","0","RAW_SOURCE","LOCAL_ONLY","Raw OpenAQ/API downloads"
"data\raw\air_quality\openaq\historical\PROJ_036\pm10\PROJ_036_12235399_pm10_2026_07_p1_20260924T234309.json","91","0","RAW_SOURCE","LOCAL_ONLY","Raw OpenAQ/API downloads"
"data\raw\air_quality\openaq\historical\PROJ_036\pm10\PROJ_036_12235399_pm10_2026_08_p1_20260924T235238.json","195964","0.19","RAW_SOURCE","LOCAL_ONLY","Raw OpenAQ/API downloads"
"data\raw\air_quality\openaq\historical\PROJ_036\pm10\PROJ_036_12235399_pm10_2026_09_p1_20260925T000116.json","249094","0.24","RAW_SOURCE","LOCAL_ONLY","Raw OpenAQ/API downloads"
"data\raw\air_quality\openaq\historical\PROJ_036\pm2_5\PROJ_036_12235400_pm2_5_2025_03_p1_20260924T193909.json","466856","0.45","RAW_SOURCE","LOCAL_ONLY","Raw OpenAQ/API downloads"
"data\raw\air_quality\openaq\historical\PROJ_036\pm2_5\PROJ_036_12235400_pm2_5_2025_04_p1_20260924T212805.json","445416","0.42","RAW_SOURCE","LOCAL_ONLY","Raw OpenAQ/API downloads"
"data\raw\air_quality\openaq\historical\PROJ_036\pm2_5\PROJ_036_12235400_pm2_5_2025_05_p1_20260924T213618.json","439632","0.42","RAW_SOURCE","LOCAL_ONLY","Raw OpenAQ/API downloads"
"data\raw\air_quality\openaq\historical\PROJ_036\pm2_5\PROJ_036_12235400_pm2_5_2025_06_p1_20260924T214500.json","370296","0.35","RAW_SOURCE","LOCAL_ONLY","Raw OpenAQ/API downloads"
"data\raw\air_quality\openaq\historical\PROJ_036\pm2_5\PROJ_036_12235400_pm2_5_2025_07_p1_20260924T215403.json","507203","0.48","RAW_SOURCE","LOCAL_ONLY","Raw OpenAQ/API downloads"
"data\raw\air_quality\openaq\historical\PROJ_036\pm2_5\PROJ_036_12235400_pm2_5_2025_08_p1_20260924T220306.json","479184","0.46","RAW_SOURCE","LOCAL_ONLY","Raw OpenAQ/API downloads"
"data\raw\air_quality\openaq\historical\PROJ_036\pm2_5\PROJ_036_12235400_pm2_5_2025_09_p1_20260924T221158.json","545595","0.52","RAW_SOURCE","LOCAL_ONLY","Raw OpenAQ/API downloads"
"data\raw\air_quality\openaq\historical\PROJ_036\pm2_5\PROJ_036_12235400_pm2_5_2025_10_p1_20260924T222118.json","512974","0.49","RAW_SOURCE","LOCAL_ONLY","Raw OpenAQ/API downloads"
"data\raw\air_quality\openaq\historical\PROJ_036\pm2_5\PROJ_036_12235400_pm2_5_2025_11_p1_20260924T223019.json","462878","0.44","RAW_SOURCE","LOCAL_ONLY","Raw OpenAQ/API downloads"
"data\raw\air_quality\openaq\historical\PROJ_036\pm2_5\PROJ_036_12235400_pm2_5_2025_12_p1_20260924T223930.json","340712","0.32","RAW_SOURCE","LOCAL_ONLY","Raw OpenAQ/API downloads"
"data\raw\air_quality\openaq\historical\PROJ_036\pm2_5\PROJ_036_12235400_pm2_5_2026_01_p1_20260924T224839.json","261383","0.25","RAW_SOURCE","LOCAL_ONLY","Raw OpenAQ/API downloads"
"data\raw\air_quality\openaq\historical\PROJ_036\pm2_5\PROJ_036_12235400_pm2_5_2026_02_p1_20260924T225730.json","348854","0.33","RAW_SOURCE","LOCAL_ONLY","Raw OpenAQ/API downloads"
"data\raw\air_quality\openaq\historical\PROJ_036\pm2_5\PROJ_036_12235400_pm2_5_2026_03_p1_20260924T230617.json","26944","0.03","RAW_SOURCE","LOCAL_ONLY","Raw OpenAQ/API downloads"
"data\raw\air_quality\openaq\historical\PROJ_036\pm2_5\PROJ_036_12235400_pm2_5_2026_04_p1_20260924T231537.json","91","0","RAW_SOURCE","LOCAL_ONLY","Raw OpenAQ/API downloads"
"data\raw\air_quality\openaq\historical\PROJ_036\pm2_5\PROJ_036_12235400_pm2_5_2026_05_p1_20260924T232443.json","91","0","RAW_SOURCE","LOCAL_ONLY","Raw OpenAQ/API downloads"
"data\raw\air_quality\openaq\historical\PROJ_036\pm2_5\PROJ_036_12235400_pm2_5_2026_06_p1_20260924T233341.json","91","0","RAW_SOURCE","LOCAL_ONLY","Raw OpenAQ/API downloads"
"data\raw\air_quality\openaq\historical\PROJ_036\pm2_5\PROJ_036_12235400_pm2_5_2026_07_p1_20260924T234306.json","91","0","RAW_SOURCE","LOCAL_ONLY","Raw OpenAQ/API downloads"
"data\raw\air_quality\openaq\historical\PROJ_036\pm2_5\PROJ_036_12235400_pm2_5_2026_08_p1_20260924T235228.json","195529","0.19","RAW_SOURCE","LOCAL_ONLY","Raw OpenAQ/API downloads"
"data\raw\air_quality\openaq\historical\PROJ_036\pm2_5\PROJ_036_12235400_pm2_5_2026_09_p1_20260925T000113.json","254708","0.24","RAW_SOURCE","LOCAL_ONLY","Raw OpenAQ/API downloads"
"data\raw\air_quality\openaq\historical\PROJ_036\so2\PROJ_036_12235402_so2_2025_03_p1_20260924T193915.json","530638","0.51","RAW_SOURCE","LOCAL_ONLY","Raw OpenAQ/API downloads"
"data\raw\air_quality\openaq\historical\PROJ_036\so2\PROJ_036_12235402_so2_2025_04_p1_20260924T212812.json","486195","0.46","RAW_SOURCE","LOCAL_ONLY","Raw OpenAQ/API downloads"
"data\raw\air_quality\openaq\historical\PROJ_036\so2\PROJ_036_12235402_so2_2025_05_p1_20260924T213625.json","461246","0.44","RAW_SOURCE","LOCAL_ONLY","Raw OpenAQ/API downloads"
"data\raw\air_quality\openaq\historical\PROJ_036\so2\PROJ_036_12235402_so2_2025_06_p1_20260924T214508.json","411886","0.39","RAW_SOURCE","LOCAL_ONLY","Raw OpenAQ/API downloads"
"data\raw\air_quality\openaq\historical\PROJ_036\so2\PROJ_036_12235402_so2_2025_07_p1_20260924T215412.json","540266","0.52","RAW_SOURCE","LOCAL_ONLY","Raw OpenAQ/API downloads"
"data\raw\air_quality\openaq\historical\PROJ_036\so2\PROJ_036_12235402_so2_2025_08_p1_20260924T220315.json","534394","0.51","RAW_SOURCE","LOCAL_ONLY","Raw OpenAQ/API downloads"
"data\raw\air_quality\openaq\historical\PROJ_036\so2\PROJ_036_12235402_so2_2025_09_p1_20260924T221208.json","558763","0.53","RAW_SOURCE","LOCAL_ONLY","Raw OpenAQ/API downloads"
"data\raw\air_quality\openaq\historical\PROJ_036\so2\PROJ_036_12235402_so2_2025_10_p1_20260924T222127.json","569324","0.54","RAW_SOURCE","LOCAL_ONLY","Raw OpenAQ/API downloads"
"data\raw\air_quality\openaq\historical\PROJ_036\so2\PROJ_036_12235402_so2_2025_11_p1_20260924T223027.json","531420","0.51","RAW_SOURCE","LOCAL_ONLY","Raw OpenAQ/API downloads"
"data\raw\air_quality\openaq\historical\PROJ_036\so2\PROJ_036_12235402_so2_2025_12_p1_20260924T223939.json","534067","0.51","RAW_SOURCE","LOCAL_ONLY","Raw OpenAQ/API downloads"
"data\raw\air_quality\openaq\historical\PROJ_036\so2\PROJ_036_12235402_so2_2026_01_p1_20260924T224846.json","357698","0.34","RAW_SOURCE","LOCAL_ONLY","Raw OpenAQ/API downloads"
"data\raw\air_quality\openaq\historical\PROJ_036\so2\PROJ_036_12235402_so2_2026_02_p1_20260924T225737.json","443017","0.42","RAW_SOURCE","LOCAL_ONLY","Raw OpenAQ/API downloads"
"data\raw\air_quality\openaq\historical\PROJ_036\so2\PROJ_036_12235402_so2_2026_03_p1_20260924T230623.json","28269","0.03","RAW_SOURCE","LOCAL_ONLY","Raw OpenAQ/API downloads"
"data\raw\air_quality\openaq\historical\PROJ_036\so2\PROJ_036_12235402_so2_2026_04_p1_20260924T231543.json","91","0","RAW_SOURCE","LOCAL_ONLY","Raw OpenAQ/API downloads"
"data\raw\air_quality\openaq\historical\PROJ_036\so2\PROJ_036_12235402_so2_2026_05_p1_20260924T232448.json","91","0","RAW_SOURCE","LOCAL_ONLY","Raw OpenAQ/API downloads"
"data\raw\air_quality\openaq\historical\PROJ_036\so2\PROJ_036_12235402_so2_2026_06_p1_20260924T233346.json","91","0","RAW_SOURCE","LOCAL_ONLY","Raw OpenAQ/API downloads"
"data\raw\air_quality\openaq\historical\PROJ_036\so2\PROJ_036_12235402_so2_2026_07_p1_20260924T234311.json","91","0","RAW_SOURCE","LOCAL_ONLY","Raw OpenAQ/API downloads"
"data\raw\air_quality\openaq\historical\PROJ_036\so2\PROJ_036_12235402_so2_2026_08_p1_20260924T235242.json","215787","0.21","RAW_SOURCE","LOCAL_ONLY","Raw OpenAQ/API downloads"
"data\raw\air_quality\openaq\historical\PROJ_036\so2\PROJ_036_12235402_so2_2026_09_p1_20260925T000120.json","274087","0.26","RAW_SOURCE","LOCAL_ONLY","Raw OpenAQ/API downloads"
"data\raw\air_quality\openaq\historical\PROJ_042\co\PROJ_042_12235621_co_2025_03_p1_20260924T193938.json","601694","0.57","RAW_SOURCE","LOCAL_ONLY","Raw OpenAQ/API downloads"
"data\raw\air_quality\openaq\historical\PROJ_042\co\PROJ_042_12235621_co_2025_04_p1_20260924T212838.json","507271","0.48","RAW_SOURCE","LOCAL_ONLY","Raw OpenAQ/API downloads"
"data\raw\air_quality\openaq\historical\PROJ_042\co\PROJ_042_12235621_co_2025_05_p1_20260924T213654.json","566634","0.54","RAW_SOURCE","LOCAL_ONLY","Raw OpenAQ/API downloads"
"data\raw\air_quality\openaq\historical\PROJ_042\co\PROJ_042_12235621_co_2025_06_p1_20260924T214537.json","528957","0.5","RAW_SOURCE","LOCAL_ONLY","Raw OpenAQ/API downloads"
"data\raw\air_quality\openaq\historical\PROJ_042\co\PROJ_042_12235621_co_2025_07_p1_20260924T215443.json","575003","0.55","RAW_SOURCE","LOCAL_ONLY","Raw OpenAQ/API downloads"
"data\raw\air_quality\openaq\historical\PROJ_042\co\PROJ_042_12235621_co_2025_08_p1_20260924T220345.json","591387","0.56","RAW_SOURCE","LOCAL_ONLY","Raw OpenAQ/API downloads"
"data\raw\air_quality\openaq\historical\PROJ_042\co\PROJ_042_12235621_co_2025_09_p1_20260924T221238.json","556473","0.53","RAW_SOURCE","LOCAL_ONLY","Raw OpenAQ/API downloads"
"data\raw\air_quality\openaq\historical\PROJ_042\co\PROJ_042_12235621_co_2025_10_p1_20260924T222158.json","568027","0.54","RAW_SOURCE","LOCAL_ONLY","Raw OpenAQ/API downloads"
"data\raw\air_quality\openaq\historical\PROJ_042\co\PROJ_042_12235621_co_2025_11_p1_20260924T223059.json","540402","0.52","RAW_SOURCE","LOCAL_ONLY","Raw OpenAQ/API downloads"
"data\raw\air_quality\openaq\historical\PROJ_042\co\PROJ_042_12235621_co_2025_12_p1_20260924T224009.json","575067","0.55","RAW_SOURCE","LOCAL_ONLY","Raw OpenAQ/API downloads"
"data\raw\air_quality\openaq\historical\PROJ_042\co\PROJ_042_12235621_co_2026_01_p1_20260924T224917.json","398522","0.38","RAW_SOURCE","LOCAL_ONLY","Raw OpenAQ/API downloads"
"data\raw\air_quality\openaq\historical\PROJ_042\co\PROJ_042_12235621_co_2026_02_p1_20260924T225803.json","458581","0.44","RAW_SOURCE","LOCAL_ONLY","Raw OpenAQ/API downloads"
"data\raw\air_quality\openaq\historical\PROJ_042\co\PROJ_042_12235621_co_2026_03_p1_20260924T230651.json","553048","0.53","RAW_SOURCE","LOCAL_ONLY","Raw OpenAQ/API downloads"
"data\raw\air_quality\openaq\historical\PROJ_042\co\PROJ_042_12235621_co_2026_04_p1_20260924T231610.json","535893","0.51","RAW_SOURCE","LOCAL_ONLY","Raw OpenAQ/API downloads"
"data\raw\air_quality\openaq\historical\PROJ_042\co\PROJ_042_12235621_co_2026_05_p1_20260924T232516.json","532527","0.51","RAW_SOURCE","LOCAL_ONLY","Raw OpenAQ/API downloads"
"data\raw\air_quality\openaq\historical\PROJ_042\co\PROJ_042_12235621_co_2026_06_p1_20260924T233444.json","473931","0.45","RAW_SOURCE","LOCAL_ONLY","Raw OpenAQ/API downloads"
"data\raw\air_quality\openaq\historical\PROJ_042\co\PROJ_042_12235621_co_2026_07_p1_20260924T234337.json","598407","0.57","RAW_SOURCE","LOCAL_ONLY","Raw OpenAQ/API downloads"
"data\raw\air_quality\openaq\historical\PROJ_042\co\PROJ_042_12235621_co_2026_08_p1_20260924T235306.json","534646","0.51","RAW_SOURCE","LOCAL_ONLY","Raw OpenAQ/API downloads"
"data\raw\air_quality\openaq\historical\PROJ_042\co\PROJ_042_12235621_co_2026_09_p1_20260925T000148.json","395360","0.38","RAW_SOURCE","LOCAL_ONLY","Raw OpenAQ/API downloads"
"data\raw\air_quality\openaq\historical\PROJ_042\no2\PROJ_042_12235623_no2_2025_03_p1_20260924T193932.json","604321","0.58","RAW_SOURCE","LOCAL_ONLY","Raw OpenAQ/API downloads"
"data\raw\air_quality\openaq\historical\PROJ_042\no2\PROJ_042_12235623_no2_2025_04_p1_20260924T212830.json","510090","0.49","RAW_SOURCE","LOCAL_ONLY","Raw OpenAQ/API downloads"
"data\raw\air_quality\openaq\historical\PROJ_042\no2\PROJ_042_12235623_no2_2025_05_p1_20260924T213645.json","568592","0.54","RAW_SOURCE","LOCAL_ONLY","Raw OpenAQ/API downloads"
"data\raw\air_quality\openaq\historical\PROJ_042\no2\PROJ_042_12235623_no2_2025_06_p1_20260924T214530.json","530766","0.51","RAW_SOURCE","LOCAL_ONLY","Raw OpenAQ/API downloads"
"data\raw\air_quality\openaq\historical\PROJ_042\no2\PROJ_042_12235623_no2_2025_07_p1_20260924T215435.json","574649","0.55","RAW_SOURCE","LOCAL_ONLY","Raw OpenAQ/API downloads"
"data\raw\air_quality\openaq\historical\PROJ_042\no2\PROJ_042_12235623_no2_2025_08_p1_20260924T220337.json","591509","0.56","RAW_SOURCE","LOCAL_ONLY","Raw OpenAQ/API downloads"
"data\raw\air_quality\openaq\historical\PROJ_042\no2\PROJ_042_12235623_no2_2025_09_p1_20260924T221230.json","557780","0.53","RAW_SOURCE","LOCAL_ONLY","Raw OpenAQ/API downloads"
"data\raw\air_quality\openaq\historical\PROJ_042\no2\PROJ_042_12235623_no2_2025_10_p1_20260924T222149.json","568574","0.54","RAW_SOURCE","LOCAL_ONLY","Raw OpenAQ/API downloads"
"data\raw\air_quality\openaq\historical\PROJ_042\no2\PROJ_042_12235623_no2_2025_11_p1_20260924T223049.json","544579","0.52","RAW_SOURCE","LOCAL_ONLY","Raw OpenAQ/API downloads"
"data\raw\air_quality\openaq\historical\PROJ_042\no2\PROJ_042_12235623_no2_2025_12_p1_20260924T224001.json","578996","0.55","RAW_SOURCE","LOCAL_ONLY","Raw OpenAQ/API downloads"
"data\raw\air_quality\openaq\historical\PROJ_042\no2\PROJ_042_12235623_no2_2026_01_p1_20260924T224908.json","401369","0.38","RAW_SOURCE","LOCAL_ONLY","Raw OpenAQ/API downloads"
"data\raw\air_quality\openaq\historical\PROJ_042\no2\PROJ_042_12235623_no2_2026_02_p1_20260924T225756.json","461327","0.44","RAW_SOURCE","LOCAL_ONLY","Raw OpenAQ/API downloads"
"data\raw\air_quality\openaq\historical\PROJ_042\no2\PROJ_042_12235623_no2_2026_03_p1_20260924T230643.json","556252","0.53","RAW_SOURCE","LOCAL_ONLY","Raw OpenAQ/API downloads"
"data\raw\air_quality\openaq\historical\PROJ_042\no2\PROJ_042_12235623_no2_2026_04_p1_20260924T231601.json","540508","0.52","RAW_SOURCE","LOCAL_ONLY","Raw OpenAQ/API downloads"
"data\raw\air_quality\openaq\historical\PROJ_042\no2\PROJ_042_12235623_no2_2026_05_p1_20260924T232509.json","536120","0.51","RAW_SOURCE","LOCAL_ONLY","Raw OpenAQ/API downloads"
"data\raw\air_quality\openaq\historical\PROJ_042\no2\PROJ_042_12235623_no2_2026_06_p1_20260924T233404.json","477477","0.46","RAW_SOURCE","LOCAL_ONLY","Raw OpenAQ/API downloads"
"data\raw\air_quality\openaq\historical\PROJ_042\no2\PROJ_042_12235623_no2_2026_07_p1_20260924T234329.json","603180","0.58","RAW_SOURCE","LOCAL_ONLY","Raw OpenAQ/API downloads"
"data\raw\air_quality\openaq\historical\PROJ_042\no2\PROJ_042_12235623_no2_2026_08_p1_20260924T235259.json","538703","0.51","RAW_SOURCE","LOCAL_ONLY","Raw OpenAQ/API downloads"
"data\raw\air_quality\openaq\historical\PROJ_042\no2\PROJ_042_12235623_no2_2026_09_p1_20260925T000140.json","398664","0.38","RAW_SOURCE","LOCAL_ONLY","Raw OpenAQ/API downloads"
"data\raw\air_quality\openaq\historical\PROJ_042\o3\PROJ_042_12235624_o3_2025_03_p1_20260924T193946.json","605814","0.58","RAW_SOURCE","LOCAL_ONLY","Raw OpenAQ/API downloads"
"data\raw\air_quality\openaq\historical\PROJ_042\o3\PROJ_042_12235624_o3_2025_04_p1_20260924T212846.json","511002","0.49","RAW_SOURCE","LOCAL_ONLY","Raw OpenAQ/API downloads"
"data\raw\air_quality\openaq\historical\PROJ_042\o3\PROJ_042_12235624_o3_2025_05_p1_20260924T213702.json","571096","0.54","RAW_SOURCE","LOCAL_ONLY","Raw OpenAQ/API downloads"
"data\raw\air_quality\openaq\historical\PROJ_042\o3\PROJ_042_12235624_o3_2025_06_p1_20260924T214545.json","533431","0.51","RAW_SOURCE","LOCAL_ONLY","Raw OpenAQ/API downloads"
"data\raw\air_quality\openaq\historical\PROJ_042\o3\PROJ_042_12235624_o3_2025_07_p1_20260924T215450.json","575252","0.55","RAW_SOURCE","LOCAL_ONLY","Raw OpenAQ/API downloads"
"data\raw\air_quality\openaq\historical\PROJ_042\o3\PROJ_042_12235624_o3_2025_08_p1_20260924T220354.json","591016","0.56","RAW_SOURCE","LOCAL_ONLY","Raw OpenAQ/API downloads"
"data\raw\air_quality\openaq\historical\PROJ_042\o3\PROJ_042_12235624_o3_2025_09_p1_20260924T221248.json","557636","0.53","RAW_SOURCE","LOCAL_ONLY","Raw OpenAQ/API downloads"
"data\raw\air_quality\openaq\historical\PROJ_042\o3\PROJ_042_12235624_o3_2025_10_p1_20260924T222206.json","571370","0.54","RAW_SOURCE","LOCAL_ONLY","Raw OpenAQ/API downloads"
"data\raw\air_quality\openaq\historical\PROJ_042\o3\PROJ_042_12235624_o3_2025_11_p1_20260924T223110.json","542420","0.52","RAW_SOURCE","LOCAL_ONLY","Raw OpenAQ/API downloads"
"data\raw\air_quality\openaq\historical\PROJ_042\o3\PROJ_042_12235624_o3_2025_12_p1_20260924T224019.json","577914","0.55","RAW_SOURCE","LOCAL_ONLY","Raw OpenAQ/API downloads"
"data\raw\air_quality\openaq\historical\PROJ_042\o3\PROJ_042_12235624_o3_2026_01_p1_20260924T224925.json","400699","0.38","RAW_SOURCE","LOCAL_ONLY","Raw OpenAQ/API downloads"
"data\raw\air_quality\openaq\historical\PROJ_042\o3\PROJ_042_12235624_o3_2026_02_p1_20260924T225812.json","459568","0.44","RAW_SOURCE","LOCAL_ONLY","Raw OpenAQ/API downloads"
"data\raw\air_quality\openaq\historical\PROJ_042\o3\PROJ_042_12235624_o3_2026_03_p1_20260924T230658.json","556198","0.53","RAW_SOURCE","LOCAL_ONLY","Raw OpenAQ/API downloads"
"data\raw\air_quality\openaq\historical\PROJ_042\o3\PROJ_042_12235624_o3_2026_04_p1_20260924T231617.json","540133","0.52","RAW_SOURCE","LOCAL_ONLY","Raw OpenAQ/API downloads"
"data\raw\air_quality\openaq\historical\PROJ_042\o3\PROJ_042_12235624_o3_2026_05_p1_20260924T232526.json","536926","0.51","RAW_SOURCE","LOCAL_ONLY","Raw OpenAQ/API downloads"
"data\raw\air_quality\openaq\historical\PROJ_042\o3\PROJ_042_12235624_o3_2026_06_p1_20260924T233452.json","477940","0.46","RAW_SOURCE","LOCAL_ONLY","Raw OpenAQ/API downloads"
"data\raw\air_quality\openaq\historical\PROJ_042\o3\PROJ_042_12235624_o3_2026_07_p1_20260924T234347.json","599976","0.57","RAW_SOURCE","LOCAL_ONLY","Raw OpenAQ/API downloads"
"data\raw\air_quality\openaq\historical\PROJ_042\o3\PROJ_042_12235624_o3_2026_08_p1_20260924T235315.json","535213","0.51","RAW_SOURCE","LOCAL_ONLY","Raw OpenAQ/API downloads"
"data\raw\air_quality\openaq\historical\PROJ_042\o3\PROJ_042_12235624_o3_2026_09_p1_20260925T000156.json","398687","0.38","RAW_SOURCE","LOCAL_ONLY","Raw OpenAQ/API downloads"
"data\raw\air_quality\openaq\historical\PROJ_042\pm10\PROJ_042_12235625_pm10_2025_03_p1_20260924T193930.json","603480","0.58","RAW_SOURCE","LOCAL_ONLY","Raw OpenAQ/API downloads"
"data\raw\air_quality\openaq\historical\PROJ_042\pm10\PROJ_042_12235625_pm10_2025_04_p1_20260924T212827.json","508795","0.49","RAW_SOURCE","LOCAL_ONLY","Raw OpenAQ/API downloads"
"data\raw\air_quality\openaq\historical\PROJ_042\pm10\PROJ_042_12235625_pm10_2025_05_p1_20260924T213640.json","567554","0.54","RAW_SOURCE","LOCAL_ONLY","Raw OpenAQ/API downloads"
"data\raw\air_quality\openaq\historical\PROJ_042\pm10\PROJ_042_12235625_pm10_2025_06_p1_20260924T214525.json","528753","0.5","RAW_SOURCE","LOCAL_ONLY","Raw OpenAQ/API downloads"
"data\raw\air_quality\openaq\historical\PROJ_042\pm10\PROJ_042_12235625_pm10_2025_07_p1_20260924T215431.json","573525","0.55","RAW_SOURCE","LOCAL_ONLY","Raw OpenAQ/API downloads"
"data\raw\air_quality\openaq\historical\PROJ_042\pm10\PROJ_042_12235625_pm10_2025_08_p1_20260924T220332.json","588463","0.56","RAW_SOURCE","LOCAL_ONLY","Raw OpenAQ/API downloads"
"data\raw\air_quality\openaq\historical\PROJ_042\pm10\PROJ_042_12235625_pm10_2025_09_p1_20260924T221225.json","555127","0.53","RAW_SOURCE","LOCAL_ONLY","Raw OpenAQ/API downloads"
"data\raw\air_quality\openaq\historical\PROJ_042\pm10\PROJ_042_12235625_pm10_2025_10_p1_20260924T222145.json","569185","0.54","RAW_SOURCE","LOCAL_ONLY","Raw OpenAQ/API downloads"
"data\raw\air_quality\openaq\historical\PROJ_042\pm10\PROJ_042_12235625_pm10_2025_11_p1_20260924T223046.json","544816","0.52","RAW_SOURCE","LOCAL_ONLY","Raw OpenAQ/API downloads"
"data\raw\air_quality\openaq\historical\PROJ_042\pm10\PROJ_042_12235625_pm10_2025_12_p1_20260924T223956.json","577855","0.55","RAW_SOURCE","LOCAL_ONLY","Raw OpenAQ/API downloads"
"data\raw\air_quality\openaq\historical\PROJ_042\pm10\PROJ_042_12235625_pm10_2026_01_p1_20260924T224905.json","402260","0.38","RAW_SOURCE","LOCAL_ONLY","Raw OpenAQ/API downloads"
"data\raw\air_quality\openaq\historical\PROJ_042\pm10\PROJ_042_12235625_pm10_2026_02_p1_20260924T225752.json","462635","0.44","RAW_SOURCE","LOCAL_ONLY","Raw OpenAQ/API downloads"
"data\raw\air_quality\openaq\historical\PROJ_042\pm10\PROJ_042_12235625_pm10_2026_03_p1_20260924T230637.json","555086","0.53","RAW_SOURCE","LOCAL_ONLY","Raw OpenAQ/API downloads"
"data\raw\air_quality\openaq\historical\PROJ_042\pm10\PROJ_042_12235625_pm10_2026_04_p1_20260924T231556.json","535777","0.51","RAW_SOURCE","LOCAL_ONLY","Raw OpenAQ/API downloads"
"data\raw\air_quality\openaq\historical\PROJ_042\pm10\PROJ_042_12235625_pm10_2026_05_p1_20260924T232504.json","534025","0.51","RAW_SOURCE","LOCAL_ONLY","Raw OpenAQ/API downloads"
"data\raw\air_quality\openaq\historical\PROJ_042\pm10\PROJ_042_12235625_pm10_2026_06_p1_20260924T233359.json","458774","0.44","RAW_SOURCE","LOCAL_ONLY","Raw OpenAQ/API downloads"
"data\raw\air_quality\openaq\historical\PROJ_042\pm10\PROJ_042_12235625_pm10_2026_07_p1_20260924T234324.json","561086","0.54","RAW_SOURCE","LOCAL_ONLY","Raw OpenAQ/API downloads"
"data\raw\air_quality\openaq\historical\PROJ_042\pm10\PROJ_042_12235625_pm10_2026_08_p1_20260924T235256.json","480765","0.46","RAW_SOURCE","LOCAL_ONLY","Raw OpenAQ/API downloads"
"data\raw\air_quality\openaq\historical\PROJ_042\pm10\PROJ_042_12235625_pm10_2026_09_p1_20260925T000137.json","375861","0.36","RAW_SOURCE","LOCAL_ONLY","Raw OpenAQ/API downloads"
"data\raw\air_quality\openaq\historical\PROJ_042\pm2_5\PROJ_042_12235626_pm2_5_2025_03_p1_20260924T193936.json","599886","0.57","RAW_SOURCE","LOCAL_ONLY","Raw OpenAQ/API downloads"
"data\raw\air_quality\openaq\historical\PROJ_042\pm2_5\PROJ_042_12235626_pm2_5_2025_04_p1_20260924T212835.json","505999","0.48","RAW_SOURCE","LOCAL_ONLY","Raw OpenAQ/API downloads"
"data\raw\air_quality\openaq\historical\PROJ_042\pm2_5\PROJ_042_12235626_pm2_5_2025_05_p1_20260924T213650.json","567290","0.54","RAW_SOURCE","LOCAL_ONLY","Raw OpenAQ/API downloads"
"data\raw\air_quality\openaq\historical\PROJ_042\pm2_5\PROJ_042_12235626_pm2_5_2025_06_p1_20260924T214534.json","528454","0.5","RAW_SOURCE","LOCAL_ONLY","Raw OpenAQ/API downloads"
"data\raw\air_quality\openaq\historical\PROJ_042\pm2_5\PROJ_042_12235626_pm2_5_2025_07_p1_20260924T215439.json","572683","0.55","RAW_SOURCE","LOCAL_ONLY","Raw OpenAQ/API downloads"
"data\raw\air_quality\openaq\historical\PROJ_042\pm2_5\PROJ_042_12235626_pm2_5_2025_08_p1_20260924T220342.json","587253","0.56","RAW_SOURCE","LOCAL_ONLY","Raw OpenAQ/API downloads"
"data\raw\air_quality\openaq\historical\PROJ_042\pm2_5\PROJ_042_12235626_pm2_5_2025_09_p1_20260924T221234.json","553859","0.53","RAW_SOURCE","LOCAL_ONLY","Raw OpenAQ/API downloads"
"data\raw\air_quality\openaq\historical\PROJ_042\pm2_5\PROJ_042_12235626_pm2_5_2025_10_p1_20260924T222154.json","567004","0.54","RAW_SOURCE","LOCAL_ONLY","Raw OpenAQ/API downloads"
"data\raw\air_quality\openaq\historical\PROJ_042\pm2_5\PROJ_042_12235626_pm2_5_2025_11_p1_20260924T223054.json","541511","0.52","RAW_SOURCE","LOCAL_ONLY","Raw OpenAQ/API downloads"
"data\raw\air_quality\openaq\historical\PROJ_042\pm2_5\PROJ_042_12235626_pm2_5_2025_12_p1_20260924T224005.json","574302","0.55","RAW_SOURCE","LOCAL_ONLY","Raw OpenAQ/API downloads"
"data\raw\air_quality\openaq\historical\PROJ_042\pm2_5\PROJ_042_12235626_pm2_5_2026_01_p1_20260924T224912.json","399400","0.38","RAW_SOURCE","LOCAL_ONLY","Raw OpenAQ/API downloads"
"data\raw\air_quality\openaq\historical\PROJ_042\pm2_5\PROJ_042_12235626_pm2_5_2026_02_p1_20260924T225759.json","459127","0.44","RAW_SOURCE","LOCAL_ONLY","Raw OpenAQ/API downloads"
"data\raw\air_quality\openaq\historical\PROJ_042\pm2_5\PROJ_042_12235626_pm2_5_2026_03_p1_20260924T230648.json","552313","0.53","RAW_SOURCE","LOCAL_ONLY","Raw OpenAQ/API downloads"
"data\raw\air_quality\openaq\historical\PROJ_042\pm2_5\PROJ_042_12235626_pm2_5_2026_04_p1_20260924T231606.json","533132","0.51","RAW_SOURCE","LOCAL_ONLY","Raw OpenAQ/API downloads"
"data\raw\air_quality\openaq\historical\PROJ_042\pm2_5\PROJ_042_12235626_pm2_5_2026_05_p1_20260924T232512.json","531454","0.51","RAW_SOURCE","LOCAL_ONLY","Raw OpenAQ/API downloads"
"data\raw\air_quality\openaq\historical\PROJ_042\pm2_5\PROJ_042_12235626_pm2_5_2026_06_p1_20260925T095244.json","458789","0.44","RAW_SOURCE","LOCAL_ONLY","Raw OpenAQ/API downloads"
"data\raw\air_quality\openaq\historical\PROJ_042\pm2_5\PROJ_042_12235626_pm2_5_2026_07_p1_20260924T234334.json","560403","0.53","RAW_SOURCE","LOCAL_ONLY","Raw OpenAQ/API downloads"
"data\raw\air_quality\openaq\historical\PROJ_042\pm2_5\PROJ_042_12235626_pm2_5_2026_08_p1_20260924T235303.json","479656","0.46","RAW_SOURCE","LOCAL_ONLY","Raw OpenAQ/API downloads"
"data\raw\air_quality\openaq\historical\PROJ_042\pm2_5\PROJ_042_12235626_pm2_5_2026_09_p1_20260925T000144.json","376582","0.36","RAW_SOURCE","LOCAL_ONLY","Raw OpenAQ/API downloads"
"data\raw\air_quality\openaq\historical\PROJ_042\so2\PROJ_042_12235628_so2_2025_03_p1_20260924T193942.json","604597","0.58","RAW_SOURCE","LOCAL_ONLY","Raw OpenAQ/API downloads"
"data\raw\air_quality\openaq\historical\PROJ_042\so2\PROJ_042_12235628_so2_2025_04_p1_20260924T212843.json","510005","0.49","RAW_SOURCE","LOCAL_ONLY","Raw OpenAQ/API downloads"
"data\raw\air_quality\openaq\historical\PROJ_042\so2\PROJ_042_12235628_so2_2025_05_p1_20260924T213658.json","568891","0.54","RAW_SOURCE","LOCAL_ONLY","Raw OpenAQ/API downloads"
"data\raw\air_quality\openaq\historical\PROJ_042\so2\PROJ_042_12235628_so2_2025_06_p1_20260924T214540.json","531276","0.51","RAW_SOURCE","LOCAL_ONLY","Raw OpenAQ/API downloads"
"data\raw\air_quality\openaq\historical\PROJ_042\so2\PROJ_042_12235628_so2_2025_07_p1_20260924T215447.json","574834","0.55","RAW_SOURCE","LOCAL_ONLY","Raw OpenAQ/API downloads"
"data\raw\air_quality\openaq\historical\PROJ_042\so2\PROJ_042_12235628_so2_2025_08_p1_20260924T220350.json","590277","0.56","RAW_SOURCE","LOCAL_ONLY","Raw OpenAQ/API downloads"
"data\raw\air_quality\openaq\historical\PROJ_042\so2\PROJ_042_12235628_so2_2025_09_p1_20260924T221243.json","556500","0.53","RAW_SOURCE","LOCAL_ONLY","Raw OpenAQ/API downloads"
"data\raw\air_quality\openaq\historical\PROJ_042\so2\PROJ_042_12235628_so2_2025_10_p1_20260924T222201.json","568796","0.54","RAW_SOURCE","LOCAL_ONLY","Raw OpenAQ/API downloads"
"data\raw\air_quality\openaq\historical\PROJ_042\so2\PROJ_042_12235628_so2_2025_11_p1_20260924T223104.json","541879","0.52","RAW_SOURCE","LOCAL_ONLY","Raw OpenAQ/API downloads"
"data\raw\air_quality\openaq\historical\PROJ_042\so2\PROJ_042_12235628_so2_2025_12_p1_20260924T224014.json","578102","0.55","RAW_SOURCE","LOCAL_ONLY","Raw OpenAQ/API downloads"
"data\raw\air_quality\openaq\historical\PROJ_042\so2\PROJ_042_12235628_so2_2026_01_p1_20260924T224921.json","400875","0.38","RAW_SOURCE","LOCAL_ONLY","Raw OpenAQ/API downloads"
"data\raw\air_quality\openaq\historical\PROJ_042\so2\PROJ_042_12235628_so2_2026_02_p1_20260924T225807.json","460524","0.44","RAW_SOURCE","LOCAL_ONLY","Raw OpenAQ/API downloads"
"data\raw\air_quality\openaq\historical\PROJ_042\so2\PROJ_042_12235628_so2_2026_03_p1_20260924T230655.json","556254","0.53","RAW_SOURCE","LOCAL_ONLY","Raw OpenAQ/API downloads"
"data\raw\air_quality\openaq\historical\PROJ_042\so2\PROJ_042_12235628_so2_2026_04_p1_20260924T231614.json","539692","0.51","RAW_SOURCE","LOCAL_ONLY","Raw OpenAQ/API downloads"
"data\raw\air_quality\openaq\historical\PROJ_042\so2\PROJ_042_12235628_so2_2026_05_p1_20260924T232521.json","535034","0.51","RAW_SOURCE","LOCAL_ONLY","Raw OpenAQ/API downloads"
"data\raw\air_quality\openaq\historical\PROJ_042\so2\PROJ_042_12235628_so2_2026_06_p1_20260924T233448.json","475477","0.45","RAW_SOURCE","LOCAL_ONLY","Raw OpenAQ/API downloads"
"data\raw\air_quality\openaq\historical\PROJ_042\so2\PROJ_042_12235628_so2_2026_07_p1_20260924T234342.json","597927","0.57","RAW_SOURCE","LOCAL_ONLY","Raw OpenAQ/API downloads"
"data\raw\air_quality\openaq\historical\PROJ_042\so2\PROJ_042_12235628_so2_2026_08_p1_20260924T235311.json","534497","0.51","RAW_SOURCE","LOCAL_ONLY","Raw OpenAQ/API downloads"
"data\raw\air_quality\openaq\historical\PROJ_042\so2\PROJ_042_12235628_so2_2026_09_p1_20260925T000152.json","395019","0.38","RAW_SOURCE","LOCAL_ONLY","Raw OpenAQ/API downloads"
"data\raw\air_quality\openaq\historical\PROJ_044\co\PROJ_044_12242116_co_2025_03_p1_20260924T193951.json","587554","0.56","RAW_SOURCE","LOCAL_ONLY","Raw OpenAQ/API downloads"
"data\raw\air_quality\openaq\historical\PROJ_044\co\PROJ_044_12242116_co_2025_04_p1_20260924T212851.json","431712","0.41","RAW_SOURCE","LOCAL_ONLY","Raw OpenAQ/API downloads"
"data\raw\air_quality\openaq\historical\PROJ_044\co\PROJ_044_12242116_co_2025_05_p1_20260924T213706.json","323286","0.31","RAW_SOURCE","LOCAL_ONLY","Raw OpenAQ/API downloads"
"data\raw\air_quality\openaq\historical\PROJ_044\co\PROJ_044_12242116_co_2025_06_p1_20260924T214551.json","447068","0.43","RAW_SOURCE","LOCAL_ONLY","Raw OpenAQ/API downloads"
"data\raw\air_quality\openaq\historical\PROJ_044\co\PROJ_044_12242116_co_2025_07_p1_20260924T215454.json","524907","0.5","RAW_SOURCE","LOCAL_ONLY","Raw OpenAQ/API downloads"
"data\raw\air_quality\openaq\historical\PROJ_044\co\PROJ_044_12242116_co_2025_08_p1_20260924T220359.json","545451","0.52","RAW_SOURCE","LOCAL_ONLY","Raw OpenAQ/API downloads"
"data\raw\air_quality\openaq\historical\PROJ_044\co\PROJ_044_12242116_co_2025_09_p1_20260924T221301.json","402553","0.38","RAW_SOURCE","LOCAL_ONLY","Raw OpenAQ/API downloads"
"data\raw\air_quality\openaq\historical\PROJ_044\co\PROJ_044_12242116_co_2025_10_p1_20260924T222210.json","536940","0.51","RAW_SOURCE","LOCAL_ONLY","Raw OpenAQ/API downloads"
"data\raw\air_quality\openaq\historical\PROJ_044\co\PROJ_044_12242116_co_2025_11_p1_20260924T223117.json","398730","0.38","RAW_SOURCE","LOCAL_ONLY","Raw OpenAQ/API downloads"
"data\raw\air_quality\openaq\historical\PROJ_044\co\PROJ_044_12242116_co_2025_12_p1_20260924T224023.json","584944","0.56","RAW_SOURCE","LOCAL_ONLY","Raw OpenAQ/API downloads"
"data\raw\air_quality\openaq\historical\PROJ_044\co\PROJ_044_12242116_co_2026_01_p1_20260924T224929.json","402418","0.38","RAW_SOURCE","LOCAL_ONLY","Raw OpenAQ/API downloads"
"data\raw\air_quality\openaq\historical\PROJ_044\co\PROJ_044_12242116_co_2026_02_p1_20260924T225816.json","438928","0.42","RAW_SOURCE","LOCAL_ONLY","Raw OpenAQ/API downloads"
"data\raw\air_quality\openaq\historical\PROJ_044\co\PROJ_044_12242116_co_2026_03_p1_20260924T230703.json","518958","0.49","RAW_SOURCE","LOCAL_ONLY","Raw OpenAQ/API downloads"
"data\raw\air_quality\openaq\historical\PROJ_044\co\PROJ_044_12242116_co_2026_04_p1_20260924T231622.json","498005","0.47","RAW_SOURCE","LOCAL_ONLY","Raw OpenAQ/API downloads"
"data\raw\air_quality\openaq\historical\PROJ_044\co\PROJ_044_12242116_co_2026_05_p1_20260924T232529.json","499250","0.48","RAW_SOURCE","LOCAL_ONLY","Raw OpenAQ/API downloads"
"data\raw\air_quality\openaq\historical\PROJ_044\co\PROJ_044_12242116_co_2026_06_p1_20260924T233457.json","463216","0.44","RAW_SOURCE","LOCAL_ONLY","Raw OpenAQ/API downloads"
"data\raw\air_quality\openaq\historical\PROJ_044\co\PROJ_044_12242116_co_2026_07_p1_20260924T234352.json","587172","0.56","RAW_SOURCE","LOCAL_ONLY","Raw OpenAQ/API downloads"
"data\raw\air_quality\openaq\historical\PROJ_044\co\PROJ_044_12242116_co_2026_08_p1_20260924T235320.json","533163","0.51","RAW_SOURCE","LOCAL_ONLY","Raw OpenAQ/API downloads"
"data\raw\air_quality\openaq\historical\PROJ_044\co\PROJ_044_12242116_co_2026_09_p1_20260925T000159.json","401093","0.38","RAW_SOURCE","LOCAL_ONLY","Raw OpenAQ/API downloads"
"data\raw\air_quality\openaq\historical\PROJ_044\no2\PROJ_044_12242118_no2_2025_03_p1_20260924T193955.json","587282","0.56","RAW_SOURCE","LOCAL_ONLY","Raw OpenAQ/API downloads"
"data\raw\air_quality\openaq\historical\PROJ_044\no2\PROJ_044_12242118_no2_2025_04_p1_20260924T212855.json","432893","0.41","RAW_SOURCE","LOCAL_ONLY","Raw OpenAQ/API downloads"
"data\raw\air_quality\openaq\historical\PROJ_044\no2\PROJ_044_12242118_no2_2025_05_p1_20260924T213711.json","324310","0.31","RAW_SOURCE","LOCAL_ONLY","Raw OpenAQ/API downloads"
"data\raw\air_quality\openaq\historical\PROJ_044\no2\PROJ_044_12242118_no2_2025_06_p1_20260924T214555.json","449249","0.43","RAW_SOURCE","LOCAL_ONLY","Raw OpenAQ/API downloads"
"data\raw\air_quality\openaq\historical\PROJ_044\no2\PROJ_044_12242118_no2_2025_07_p1_20260924T215501.json","527673","0.5","RAW_SOURCE","LOCAL_ONLY","Raw OpenAQ/API downloads"
"data\raw\air_quality\openaq\historical\PROJ_044\no2\PROJ_044_12242118_no2_2025_08_p1_20260924T220404.json","544605","0.52","RAW_SOURCE","LOCAL_ONLY","Raw OpenAQ/API downloads"
"data\raw\air_quality\openaq\historical\PROJ_044\no2\PROJ_044_12242118_no2_2025_09_p1_20260924T221306.json","404437","0.39","RAW_SOURCE","LOCAL_ONLY","Raw OpenAQ/API downloads"
"data\raw\air_quality\openaq\historical\PROJ_044\no2\PROJ_044_12242118_no2_2025_10_p1_20260924T222215.json","535921","0.51","RAW_SOURCE","LOCAL_ONLY","Raw OpenAQ/API downloads"
"data\raw\air_quality\openaq\historical\PROJ_044\no2\PROJ_044_12242118_no2_2025_11_p1_20260924T223122.json","397580","0.38","RAW_SOURCE","LOCAL_ONLY","Raw OpenAQ/API downloads"
"data\raw\air_quality\openaq\historical\PROJ_044\no2\PROJ_044_12242118_no2_2025_12_p1_20260924T224027.json","583102","0.56","RAW_SOURCE","LOCAL_ONLY","Raw OpenAQ/API downloads"
"data\raw\air_quality\openaq\historical\PROJ_044\no2\PROJ_044_12242118_no2_2026_01_p1_20260924T224934.json","401693","0.38","RAW_SOURCE","LOCAL_ONLY","Raw OpenAQ/API downloads"
"data\raw\air_quality\openaq\historical\PROJ_044\no2\PROJ_044_12242118_no2_2026_02_p1_20260924T225820.json","437828","0.42","RAW_SOURCE","LOCAL_ONLY","Raw OpenAQ/API downloads"
"data\raw\air_quality\openaq\historical\PROJ_044\no2\PROJ_044_12242118_no2_2026_03_p1_20260924T230708.json","508842","0.49","RAW_SOURCE","LOCAL_ONLY","Raw OpenAQ/API downloads"
"data\raw\air_quality\openaq\historical\PROJ_044\no2\PROJ_044_12242118_no2_2026_04_p1_20260924T231627.json","497176","0.47","RAW_SOURCE","LOCAL_ONLY","Raw OpenAQ/API downloads"
"data\raw\air_quality\openaq\historical\PROJ_044\no2\PROJ_044_12242118_no2_2026_05_p1_20260924T232534.json","496470","0.47","RAW_SOURCE","LOCAL_ONLY","Raw OpenAQ/API downloads"
"data\raw\air_quality\openaq\historical\PROJ_044\no2\PROJ_044_12242118_no2_2026_06_p1_20260924T233501.json","459254","0.44","RAW_SOURCE","LOCAL_ONLY","Raw OpenAQ/API downloads"
"data\raw\air_quality\openaq\historical\PROJ_044\no2\PROJ_044_12242118_no2_2026_07_p1_20260924T234357.json","572089","0.55","RAW_SOURCE","LOCAL_ONLY","Raw OpenAQ/API downloads"
"data\raw\air_quality\openaq\historical\PROJ_044\no2\PROJ_044_12242118_no2_2026_08_p1_20260924T235323.json","507558","0.48","RAW_SOURCE","LOCAL_ONLY","Raw OpenAQ/API downloads"
"data\raw\air_quality\openaq\historical\PROJ_044\no2\PROJ_044_12242118_no2_2026_09_p1_20260925T000204.json","395146","0.38","RAW_SOURCE","LOCAL_ONLY","Raw OpenAQ/API downloads"
"data\raw\air_quality\openaq\historical\PROJ_044\o3\PROJ_044_12242119_o3_2025_03_p1_20260924T194000.json","588708","0.56","RAW_SOURCE","LOCAL_ONLY","Raw OpenAQ/API downloads"
"data\raw\air_quality\openaq\historical\PROJ_044\o3\PROJ_044_12242119_o3_2025_04_p1_20260924T212859.json","432416","0.41","RAW_SOURCE","LOCAL_ONLY","Raw OpenAQ/API downloads"
"data\raw\air_quality\openaq\historical\PROJ_044\o3\PROJ_044_12242119_o3_2025_05_p1_20260924T213714.json","323538","0.31","RAW_SOURCE","LOCAL_ONLY","Raw OpenAQ/API downloads"
"data\raw\air_quality\openaq\historical\PROJ_044\o3\PROJ_044_12242119_o3_2025_06_p1_20260924T214559.json","449687","0.43","RAW_SOURCE","LOCAL_ONLY","Raw OpenAQ/API downloads"
"data\raw\air_quality\openaq\historical\PROJ_044\o3\PROJ_044_12242119_o3_2025_07_p1_20260924T215504.json","527688","0.5","RAW_SOURCE","LOCAL_ONLY","Raw OpenAQ/API downloads"
"data\raw\air_quality\openaq\historical\PROJ_044\o3\PROJ_044_12242119_o3_2025_08_p1_20260924T220408.json","543880","0.52","RAW_SOURCE","LOCAL_ONLY","Raw OpenAQ/API downloads"
"data\raw\air_quality\openaq\historical\PROJ_044\o3\PROJ_044_12242119_o3_2025_09_p1_20260924T221317.json","405362","0.39","RAW_SOURCE","LOCAL_ONLY","Raw OpenAQ/API downloads"
"data\raw\air_quality\openaq\historical\PROJ_044\o3\PROJ_044_12242119_o3_2025_10_p1_20260924T222219.json","535569","0.51","RAW_SOURCE","LOCAL_ONLY","Raw OpenAQ/API downloads"
"data\raw\air_quality\openaq\historical\PROJ_044\o3\PROJ_044_12242119_o3_2025_11_p1_20260924T223126.json","397960","0.38","RAW_SOURCE","LOCAL_ONLY","Raw OpenAQ/API downloads"
"data\raw\air_quality\openaq\historical\PROJ_044\o3\PROJ_044_12242119_o3_2025_12_p1_20260924T224031.json","582703","0.56","RAW_SOURCE","LOCAL_ONLY","Raw OpenAQ/API downloads"
"data\raw\air_quality\openaq\historical\PROJ_044\o3\PROJ_044_12242119_o3_2026_01_p1_20260924T224938.json","402741","0.38","RAW_SOURCE","LOCAL_ONLY","Raw OpenAQ/API downloads"
"data\raw\air_quality\openaq\historical\PROJ_044\o3\PROJ_044_12242119_o3_2026_02_p1_20260924T225824.json","439319","0.42","RAW_SOURCE","LOCAL_ONLY","Raw OpenAQ/API downloads"
"data\raw\air_quality\openaq\historical\PROJ_044\o3\PROJ_044_12242119_o3_2026_03_p1_20260924T230712.json","518544","0.49","RAW_SOURCE","LOCAL_ONLY","Raw OpenAQ/API downloads"
"data\raw\air_quality\openaq\historical\PROJ_044\o3\PROJ_044_12242119_o3_2026_04_p1_20260924T231633.json","498132","0.48","RAW_SOURCE","LOCAL_ONLY","Raw OpenAQ/API downloads"
"data\raw\air_quality\openaq\historical\PROJ_044\o3\PROJ_044_12242119_o3_2026_05_p1_20260924T232539.json","490397","0.47","RAW_SOURCE","LOCAL_ONLY","Raw OpenAQ/API downloads"
"data\raw\air_quality\openaq\historical\PROJ_044\o3\PROJ_044_12242119_o3_2026_06_p1_20260924T233506.json","462582","0.44","RAW_SOURCE","LOCAL_ONLY","Raw OpenAQ/API downloads"
"data\raw\air_quality\openaq\historical\PROJ_044\o3\PROJ_044_12242119_o3_2026_07_p1_20260924T234402.json","586699","0.56","RAW_SOURCE","LOCAL_ONLY","Raw OpenAQ/API downloads"
"data\raw\air_quality\openaq\historical\PROJ_044\o3\PROJ_044_12242119_o3_2026_08_p1_20260924T235328.json","536638","0.51","RAW_SOURCE","LOCAL_ONLY","Raw OpenAQ/API downloads"
"data\raw\air_quality\openaq\historical\PROJ_044\o3\PROJ_044_12242119_o3_2026_09_p1_20260925T000208.json","400845","0.38","RAW_SOURCE","LOCAL_ONLY","Raw OpenAQ/API downloads"
"data\raw\air_quality\openaq\historical\PROJ_044\pm10\PROJ_044_12242120_pm10_2025_03_p1_20260924T194007.json","539065","0.51","RAW_SOURCE","LOCAL_ONLY","Raw OpenAQ/API downloads"
"data\raw\air_quality\openaq\historical\PROJ_044\pm10\PROJ_044_12242120_pm10_2025_04_p1_20260924T212906.json","347571","0.33","RAW_SOURCE","LOCAL_ONLY","Raw OpenAQ/API downloads"
"data\raw\air_quality\openaq\historical\PROJ_044\pm10\PROJ_044_12242120_pm10_2025_05_p1_20260924T213721.json","297783","0.28","RAW_SOURCE","LOCAL_ONLY","Raw OpenAQ/API downloads"
"data\raw\air_quality\openaq\historical\PROJ_044\pm10\PROJ_044_12242120_pm10_2025_06_p1_20260924T214606.json","403461","0.38","RAW_SOURCE","LOCAL_ONLY","Raw OpenAQ/API downloads"
"data\raw\air_quality\openaq\historical\PROJ_044\pm10\PROJ_044_12242120_pm10_2025_07_p1_20260924T215512.json","471547","0.45","RAW_SOURCE","LOCAL_ONLY","Raw OpenAQ/API downloads"
"data\raw\air_quality\openaq\historical\PROJ_044\pm10\PROJ_044_12242120_pm10_2025_08_p1_20260924T220415.json","438139","0.42","RAW_SOURCE","LOCAL_ONLY","Raw OpenAQ/API downloads"
"data\raw\air_quality\openaq\historical\PROJ_044\pm10\PROJ_044_12242120_pm10_2025_09_p1_20260924T221326.json","272762","0.26","RAW_SOURCE","LOCAL_ONLY","Raw OpenAQ/API downloads"
"data\raw\air_quality\openaq\historical\PROJ_044\pm10\PROJ_044_12242120_pm10_2025_10_p1_20260924T222227.json","455325","0.43","RAW_SOURCE","LOCAL_ONLY","Raw OpenAQ/API downloads"
"data\raw\air_quality\openaq\historical\PROJ_044\pm10\PROJ_044_12242120_pm10_2025_11_p1_20260924T223133.json","368464","0.35","RAW_SOURCE","LOCAL_ONLY","Raw OpenAQ/API downloads"
"data\raw\air_quality\openaq\historical\PROJ_044\pm10\PROJ_044_12242120_pm10_2025_12_p1_20260924T224038.json","502545","0.48","RAW_SOURCE","LOCAL_ONLY","Raw OpenAQ/API downloads"
"data\raw\air_quality\openaq\historical\PROJ_044\pm10\PROJ_044_12242120_pm10_2026_01_p1_20260924T224945.json","331707","0.32","RAW_SOURCE","LOCAL_ONLY","Raw OpenAQ/API downloads"
"data\raw\air_quality\openaq\historical\PROJ_044\pm10\PROJ_044_12242120_pm10_2026_02_p1_20260924T225834.json","425799","0.41","RAW_SOURCE","LOCAL_ONLY","Raw OpenAQ/API downloads"
"data\raw\air_quality\openaq\historical\PROJ_044\pm10\PROJ_044_12242120_pm10_2026_03_p1_20260924T230721.json","496350","0.47","RAW_SOURCE","LOCAL_ONLY","Raw OpenAQ/API downloads"
"data\raw\air_quality\openaq\historical\PROJ_044\pm10\PROJ_044_12242120_pm10_2026_04_p1_20260924T231640.json","472537","0.45","RAW_SOURCE","LOCAL_ONLY","Raw OpenAQ/API downloads"
"data\raw\air_quality\openaq\historical\PROJ_044\pm10\PROJ_044_12242120_pm10_2026_05_p1_20260924T232547.json","451588","0.43","RAW_SOURCE","LOCAL_ONLY","Raw OpenAQ/API downloads"
"data\raw\air_quality\openaq\historical\PROJ_044\pm10\PROJ_044_12242120_pm10_2026_06_p1_20260924T233515.json","338537","0.32","RAW_SOURCE","LOCAL_ONLY","Raw OpenAQ/API downloads"
"data\raw\air_quality\openaq\historical\PROJ_044\pm10\PROJ_044_12242120_pm10_2026_07_p1_20260924T234411.json","421046","0.4","RAW_SOURCE","LOCAL_ONLY","Raw OpenAQ/API downloads"
"data\raw\air_quality\openaq\historical\PROJ_044\pm10\PROJ_044_12242120_pm10_2026_08_p1_20260924T235338.json","461613","0.44","RAW_SOURCE","LOCAL_ONLY","Raw OpenAQ/API downloads"
"data\raw\air_quality\openaq\historical\PROJ_044\pm10\PROJ_044_12242120_pm10_2026_09_p1_20260925T000216.json","369226","0.35","RAW_SOURCE","LOCAL_ONLY","Raw OpenAQ/API downloads"
"data\raw\air_quality\openaq\historical\PROJ_044\pm2_5\PROJ_044_12242121_pm2_5_2025_03_p1_20260924T194003.json","561396","0.54","RAW_SOURCE","LOCAL_ONLY","Raw OpenAQ/API downloads"
"data\raw\air_quality\openaq\historical\PROJ_044\pm2_5\PROJ_044_12242121_pm2_5_2025_04_p1_20260924T212903.json","414782","0.4","RAW_SOURCE","LOCAL_ONLY","Raw OpenAQ/API downloads"
"data\raw\air_quality\openaq\historical\PROJ_044\pm2_5\PROJ_044_12242121_pm2_5_2025_05_p1_20260924T213718.json","305506","0.29","RAW_SOURCE","LOCAL_ONLY","Raw OpenAQ/API downloads"
"data\raw\air_quality\openaq\historical\PROJ_044\pm2_5\PROJ_044_12242121_pm2_5_2025_06_p1_20260924T214602.json","427100","0.41","RAW_SOURCE","LOCAL_ONLY","Raw OpenAQ/API downloads"
"data\raw\air_quality\openaq\historical\PROJ_044\pm2_5\PROJ_044_12242121_pm2_5_2025_07_p1_20260924T215508.json","495753","0.47","RAW_SOURCE","LOCAL_ONLY","Raw OpenAQ/API downloads"
"data\raw\air_quality\openaq\historical\PROJ_044\pm2_5\PROJ_044_12242121_pm2_5_2025_08_p1_20260924T220411.json","524462","0.5","RAW_SOURCE","LOCAL_ONLY","Raw OpenAQ/API downloads"
"data\raw\air_quality\openaq\historical\PROJ_044\pm2_5\PROJ_044_12242121_pm2_5_2025_09_p1_20260924T221321.json","377544","0.36","RAW_SOURCE","LOCAL_ONLY","Raw OpenAQ/API downloads"
"data\raw\air_quality\openaq\historical\PROJ_044\pm2_5\PROJ_044_12242121_pm2_5_2025_10_p1_20260924T222223.json","514036","0.49","RAW_SOURCE","LOCAL_ONLY","Raw OpenAQ/API downloads"
"data\raw\air_quality\openaq\historical\PROJ_044\pm2_5\PROJ_044_12242121_pm2_5_2025_11_p1_20260924T223130.json","383683","0.37","RAW_SOURCE","LOCAL_ONLY","Raw OpenAQ/API downloads"
"data\raw\air_quality\openaq\historical\PROJ_044\pm2_5\PROJ_044_12242121_pm2_5_2025_12_p1_20260924T224035.json","530406","0.51","RAW_SOURCE","LOCAL_ONLY","Raw OpenAQ/API downloads"
"data\raw\air_quality\openaq\historical\PROJ_044\pm2_5\PROJ_044_12242121_pm2_5_2026_01_p1_20260924T224941.json","370408","0.35","RAW_SOURCE","LOCAL_ONLY","Raw OpenAQ/API downloads"
"data\raw\air_quality\openaq\historical\PROJ_044\pm2_5\PROJ_044_12242121_pm2_5_2026_02_p1_20260924T225828.json","424832","0.41","RAW_SOURCE","LOCAL_ONLY","Raw OpenAQ/API downloads"
"data\raw\air_quality\openaq\historical\PROJ_044\pm2_5\PROJ_044_12242121_pm2_5_2026_03_p1_20260924T230716.json","494997","0.47","RAW_SOURCE","LOCAL_ONLY","Raw OpenAQ/API downloads"
"data\raw\air_quality\openaq\historical\PROJ_044\pm2_5\PROJ_044_12242121_pm2_5_2026_04_p1_20260924T231636.json","471150","0.45","RAW_SOURCE","LOCAL_ONLY","Raw OpenAQ/API downloads"
"data\raw\air_quality\openaq\historical\PROJ_044\pm2_5\PROJ_044_12242121_pm2_5_2026_05_p1_20260924T232543.json","462671","0.44","RAW_SOURCE","LOCAL_ONLY","Raw OpenAQ/API downloads"
"data\raw\air_quality\openaq\historical\PROJ_044\pm2_5\PROJ_044_12242121_pm2_5_2026_06_p1_20260924T233511.json","405916","0.39","RAW_SOURCE","LOCAL_ONLY","Raw OpenAQ/API downloads"
"data\raw\air_quality\openaq\historical\PROJ_044\pm2_5\PROJ_044_12242121_pm2_5_2026_07_p1_20260924T234407.json","485594","0.46","RAW_SOURCE","LOCAL_ONLY","Raw OpenAQ/API downloads"
"data\raw\air_quality\openaq\historical\PROJ_044\pm2_5\PROJ_044_12242121_pm2_5_2026_08_p1_20260924T235334.json","488398","0.47","RAW_SOURCE","LOCAL_ONLY","Raw OpenAQ/API downloads"
"data\raw\air_quality\openaq\historical\PROJ_044\pm2_5\PROJ_044_12242121_pm2_5_2026_09_p1_20260925T000211.json","377188","0.36","RAW_SOURCE","LOCAL_ONLY","Raw OpenAQ/API downloads"
"data\raw\air_quality\openaq\historical\PROJ_044\so2\PROJ_044_12242123_so2_2025_03_p1_20260924T194011.json","583532","0.56","RAW_SOURCE","LOCAL_ONLY","Raw OpenAQ/API downloads"
"data\raw\air_quality\openaq\historical\PROJ_044\so2\PROJ_044_12242123_so2_2025_04_p1_20260924T212909.json","428168","0.41","RAW_SOURCE","LOCAL_ONLY","Raw OpenAQ/API downloads"
"data\raw\air_quality\openaq\historical\PROJ_044\so2\PROJ_044_12242123_so2_2025_05_p1_20260924T213725.json","322870","0.31","RAW_SOURCE","LOCAL_ONLY","Raw OpenAQ/API downloads"
"data\raw\air_quality\openaq\historical\PROJ_044\so2\PROJ_044_12242123_so2_2025_06_p1_20260924T214610.json","445659","0.43","RAW_SOURCE","LOCAL_ONLY","Raw OpenAQ/API downloads"
"data\raw\air_quality\openaq\historical\PROJ_044\so2\PROJ_044_12242123_so2_2025_07_p1_20260924T215517.json","522983","0.5","RAW_SOURCE","LOCAL_ONLY","Raw OpenAQ/API downloads"
"data\raw\air_quality\openaq\historical\PROJ_044\so2\PROJ_044_12242123_so2_2025_08_p1_20260924T220419.json","539567","0.51","RAW_SOURCE","LOCAL_ONLY","Raw OpenAQ/API downloads"
"data\raw\air_quality\openaq\historical\PROJ_044\so2\PROJ_044_12242123_so2_2025_09_p1_20260924T221330.json","400527","0.38","RAW_SOURCE","LOCAL_ONLY","Raw OpenAQ/API downloads"
"data\raw\air_quality\openaq\historical\PROJ_044\so2\PROJ_044_12242123_so2_2025_10_p1_20260924T222230.json","530392","0.51","RAW_SOURCE","LOCAL_ONLY","Raw OpenAQ/API downloads"
"data\raw\air_quality\openaq\historical\PROJ_044\so2\PROJ_044_12242123_so2_2025_11_p1_20260924T223137.json","394802","0.38","RAW_SOURCE","LOCAL_ONLY","Raw OpenAQ/API downloads"
"data\raw\air_quality\openaq\historical\PROJ_044\so2\PROJ_044_12242123_so2_2025_12_p1_20260924T224042.json","579381","0.55","RAW_SOURCE","LOCAL_ONLY","Raw OpenAQ/API downloads"
"data\raw\air_quality\openaq\historical\PROJ_044\so2\PROJ_044_12242123_so2_2026_01_p1_20260924T224948.json","398563","0.38","RAW_SOURCE","LOCAL_ONLY","Raw OpenAQ/API downloads"
"data\raw\air_quality\openaq\historical\PROJ_044\so2\PROJ_044_12242123_so2_2026_02_p1_20260924T225837.json","434016","0.41","RAW_SOURCE","LOCAL_ONLY","Raw OpenAQ/API downloads"
"data\raw\air_quality\openaq\historical\PROJ_044\so2\PROJ_044_12242123_so2_2026_03_p1_20260924T230725.json","505846","0.48","RAW_SOURCE","LOCAL_ONLY","Raw OpenAQ/API downloads"
"data\raw\air_quality\openaq\historical\PROJ_044\so2\PROJ_044_12242123_so2_2026_04_p1_20260924T231645.json","493435","0.47","RAW_SOURCE","LOCAL_ONLY","Raw OpenAQ/API downloads"
"data\raw\air_quality\openaq\historical\PROJ_044\so2\PROJ_044_12242123_so2_2026_05_p1_20260924T232550.json","493194","0.47","RAW_SOURCE","LOCAL_ONLY","Raw OpenAQ/API downloads"
"data\raw\air_quality\openaq\historical\PROJ_044\so2\PROJ_044_12242123_so2_2026_06_p1_20260924T233518.json","456896","0.44","RAW_SOURCE","LOCAL_ONLY","Raw OpenAQ/API downloads"
"data\raw\air_quality\openaq\historical\PROJ_044\so2\PROJ_044_12242123_so2_2026_07_p1_20260924T234415.json","567223","0.54","RAW_SOURCE","LOCAL_ONLY","Raw OpenAQ/API downloads"
"data\raw\air_quality\openaq\historical\PROJ_044\so2\PROJ_044_12242123_so2_2026_08_p1_20260924T235343.json","512670","0.49","RAW_SOURCE","LOCAL_ONLY","Raw OpenAQ/API downloads"
"data\raw\air_quality\openaq\historical\PROJ_044\so2\PROJ_044_12242123_so2_2026_09_p1_20260925T000219.json","386054","0.37","RAW_SOURCE","LOCAL_ONLY","Raw OpenAQ/API downloads"
"data\raw\air_quality\openaq\historical\PROJ_048\co\PROJ_048_12235455_co_2025_03_p1_20260924T194023.json","597062","0.57","RAW_SOURCE","LOCAL_ONLY","Raw OpenAQ/API downloads"
"data\raw\air_quality\openaq\historical\PROJ_048\co\PROJ_048_12235455_co_2025_04_p1_20260924T212922.json","432502","0.41","RAW_SOURCE","LOCAL_ONLY","Raw OpenAQ/API downloads"
"data\raw\air_quality\openaq\historical\PROJ_048\co\PROJ_048_12235455_co_2025_05_p1_20260924T213738.json","560674","0.53","RAW_SOURCE","LOCAL_ONLY","Raw OpenAQ/API downloads"
"data\raw\air_quality\openaq\historical\PROJ_048\co\PROJ_048_12235455_co_2025_06_p1_20260924T214622.json","533969","0.51","RAW_SOURCE","LOCAL_ONLY","Raw OpenAQ/API downloads"
"data\raw\air_quality\openaq\historical\PROJ_048\co\PROJ_048_12235455_co_2025_07_p1_20260924T215529.json","536926","0.51","RAW_SOURCE","LOCAL_ONLY","Raw OpenAQ/API downloads"
"data\raw\air_quality\openaq\historical\PROJ_048\co\PROJ_048_12235455_co_2025_08_p1_20260924T220433.json","590597","0.56","RAW_SOURCE","LOCAL_ONLY","Raw OpenAQ/API downloads"
"data\raw\air_quality\openaq\historical\PROJ_048\co\PROJ_048_12235455_co_2025_09_p1_20260924T221345.json","524205","0.5","RAW_SOURCE","LOCAL_ONLY","Raw OpenAQ/API downloads"
"data\raw\air_quality\openaq\historical\PROJ_048\co\PROJ_048_12235455_co_2025_10_p1_20260924T222244.json","514419","0.49","RAW_SOURCE","LOCAL_ONLY","Raw OpenAQ/API downloads"
"data\raw\air_quality\openaq\historical\PROJ_048\co\PROJ_048_12235455_co_2025_11_p1_20260924T223150.json","424605","0.4","RAW_SOURCE","LOCAL_ONLY","Raw OpenAQ/API downloads"
"data\raw\air_quality\openaq\historical\PROJ_048\co\PROJ_048_12235455_co_2025_12_p1_20260924T224055.json","562136","0.54","RAW_SOURCE","LOCAL_ONLY","Raw OpenAQ/API downloads"
"data\raw\air_quality\openaq\historical\PROJ_048\co\PROJ_048_12235455_co_2026_01_p1_20260924T225002.json","402454","0.38","RAW_SOURCE","LOCAL_ONLY","Raw OpenAQ/API downloads"
"data\raw\air_quality\openaq\historical\PROJ_048\co\PROJ_048_12235455_co_2026_02_p1_20260924T225851.json","429050","0.41","RAW_SOURCE","LOCAL_ONLY","Raw OpenAQ/API downloads"
"data\raw\air_quality\openaq\historical\PROJ_048\co\PROJ_048_12235455_co_2026_03_p1_20260924T230737.json","543630","0.52","RAW_SOURCE","LOCAL_ONLY","Raw OpenAQ/API downloads"
"data\raw\air_quality\openaq\historical\PROJ_048\co\PROJ_048_12235455_co_2026_04_p1_20260924T231658.json","502597","0.48","RAW_SOURCE","LOCAL_ONLY","Raw OpenAQ/API downloads"
"data\raw\air_quality\openaq\historical\PROJ_048\co\PROJ_048_12235455_co_2026_05_p1_20260924T232604.json","506324","0.48","RAW_SOURCE","LOCAL_ONLY","Raw OpenAQ/API downloads"
"data\raw\air_quality\openaq\historical\PROJ_048\co\PROJ_048_12235455_co_2026_06_p1_20260924T233531.json","414453","0.4","RAW_SOURCE","LOCAL_ONLY","Raw OpenAQ/API downloads"
"data\raw\air_quality\openaq\historical\PROJ_048\co\PROJ_048_12235455_co_2026_07_p1_20260924T234429.json","478861","0.46","RAW_SOURCE","LOCAL_ONLY","Raw OpenAQ/API downloads"
"data\raw\air_quality\openaq\historical\PROJ_048\co\PROJ_048_12235455_co_2026_08_p1_20260924T235358.json","473021","0.45","RAW_SOURCE","LOCAL_ONLY","Raw OpenAQ/API downloads"
"data\raw\air_quality\openaq\historical\PROJ_048\co\PROJ_048_12235455_co_2026_09_p1_20260925T000230.json","304988","0.29","RAW_SOURCE","LOCAL_ONLY","Raw OpenAQ/API downloads"
"data\raw\air_quality\openaq\historical\PROJ_048\no2\PROJ_048_12235457_no2_2025_03_p1_20260924T194033.json","600159","0.57","RAW_SOURCE","LOCAL_ONLY","Raw OpenAQ/API downloads"
"data\raw\air_quality\openaq\historical\PROJ_048\no2\PROJ_048_12235457_no2_2025_04_p1_20260924T212935.json","446383","0.43","RAW_SOURCE","LOCAL_ONLY","Raw OpenAQ/API downloads"
"data\raw\air_quality\openaq\historical\PROJ_048\no2\PROJ_048_12235457_no2_2025_05_p1_20260924T213751.json","563808","0.54","RAW_SOURCE","LOCAL_ONLY","Raw OpenAQ/API downloads"
"data\raw\air_quality\openaq\historical\PROJ_048\no2\PROJ_048_12235457_no2_2025_06_p1_20260924T214635.json","539194","0.51","RAW_SOURCE","LOCAL_ONLY","Raw OpenAQ/API downloads"
"data\raw\air_quality\openaq\historical\PROJ_048\no2\PROJ_048_12235457_no2_2025_07_p1_20260924T215540.json","537198","0.51","RAW_SOURCE","LOCAL_ONLY","Raw OpenAQ/API downloads"
"data\raw\air_quality\openaq\historical\PROJ_048\no2\PROJ_048_12235457_no2_2025_08_p1_20260924T220447.json","590314","0.56","RAW_SOURCE","LOCAL_ONLY","Raw OpenAQ/API downloads"
"data\raw\air_quality\openaq\historical\PROJ_048\no2\PROJ_048_12235457_no2_2025_09_p1_20260924T221358.json","537094","0.51","RAW_SOURCE","LOCAL_ONLY","Raw OpenAQ/API downloads"
"data\raw\air_quality\openaq\historical\PROJ_048\no2\PROJ_048_12235457_no2_2025_10_p1_20260924T222257.json","528915","0.5","RAW_SOURCE","LOCAL_ONLY","Raw OpenAQ/API downloads"
"data\raw\air_quality\openaq\historical\PROJ_048\no2\PROJ_048_12235457_no2_2025_11_p1_20260924T223203.json","485587","0.46","RAW_SOURCE","LOCAL_ONLY","Raw OpenAQ/API downloads"
"data\raw\air_quality\openaq\historical\PROJ_048\no2\PROJ_048_12235457_no2_2025_12_p1_20260924T224108.json","576003","0.55","RAW_SOURCE","LOCAL_ONLY","Raw OpenAQ/API downloads"
"data\raw\air_quality\openaq\historical\PROJ_048\no2\PROJ_048_12235457_no2_2026_01_p1_20260924T225015.json","400148","0.38","RAW_SOURCE","LOCAL_ONLY","Raw OpenAQ/API downloads"
"data\raw\air_quality\openaq\historical\PROJ_048\no2\PROJ_048_12235457_no2_2026_02_p1_20260924T225904.json","433826","0.41","RAW_SOURCE","LOCAL_ONLY","Raw OpenAQ/API downloads"
"data\raw\air_quality\openaq\historical\PROJ_048\no2\PROJ_048_12235457_no2_2026_03_p1_20260924T230750.json","570242","0.54","RAW_SOURCE","LOCAL_ONLY","Raw OpenAQ/API downloads"
"data\raw\air_quality\openaq\historical\PROJ_048\no2\PROJ_048_12235457_no2_2026_04_p1_20260924T231710.json","544676","0.52","RAW_SOURCE","LOCAL_ONLY","Raw OpenAQ/API downloads"
"data\raw\air_quality\openaq\historical\PROJ_048\no2\PROJ_048_12235457_no2_2026_05_p1_20260924T232619.json","549322","0.52","RAW_SOURCE","LOCAL_ONLY","Raw OpenAQ/API downloads"
"data\raw\air_quality\openaq\historical\PROJ_048\no2\PROJ_048_12235457_no2_2026_06_p1_20260924T233543.json","493424","0.47","RAW_SOURCE","LOCAL_ONLY","Raw OpenAQ/API downloads"
"data\raw\air_quality\openaq\historical\PROJ_048\no2\PROJ_048_12235457_no2_2026_07_p1_20260924T234441.json","585850","0.56","RAW_SOURCE","LOCAL_ONLY","Raw OpenAQ/API downloads"
"data\raw\air_quality\openaq\historical\PROJ_048\no2\PROJ_048_12235457_no2_2026_08_p1_20260924T235410.json","531978","0.51","RAW_SOURCE","LOCAL_ONLY","Raw OpenAQ/API downloads"
"data\raw\air_quality\openaq\historical\PROJ_048\no2\PROJ_048_12235457_no2_2026_09_p1_20260925T000242.json","377996","0.36","RAW_SOURCE","LOCAL_ONLY","Raw OpenAQ/API downloads"
"data\raw\air_quality\openaq\historical\PROJ_048\o3\PROJ_048_12235458_o3_2025_03_p1_20260924T194019.json","576386","0.55","RAW_SOURCE","LOCAL_ONLY","Raw OpenAQ/API downloads"
"data\raw\air_quality\openaq\historical\PROJ_048\o3\PROJ_048_12235458_o3_2025_04_p1_20260924T212919.json","438970","0.42","RAW_SOURCE","LOCAL_ONLY","Raw OpenAQ/API downloads"
"data\raw\air_quality\openaq\historical\PROJ_048\o3\PROJ_048_12235458_o3_2025_05_p1_20260924T213734.json","552160","0.53","RAW_SOURCE","LOCAL_ONLY","Raw OpenAQ/API downloads"
"data\raw\air_quality\openaq\historical\PROJ_048\o3\PROJ_048_12235458_o3_2025_06_p1_20260924T214618.json","537135","0.51","RAW_SOURCE","LOCAL_ONLY","Raw OpenAQ/API downloads"
"data\raw\air_quality\openaq\historical\PROJ_048\o3\PROJ_048_12235458_o3_2025_07_p1_20260924T215524.json","539210","0.51","RAW_SOURCE","LOCAL_ONLY","Raw OpenAQ/API downloads"
"data\raw\air_quality\openaq\historical\PROJ_048\o3\PROJ_048_12235458_o3_2025_08_p1_20260924T220429.json","588171","0.56","RAW_SOURCE","LOCAL_ONLY","Raw OpenAQ/API downloads"
"data\raw\air_quality\openaq\historical\PROJ_048\o3\PROJ_048_12235458_o3_2025_09_p1_20260924T221340.json","518034","0.49","RAW_SOURCE","LOCAL_ONLY","Raw OpenAQ/API downloads"
"data\raw\air_quality\openaq\historical\PROJ_048\o3\PROJ_048_12235458_o3_2025_10_p1_20260924T222239.json","534646","0.51","RAW_SOURCE","LOCAL_ONLY","Raw OpenAQ/API downloads"
"data\raw\air_quality\openaq\historical\PROJ_048\o3\PROJ_048_12235458_o3_2025_11_p1_20260924T223146.json","493318","0.47","RAW_SOURCE","LOCAL_ONLY","Raw OpenAQ/API downloads"
"data\raw\air_quality\openaq\historical\PROJ_048\o3\PROJ_048_12235458_o3_2025_12_p1_20260924T224051.json","575903","0.55","RAW_SOURCE","LOCAL_ONLY","Raw OpenAQ/API downloads"
"data\raw\air_quality\openaq\historical\PROJ_048\o3\PROJ_048_12235458_o3_2026_01_p1_20260924T224956.json","400380","0.38","RAW_SOURCE","LOCAL_ONLY","Raw OpenAQ/API downloads"
"data\raw\air_quality\openaq\historical\PROJ_048\o3\PROJ_048_12235458_o3_2026_02_p1_20260924T225846.json","434852","0.41","RAW_SOURCE","LOCAL_ONLY","Raw OpenAQ/API downloads"
"data\raw\air_quality\openaq\historical\PROJ_048\o3\PROJ_048_12235458_o3_2026_03_p1_20260924T230733.json","569441","0.54","RAW_SOURCE","LOCAL_ONLY","Raw OpenAQ/API downloads"
"data\raw\air_quality\openaq\historical\PROJ_048\o3\PROJ_048_12235458_o3_2026_04_p1_20260924T231654.json","543505","0.52","RAW_SOURCE","LOCAL_ONLY","Raw OpenAQ/API downloads"
"data\raw\air_quality\openaq\historical\PROJ_048\o3\PROJ_048_12235458_o3_2026_05_p1_20260924T232559.json","553433","0.53","RAW_SOURCE","LOCAL_ONLY","Raw OpenAQ/API downloads"
"data\raw\air_quality\openaq\historical\PROJ_048\o3\PROJ_048_12235458_o3_2026_06_p1_20260924T233527.json","495233","0.47","RAW_SOURCE","LOCAL_ONLY","Raw OpenAQ/API downloads"
"data\raw\air_quality\openaq\historical\PROJ_048\o3\PROJ_048_12235458_o3_2026_07_p1_20260924T234424.json","586030","0.56","RAW_SOURCE","LOCAL_ONLY","Raw OpenAQ/API downloads"
"data\raw\air_quality\openaq\historical\PROJ_048\o3\PROJ_048_12235458_o3_2026_08_p1_20260924T235354.json","519265","0.5","RAW_SOURCE","LOCAL_ONLY","Raw OpenAQ/API downloads"
"data\raw\air_quality\openaq\historical\PROJ_048\o3\PROJ_048_12235458_o3_2026_09_p1_20260925T000227.json","325976","0.31","RAW_SOURCE","LOCAL_ONLY","Raw OpenAQ/API downloads"
"data\raw\air_quality\openaq\historical\PROJ_048\pm10\PROJ_048_12235459_pm10_2025_03_p1_20260924T194027.json","571877","0.55","RAW_SOURCE","LOCAL_ONLY","Raw OpenAQ/API downloads"
"data\raw\air_quality\openaq\historical\PROJ_048\pm10\PROJ_048_12235459_pm10_2025_04_p1_20260924T212927.json","447786","0.43","RAW_SOURCE","LOCAL_ONLY","Raw OpenAQ/API downloads"
"data\raw\air_quality\openaq\historical\PROJ_048\pm10\PROJ_048_12235459_pm10_2025_05_p1_20260924T213743.json","557759","0.53","RAW_SOURCE","LOCAL_ONLY","Raw OpenAQ/API downloads"
"data\raw\air_quality\openaq\historical\PROJ_048\pm10\PROJ_048_12235459_pm10_2025_06_p1_20260924T214627.json","530074","0.51","RAW_SOURCE","LOCAL_ONLY","Raw OpenAQ/API downloads"
"data\raw\air_quality\openaq\historical\PROJ_048\pm10\PROJ_048_12235459_pm10_2025_07_p1_20260924T215533.json","524921","0.5","RAW_SOURCE","LOCAL_ONLY","Raw OpenAQ/API downloads"
"data\raw\air_quality\openaq\historical\PROJ_048\pm10\PROJ_048_12235459_pm10_2025_08_p1_20260924T220439.json","580083","0.55","RAW_SOURCE","LOCAL_ONLY","Raw OpenAQ/API downloads"
"data\raw\air_quality\openaq\historical\PROJ_048\pm10\PROJ_048_12235459_pm10_2025_09_p1_20260924T221349.json","522596","0.5","RAW_SOURCE","LOCAL_ONLY","Raw OpenAQ/API downloads"
"data\raw\air_quality\openaq\historical\PROJ_048\pm10\PROJ_048_12235459_pm10_2025_10_p1_20260924T222248.json","524741","0.5","RAW_SOURCE","LOCAL_ONLY","Raw OpenAQ/API downloads"
"data\raw\air_quality\openaq\historical\PROJ_048\pm10\PROJ_048_12235459_pm10_2025_11_p1_20260924T223154.json","476883","0.45","RAW_SOURCE","LOCAL_ONLY","Raw OpenAQ/API downloads"
"data\raw\air_quality\openaq\historical\PROJ_048\pm10\PROJ_048_12235459_pm10_2025_12_p1_20260924T224058.json","563298","0.54","RAW_SOURCE","LOCAL_ONLY","Raw OpenAQ/API downloads"
"data\raw\air_quality\openaq\historical\PROJ_048\pm10\PROJ_048_12235459_pm10_2026_01_p1_20260924T225006.json","385731","0.37","RAW_SOURCE","LOCAL_ONLY","Raw OpenAQ/API downloads"
"data\raw\air_quality\openaq\historical\PROJ_048\pm10\PROJ_048_12235459_pm10_2026_02_p1_20260924T225856.json","427487","0.41","RAW_SOURCE","LOCAL_ONLY","Raw OpenAQ/API downloads"
"data\raw\air_quality\openaq\historical\PROJ_048\pm10\PROJ_048_12235459_pm10_2026_03_p1_20260924T230742.json","561857","0.54","RAW_SOURCE","LOCAL_ONLY","Raw OpenAQ/API downloads"
"data\raw\air_quality\openaq\historical\PROJ_048\pm10\PROJ_048_12235459_pm10_2026_04_p1_20260924T231702.json","535563","0.51","RAW_SOURCE","LOCAL_ONLY","Raw OpenAQ/API downloads"
"data\raw\air_quality\openaq\historical\PROJ_048\pm10\PROJ_048_12235459_pm10_2026_05_p1_20260924T232609.json","533545","0.51","RAW_SOURCE","LOCAL_ONLY","Raw OpenAQ/API downloads"
"data\raw\air_quality\openaq\historical\PROJ_048\pm10\PROJ_048_12235459_pm10_2026_06_p1_20260924T233535.json","482496","0.46","RAW_SOURCE","LOCAL_ONLY","Raw OpenAQ/API downloads"
"data\raw\air_quality\openaq\historical\PROJ_048\pm10\PROJ_048_12235459_pm10_2026_07_p1_20260924T234432.json","568155","0.54","RAW_SOURCE","LOCAL_ONLY","Raw OpenAQ/API downloads"
"data\raw\air_quality\openaq\historical\PROJ_048\pm10\PROJ_048_12235459_pm10_2026_08_p1_20260924T235403.json","518503","0.49","RAW_SOURCE","LOCAL_ONLY","Raw OpenAQ/API downloads"
"data\raw\air_quality\openaq\historical\PROJ_048\pm10\PROJ_048_12235459_pm10_2026_09_p1_20260925T000233.json","351810","0.34","RAW_SOURCE","LOCAL_ONLY","Raw OpenAQ/API downloads"
"data\raw\air_quality\openaq\historical\PROJ_048\pm2_5\PROJ_048_12235460_pm2_5_2025_03_p1_20260924T194016.json","572139","0.55","RAW_SOURCE","LOCAL_ONLY","Raw OpenAQ/API downloads"
"data\raw\air_quality\openaq\historical\PROJ_048\pm2_5\PROJ_048_12235460_pm2_5_2025_04_p1_20260924T212914.json","440477","0.42","RAW_SOURCE","LOCAL_ONLY","Raw OpenAQ/API downloads"
"data\raw\air_quality\openaq\historical\PROJ_048\pm2_5\PROJ_048_12235460_pm2_5_2025_05_p1_20260924T213728.json","555751","0.53","RAW_SOURCE","LOCAL_ONLY","Raw OpenAQ/API downloads"
"data\raw\air_quality\openaq\historical\PROJ_048\pm2_5\PROJ_048_12235460_pm2_5_2025_06_p1_20260924T214613.json","526504","0.5","RAW_SOURCE","LOCAL_ONLY","Raw OpenAQ/API downloads"
"data\raw\air_quality\openaq\historical\PROJ_048\pm2_5\PROJ_048_12235460_pm2_5_2025_07_p1_20260924T215521.json","522006","0.5","RAW_SOURCE","LOCAL_ONLY","Raw OpenAQ/API downloads"
"data\raw\air_quality\openaq\historical\PROJ_048\pm2_5\PROJ_048_12235460_pm2_5_2025_08_p1_20260924T220425.json","577476","0.55","RAW_SOURCE","LOCAL_ONLY","Raw OpenAQ/API downloads"
"data\raw\air_quality\openaq\historical\PROJ_048\pm2_5\PROJ_048_12235460_pm2_5_2025_09_p1_20260924T221335.json","525732","0.5","RAW_SOURCE","LOCAL_ONLY","Raw OpenAQ/API downloads"
"data\raw\air_quality\openaq\historical\PROJ_048\pm2_5\PROJ_048_12235460_pm2_5_2025_10_p1_20260924T222234.json","519922","0.5","RAW_SOURCE","LOCAL_ONLY","Raw OpenAQ/API downloads"
"data\raw\air_quality\openaq\historical\PROJ_048\pm2_5\PROJ_048_12235460_pm2_5_2025_11_p1_20260924T223142.json","478982","0.46","RAW_SOURCE","LOCAL_ONLY","Raw OpenAQ/API downloads"
"data\raw\air_quality\openaq\historical\PROJ_048\pm2_5\PROJ_048_12235460_pm2_5_2025_12_p1_20260924T224047.json","569192","0.54","RAW_SOURCE","LOCAL_ONLY","Raw OpenAQ/API downloads"
"data\raw\air_quality\openaq\historical\PROJ_048\pm2_5\PROJ_048_12235460_pm2_5_2026_01_p1_20260924T224953.json","372837","0.36","RAW_SOURCE","LOCAL_ONLY","Raw OpenAQ/API downloads"
"data\raw\air_quality\openaq\historical\PROJ_048\pm2_5\PROJ_048_12235460_pm2_5_2026_02_p1_20260924T225842.json","424921","0.41","RAW_SOURCE","LOCAL_ONLY","Raw OpenAQ/API downloads"
"data\raw\air_quality\openaq\historical\PROJ_048\pm2_5\PROJ_048_12235460_pm2_5_2026_03_p1_20260924T230729.json","546559","0.52","RAW_SOURCE","LOCAL_ONLY","Raw OpenAQ/API downloads"
"data\raw\air_quality\openaq\historical\PROJ_048\pm2_5\PROJ_048_12235460_pm2_5_2026_04_p1_20260924T231649.json","528799","0.5","RAW_SOURCE","LOCAL_ONLY","Raw OpenAQ/API downloads"
"data\raw\air_quality\openaq\historical\PROJ_048\pm2_5\PROJ_048_12235460_pm2_5_2026_05_p1_20260924T232554.json","505105","0.48","RAW_SOURCE","LOCAL_ONLY","Raw OpenAQ/API downloads"
"data\raw\air_quality\openaq\historical\PROJ_048\pm2_5\PROJ_048_12235460_pm2_5_2026_06_p1_20260924T233522.json","478728","0.46","RAW_SOURCE","LOCAL_ONLY","Raw OpenAQ/API downloads"
"data\raw\air_quality\openaq\historical\PROJ_048\pm2_5\PROJ_048_12235460_pm2_5_2026_07_p1_20260924T234420.json","552816","0.53","RAW_SOURCE","LOCAL_ONLY","Raw OpenAQ/API downloads"
"data\raw\air_quality\openaq\historical\PROJ_048\pm2_5\PROJ_048_12235460_pm2_5_2026_08_p1_20260924T235348.json","509142","0.49","RAW_SOURCE","LOCAL_ONLY","Raw OpenAQ/API downloads"
"data\raw\air_quality\openaq\historical\PROJ_048\pm2_5\PROJ_048_12235460_pm2_5_2026_09_p1_20260925T000223.json","359360","0.34","RAW_SOURCE","LOCAL_ONLY","Raw OpenAQ/API downloads"
"data\raw\air_quality\openaq\historical\PROJ_048\so2\PROJ_048_12235462_so2_2025_03_p1_20260924T194031.json","579938","0.55","RAW_SOURCE","LOCAL_ONLY","Raw OpenAQ/API downloads"
"data\raw\air_quality\openaq\historical\PROJ_048\so2\PROJ_048_12235462_so2_2025_04_p1_20260924T212930.json","454692","0.43","RAW_SOURCE","LOCAL_ONLY","Raw OpenAQ/API downloads"
"data\raw\air_quality\openaq\historical\PROJ_048\so2\PROJ_048_12235462_so2_2025_05_p1_20260924T213747.json","560642","0.53","RAW_SOURCE","LOCAL_ONLY","Raw OpenAQ/API downloads"
"data\raw\air_quality\openaq\historical\PROJ_048\so2\PROJ_048_12235462_so2_2025_06_p1_20260924T214632.json","534274","0.51","RAW_SOURCE","LOCAL_ONLY","Raw OpenAQ/API downloads"
"data\raw\air_quality\openaq\historical\PROJ_048\so2\PROJ_048_12235462_so2_2025_07_p1_20260924T215536.json","535034","0.51","RAW_SOURCE","LOCAL_ONLY","Raw OpenAQ/API downloads"
"data\raw\air_quality\openaq\historical\PROJ_048\so2\PROJ_048_12235462_so2_2025_08_p1_20260924T220442.json","582838","0.56","RAW_SOURCE","LOCAL_ONLY","Raw OpenAQ/API downloads"
"data\raw\air_quality\openaq\historical\PROJ_048\so2\PROJ_048_12235462_so2_2025_09_p1_20260924T221352.json","532179","0.51","RAW_SOURCE","LOCAL_ONLY","Raw OpenAQ/API downloads"
"data\raw\air_quality\openaq\historical\PROJ_048\so2\PROJ_048_12235462_so2_2025_10_p1_20260924T222252.json","527177","0.5","RAW_SOURCE","LOCAL_ONLY","Raw OpenAQ/API downloads"
"data\raw\air_quality\openaq\historical\PROJ_048\so2\PROJ_048_12235462_so2_2025_11_p1_20260924T223200.json","488693","0.47","RAW_SOURCE","LOCAL_ONLY","Raw OpenAQ/API downloads"
"data\raw\air_quality\openaq\historical\PROJ_048\so2\PROJ_048_12235462_so2_2025_12_p1_20260924T224104.json","574936","0.55","RAW_SOURCE","LOCAL_ONLY","Raw OpenAQ/API downloads"
"data\raw\air_quality\openaq\historical\PROJ_048\so2\PROJ_048_12235462_so2_2026_01_p1_20260924T225011.json","359990","0.34","RAW_SOURCE","LOCAL_ONLY","Raw OpenAQ/API downloads"
"data\raw\air_quality\openaq\historical\PROJ_048\so2\PROJ_048_12235462_so2_2026_02_p1_20260924T225900.json","409217","0.39","RAW_SOURCE","LOCAL_ONLY","Raw OpenAQ/API downloads"
"data\raw\air_quality\openaq\historical\PROJ_048\so2\PROJ_048_12235462_so2_2026_03_p1_20260924T230746.json","541583","0.52","RAW_SOURCE","LOCAL_ONLY","Raw OpenAQ/API downloads"
"data\raw\air_quality\openaq\historical\PROJ_048\so2\PROJ_048_12235462_so2_2026_04_p1_20260924T231706.json","530452","0.51","RAW_SOURCE","LOCAL_ONLY","Raw OpenAQ/API downloads"
"data\raw\air_quality\openaq\historical\PROJ_048\so2\PROJ_048_12235462_so2_2026_05_p1_20260924T232614.json","536207","0.51","RAW_SOURCE","LOCAL_ONLY","Raw OpenAQ/API downloads"
"data\raw\air_quality\openaq\historical\PROJ_048\so2\PROJ_048_12235462_so2_2026_06_p1_20260924T233539.json","488800","0.47","RAW_SOURCE","LOCAL_ONLY","Raw OpenAQ/API downloads"
"data\raw\air_quality\openaq\historical\PROJ_048\so2\PROJ_048_12235462_so2_2026_07_p1_20260924T234436.json","583059","0.56","RAW_SOURCE","LOCAL_ONLY","Raw OpenAQ/API downloads"
"data\raw\air_quality\openaq\historical\PROJ_048\so2\PROJ_048_12235462_so2_2026_08_p1_20260924T235406.json","524575","0.5","RAW_SOURCE","LOCAL_ONLY","Raw OpenAQ/API downloads"
"data\raw\air_quality\openaq\historical\PROJ_048\so2\PROJ_048_12235462_so2_2026_09_p1_20260925T000238.json","376328","0.36","RAW_SOURCE","LOCAL_ONLY","Raw OpenAQ/API downloads"
"data\raw\air_quality\openaq\historical\PROJ_050\co\PROJ_050_12235666_co_2025_03_p1_20260924T194037.json","576574","0.55","RAW_SOURCE","LOCAL_ONLY","Raw OpenAQ/API downloads"
"data\raw\air_quality\openaq\historical\PROJ_050\co\PROJ_050_12235666_co_2025_04_p1_20260924T212940.json","486541","0.46","RAW_SOURCE","LOCAL_ONLY","Raw OpenAQ/API downloads"
"data\raw\air_quality\openaq\historical\PROJ_050\co\PROJ_050_12235666_co_2025_05_p1_20260924T213757.json","534852","0.51","RAW_SOURCE","LOCAL_ONLY","Raw OpenAQ/API downloads"
"data\raw\air_quality\openaq\historical\PROJ_050\co\PROJ_050_12235666_co_2025_06_p1_20260924T214639.json","539227","0.51","RAW_SOURCE","LOCAL_ONLY","Raw OpenAQ/API downloads"
"data\raw\air_quality\openaq\historical\PROJ_050\co\PROJ_050_12235666_co_2025_07_p1_20260924T215544.json","487483","0.46","RAW_SOURCE","LOCAL_ONLY","Raw OpenAQ/API downloads"
"data\raw\air_quality\openaq\historical\PROJ_050\co\PROJ_050_12235666_co_2025_08_p1_20260924T220451.json","580360","0.55","RAW_SOURCE","LOCAL_ONLY","Raw OpenAQ/API downloads"
"data\raw\air_quality\openaq\historical\PROJ_050\co\PROJ_050_12235666_co_2025_09_p1_20260924T221402.json","541872","0.52","RAW_SOURCE","LOCAL_ONLY","Raw OpenAQ/API downloads"
"data\raw\air_quality\openaq\historical\PROJ_050\co\PROJ_050_12235666_co_2025_10_p1_20260924T222300.json","564563","0.54","RAW_SOURCE","LOCAL_ONLY","Raw OpenAQ/API downloads"
"data\raw\air_quality\openaq\historical\PROJ_050\co\PROJ_050_12235666_co_2025_11_p1_20260924T223207.json","551479","0.53","RAW_SOURCE","LOCAL_ONLY","Raw OpenAQ/API downloads"
"data\raw\air_quality\openaq\historical\PROJ_050\co\PROJ_050_12235666_co_2025_12_p1_20260924T224114.json","600894","0.57","RAW_SOURCE","LOCAL_ONLY","Raw OpenAQ/API downloads"
"data\raw\air_quality\openaq\historical\PROJ_050\co\PROJ_050_12235666_co_2026_01_p1_20260924T225018.json","412519","0.39","RAW_SOURCE","LOCAL_ONLY","Raw OpenAQ/API downloads"
"data\raw\air_quality\openaq\historical\PROJ_050\co\PROJ_050_12235666_co_2026_02_p1_20260924T225909.json","452508","0.43","RAW_SOURCE","LOCAL_ONLY","Raw OpenAQ/API downloads"
"data\raw\air_quality\openaq\historical\PROJ_050\co\PROJ_050_12235666_co_2026_03_p1_20260924T230755.json","592218","0.56","RAW_SOURCE","LOCAL_ONLY","Raw OpenAQ/API downloads"
"data\raw\air_quality\openaq\historical\PROJ_050\co\PROJ_050_12235666_co_2026_04_p1_20260924T231715.json","570573","0.54","RAW_SOURCE","LOCAL_ONLY","Raw OpenAQ/API downloads"
"data\raw\air_quality\openaq\historical\PROJ_050\co\PROJ_050_12235666_co_2026_05_p1_20260924T232624.json","579964","0.55","RAW_SOURCE","LOCAL_ONLY","Raw OpenAQ/API downloads"
"data\raw\air_quality\openaq\historical\PROJ_050\co\PROJ_050_12235666_co_2026_06_p1_20260924T233548.json","522521","0.5","RAW_SOURCE","LOCAL_ONLY","Raw OpenAQ/API downloads"
"data\raw\air_quality\openaq\historical\PROJ_050\co\PROJ_050_12235666_co_2026_07_p1_20260924T234446.json","594512","0.57","RAW_SOURCE","LOCAL_ONLY","Raw OpenAQ/API downloads"
"data\raw\air_quality\openaq\historical\PROJ_050\co\PROJ_050_12235666_co_2026_08_p1_20260924T235415.json","526216","0.5","RAW_SOURCE","LOCAL_ONLY","Raw OpenAQ/API downloads"
"data\raw\air_quality\openaq\historical\PROJ_050\co\PROJ_050_12235666_co_2026_09_p1_20260925T000246.json","399364","0.38","RAW_SOURCE","LOCAL_ONLY","Raw OpenAQ/API downloads"
"data\raw\air_quality\openaq\historical\PROJ_050\no2\PROJ_050_12235668_no2_2025_03_p1_20260924T194041.json","598251","0.57","RAW_SOURCE","LOCAL_ONLY","Raw OpenAQ/API downloads"
"data\raw\air_quality\openaq\historical\PROJ_050\no2\PROJ_050_12235668_no2_2025_04_p1_20260924T212945.json","508825","0.49","RAW_SOURCE","LOCAL_ONLY","Raw OpenAQ/API downloads"
"data\raw\air_quality\openaq\historical\PROJ_050\no2\PROJ_050_12235668_no2_2025_05_p1_20260924T213802.json","554684","0.53","RAW_SOURCE","LOCAL_ONLY","Raw OpenAQ/API downloads"
"data\raw\air_quality\openaq\historical\PROJ_050\no2\PROJ_050_12235668_no2_2025_06_p1_20260924T214643.json","557163","0.53","RAW_SOURCE","LOCAL_ONLY","Raw OpenAQ/API downloads"
"data\raw\air_quality\openaq\historical\PROJ_050\no2\PROJ_050_12235668_no2_2025_07_p1_20260924T215550.json","506055","0.48","RAW_SOURCE","LOCAL_ONLY","Raw OpenAQ/API downloads"
"data\raw\air_quality\openaq\historical\PROJ_050\no2\PROJ_050_12235668_no2_2025_08_p1_20260924T220455.json","607927","0.58","RAW_SOURCE","LOCAL_ONLY","Raw OpenAQ/API downloads"
"data\raw\air_quality\openaq\historical\PROJ_050\no2\PROJ_050_12235668_no2_2025_09_p1_20260924T221406.json","557626","0.53","RAW_SOURCE","LOCAL_ONLY","Raw OpenAQ/API downloads"
"data\raw\air_quality\openaq\historical\PROJ_050\no2\PROJ_050_12235668_no2_2025_10_p1_20260924T222305.json","584517","0.56","RAW_SOURCE","LOCAL_ONLY","Raw OpenAQ/API downloads"
"data\raw\air_quality\openaq\historical\PROJ_050\no2\PROJ_050_12235668_no2_2025_11_p1_20260924T223210.json","566263","0.54","RAW_SOURCE","LOCAL_ONLY","Raw OpenAQ/API downloads"
"data\raw\air_quality\openaq\historical\PROJ_050\no2\PROJ_050_12235668_no2_2025_12_p1_20260924T224118.json","626086","0.6","RAW_SOURCE","LOCAL_ONLY","Raw OpenAQ/API downloads"
"data\raw\air_quality\openaq\historical\PROJ_050\no2\PROJ_050_12235668_no2_2026_01_p1_20260924T225023.json","428863","0.41","RAW_SOURCE","LOCAL_ONLY","Raw OpenAQ/API downloads"
"data\raw\air_quality\openaq\historical\PROJ_050\no2\PROJ_050_12235668_no2_2026_02_p1_20260924T225913.json","462602","0.44","RAW_SOURCE","LOCAL_ONLY","Raw OpenAQ/API downloads"
"data\raw\air_quality\openaq\historical\PROJ_050\no2\PROJ_050_12235668_no2_2026_03_p1_20260924T230759.json","604911","0.58","RAW_SOURCE","LOCAL_ONLY","Raw OpenAQ/API downloads"
"data\raw\air_quality\openaq\historical\PROJ_050\no2\PROJ_050_12235668_no2_2026_04_p1_20260924T231719.json","581053","0.55","RAW_SOURCE","LOCAL_ONLY","Raw OpenAQ/API downloads"
"data\raw\air_quality\openaq\historical\PROJ_050\no2\PROJ_050_12235668_no2_2026_05_p1_20260924T232628.json","590883","0.56","RAW_SOURCE","LOCAL_ONLY","Raw OpenAQ/API downloads"
"data\raw\air_quality\openaq\historical\PROJ_050\no2\PROJ_050_12235668_no2_2026_06_p1_20260924T233551.json","511618","0.49","RAW_SOURCE","LOCAL_ONLY","Raw OpenAQ/API downloads"
"data\raw\air_quality\openaq\historical\PROJ_050\no2\PROJ_050_12235668_no2_2026_07_p1_20260924T234449.json","584840","0.56","RAW_SOURCE","LOCAL_ONLY","Raw OpenAQ/API downloads"
"data\raw\air_quality\openaq\historical\PROJ_050\no2\PROJ_050_12235668_no2_2026_08_p1_20260924T235419.json","508526","0.48","RAW_SOURCE","LOCAL_ONLY","Raw OpenAQ/API downloads"
"data\raw\air_quality\openaq\historical\PROJ_050\no2\PROJ_050_12235668_no2_2026_09_p1_20260925T000250.json","404739","0.39","RAW_SOURCE","LOCAL_ONLY","Raw OpenAQ/API downloads"
"data\raw\air_quality\openaq\historical\PROJ_050\o3\PROJ_050_12235669_o3_2025_03_p1_20260924T194054.json","588471","0.56","RAW_SOURCE","LOCAL_ONLY","Raw OpenAQ/API downloads"
"data\raw\air_quality\openaq\historical\PROJ_050\o3\PROJ_050_12235669_o3_2025_04_p1_20260924T213001.json","488833","0.47","RAW_SOURCE","LOCAL_ONLY","Raw OpenAQ/API downloads"
"data\raw\air_quality\openaq\historical\PROJ_050\o3\PROJ_050_12235669_o3_2025_05_p1_20260924T213819.json","545543","0.52","RAW_SOURCE","LOCAL_ONLY","Raw OpenAQ/API downloads"
"data\raw\air_quality\openaq\historical\PROJ_050\o3\PROJ_050_12235669_o3_2025_06_p1_20260924T214659.json","549457","0.52","RAW_SOURCE","LOCAL_ONLY","Raw OpenAQ/API downloads"
"data\raw\air_quality\openaq\historical\PROJ_050\o3\PROJ_050_12235669_o3_2025_07_p1_20260924T215608.json","498048","0.47","RAW_SOURCE","LOCAL_ONLY","Raw OpenAQ/API downloads"
"data\raw\air_quality\openaq\historical\PROJ_050\o3\PROJ_050_12235669_o3_2025_08_p1_20260924T220515.json","596723","0.57","RAW_SOURCE","LOCAL_ONLY","Raw OpenAQ/API downloads"
"data\raw\air_quality\openaq\historical\PROJ_050\o3\PROJ_050_12235669_o3_2025_09_p1_20260924T221421.json","553775","0.53","RAW_SOURCE","LOCAL_ONLY","Raw OpenAQ/API downloads"
"data\raw\air_quality\openaq\historical\PROJ_050\o3\PROJ_050_12235669_o3_2025_10_p1_20260924T222323.json","576412","0.55","RAW_SOURCE","LOCAL_ONLY","Raw OpenAQ/API downloads"
"data\raw\air_quality\openaq\historical\PROJ_050\o3\PROJ_050_12235669_o3_2025_11_p1_20260924T223228.json","562421","0.54","RAW_SOURCE","LOCAL_ONLY","Raw OpenAQ/API downloads"
"data\raw\air_quality\openaq\historical\PROJ_050\o3\PROJ_050_12235669_o3_2025_12_p1_20260924T224135.json","613077","0.58","RAW_SOURCE","LOCAL_ONLY","Raw OpenAQ/API downloads"
"data\raw\air_quality\openaq\historical\PROJ_050\o3\PROJ_050_12235669_o3_2026_01_p1_20260924T225040.json","421888","0.4","RAW_SOURCE","LOCAL_ONLY","Raw OpenAQ/API downloads"
"data\raw\air_quality\openaq\historical\PROJ_050\o3\PROJ_050_12235669_o3_2026_02_p1_20260924T225929.json","460533","0.44","RAW_SOURCE","LOCAL_ONLY","Raw OpenAQ/API downloads"
"data\raw\air_quality\openaq\historical\PROJ_050\o3\PROJ_050_12235669_o3_2026_03_p1_20260924T230819.json","605579","0.58","RAW_SOURCE","LOCAL_ONLY","Raw OpenAQ/API downloads"
"data\raw\air_quality\openaq\historical\PROJ_050\o3\PROJ_050_12235669_o3_2026_04_p1_20260924T231737.json","581071","0.55","RAW_SOURCE","LOCAL_ONLY","Raw OpenAQ/API downloads"
"data\raw\air_quality\openaq\historical\PROJ_050\o3\PROJ_050_12235669_o3_2026_05_p1_20260924T232645.json","590908","0.56","RAW_SOURCE","LOCAL_ONLY","Raw OpenAQ/API downloads"
"data\raw\air_quality\openaq\historical\PROJ_050\o3\PROJ_050_12235669_o3_2026_06_p1_20260924T233607.json","534005","0.51","RAW_SOURCE","LOCAL_ONLY","Raw OpenAQ/API downloads"
"data\raw\air_quality\openaq\historical\PROJ_050\o3\PROJ_050_12235669_o3_2026_07_p1_20260924T234508.json","595410","0.57","RAW_SOURCE","LOCAL_ONLY","Raw OpenAQ/API downloads"
"data\raw\air_quality\openaq\historical\PROJ_050\o3\PROJ_050_12235669_o3_2026_08_p1_20260924T235437.json","527890","0.5","RAW_SOURCE","LOCAL_ONLY","Raw OpenAQ/API downloads"
"data\raw\air_quality\openaq\historical\PROJ_050\o3\PROJ_050_12235669_o3_2026_09_p1_20260925T000308.json","405020","0.39","RAW_SOURCE","LOCAL_ONLY","Raw OpenAQ/API downloads"
"data\raw\air_quality\openaq\historical\PROJ_050\pm10\PROJ_050_12235670_pm10_2025_03_p1_20260924T194043.json","562659","0.54","RAW_SOURCE","LOCAL_ONLY","Raw OpenAQ/API downloads"
"data\raw\air_quality\openaq\historical\PROJ_050\pm10\PROJ_050_12235670_pm10_2025_04_p1_20260924T212949.json","478565","0.46","RAW_SOURCE","LOCAL_ONLY","Raw OpenAQ/API downloads"
"data\raw\air_quality\openaq\historical\PROJ_050\pm10\PROJ_050_12235670_pm10_2025_05_p1_20260924T213806.json","523825","0.5","RAW_SOURCE","LOCAL_ONLY","Raw OpenAQ/API downloads"
"data\raw\air_quality\openaq\historical\PROJ_050\pm10\PROJ_050_12235670_pm10_2025_06_p1_20260924T214646.json","527544","0.5","RAW_SOURCE","LOCAL_ONLY","Raw OpenAQ/API downloads"
"data\raw\air_quality\openaq\historical\PROJ_050\pm10\PROJ_050_12235670_pm10_2025_07_p1_20260924T215555.json","474280","0.45","RAW_SOURCE","LOCAL_ONLY","Raw OpenAQ/API downloads"
"data\raw\air_quality\openaq\historical\PROJ_050\pm10\PROJ_050_12235670_pm10_2025_08_p1_20260924T220501.json","565670","0.54","RAW_SOURCE","LOCAL_ONLY","Raw OpenAQ/API downloads"
"data\raw\air_quality\openaq\historical\PROJ_050\pm10\PROJ_050_12235670_pm10_2025_09_p1_20260924T221410.json","525931","0.5","RAW_SOURCE","LOCAL_ONLY","Raw OpenAQ/API downloads"
"data\raw\air_quality\openaq\historical\PROJ_050\pm10\PROJ_050_12235670_pm10_2025_10_p1_20260924T222309.json","548358","0.52","RAW_SOURCE","LOCAL_ONLY","Raw OpenAQ/API downloads"
"data\raw\air_quality\openaq\historical\PROJ_050\pm10\PROJ_050_12235670_pm10_2025_11_p1_20260924T223215.json","538543","0.51","RAW_SOURCE","LOCAL_ONLY","Raw OpenAQ/API downloads"
"data\raw\air_quality\openaq\historical\PROJ_050\pm10\PROJ_050_12235670_pm10_2025_12_p1_20260924T224121.json","588472","0.56","RAW_SOURCE","LOCAL_ONLY","Raw OpenAQ/API downloads"
"data\raw\air_quality\openaq\historical\PROJ_050\pm10\PROJ_050_12235670_pm10_2026_01_p1_20260924T225027.json","405437","0.39","RAW_SOURCE","LOCAL_ONLY","Raw OpenAQ/API downloads"
"data\raw\air_quality\openaq\historical\PROJ_050\pm10\PROJ_050_12235670_pm10_2026_02_p1_20260924T225917.json","441287","0.42","RAW_SOURCE","LOCAL_ONLY","Raw OpenAQ/API downloads"
"data\raw\air_quality\openaq\historical\PROJ_050\pm10\PROJ_050_12235670_pm10_2026_03_p1_20260924T230803.json","586232","0.56","RAW_SOURCE","LOCAL_ONLY","Raw OpenAQ/API downloads"
"data\raw\air_quality\openaq\historical\PROJ_050\pm10\PROJ_050_12235670_pm10_2026_04_p1_20260924T231723.json","560115","0.53","RAW_SOURCE","LOCAL_ONLY","Raw OpenAQ/API downloads"
"data\raw\air_quality\openaq\historical\PROJ_050\pm10\PROJ_050_12235670_pm10_2026_05_p1_20260924T232631.json","568934","0.54","RAW_SOURCE","LOCAL_ONLY","Raw OpenAQ/API downloads"
"data\raw\air_quality\openaq\historical\PROJ_050\pm10\PROJ_050_12235670_pm10_2026_06_p1_20260924T233555.json","517392","0.49","RAW_SOURCE","LOCAL_ONLY","Raw OpenAQ/API downloads"
"data\raw\air_quality\openaq\historical\PROJ_050\pm10\PROJ_050_12235670_pm10_2026_07_p1_20260924T234454.json","560982","0.53","RAW_SOURCE","LOCAL_ONLY","Raw OpenAQ/API downloads"
"data\raw\air_quality\openaq\historical\PROJ_050\pm10\PROJ_050_12235670_pm10_2026_08_p1_20260924T235424.json","506741","0.48","RAW_SOURCE","LOCAL_ONLY","Raw OpenAQ/API downloads"
"data\raw\air_quality\openaq\historical\PROJ_050\pm10\PROJ_050_12235670_pm10_2026_09_p1_20260925T000254.json","345813","0.33","RAW_SOURCE","LOCAL_ONLY","Raw OpenAQ/API downloads"
"data\raw\air_quality\openaq\historical\PROJ_050\pm2_5\PROJ_050_12235671_pm2_5_2025_03_p1_20260924T194051.json","560034","0.53","RAW_SOURCE","LOCAL_ONLY","Raw OpenAQ/API downloads"
"data\raw\air_quality\openaq\historical\PROJ_050\pm2_5\PROJ_050_12235671_pm2_5_2025_04_p1_20260924T212957.json","475384","0.45","RAW_SOURCE","LOCAL_ONLY","Raw OpenAQ/API downloads"
"data\raw\air_quality\openaq\historical\PROJ_050\pm2_5\PROJ_050_12235671_pm2_5_2025_05_p1_20260924T213815.json","522590","0.5","RAW_SOURCE","LOCAL_ONLY","Raw OpenAQ/API downloads"
"data\raw\air_quality\openaq\historical\PROJ_050\pm2_5\PROJ_050_12235671_pm2_5_2025_06_p1_20260924T214655.json","524864","0.5","RAW_SOURCE","LOCAL_ONLY","Raw OpenAQ/API downloads"
"data\raw\air_quality\openaq\historical\PROJ_050\pm2_5\PROJ_050_12235671_pm2_5_2025_07_p1_20260924T215604.json","474937","0.45","RAW_SOURCE","LOCAL_ONLY","Raw OpenAQ/API downloads"
"data\raw\air_quality\openaq\historical\PROJ_050\pm2_5\PROJ_050_12235671_pm2_5_2025_08_p1_20260924T220511.json","565149","0.54","RAW_SOURCE","LOCAL_ONLY","Raw OpenAQ/API downloads"
"data\raw\air_quality\openaq\historical\PROJ_050\pm2_5\PROJ_050_12235671_pm2_5_2025_09_p1_20260924T221418.json","524380","0.5","RAW_SOURCE","LOCAL_ONLY","Raw OpenAQ/API downloads"
"data\raw\air_quality\openaq\historical\PROJ_050\pm2_5\PROJ_050_12235671_pm2_5_2025_10_p1_20260924T222318.json","546486","0.52","RAW_SOURCE","LOCAL_ONLY","Raw OpenAQ/API downloads"
"data\raw\air_quality\openaq\historical\PROJ_050\pm2_5\PROJ_050_12235671_pm2_5_2025_11_p1_20260924T223223.json","535796","0.51","RAW_SOURCE","LOCAL_ONLY","Raw OpenAQ/API downloads"
"data\raw\air_quality\openaq\historical\PROJ_050\pm2_5\PROJ_050_12235671_pm2_5_2025_12_p1_20260924T224130.json","586576","0.56","RAW_SOURCE","LOCAL_ONLY","Raw OpenAQ/API downloads"
"data\raw\air_quality\openaq\historical\PROJ_050\pm2_5\PROJ_050_12235671_pm2_5_2026_01_p1_20260924T225036.json","402970","0.38","RAW_SOURCE","LOCAL_ONLY","Raw OpenAQ/API downloads"
"data\raw\air_quality\openaq\historical\PROJ_050\pm2_5\PROJ_050_12235671_pm2_5_2026_02_p1_20260924T225925.json","438705","0.42","RAW_SOURCE","LOCAL_ONLY","Raw OpenAQ/API downloads"
"data\raw\air_quality\openaq\historical\PROJ_050\pm2_5\PROJ_050_12235671_pm2_5_2026_03_p1_20260924T230814.json","583783","0.56","RAW_SOURCE","LOCAL_ONLY","Raw OpenAQ/API downloads"
"data\raw\air_quality\openaq\historical\PROJ_050\pm2_5\PROJ_050_12235671_pm2_5_2026_04_p1_20260924T231732.json","558870","0.53","RAW_SOURCE","LOCAL_ONLY","Raw OpenAQ/API downloads"
"data\raw\air_quality\openaq\historical\PROJ_050\pm2_5\PROJ_050_12235671_pm2_5_2026_05_p1_20260924T232640.json","567089","0.54","RAW_SOURCE","LOCAL_ONLY","Raw OpenAQ/API downloads"
"data\raw\air_quality\openaq\historical\PROJ_050\pm2_5\PROJ_050_12235671_pm2_5_2026_06_p1_20260924T233602.json","517429","0.49","RAW_SOURCE","LOCAL_ONLY","Raw OpenAQ/API downloads"
"data\raw\air_quality\openaq\historical\PROJ_050\pm2_5\PROJ_050_12235671_pm2_5_2026_07_p1_20260924T234503.json","561916","0.54","RAW_SOURCE","LOCAL_ONLY","Raw OpenAQ/API downloads"
"data\raw\air_quality\openaq\historical\PROJ_050\pm2_5\PROJ_050_12235671_pm2_5_2026_08_p1_20260924T235432.json","497704","0.47","RAW_SOURCE","LOCAL_ONLY","Raw OpenAQ/API downloads"
"data\raw\air_quality\openaq\historical\PROJ_050\pm2_5\PROJ_050_12235671_pm2_5_2026_09_p1_20260925T000303.json","349522","0.33","RAW_SOURCE","LOCAL_ONLY","Raw OpenAQ/API downloads"
"data\raw\air_quality\openaq\historical\PROJ_050\so2\PROJ_050_12235673_so2_2025_03_p1_20260924T194047.json","586703","0.56","RAW_SOURCE","LOCAL_ONLY","Raw OpenAQ/API downloads"
"data\raw\air_quality\openaq\historical\PROJ_050\so2\PROJ_050_12235673_so2_2025_04_p1_20260924T212953.json","491524","0.47","RAW_SOURCE","LOCAL_ONLY","Raw OpenAQ/API downloads"
"data\raw\air_quality\openaq\historical\PROJ_050\so2\PROJ_050_12235673_so2_2025_05_p1_20260924T213810.json","542589","0.52","RAW_SOURCE","LOCAL_ONLY","Raw OpenAQ/API downloads"
"data\raw\air_quality\openaq\historical\PROJ_050\so2\PROJ_050_12235673_so2_2025_06_p1_20260924T214651.json","546535","0.52","RAW_SOURCE","LOCAL_ONLY","Raw OpenAQ/API downloads"
"data\raw\air_quality\openaq\historical\PROJ_050\so2\PROJ_050_12235673_so2_2025_07_p1_20260924T215600.json","495407","0.47","RAW_SOURCE","LOCAL_ONLY","Raw OpenAQ/API downloads"
"data\raw\air_quality\openaq\historical\PROJ_050\so2\PROJ_050_12235673_so2_2025_08_p1_20260924T220506.json","593245","0.57","RAW_SOURCE","LOCAL_ONLY","Raw OpenAQ/API downloads"
"data\raw\air_quality\openaq\historical\PROJ_050\so2\PROJ_050_12235673_so2_2025_09_p1_20260924T221414.json","549369","0.52","RAW_SOURCE","LOCAL_ONLY","Raw OpenAQ/API downloads"
"data\raw\air_quality\openaq\historical\PROJ_050\so2\PROJ_050_12235673_so2_2025_10_p1_20260924T222313.json","572862","0.55","RAW_SOURCE","LOCAL_ONLY","Raw OpenAQ/API downloads"
"data\raw\air_quality\openaq\historical\PROJ_050\so2\PROJ_050_12235673_so2_2025_11_p1_20260924T223218.json","558217","0.53","RAW_SOURCE","LOCAL_ONLY","Raw OpenAQ/API downloads"
"data\raw\air_quality\openaq\historical\PROJ_050\so2\PROJ_050_12235673_so2_2025_12_p1_20260924T224125.json","609173","0.58","RAW_SOURCE","LOCAL_ONLY","Raw OpenAQ/API downloads"
"data\raw\air_quality\openaq\historical\PROJ_050\so2\PROJ_050_12235673_so2_2026_01_p1_20260924T225032.json","418801","0.4","RAW_SOURCE","LOCAL_ONLY","Raw OpenAQ/API downloads"
"data\raw\air_quality\openaq\historical\PROJ_050\so2\PROJ_050_12235673_so2_2026_02_p1_20260924T225921.json","458593","0.44","RAW_SOURCE","LOCAL_ONLY","Raw OpenAQ/API downloads"
"data\raw\air_quality\openaq\historical\PROJ_050\so2\PROJ_050_12235673_so2_2026_03_p1_20260924T230809.json","601320","0.57","RAW_SOURCE","LOCAL_ONLY","Raw OpenAQ/API downloads"
"data\raw\air_quality\openaq\historical\PROJ_050\so2\PROJ_050_12235673_so2_2026_04_p1_20260924T231726.json","577665","0.55","RAW_SOURCE","LOCAL_ONLY","Raw OpenAQ/API downloads"
"data\raw\air_quality\openaq\historical\PROJ_050\so2\PROJ_050_12235673_so2_2026_05_p1_20260924T232635.json","584332","0.56","RAW_SOURCE","LOCAL_ONLY","Raw OpenAQ/API downloads"
"data\raw\air_quality\openaq\historical\PROJ_050\so2\PROJ_050_12235673_so2_2026_06_p1_20260924T233558.json","494664","0.47","RAW_SOURCE","LOCAL_ONLY","Raw OpenAQ/API downloads"
"data\raw\air_quality\openaq\historical\PROJ_050\so2\PROJ_050_12235673_so2_2026_07_p1_20260924T234500.json","593729","0.57","RAW_SOURCE","LOCAL_ONLY","Raw OpenAQ/API downloads"
"data\raw\air_quality\openaq\historical\PROJ_050\so2\PROJ_050_12235673_so2_2026_08_p1_20260924T235428.json","528937","0.5","RAW_SOURCE","LOCAL_ONLY","Raw OpenAQ/API downloads"
"data\raw\air_quality\openaq\historical\PROJ_050\so2\PROJ_050_12235673_so2_2026_09_p1_20260925T000259.json","337462","0.32","RAW_SOURCE","LOCAL_ONLY","Raw OpenAQ/API downloads"
"data\raw\air_quality\openaq\historical\PROJ_051\co\PROJ_051_12234800_co_2025_03_p1_20260924T194108.json","570608","0.54","RAW_SOURCE","LOCAL_ONLY","Raw OpenAQ/API downloads"
"data\raw\air_quality\openaq\historical\PROJ_051\co\PROJ_051_12234800_co_2025_04_p1_20260924T213018.json","444582","0.42","RAW_SOURCE","LOCAL_ONLY","Raw OpenAQ/API downloads"
"data\raw\air_quality\openaq\historical\PROJ_051\co\PROJ_051_12234800_co_2025_05_p1_20260924T213836.json","490886","0.47","RAW_SOURCE","LOCAL_ONLY","Raw OpenAQ/API downloads"
"data\raw\air_quality\openaq\historical\PROJ_051\co\PROJ_051_12234800_co_2025_06_p1_20260924T214717.json","448833","0.43","RAW_SOURCE","LOCAL_ONLY","Raw OpenAQ/API downloads"
"data\raw\air_quality\openaq\historical\PROJ_051\co\PROJ_051_12234800_co_2025_07_p1_20260924T215625.json","595496","0.57","RAW_SOURCE","LOCAL_ONLY","Raw OpenAQ/API downloads"
"data\raw\air_quality\openaq\historical\PROJ_051\co\PROJ_051_12234800_co_2025_08_p1_20260924T220531.json","592848","0.57","RAW_SOURCE","LOCAL_ONLY","Raw OpenAQ/API downloads"
"data\raw\air_quality\openaq\historical\PROJ_051\co\PROJ_051_12234800_co_2025_09_p1_20260924T221438.json","569957","0.54","RAW_SOURCE","LOCAL_ONLY","Raw OpenAQ/API downloads"
"data\raw\air_quality\openaq\historical\PROJ_051\co\PROJ_051_12234800_co_2025_10_p1_20260924T222342.json","575692","0.55","RAW_SOURCE","LOCAL_ONLY","Raw OpenAQ/API downloads"
"data\raw\air_quality\openaq\historical\PROJ_051\co\PROJ_051_12234800_co_2025_11_p1_20260924T223245.json","537605","0.51","RAW_SOURCE","LOCAL_ONLY","Raw OpenAQ/API downloads"
"data\raw\air_quality\openaq\historical\PROJ_051\co\PROJ_051_12234800_co_2025_12_p1_20260924T224153.json","591228","0.56","RAW_SOURCE","LOCAL_ONLY","Raw OpenAQ/API downloads"
"data\raw\air_quality\openaq\historical\PROJ_051\co\PROJ_051_12234800_co_2026_01_p1_20260924T225055.json","403681","0.38","RAW_SOURCE","LOCAL_ONLY","Raw OpenAQ/API downloads"
"data\raw\air_quality\openaq\historical\PROJ_051\co\PROJ_051_12234800_co_2026_02_p1_20260924T225946.json","463221","0.44","RAW_SOURCE","LOCAL_ONLY","Raw OpenAQ/API downloads"
"data\raw\air_quality\openaq\historical\PROJ_051\co\PROJ_051_12234800_co_2026_03_p1_20260924T230838.json","574873","0.55","RAW_SOURCE","LOCAL_ONLY","Raw OpenAQ/API downloads"
"data\raw\air_quality\openaq\historical\PROJ_051\co\PROJ_051_12234800_co_2026_04_p1_20260924T231754.json","502234","0.48","RAW_SOURCE","LOCAL_ONLY","Raw OpenAQ/API downloads"
"data\raw\air_quality\openaq\historical\PROJ_051\co\PROJ_051_12234800_co_2026_05_p1_20260924T232705.json","523057","0.5","RAW_SOURCE","LOCAL_ONLY","Raw OpenAQ/API downloads"
"data\raw\air_quality\openaq\historical\PROJ_051\co\PROJ_051_12234800_co_2026_06_p1_20260924T233620.json","483676","0.46","RAW_SOURCE","LOCAL_ONLY","Raw OpenAQ/API downloads"
"data\raw\air_quality\openaq\historical\PROJ_051\co\PROJ_051_12234800_co_2026_07_p1_20260924T234529.json","535958","0.51","RAW_SOURCE","LOCAL_ONLY","Raw OpenAQ/API downloads"
"data\raw\air_quality\openaq\historical\PROJ_051\co\PROJ_051_12234800_co_2026_08_p1_20260924T235453.json","523794","0.5","RAW_SOURCE","LOCAL_ONLY","Raw OpenAQ/API downloads"
"data\raw\air_quality\openaq\historical\PROJ_051\co\PROJ_051_12234800_co_2026_09_p1_20260925T000325.json","395402","0.38","RAW_SOURCE","LOCAL_ONLY","Raw OpenAQ/API downloads"
"data\raw\air_quality\openaq\historical\PROJ_051\no2\PROJ_051_12234802_no2_2025_03_p1_20260924T194115.json","570770","0.54","RAW_SOURCE","LOCAL_ONLY","Raw OpenAQ/API downloads"
"data\raw\air_quality\openaq\historical\PROJ_051\no2\PROJ_051_12234802_no2_2025_04_p1_20260924T213028.json","446562","0.43","RAW_SOURCE","LOCAL_ONLY","Raw OpenAQ/API downloads"
"data\raw\air_quality\openaq\historical\PROJ_051\no2\PROJ_051_12234802_no2_2025_05_p1_20260924T213846.json","495232","0.47","RAW_SOURCE","LOCAL_ONLY","Raw OpenAQ/API downloads"
"data\raw\air_quality\openaq\historical\PROJ_051\no2\PROJ_051_12234802_no2_2025_06_p1_20260924T214725.json","437333","0.42","RAW_SOURCE","LOCAL_ONLY","Raw OpenAQ/API downloads"
"data\raw\air_quality\openaq\historical\PROJ_051\no2\PROJ_051_12234802_no2_2025_07_p1_20260924T215635.json","599811","0.57","RAW_SOURCE","LOCAL_ONLY","Raw OpenAQ/API downloads"
"data\raw\air_quality\openaq\historical\PROJ_051\no2\PROJ_051_12234802_no2_2025_08_p1_20260924T220539.json","597209","0.57","RAW_SOURCE","LOCAL_ONLY","Raw OpenAQ/API downloads"
"data\raw\air_quality\openaq\historical\PROJ_051\no2\PROJ_051_12234802_no2_2025_09_p1_20260924T221448.json","575042","0.55","RAW_SOURCE","LOCAL_ONLY","Raw OpenAQ/API downloads"
"data\raw\air_quality\openaq\historical\PROJ_051\no2\PROJ_051_12234802_no2_2025_10_p1_20260924T222352.json","577843","0.55","RAW_SOURCE","LOCAL_ONLY","Raw OpenAQ/API downloads"
"data\raw\air_quality\openaq\historical\PROJ_051\no2\PROJ_051_12234802_no2_2025_11_p1_20260924T223255.json","537793","0.51","RAW_SOURCE","LOCAL_ONLY","Raw OpenAQ/API downloads"
"data\raw\air_quality\openaq\historical\PROJ_051\no2\PROJ_051_12234802_no2_2025_12_p1_20260924T224203.json","600090","0.57","RAW_SOURCE","LOCAL_ONLY","Raw OpenAQ/API downloads"
"data\raw\air_quality\openaq\historical\PROJ_051\no2\PROJ_051_12234802_no2_2026_01_p1_20260924T225104.json","410392","0.39","RAW_SOURCE","LOCAL_ONLY","Raw OpenAQ/API downloads"
"data\raw\air_quality\openaq\historical\PROJ_051\no2\PROJ_051_12234802_no2_2026_02_p1_20260924T225956.json","464957","0.44","RAW_SOURCE","LOCAL_ONLY","Raw OpenAQ/API downloads"
"data\raw\air_quality\openaq\historical\PROJ_051\no2\PROJ_051_12234802_no2_2026_03_p1_20260924T230846.json","573894","0.55","RAW_SOURCE","LOCAL_ONLY","Raw OpenAQ/API downloads"
"data\raw\air_quality\openaq\historical\PROJ_051\no2\PROJ_051_12234802_no2_2026_04_p1_20260924T231802.json","506069","0.48","RAW_SOURCE","LOCAL_ONLY","Raw OpenAQ/API downloads"
"data\raw\air_quality\openaq\historical\PROJ_051\no2\PROJ_051_12234802_no2_2026_05_p1_20260924T232715.json","529069","0.5","RAW_SOURCE","LOCAL_ONLY","Raw OpenAQ/API downloads"
"data\raw\air_quality\openaq\historical\PROJ_051\no2\PROJ_051_12234802_no2_2026_06_p1_20260924T233630.json","488279","0.47","RAW_SOURCE","LOCAL_ONLY","Raw OpenAQ/API downloads"
"data\raw\air_quality\openaq\historical\PROJ_051\no2\PROJ_051_12234802_no2_2026_07_p1_20260924T234539.json","544656","0.52","RAW_SOURCE","LOCAL_ONLY","Raw OpenAQ/API downloads"
"data\raw\air_quality\openaq\historical\PROJ_051\no2\PROJ_051_12234802_no2_2026_08_p1_20260924T235504.json","529524","0.5","RAW_SOURCE","LOCAL_ONLY","Raw OpenAQ/API downloads"
"data\raw\air_quality\openaq\historical\PROJ_051\no2\PROJ_051_12234802_no2_2026_09_p1_20260925T000333.json","400229","0.38","RAW_SOURCE","LOCAL_ONLY","Raw OpenAQ/API downloads"
"data\raw\air_quality\openaq\historical\PROJ_051\o3\PROJ_051_12234803_o3_2025_03_p1_20260924T194111.json","576506","0.55","RAW_SOURCE","LOCAL_ONLY","Raw OpenAQ/API downloads"
"data\raw\air_quality\openaq\historical\PROJ_051\o3\PROJ_051_12234803_o3_2025_04_p1_20260924T213023.json","448303","0.43","RAW_SOURCE","LOCAL_ONLY","Raw OpenAQ/API downloads"
"data\raw\air_quality\openaq\historical\PROJ_051\o3\PROJ_051_12234803_o3_2025_05_p1_20260924T213841.json","497696","0.47","RAW_SOURCE","LOCAL_ONLY","Raw OpenAQ/API downloads"
"data\raw\air_quality\openaq\historical\PROJ_051\o3\PROJ_051_12234803_o3_2025_06_p1_20260924T214722.json","451759","0.43","RAW_SOURCE","LOCAL_ONLY","Raw OpenAQ/API downloads"
"data\raw\air_quality\openaq\historical\PROJ_051\o3\PROJ_051_12234803_o3_2025_07_p1_20260924T215630.json","603244","0.58","RAW_SOURCE","LOCAL_ONLY","Raw OpenAQ/API downloads"
"data\raw\air_quality\openaq\historical\PROJ_051\o3\PROJ_051_12234803_o3_2025_08_p1_20260924T220535.json","600829","0.57","RAW_SOURCE","LOCAL_ONLY","Raw OpenAQ/API downloads"
"data\raw\air_quality\openaq\historical\PROJ_051\o3\PROJ_051_12234803_o3_2025_09_p1_20260924T221442.json","578995","0.55","RAW_SOURCE","LOCAL_ONLY","Raw OpenAQ/API downloads"
"data\raw\air_quality\openaq\historical\PROJ_051\o3\PROJ_051_12234803_o3_2025_10_p1_20260924T222347.json","581190","0.55","RAW_SOURCE","LOCAL_ONLY","Raw OpenAQ/API downloads"
"data\raw\air_quality\openaq\historical\PROJ_051\o3\PROJ_051_12234803_o3_2025_11_p1_20260924T223250.json","541743","0.52","RAW_SOURCE","LOCAL_ONLY","Raw OpenAQ/API downloads"
"data\raw\air_quality\openaq\historical\PROJ_051\o3\PROJ_051_12234803_o3_2025_12_p1_20260924T224158.json","598453","0.57","RAW_SOURCE","LOCAL_ONLY","Raw OpenAQ/API downloads"
"data\raw\air_quality\openaq\historical\PROJ_051\o3\PROJ_051_12234803_o3_2026_01_p1_20260924T225059.json","408802","0.39","RAW_SOURCE","LOCAL_ONLY","Raw OpenAQ/API downloads"
"data\raw\air_quality\openaq\historical\PROJ_051\o3\PROJ_051_12234803_o3_2026_02_p1_20260924T225951.json","469026","0.45","RAW_SOURCE","LOCAL_ONLY","Raw OpenAQ/API downloads"
"data\raw\air_quality\openaq\historical\PROJ_051\o3\PROJ_051_12234803_o3_2026_03_p1_20260924T230841.json","582405","0.56","RAW_SOURCE","LOCAL_ONLY","Raw OpenAQ/API downloads"
"data\raw\air_quality\openaq\historical\PROJ_051\o3\PROJ_051_12234803_o3_2026_04_p1_20260924T231759.json","509038","0.49","RAW_SOURCE","LOCAL_ONLY","Raw OpenAQ/API downloads"
"data\raw\air_quality\openaq\historical\PROJ_051\o3\PROJ_051_12234803_o3_2026_05_p1_20260924T232711.json","529648","0.51","RAW_SOURCE","LOCAL_ONLY","Raw OpenAQ/API downloads"
"data\raw\air_quality\openaq\historical\PROJ_051\o3\PROJ_051_12234803_o3_2026_06_p1_20260924T233625.json","494614","0.47","RAW_SOURCE","LOCAL_ONLY","Raw OpenAQ/API downloads"
"data\raw\air_quality\openaq\historical\PROJ_051\o3\PROJ_051_12234803_o3_2026_07_p1_20260924T234534.json","553713","0.53","RAW_SOURCE","LOCAL_ONLY","Raw OpenAQ/API downloads"
"data\raw\air_quality\openaq\historical\PROJ_051\o3\PROJ_051_12234803_o3_2026_08_p1_20260924T235501.json","538293","0.51","RAW_SOURCE","LOCAL_ONLY","Raw OpenAQ/API downloads"
"data\raw\air_quality\openaq\historical\PROJ_051\o3\PROJ_051_12234803_o3_2026_09_p1_20260925T000329.json","401146","0.38","RAW_SOURCE","LOCAL_ONLY","Raw OpenAQ/API downloads"
"data\raw\air_quality\openaq\historical\PROJ_051\pm10\PROJ_051_12234804_pm10_2025_03_p1_20260924T194056.json","564419","0.54","RAW_SOURCE","LOCAL_ONLY","Raw OpenAQ/API downloads"
"data\raw\air_quality\openaq\historical\PROJ_051\pm10\PROJ_051_12234804_pm10_2025_04_p1_20260924T213005.json","440943","0.42","RAW_SOURCE","LOCAL_ONLY","Raw OpenAQ/API downloads"
"data\raw\air_quality\openaq\historical\PROJ_051\pm10\PROJ_051_12234804_pm10_2025_05_p1_20260924T213823.json","487739","0.47","RAW_SOURCE","LOCAL_ONLY","Raw OpenAQ/API downloads"
"data\raw\air_quality\openaq\historical\PROJ_051\pm10\PROJ_051_12234804_pm10_2025_06_p1_20260924T214704.json","440301","0.42","RAW_SOURCE","LOCAL_ONLY","Raw OpenAQ/API downloads"
"data\raw\air_quality\openaq\historical\PROJ_051\pm10\PROJ_051_12234804_pm10_2025_07_p1_20260924T215612.json","584428","0.56","RAW_SOURCE","LOCAL_ONLY","Raw OpenAQ/API downloads"
"data\raw\air_quality\openaq\historical\PROJ_051\pm10\PROJ_051_12234804_pm10_2025_08_p1_20260924T220520.json","583134","0.56","RAW_SOURCE","LOCAL_ONLY","Raw OpenAQ/API downloads"
"data\raw\air_quality\openaq\historical\PROJ_051\pm10\PROJ_051_12234804_pm10_2025_09_p1_20260924T221425.json","564403","0.54","RAW_SOURCE","LOCAL_ONLY","Raw OpenAQ/API downloads"
"data\raw\air_quality\openaq\historical\PROJ_051\pm10\PROJ_051_12234804_pm10_2025_10_p1_20260924T222327.json","567071","0.54","RAW_SOURCE","LOCAL_ONLY","Raw OpenAQ/API downloads"
"data\raw\air_quality\openaq\historical\PROJ_051\pm10\PROJ_051_12234804_pm10_2025_11_p1_20260924T223233.json","530621","0.51","RAW_SOURCE","LOCAL_ONLY","Raw OpenAQ/API downloads"
"data\raw\air_quality\openaq\historical\PROJ_051\pm10\PROJ_051_12234804_pm10_2025_12_p1_20260924T224141.json","585131","0.56","RAW_SOURCE","LOCAL_ONLY","Raw OpenAQ/API downloads"
"data\raw\air_quality\openaq\historical\PROJ_051\pm10\PROJ_051_12234804_pm10_2026_01_p1_20260924T225044.json","398865","0.38","RAW_SOURCE","LOCAL_ONLY","Raw OpenAQ/API downloads"
"data\raw\air_quality\openaq\historical\PROJ_051\pm10\PROJ_051_12234804_pm10_2026_02_p1_20260924T225934.json","458173","0.44","RAW_SOURCE","LOCAL_ONLY","Raw OpenAQ/API downloads"
"data\raw\air_quality\openaq\historical\PROJ_051\pm10\PROJ_051_12234804_pm10_2026_03_p1_20260924T230824.json","567456","0.54","RAW_SOURCE","LOCAL_ONLY","Raw OpenAQ/API downloads"
"data\raw\air_quality\openaq\historical\PROJ_051\pm10\PROJ_051_12234804_pm10_2026_04_p1_20260924T231741.json","496056","0.47","RAW_SOURCE","LOCAL_ONLY","Raw OpenAQ/API downloads"
"data\raw\air_quality\openaq\historical\PROJ_051\pm10\PROJ_051_12234804_pm10_2026_05_p1_20260924T232649.json","516145","0.49","RAW_SOURCE","LOCAL_ONLY","Raw OpenAQ/API downloads"
"data\raw\air_quality\openaq\historical\PROJ_051\pm10\PROJ_051_12234804_pm10_2026_06_p1_20260924T233610.json","482142","0.46","RAW_SOURCE","LOCAL_ONLY","Raw OpenAQ/API downloads"
"data\raw\air_quality\openaq\historical\PROJ_051\pm10\PROJ_051_12234804_pm10_2026_07_p1_20260924T234514.json","532781","0.51","RAW_SOURCE","LOCAL_ONLY","Raw OpenAQ/API downloads"
"data\raw\air_quality\openaq\historical\PROJ_051\pm10\PROJ_051_12234804_pm10_2026_08_p1_20260924T235441.json","508288","0.48","RAW_SOURCE","LOCAL_ONLY","Raw OpenAQ/API downloads"
"data\raw\air_quality\openaq\historical\PROJ_051\pm10\PROJ_051_12234804_pm10_2026_09_p1_20260925T000312.json","390258","0.37","RAW_SOURCE","LOCAL_ONLY","Raw OpenAQ/API downloads"
"data\raw\air_quality\openaq\historical\PROJ_051\pm2_5\PROJ_051_12234805_pm2_5_2025_03_p1_20260924T194104.json","567183","0.54","RAW_SOURCE","LOCAL_ONLY","Raw OpenAQ/API downloads"
"data\raw\air_quality\openaq\historical\PROJ_051\pm2_5\PROJ_051_12234805_pm2_5_2025_04_p1_20260924T213013.json","442707","0.42","RAW_SOURCE","LOCAL_ONLY","Raw OpenAQ/API downloads"
"data\raw\air_quality\openaq\historical\PROJ_051\pm2_5\PROJ_051_12234805_pm2_5_2025_05_p1_20260924T213833.json","486737","0.46","RAW_SOURCE","LOCAL_ONLY","Raw OpenAQ/API downloads"
"data\raw\air_quality\openaq\historical\PROJ_051\pm2_5\PROJ_051_12234805_pm2_5_2025_06_p1_20260924T214712.json","442010","0.42","RAW_SOURCE","LOCAL_ONLY","Raw OpenAQ/API downloads"
"data\raw\air_quality\openaq\historical\PROJ_051\pm2_5\PROJ_051_12234805_pm2_5_2025_07_p1_20260924T215622.json","592369","0.56","RAW_SOURCE","LOCAL_ONLY","Raw OpenAQ/API downloads"
"data\raw\air_quality\openaq\historical\PROJ_051\pm2_5\PROJ_051_12234805_pm2_5_2025_08_p1_20260924T220528.json","588441","0.56","RAW_SOURCE","LOCAL_ONLY","Raw OpenAQ/API downloads"
"data\raw\air_quality\openaq\historical\PROJ_051\pm2_5\PROJ_051_12234805_pm2_5_2025_09_p1_20260924T221433.json","568500","0.54","RAW_SOURCE","LOCAL_ONLY","Raw OpenAQ/API downloads"
"data\raw\air_quality\openaq\historical\PROJ_051\pm2_5\PROJ_051_12234805_pm2_5_2025_10_p1_20260924T222337.json","567609","0.54","RAW_SOURCE","LOCAL_ONLY","Raw OpenAQ/API downloads"
"data\raw\air_quality\openaq\historical\PROJ_051\pm2_5\PROJ_051_12234805_pm2_5_2025_11_p1_20260924T223242.json","526943","0.5","RAW_SOURCE","LOCAL_ONLY","Raw OpenAQ/API downloads"
"data\raw\air_quality\openaq\historical\PROJ_051\pm2_5\PROJ_051_12234805_pm2_5_2025_12_p1_20260924T224148.json","582210","0.56","RAW_SOURCE","LOCAL_ONLY","Raw OpenAQ/API downloads"
"data\raw\air_quality\openaq\historical\PROJ_051\pm2_5\PROJ_051_12234805_pm2_5_2026_01_p1_20260924T225051.json","396115","0.38","RAW_SOURCE","LOCAL_ONLY","Raw OpenAQ/API downloads"
"data\raw\air_quality\openaq\historical\PROJ_051\pm2_5\PROJ_051_12234805_pm2_5_2026_02_p1_20260924T225943.json","456460","0.44","RAW_SOURCE","LOCAL_ONLY","Raw OpenAQ/API downloads"
"data\raw\air_quality\openaq\historical\PROJ_051\pm2_5\PROJ_051_12234805_pm2_5_2026_03_p1_20260924T230833.json","567619","0.54","RAW_SOURCE","LOCAL_ONLY","Raw OpenAQ/API downloads"
"data\raw\air_quality\openaq\historical\PROJ_051\pm2_5\PROJ_051_12234805_pm2_5_2026_04_p1_20260924T231750.json","493758","0.47","RAW_SOURCE","LOCAL_ONLY","Raw OpenAQ/API downloads"
"data\raw\air_quality\openaq\historical\PROJ_051\pm2_5\PROJ_051_12234805_pm2_5_2026_05_p1_20260924T232700.json","513632","0.49","RAW_SOURCE","LOCAL_ONLY","Raw OpenAQ/API downloads"
"data\raw\air_quality\openaq\historical\PROJ_051\pm2_5\PROJ_051_12234805_pm2_5_2026_06_p1_20260924T233617.json","477660","0.46","RAW_SOURCE","LOCAL_ONLY","Raw OpenAQ/API downloads"
"data\raw\air_quality\openaq\historical\PROJ_051\pm2_5\PROJ_051_12234805_pm2_5_2026_07_p1_20260924T234524.json","529100","0.5","RAW_SOURCE","LOCAL_ONLY","Raw OpenAQ/API downloads"
"data\raw\air_quality\openaq\historical\PROJ_051\pm2_5\PROJ_051_12234805_pm2_5_2026_08_p1_20260924T235450.json","504718","0.48","RAW_SOURCE","LOCAL_ONLY","Raw OpenAQ/API downloads"
"data\raw\air_quality\openaq\historical\PROJ_051\pm2_5\PROJ_051_12234805_pm2_5_2026_09_p1_20260925T000321.json","388609","0.37","RAW_SOURCE","LOCAL_ONLY","Raw OpenAQ/API downloads"
"data\raw\air_quality\openaq\historical\PROJ_051\so2\PROJ_051_12234807_so2_2025_03_p1_20260924T194100.json","574881","0.55","RAW_SOURCE","LOCAL_ONLY","Raw OpenAQ/API downloads"
"data\raw\air_quality\openaq\historical\PROJ_051\so2\PROJ_051_12234807_so2_2025_04_p1_20260924T213010.json","447532","0.43","RAW_SOURCE","LOCAL_ONLY","Raw OpenAQ/API downloads"
"data\raw\air_quality\openaq\historical\PROJ_051\so2\PROJ_051_12234807_so2_2025_05_p1_20260924T213828.json","494440","0.47","RAW_SOURCE","LOCAL_ONLY","Raw OpenAQ/API downloads"
"data\raw\air_quality\openaq\historical\PROJ_051\so2\PROJ_051_12234807_so2_2025_06_p1_20260924T214709.json","451396","0.43","RAW_SOURCE","LOCAL_ONLY","Raw OpenAQ/API downloads"
"data\raw\air_quality\openaq\historical\PROJ_051\so2\PROJ_051_12234807_so2_2025_07_p1_20260924T215617.json","599061","0.57","RAW_SOURCE","LOCAL_ONLY","Raw OpenAQ/API downloads"
"data\raw\air_quality\openaq\historical\PROJ_051\so2\PROJ_051_12234807_so2_2025_08_p1_20260924T220524.json","598237","0.57","RAW_SOURCE","LOCAL_ONLY","Raw OpenAQ/API downloads"
"data\raw\air_quality\openaq\historical\PROJ_051\so2\PROJ_051_12234807_so2_2025_09_p1_20260924T221429.json","575923","0.55","RAW_SOURCE","LOCAL_ONLY","Raw OpenAQ/API downloads"
"data\raw\air_quality\openaq\historical\PROJ_051\so2\PROJ_051_12234807_so2_2025_10_p1_20260924T222332.json","577999","0.55","RAW_SOURCE","LOCAL_ONLY","Raw OpenAQ/API downloads"
"data\raw\air_quality\openaq\historical\PROJ_051\so2\PROJ_051_12234807_so2_2025_11_p1_20260924T223237.json","537578","0.51","RAW_SOURCE","LOCAL_ONLY","Raw OpenAQ/API downloads"
"data\raw\air_quality\openaq\historical\PROJ_051\so2\PROJ_051_12234807_so2_2025_12_p1_20260924T224145.json","598030","0.57","RAW_SOURCE","LOCAL_ONLY","Raw OpenAQ/API downloads"
"data\raw\air_quality\openaq\historical\PROJ_051\so2\PROJ_051_12234807_so2_2026_01_p1_20260924T225048.json","408624","0.39","RAW_SOURCE","LOCAL_ONLY","Raw OpenAQ/API downloads"
"data\raw\air_quality\openaq\historical\PROJ_051\so2\PROJ_051_12234807_so2_2026_02_p1_20260924T225939.json","467815","0.45","RAW_SOURCE","LOCAL_ONLY","Raw OpenAQ/API downloads"
"data\raw\air_quality\openaq\historical\PROJ_051\so2\PROJ_051_12234807_so2_2026_03_p1_20260924T230828.json","581735","0.55","RAW_SOURCE","LOCAL_ONLY","Raw OpenAQ/API downloads"
"data\raw\air_quality\openaq\historical\PROJ_051\so2\PROJ_051_12234807_so2_2026_04_p1_20260924T231745.json","508145","0.48","RAW_SOURCE","LOCAL_ONLY","Raw OpenAQ/API downloads"
"data\raw\air_quality\openaq\historical\PROJ_051\so2\PROJ_051_12234807_so2_2026_05_p1_20260924T232654.json","530349","0.51","RAW_SOURCE","LOCAL_ONLY","Raw OpenAQ/API downloads"
"data\raw\air_quality\openaq\historical\PROJ_051\so2\PROJ_051_12234807_so2_2026_06_p1_20260924T233613.json","491208","0.47","RAW_SOURCE","LOCAL_ONLY","Raw OpenAQ/API downloads"
"data\raw\air_quality\openaq\historical\PROJ_051\so2\PROJ_051_12234807_so2_2026_07_p1_20260924T234519.json","538432","0.51","RAW_SOURCE","LOCAL_ONLY","Raw OpenAQ/API downloads"
"data\raw\air_quality\openaq\historical\PROJ_051\so2\PROJ_051_12234807_so2_2026_08_p1_20260924T235446.json","531639","0.51","RAW_SOURCE","LOCAL_ONLY","Raw OpenAQ/API downloads"
"data\raw\air_quality\openaq\historical\PROJ_051\so2\PROJ_051_12234807_so2_2026_09_p1_20260925T000317.json","397959","0.38","RAW_SOURCE","LOCAL_ONLY","Raw OpenAQ/API downloads"
"data\raw\air_quality\openaq\historical\PROJ_063\co\PROJ_063_12235517_co_2025_03_p1_20260924T194126.json","580628","0.55","RAW_SOURCE","LOCAL_ONLY","Raw OpenAQ/API downloads"
"data\raw\air_quality\openaq\historical\PROJ_063\co\PROJ_063_12235517_co_2025_04_p1_20260924T213040.json","416134","0.4","RAW_SOURCE","LOCAL_ONLY","Raw OpenAQ/API downloads"
"data\raw\air_quality\openaq\historical\PROJ_063\co\PROJ_063_12235517_co_2025_05_p1_20260924T213858.json","573517","0.55","RAW_SOURCE","LOCAL_ONLY","Raw OpenAQ/API downloads"
"data\raw\air_quality\openaq\historical\PROJ_063\co\PROJ_063_12235517_co_2025_06_p1_20260924T214739.json","477983","0.46","RAW_SOURCE","LOCAL_ONLY","Raw OpenAQ/API downloads"
"data\raw\air_quality\openaq\historical\PROJ_063\co\PROJ_063_12235517_co_2025_07_p1_20260924T215649.json","601929","0.57","RAW_SOURCE","LOCAL_ONLY","Raw OpenAQ/API downloads"
"data\raw\air_quality\openaq\historical\PROJ_063\co\PROJ_063_12235517_co_2025_08_p1_20260924T220551.json","541429","0.52","RAW_SOURCE","LOCAL_ONLY","Raw OpenAQ/API downloads"
"data\raw\air_quality\openaq\historical\PROJ_063\co\PROJ_063_12235517_co_2025_09_p1_20260924T221501.json","576900","0.55","RAW_SOURCE","LOCAL_ONLY","Raw OpenAQ/API downloads"
"data\raw\air_quality\openaq\historical\PROJ_063\co\PROJ_063_12235517_co_2025_10_p1_20260924T222404.json","586866","0.56","RAW_SOURCE","LOCAL_ONLY","Raw OpenAQ/API downloads"
"data\raw\air_quality\openaq\historical\PROJ_063\co\PROJ_063_12235517_co_2025_11_p1_20260924T223308.json","537448","0.51","RAW_SOURCE","LOCAL_ONLY","Raw OpenAQ/API downloads"
"data\raw\air_quality\openaq\historical\PROJ_063\co\PROJ_063_12235517_co_2025_12_p1_20260924T224217.json","590406","0.56","RAW_SOURCE","LOCAL_ONLY","Raw OpenAQ/API downloads"
"data\raw\air_quality\openaq\historical\PROJ_063\co\PROJ_063_12235517_co_2026_01_p1_20260924T225118.json","405151","0.39","RAW_SOURCE","LOCAL_ONLY","Raw OpenAQ/API downloads"
"data\raw\air_quality\openaq\historical\PROJ_063\co\PROJ_063_12235517_co_2026_02_p1_20260924T230009.json","468252","0.45","RAW_SOURCE","LOCAL_ONLY","Raw OpenAQ/API downloads"
"data\raw\air_quality\openaq\historical\PROJ_063\co\PROJ_063_12235517_co_2026_03_p1_20260924T230858.json","572498","0.55","RAW_SOURCE","LOCAL_ONLY","Raw OpenAQ/API downloads"
"data\raw\air_quality\openaq\historical\PROJ_063\co\PROJ_063_12235517_co_2026_04_p1_20260924T231817.json","558970","0.53","RAW_SOURCE","LOCAL_ONLY","Raw OpenAQ/API downloads"
"data\raw\air_quality\openaq\historical\PROJ_063\co\PROJ_063_12235517_co_2026_05_p1_20260924T232728.json","568702","0.54","RAW_SOURCE","LOCAL_ONLY","Raw OpenAQ/API downloads"
"data\raw\air_quality\openaq\historical\PROJ_063\co\PROJ_063_12235517_co_2026_06_p1_20260924T233642.json","521157","0.5","RAW_SOURCE","LOCAL_ONLY","Raw OpenAQ/API downloads"
"data\raw\air_quality\openaq\historical\PROJ_063\co\PROJ_063_12235517_co_2026_07_p1_20260924T234553.json","579182","0.55","RAW_SOURCE","LOCAL_ONLY","Raw OpenAQ/API downloads"
"data\raw\air_quality\openaq\historical\PROJ_063\co\PROJ_063_12235517_co_2026_08_p1_20260924T235517.json","540051","0.52","RAW_SOURCE","LOCAL_ONLY","Raw OpenAQ/API downloads"
"data\raw\air_quality\openaq\historical\PROJ_063\co\PROJ_063_12235517_co_2026_09_p1_20260925T000345.json","390508","0.37","RAW_SOURCE","LOCAL_ONLY","Raw OpenAQ/API downloads"
"data\raw\air_quality\openaq\historical\PROJ_063\no2\PROJ_063_12235519_no2_2025_03_p1_20260924T194133.json","579765","0.55","RAW_SOURCE","LOCAL_ONLY","Raw OpenAQ/API downloads"
"data\raw\air_quality\openaq\historical\PROJ_063\no2\PROJ_063_12235519_no2_2025_04_p1_20260924T213048.json","415185","0.4","RAW_SOURCE","LOCAL_ONLY","Raw OpenAQ/API downloads"
"data\raw\air_quality\openaq\historical\PROJ_063\no2\PROJ_063_12235519_no2_2025_05_p1_20260924T213907.json","572107","0.55","RAW_SOURCE","LOCAL_ONLY","Raw OpenAQ/API downloads"
"data\raw\air_quality\openaq\historical\PROJ_063\no2\PROJ_063_12235519_no2_2025_06_p1_20260924T214747.json","477724","0.46","RAW_SOURCE","LOCAL_ONLY","Raw OpenAQ/API downloads"
"data\raw\air_quality\openaq\historical\PROJ_063\no2\PROJ_063_12235519_no2_2025_07_p1_20260924T215658.json","602494","0.57","RAW_SOURCE","LOCAL_ONLY","Raw OpenAQ/API downloads"
"data\raw\air_quality\openaq\historical\PROJ_063\no2\PROJ_063_12235519_no2_2025_08_p1_20260924T220600.json","542662","0.52","RAW_SOURCE","LOCAL_ONLY","Raw OpenAQ/API downloads"
"data\raw\air_quality\openaq\historical\PROJ_063\no2\PROJ_063_12235519_no2_2025_09_p1_20260924T221511.json","577074","0.55","RAW_SOURCE","LOCAL_ONLY","Raw OpenAQ/API downloads"
"data\raw\air_quality\openaq\historical\PROJ_063\no2\PROJ_063_12235519_no2_2025_10_p1_20260924T222413.json","586491","0.56","RAW_SOURCE","LOCAL_ONLY","Raw OpenAQ/API downloads"
"data\raw\air_quality\openaq\historical\PROJ_063\no2\PROJ_063_12235519_no2_2025_11_p1_20260924T223316.json","537996","0.51","RAW_SOURCE","LOCAL_ONLY","Raw OpenAQ/API downloads"
"data\raw\air_quality\openaq\historical\PROJ_063\no2\PROJ_063_12235519_no2_2025_12_p1_20260924T224226.json","592862","0.57","RAW_SOURCE","LOCAL_ONLY","Raw OpenAQ/API downloads"
"data\raw\air_quality\openaq\historical\PROJ_063\no2\PROJ_063_12235519_no2_2026_01_p1_20260924T225126.json","404827","0.39","RAW_SOURCE","LOCAL_ONLY","Raw OpenAQ/API downloads"
"data\raw\air_quality\openaq\historical\PROJ_063\no2\PROJ_063_12235519_no2_2026_02_p1_20260924T230018.json","467668","0.45","RAW_SOURCE","LOCAL_ONLY","Raw OpenAQ/API downloads"
"data\raw\air_quality\openaq\historical\PROJ_063\no2\PROJ_063_12235519_no2_2026_03_p1_20260924T230908.json","570639","0.54","RAW_SOURCE","LOCAL_ONLY","Raw OpenAQ/API downloads"
"data\raw\air_quality\openaq\historical\PROJ_063\no2\PROJ_063_12235519_no2_2026_04_p1_20260924T231827.json","559116","0.53","RAW_SOURCE","LOCAL_ONLY","Raw OpenAQ/API downloads"
"data\raw\air_quality\openaq\historical\PROJ_063\no2\PROJ_063_12235519_no2_2026_05_p1_20260924T232738.json","568606","0.54","RAW_SOURCE","LOCAL_ONLY","Raw OpenAQ/API downloads"
"data\raw\air_quality\openaq\historical\PROJ_063\no2\PROJ_063_12235519_no2_2026_06_p1_20260924T233652.json","522030","0.5","RAW_SOURCE","LOCAL_ONLY","Raw OpenAQ/API downloads"
"data\raw\air_quality\openaq\historical\PROJ_063\no2\PROJ_063_12235519_no2_2026_07_p1_20260924T234602.json","586294","0.56","RAW_SOURCE","LOCAL_ONLY","Raw OpenAQ/API downloads"
"data\raw\air_quality\openaq\historical\PROJ_063\no2\PROJ_063_12235519_no2_2026_08_p1_20260924T235527.json","548161","0.52","RAW_SOURCE","LOCAL_ONLY","Raw OpenAQ/API downloads"
"data\raw\air_quality\openaq\historical\PROJ_063\no2\PROJ_063_12235519_no2_2026_09_p1_20260925T000354.json","395344","0.38","RAW_SOURCE","LOCAL_ONLY","Raw OpenAQ/API downloads"
"data\raw\air_quality\openaq\historical\PROJ_063\o3\PROJ_063_12235520_o3_2025_03_p1_20260924T194123.json","580636","0.55","RAW_SOURCE","LOCAL_ONLY","Raw OpenAQ/API downloads"
"data\raw\air_quality\openaq\historical\PROJ_063\o3\PROJ_063_12235520_o3_2025_04_p1_20260924T213036.json","415012","0.4","RAW_SOURCE","LOCAL_ONLY","Raw OpenAQ/API downloads"
"data\raw\air_quality\openaq\historical\PROJ_063\o3\PROJ_063_12235520_o3_2025_05_p1_20260924T213854.json","573631","0.55","RAW_SOURCE","LOCAL_ONLY","Raw OpenAQ/API downloads"
"data\raw\air_quality\openaq\historical\PROJ_063\o3\PROJ_063_12235520_o3_2025_06_p1_20260924T214734.json","478587","0.46","RAW_SOURCE","LOCAL_ONLY","Raw OpenAQ/API downloads"
"data\raw\air_quality\openaq\historical\PROJ_063\o3\PROJ_063_12235520_o3_2025_07_p1_20260924T215644.json","604167","0.58","RAW_SOURCE","LOCAL_ONLY","Raw OpenAQ/API downloads"
"data\raw\air_quality\openaq\historical\PROJ_063\o3\PROJ_063_12235520_o3_2025_08_p1_20260924T220546.json","543166","0.52","RAW_SOURCE","LOCAL_ONLY","Raw OpenAQ/API downloads"
"data\raw\air_quality\openaq\historical\PROJ_063\o3\PROJ_063_12235520_o3_2025_09_p1_20260924T221456.json","577967","0.55","RAW_SOURCE","LOCAL_ONLY","Raw OpenAQ/API downloads"
"data\raw\air_quality\openaq\historical\PROJ_063\o3\PROJ_063_12235520_o3_2025_10_p1_20260924T222400.json","588028","0.56","RAW_SOURCE","LOCAL_ONLY","Raw OpenAQ/API downloads"
"data\raw\air_quality\openaq\historical\PROJ_063\o3\PROJ_063_12235520_o3_2025_11_p1_20260924T223303.json","538467","0.51","RAW_SOURCE","LOCAL_ONLY","Raw OpenAQ/API downloads"
"data\raw\air_quality\openaq\historical\PROJ_063\o3\PROJ_063_12235520_o3_2025_12_p1_20260924T224213.json","592959","0.57","RAW_SOURCE","LOCAL_ONLY","Raw OpenAQ/API downloads"
"data\raw\air_quality\openaq\historical\PROJ_063\o3\PROJ_063_12235520_o3_2026_01_p1_20260924T225113.json","404184","0.39","RAW_SOURCE","LOCAL_ONLY","Raw OpenAQ/API downloads"
"data\raw\air_quality\openaq\historical\PROJ_063\o3\PROJ_063_12235520_o3_2026_02_p1_20260924T230005.json","467927","0.45","RAW_SOURCE","LOCAL_ONLY","Raw OpenAQ/API downloads"
"data\raw\air_quality\openaq\historical\PROJ_063\o3\PROJ_063_12235520_o3_2026_03_p1_20260924T230855.json","572049","0.55","RAW_SOURCE","LOCAL_ONLY","Raw OpenAQ/API downloads"
"data\raw\air_quality\openaq\historical\PROJ_063\o3\PROJ_063_12235520_o3_2026_04_p1_20260924T231812.json","560341","0.53","RAW_SOURCE","LOCAL_ONLY","Raw OpenAQ/API downloads"
"data\raw\air_quality\openaq\historical\PROJ_063\o3\PROJ_063_12235520_o3_2026_05_p1_20260924T232723.json","569711","0.54","RAW_SOURCE","LOCAL_ONLY","Raw OpenAQ/API downloads"
"data\raw\air_quality\openaq\historical\PROJ_063\o3\PROJ_063_12235520_o3_2026_06_p1_20260924T233639.json","521942","0.5","RAW_SOURCE","LOCAL_ONLY","Raw OpenAQ/API downloads"
"data\raw\air_quality\openaq\historical\PROJ_063\o3\PROJ_063_12235520_o3_2026_07_p1_20260924T234549.json","587224","0.56","RAW_SOURCE","LOCAL_ONLY","Raw OpenAQ/API downloads"
"data\raw\air_quality\openaq\historical\PROJ_063\o3\PROJ_063_12235520_o3_2026_08_p1_20260924T235514.json","547391","0.52","RAW_SOURCE","LOCAL_ONLY","Raw OpenAQ/API downloads"
"data\raw\air_quality\openaq\historical\PROJ_063\o3\PROJ_063_12235520_o3_2026_09_p1_20260925T000341.json","396849","0.38","RAW_SOURCE","LOCAL_ONLY","Raw OpenAQ/API downloads"
"data\raw\air_quality\openaq\historical\PROJ_063\pm10\PROJ_063_12235521_pm10_2025_03_p1_20260924T194119.json","572447","0.55","RAW_SOURCE","LOCAL_ONLY","Raw OpenAQ/API downloads"
"data\raw\air_quality\openaq\historical\PROJ_063\pm10\PROJ_063_12235521_pm10_2025_04_p1_20260924T213032.json","408688","0.39","RAW_SOURCE","LOCAL_ONLY","Raw OpenAQ/API downloads"
"data\raw\air_quality\openaq\historical\PROJ_063\pm10\PROJ_063_12235521_pm10_2025_05_p1_20260924T213850.json","563950","0.54","RAW_SOURCE","LOCAL_ONLY","Raw OpenAQ/API downloads"
"data\raw\air_quality\openaq\historical\PROJ_063\pm10\PROJ_063_12235521_pm10_2025_06_p1_20260924T214729.json","468143","0.45","RAW_SOURCE","LOCAL_ONLY","Raw OpenAQ/API downloads"
"data\raw\air_quality\openaq\historical\PROJ_063\pm10\PROJ_063_12235521_pm10_2025_07_p1_20260924T215640.json","586266","0.56","RAW_SOURCE","LOCAL_ONLY","Raw OpenAQ/API downloads"
"data\raw\air_quality\openaq\historical\PROJ_063\pm10\PROJ_063_12235521_pm10_2025_08_p1_20260924T220542.json","527251","0.5","RAW_SOURCE","LOCAL_ONLY","Raw OpenAQ/API downloads"
"data\raw\air_quality\openaq\historical\PROJ_063\pm10\PROJ_063_12235521_pm10_2025_09_p1_20260924T221453.json","561554","0.54","RAW_SOURCE","LOCAL_ONLY","Raw OpenAQ/API downloads"
"data\raw\air_quality\openaq\historical\PROJ_063\pm10\PROJ_063_12235521_pm10_2025_10_p1_20260924T222355.json","575230","0.55","RAW_SOURCE","LOCAL_ONLY","Raw OpenAQ/API downloads"
"data\raw\air_quality\openaq\historical\PROJ_063\pm10\PROJ_063_12235521_pm10_2025_11_p1_20260924T223259.json","532919","0.51","RAW_SOURCE","LOCAL_ONLY","Raw OpenAQ/API downloads"
"data\raw\air_quality\openaq\historical\PROJ_063\pm10\PROJ_063_12235521_pm10_2025_12_p1_20260924T224208.json","580737","0.55","RAW_SOURCE","LOCAL_ONLY","Raw OpenAQ/API downloads"
"data\raw\air_quality\openaq\historical\PROJ_063\pm10\PROJ_063_12235521_pm10_2026_01_p1_20260924T225109.json","398717","0.38","RAW_SOURCE","LOCAL_ONLY","Raw OpenAQ/API downloads"
"data\raw\air_quality\openaq\historical\PROJ_063\pm10\PROJ_063_12235521_pm10_2026_02_p1_20260924T230000.json","459012","0.44","RAW_SOURCE","LOCAL_ONLY","Raw OpenAQ/API downloads"
"data\raw\air_quality\openaq\historical\PROJ_063\pm10\PROJ_063_12235521_pm10_2026_03_p1_20260924T230850.json","563409","0.54","RAW_SOURCE","LOCAL_ONLY","Raw OpenAQ/API downloads"
"data\raw\air_quality\openaq\historical\PROJ_063\pm10\PROJ_063_12235521_pm10_2026_04_p1_20260924T231807.json","551386","0.53","RAW_SOURCE","LOCAL_ONLY","Raw OpenAQ/API downloads"
"data\raw\air_quality\openaq\historical\PROJ_063\pm10\PROJ_063_12235521_pm10_2026_05_p1_20260924T232719.json","557566","0.53","RAW_SOURCE","LOCAL_ONLY","Raw OpenAQ/API downloads"
"data\raw\air_quality\openaq\historical\PROJ_063\pm10\PROJ_063_12235521_pm10_2026_06_p1_20260924T233634.json","505462","0.48","RAW_SOURCE","LOCAL_ONLY","Raw OpenAQ/API downloads"
"data\raw\air_quality\openaq\historical\PROJ_063\pm10\PROJ_063_12235521_pm10_2026_07_p1_20260924T234544.json","533954","0.51","RAW_SOURCE","LOCAL_ONLY","Raw OpenAQ/API downloads"
"data\raw\air_quality\openaq\historical\PROJ_063\pm10\PROJ_063_12235521_pm10_2026_08_p1_20260924T235509.json","498582","0.48","RAW_SOURCE","LOCAL_ONLY","Raw OpenAQ/API downloads"
"data\raw\air_quality\openaq\historical\PROJ_063\pm10\PROJ_063_12235521_pm10_2026_09_p1_20260925T000337.json","366202","0.35","RAW_SOURCE","LOCAL_ONLY","Raw OpenAQ/API downloads"
"data\raw\air_quality\openaq\historical\PROJ_063\pm2_5\PROJ_063_12235522_pm2_5_2025_03_p1_20260924T194137.json","567561","0.54","RAW_SOURCE","LOCAL_ONLY","Raw OpenAQ/API downloads"
"data\raw\air_quality\openaq\historical\PROJ_063\pm2_5\PROJ_063_12235522_pm2_5_2025_04_p1_20260924T213052.json","404976","0.39","RAW_SOURCE","LOCAL_ONLY","Raw OpenAQ/API downloads"
"data\raw\air_quality\openaq\historical\PROJ_063\pm2_5\PROJ_063_12235522_pm2_5_2025_05_p1_20260924T213911.json","559616","0.53","RAW_SOURCE","LOCAL_ONLY","Raw OpenAQ/API downloads"
"data\raw\air_quality\openaq\historical\PROJ_063\pm2_5\PROJ_063_12235522_pm2_5_2025_06_p1_20260924T214752.json","466624","0.45","RAW_SOURCE","LOCAL_ONLY","Raw OpenAQ/API downloads"
"data\raw\air_quality\openaq\historical\PROJ_063\pm2_5\PROJ_063_12235522_pm2_5_2025_07_p1_20260924T215703.json","586913","0.56","RAW_SOURCE","LOCAL_ONLY","Raw OpenAQ/API downloads"
"data\raw\air_quality\openaq\historical\PROJ_063\pm2_5\PROJ_063_12235522_pm2_5_2025_08_p1_20260924T220604.json","525510","0.5","RAW_SOURCE","LOCAL_ONLY","Raw OpenAQ/API downloads"
"data\raw\air_quality\openaq\historical\PROJ_063\pm2_5\PROJ_063_12235522_pm2_5_2025_09_p1_20260924T221516.json","557551","0.53","RAW_SOURCE","LOCAL_ONLY","Raw OpenAQ/API downloads"
"data\raw\air_quality\openaq\historical\PROJ_063\pm2_5\PROJ_063_12235522_pm2_5_2025_10_p1_20260924T222417.json","576474","0.55","RAW_SOURCE","LOCAL_ONLY","Raw OpenAQ/API downloads"
"data\raw\air_quality\openaq\historical\PROJ_063\pm2_5\PROJ_063_12235522_pm2_5_2025_11_p1_20260924T223320.json","530476","0.51","RAW_SOURCE","LOCAL_ONLY","Raw OpenAQ/API downloads"
"data\raw\air_quality\openaq\historical\PROJ_063\pm2_5\PROJ_063_12235522_pm2_5_2025_12_p1_20260924T224232.json","581425","0.55","RAW_SOURCE","LOCAL_ONLY","Raw OpenAQ/API downloads"
"data\raw\air_quality\openaq\historical\PROJ_063\pm2_5\PROJ_063_12235522_pm2_5_2026_01_p1_20260924T225130.json","398151","0.38","RAW_SOURCE","LOCAL_ONLY","Raw OpenAQ/API downloads"
"data\raw\air_quality\openaq\historical\PROJ_063\pm2_5\PROJ_063_12235522_pm2_5_2026_02_p1_20260924T230023.json","457806","0.44","RAW_SOURCE","LOCAL_ONLY","Raw OpenAQ/API downloads"
"data\raw\air_quality\openaq\historical\PROJ_063\pm2_5\PROJ_063_12235522_pm2_5_2026_03_p1_20260924T230913.json","558748","0.53","RAW_SOURCE","LOCAL_ONLY","Raw OpenAQ/API downloads"
"data\raw\air_quality\openaq\historical\PROJ_063\pm2_5\PROJ_063_12235522_pm2_5_2026_04_p1_20260924T231830.json","548570","0.52","RAW_SOURCE","LOCAL_ONLY","Raw OpenAQ/API downloads"
"data\raw\air_quality\openaq\historical\PROJ_063\pm2_5\PROJ_063_12235522_pm2_5_2026_05_p1_20260924T232743.json","554706","0.53","RAW_SOURCE","LOCAL_ONLY","Raw OpenAQ/API downloads"
"data\raw\air_quality\openaq\historical\PROJ_063\pm2_5\PROJ_063_12235522_pm2_5_2026_06_p1_20260924T233657.json","502214","0.48","RAW_SOURCE","LOCAL_ONLY","Raw OpenAQ/API downloads"
"data\raw\air_quality\openaq\historical\PROJ_063\pm2_5\PROJ_063_12235522_pm2_5_2026_07_p1_20260924T234606.json","527665","0.5","RAW_SOURCE","LOCAL_ONLY","Raw OpenAQ/API downloads"
"data\raw\air_quality\openaq\historical\PROJ_063\pm2_5\PROJ_063_12235522_pm2_5_2026_08_p1_20260924T235531.json","500645","0.48","RAW_SOURCE","LOCAL_ONLY","Raw OpenAQ/API downloads"
"data\raw\air_quality\openaq\historical\PROJ_063\pm2_5\PROJ_063_12235522_pm2_5_2026_09_p1_20260925T000358.json","355607","0.34","RAW_SOURCE","LOCAL_ONLY","Raw OpenAQ/API downloads"
"data\raw\air_quality\openaq\historical\PROJ_063\so2\PROJ_063_12235524_so2_2025_03_p1_20260924T194130.json","577497","0.55","RAW_SOURCE","LOCAL_ONLY","Raw OpenAQ/API downloads"
"data\raw\air_quality\openaq\historical\PROJ_063\so2\PROJ_063_12235524_so2_2025_04_p1_20260924T213044.json","413818","0.39","RAW_SOURCE","LOCAL_ONLY","Raw OpenAQ/API downloads"
"data\raw\air_quality\openaq\historical\PROJ_063\so2\PROJ_063_12235524_so2_2025_05_p1_20260924T213903.json","570361","0.54","RAW_SOURCE","LOCAL_ONLY","Raw OpenAQ/API downloads"
"data\raw\air_quality\openaq\historical\PROJ_063\so2\PROJ_063_12235524_so2_2025_06_p1_20260924T214743.json","474654","0.45","RAW_SOURCE","LOCAL_ONLY","Raw OpenAQ/API downloads"
"data\raw\air_quality\openaq\historical\PROJ_063\so2\PROJ_063_12235524_so2_2025_07_p1_20260924T215653.json","599233","0.57","RAW_SOURCE","LOCAL_ONLY","Raw OpenAQ/API downloads"
"data\raw\air_quality\openaq\historical\PROJ_063\so2\PROJ_063_12235524_so2_2025_08_p1_20260924T220556.json","539372","0.51","RAW_SOURCE","LOCAL_ONLY","Raw OpenAQ/API downloads"
"data\raw\air_quality\openaq\historical\PROJ_063\so2\PROJ_063_12235524_so2_2025_09_p1_20260924T221507.json","572320","0.55","RAW_SOURCE","LOCAL_ONLY","Raw OpenAQ/API downloads"
"data\raw\air_quality\openaq\historical\PROJ_063\so2\PROJ_063_12235524_so2_2025_10_p1_20260924T222409.json","582203","0.56","RAW_SOURCE","LOCAL_ONLY","Raw OpenAQ/API downloads"
"data\raw\air_quality\openaq\historical\PROJ_063\so2\PROJ_063_12235524_so2_2025_11_p1_20260924T223312.json","534444","0.51","RAW_SOURCE","LOCAL_ONLY","Raw OpenAQ/API downloads"
"data\raw\air_quality\openaq\historical\PROJ_063\so2\PROJ_063_12235524_so2_2025_12_p1_20260924T224221.json","588708","0.56","RAW_SOURCE","LOCAL_ONLY","Raw OpenAQ/API downloads"
"data\raw\air_quality\openaq\historical\PROJ_063\so2\PROJ_063_12235524_so2_2026_01_p1_20260924T225122.json","401341","0.38","RAW_SOURCE","LOCAL_ONLY","Raw OpenAQ/API downloads"
"data\raw\air_quality\openaq\historical\PROJ_063\so2\PROJ_063_12235524_so2_2026_02_p1_20260924T230014.json","463910","0.44","RAW_SOURCE","LOCAL_ONLY","Raw OpenAQ/API downloads"
"data\raw\air_quality\openaq\historical\PROJ_063\so2\PROJ_063_12235524_so2_2026_03_p1_20260924T230903.json","566193","0.54","RAW_SOURCE","LOCAL_ONLY","Raw OpenAQ/API downloads"
"data\raw\air_quality\openaq\historical\PROJ_063\so2\PROJ_063_12235524_so2_2026_04_p1_20260924T231822.json","555838","0.53","RAW_SOURCE","LOCAL_ONLY","Raw OpenAQ/API downloads"
"data\raw\air_quality\openaq\historical\PROJ_063\so2\PROJ_063_12235524_so2_2026_05_p1_20260924T232733.json","565010","0.54","RAW_SOURCE","LOCAL_ONLY","Raw OpenAQ/API downloads"
"data\raw\air_quality\openaq\historical\PROJ_063\so2\PROJ_063_12235524_so2_2026_06_p1_20260924T233647.json","516589","0.49","RAW_SOURCE","LOCAL_ONLY","Raw OpenAQ/API downloads"
"data\raw\air_quality\openaq\historical\PROJ_063\so2\PROJ_063_12235524_so2_2026_07_p1_20260924T234557.json","547455","0.52","RAW_SOURCE","LOCAL_ONLY","Raw OpenAQ/API downloads"
"data\raw\air_quality\openaq\historical\PROJ_063\so2\PROJ_063_12235524_so2_2026_08_p1_20260924T235523.json","542432","0.52","RAW_SOURCE","LOCAL_ONLY","Raw OpenAQ/API downloads"
"data\raw\air_quality\openaq\historical\PROJ_063\so2\PROJ_063_12235524_so2_2026_09_p1_20260925T000349.json","391481","0.37","RAW_SOURCE","LOCAL_ONLY","Raw OpenAQ/API downloads"
"data\raw\air_quality\openaq\historical\PROJ_092\co\PROJ_092_12235829_co_2025_03_p1_20260924T194146.json","520210","0.5","RAW_SOURCE","LOCAL_ONLY","Raw OpenAQ/API downloads"
"data\raw\air_quality\openaq\historical\PROJ_092\co\PROJ_092_12235829_co_2025_04_p1_20260924T213103.json","412154","0.39","RAW_SOURCE","LOCAL_ONLY","Raw OpenAQ/API downloads"
"data\raw\air_quality\openaq\historical\PROJ_092\co\PROJ_092_12235829_co_2025_05_p1_20260924T213923.json","441488","0.42","RAW_SOURCE","LOCAL_ONLY","Raw OpenAQ/API downloads"
"data\raw\air_quality\openaq\historical\PROJ_092\co\PROJ_092_12235829_co_2025_06_p1_20260924T214805.json","491215","0.47","RAW_SOURCE","LOCAL_ONLY","Raw OpenAQ/API downloads"
"data\raw\air_quality\openaq\historical\PROJ_092\co\PROJ_092_12235829_co_2025_07_p1_20260924T215716.json","554176","0.53","RAW_SOURCE","LOCAL_ONLY","Raw OpenAQ/API downloads"
"data\raw\air_quality\openaq\historical\PROJ_092\co\PROJ_092_12235829_co_2025_08_p1_20260924T220616.json","562043","0.54","RAW_SOURCE","LOCAL_ONLY","Raw OpenAQ/API downloads"
"data\raw\air_quality\openaq\historical\PROJ_092\co\PROJ_092_12235829_co_2025_09_p1_20260924T221528.json","491700","0.47","RAW_SOURCE","LOCAL_ONLY","Raw OpenAQ/API downloads"
"data\raw\air_quality\openaq\historical\PROJ_092\co\PROJ_092_12235829_co_2025_10_p1_20260924T222430.json","495869","0.47","RAW_SOURCE","LOCAL_ONLY","Raw OpenAQ/API downloads"
"data\raw\air_quality\openaq\historical\PROJ_092\co\PROJ_092_12235829_co_2025_11_p1_20260924T223333.json","530873","0.51","RAW_SOURCE","LOCAL_ONLY","Raw OpenAQ/API downloads"
"data\raw\air_quality\openaq\historical\PROJ_092\co\PROJ_092_12235829_co_2025_12_p1_20260924T224244.json","417405","0.4","RAW_SOURCE","LOCAL_ONLY","Raw OpenAQ/API downloads"
"data\raw\air_quality\openaq\historical\PROJ_092\co\PROJ_092_12235829_co_2026_01_p1_20260924T225143.json","388868","0.37","RAW_SOURCE","LOCAL_ONLY","Raw OpenAQ/API downloads"
"data\raw\air_quality\openaq\historical\PROJ_092\co\PROJ_092_12235829_co_2026_02_p1_20260924T230034.json","333820","0.32","RAW_SOURCE","LOCAL_ONLY","Raw OpenAQ/API downloads"
"data\raw\air_quality\openaq\historical\PROJ_092\co\PROJ_092_12235829_co_2026_03_p1_20260924T230926.json","392314","0.37","RAW_SOURCE","LOCAL_ONLY","Raw OpenAQ/API downloads"
"data\raw\air_quality\openaq\historical\PROJ_092\co\PROJ_092_12235829_co_2026_04_p1_20260924T231843.json","410793","0.39","RAW_SOURCE","LOCAL_ONLY","Raw OpenAQ/API downloads"
"data\raw\air_quality\openaq\historical\PROJ_092\co\PROJ_092_12235829_co_2026_05_p1_20260924T232757.json","497746","0.47","RAW_SOURCE","LOCAL_ONLY","Raw OpenAQ/API downloads"
"data\raw\air_quality\openaq\historical\PROJ_092\co\PROJ_092_12235829_co_2026_06_p1_20260924T233708.json","433402","0.41","RAW_SOURCE","LOCAL_ONLY","Raw OpenAQ/API downloads"
"data\raw\air_quality\openaq\historical\PROJ_092\co\PROJ_092_12235829_co_2026_07_p1_20260924T234621.json","521344","0.5","RAW_SOURCE","LOCAL_ONLY","Raw OpenAQ/API downloads"
"data\raw\air_quality\openaq\historical\PROJ_092\co\PROJ_092_12235829_co_2026_08_p1_20260924T235542.json","445752","0.43","RAW_SOURCE","LOCAL_ONLY","Raw OpenAQ/API downloads"
"data\raw\air_quality\openaq\historical\PROJ_092\co\PROJ_092_12235829_co_2026_09_p1_20260925T000409.json","377062","0.36","RAW_SOURCE","LOCAL_ONLY","Raw OpenAQ/API downloads"
"data\raw\air_quality\openaq\historical\PROJ_092\no2\PROJ_092_12235831_no2_2025_03_p1_20260924T194153.json","535062","0.51","RAW_SOURCE","LOCAL_ONLY","Raw OpenAQ/API downloads"
"data\raw\air_quality\openaq\historical\PROJ_092\no2\PROJ_092_12235831_no2_2025_04_p1_20260924T213111.json","418359","0.4","RAW_SOURCE","LOCAL_ONLY","Raw OpenAQ/API downloads"
"data\raw\air_quality\openaq\historical\PROJ_092\no2\PROJ_092_12235831_no2_2025_05_p1_20260924T213930.json","452078","0.43","RAW_SOURCE","LOCAL_ONLY","Raw OpenAQ/API downloads"
"data\raw\air_quality\openaq\historical\PROJ_092\no2\PROJ_092_12235831_no2_2025_06_p1_20260924T214811.json","502277","0.48","RAW_SOURCE","LOCAL_ONLY","Raw OpenAQ/API downloads"
"data\raw\air_quality\openaq\historical\PROJ_092\no2\PROJ_092_12235831_no2_2025_07_p1_20260924T215725.json","562792","0.54","RAW_SOURCE","LOCAL_ONLY","Raw OpenAQ/API downloads"
"data\raw\air_quality\openaq\historical\PROJ_092\no2\PROJ_092_12235831_no2_2025_08_p1_20260924T220625.json","575263","0.55","RAW_SOURCE","LOCAL_ONLY","Raw OpenAQ/API downloads"
"data\raw\air_quality\openaq\historical\PROJ_092\no2\PROJ_092_12235831_no2_2025_09_p1_20260924T221536.json","493400","0.47","RAW_SOURCE","LOCAL_ONLY","Raw OpenAQ/API downloads"
"data\raw\air_quality\openaq\historical\PROJ_092\no2\PROJ_092_12235831_no2_2025_10_p1_20260924T222440.json","496498","0.47","RAW_SOURCE","LOCAL_ONLY","Raw OpenAQ/API downloads"
"data\raw\air_quality\openaq\historical\PROJ_092\no2\PROJ_092_12235831_no2_2025_11_p1_20260924T223340.json","533298","0.51","RAW_SOURCE","LOCAL_ONLY","Raw OpenAQ/API downloads"
"data\raw\air_quality\openaq\historical\PROJ_092\no2\PROJ_092_12235831_no2_2025_12_p1_20260924T224254.json","424638","0.4","RAW_SOURCE","LOCAL_ONLY","Raw OpenAQ/API downloads"
"data\raw\air_quality\openaq\historical\PROJ_092\no2\PROJ_092_12235831_no2_2026_01_p1_20260924T225152.json","390860","0.37","RAW_SOURCE","LOCAL_ONLY","Raw OpenAQ/API downloads"
"data\raw\air_quality\openaq\historical\PROJ_092\no2\PROJ_092_12235831_no2_2026_02_p1_20260924T230043.json","346623","0.33","RAW_SOURCE","LOCAL_ONLY","Raw OpenAQ/API downloads"
"data\raw\air_quality\openaq\historical\PROJ_092\no2\PROJ_092_12235831_no2_2026_03_p1_20260924T230934.json","397638","0.38","RAW_SOURCE","LOCAL_ONLY","Raw OpenAQ/API downloads"
"data\raw\air_quality\openaq\historical\PROJ_092\no2\PROJ_092_12235831_no2_2026_04_p1_20260924T231850.json","410345","0.39","RAW_SOURCE","LOCAL_ONLY","Raw OpenAQ/API downloads"
"data\raw\air_quality\openaq\historical\PROJ_092\no2\PROJ_092_12235831_no2_2026_05_p1_20260924T232805.json","502656","0.48","RAW_SOURCE","LOCAL_ONLY","Raw OpenAQ/API downloads"
"data\raw\air_quality\openaq\historical\PROJ_092\no2\PROJ_092_12235831_no2_2026_06_p1_20260924T233717.json","435279","0.42","RAW_SOURCE","LOCAL_ONLY","Raw OpenAQ/API downloads"
"data\raw\air_quality\openaq\historical\PROJ_092\no2\PROJ_092_12235831_no2_2026_07_p1_20260924T234628.json","531249","0.51","RAW_SOURCE","LOCAL_ONLY","Raw OpenAQ/API downloads"
"data\raw\air_quality\openaq\historical\PROJ_092\no2\PROJ_092_12235831_no2_2026_08_p1_20260924T235550.json","462162","0.44","RAW_SOURCE","LOCAL_ONLY","Raw OpenAQ/API downloads"
"data\raw\air_quality\openaq\historical\PROJ_092\no2\PROJ_092_12235831_no2_2026_09_p1_20260925T000417.json","393200","0.37","RAW_SOURCE","LOCAL_ONLY","Raw OpenAQ/API downloads"
"data\raw\air_quality\openaq\historical\PROJ_092\o3\PROJ_092_12235832_o3_2025_03_p1_20260924T194156.json","532096","0.51","RAW_SOURCE","LOCAL_ONLY","Raw OpenAQ/API downloads"
"data\raw\air_quality\openaq\historical\PROJ_092\o3\PROJ_092_12235832_o3_2025_04_p1_20260924T213114.json","420257","0.4","RAW_SOURCE","LOCAL_ONLY","Raw OpenAQ/API downloads"
"data\raw\air_quality\openaq\historical\PROJ_092\o3\PROJ_092_12235832_o3_2025_05_p1_20260924T213933.json","451123","0.43","RAW_SOURCE","LOCAL_ONLY","Raw OpenAQ/API downloads"
"data\raw\air_quality\openaq\historical\PROJ_092\o3\PROJ_092_12235832_o3_2025_06_p1_20260924T214816.json","499785","0.48","RAW_SOURCE","LOCAL_ONLY","Raw OpenAQ/API downloads"
"data\raw\air_quality\openaq\historical\PROJ_092\o3\PROJ_092_12235832_o3_2025_07_p1_20260924T215728.json","564290","0.54","RAW_SOURCE","LOCAL_ONLY","Raw OpenAQ/API downloads"
"data\raw\air_quality\openaq\historical\PROJ_092\o3\PROJ_092_12235832_o3_2025_08_p1_20260924T220630.json","571977","0.55","RAW_SOURCE","LOCAL_ONLY","Raw OpenAQ/API downloads"
"data\raw\air_quality\openaq\historical\PROJ_092\o3\PROJ_092_12235832_o3_2025_09_p1_20260924T221541.json","497575","0.47","RAW_SOURCE","LOCAL_ONLY","Raw OpenAQ/API downloads"
"data\raw\air_quality\openaq\historical\PROJ_092\o3\PROJ_092_12235832_o3_2025_10_p1_20260924T222443.json","501118","0.48","RAW_SOURCE","LOCAL_ONLY","Raw OpenAQ/API downloads"
"data\raw\air_quality\openaq\historical\PROJ_092\o3\PROJ_092_12235832_o3_2025_11_p1_20260924T223343.json","536899","0.51","RAW_SOURCE","LOCAL_ONLY","Raw OpenAQ/API downloads"
"data\raw\air_quality\openaq\historical\PROJ_092\o3\PROJ_092_12235832_o3_2025_12_p1_20260924T224257.json","421732","0.4","RAW_SOURCE","LOCAL_ONLY","Raw OpenAQ/API downloads"
"data\raw\air_quality\openaq\historical\PROJ_092\o3\PROJ_092_12235832_o3_2026_01_p1_20260924T225157.json","394279","0.38","RAW_SOURCE","LOCAL_ONLY","Raw OpenAQ/API downloads"
"data\raw\air_quality\openaq\historical\PROJ_092\o3\PROJ_092_12235832_o3_2026_02_p1_20260924T230048.json","338906","0.32","RAW_SOURCE","LOCAL_ONLY","Raw OpenAQ/API downloads"
"data\raw\air_quality\openaq\historical\PROJ_092\o3\PROJ_092_12235832_o3_2026_03_p1_20260924T230939.json","397242","0.38","RAW_SOURCE","LOCAL_ONLY","Raw OpenAQ/API downloads"
"data\raw\air_quality\openaq\historical\PROJ_092\o3\PROJ_092_12235832_o3_2026_04_p1_20260924T231853.json","414483","0.4","RAW_SOURCE","LOCAL_ONLY","Raw OpenAQ/API downloads"
"data\raw\air_quality\openaq\historical\PROJ_092\o3\PROJ_092_12235832_o3_2026_05_p1_20260924T232810.json","504150","0.48","RAW_SOURCE","LOCAL_ONLY","Raw OpenAQ/API downloads"
"data\raw\air_quality\openaq\historical\PROJ_092\o3\PROJ_092_12235832_o3_2026_06_p1_20260924T233721.json","439085","0.42","RAW_SOURCE","LOCAL_ONLY","Raw OpenAQ/API downloads"
"data\raw\air_quality\openaq\historical\PROJ_092\o3\PROJ_092_12235832_o3_2026_07_p1_20260924T234632.json","544434","0.52","RAW_SOURCE","LOCAL_ONLY","Raw OpenAQ/API downloads"
"data\raw\air_quality\openaq\historical\PROJ_092\o3\PROJ_092_12235832_o3_2026_08_p1_20260924T235553.json","478011","0.46","RAW_SOURCE","LOCAL_ONLY","Raw OpenAQ/API downloads"
"data\raw\air_quality\openaq\historical\PROJ_092\o3\PROJ_092_12235832_o3_2026_09_p1_20260925T000421.json","405644","0.39","RAW_SOURCE","LOCAL_ONLY","Raw OpenAQ/API downloads"
"data\raw\air_quality\openaq\historical\PROJ_092\pm10\PROJ_092_12235833_pm10_2025_03_p1_20260924T194150.json","535758","0.51","RAW_SOURCE","LOCAL_ONLY","Raw OpenAQ/API downloads"
"data\raw\air_quality\openaq\historical\PROJ_092\pm10\PROJ_092_12235833_pm10_2025_04_p1_20260924T213106.json","420608","0.4","RAW_SOURCE","LOCAL_ONLY","Raw OpenAQ/API downloads"
"data\raw\air_quality\openaq\historical\PROJ_092\pm10\PROJ_092_12235833_pm10_2025_05_p1_20260924T213927.json","448694","0.43","RAW_SOURCE","LOCAL_ONLY","Raw OpenAQ/API downloads"
"data\raw\air_quality\openaq\historical\PROJ_092\pm10\PROJ_092_12235833_pm10_2025_06_p1_20260924T214808.json","501254","0.48","RAW_SOURCE","LOCAL_ONLY","Raw OpenAQ/API downloads"
"data\raw\air_quality\openaq\historical\PROJ_092\pm10\PROJ_092_12235833_pm10_2025_07_p1_20260924T215720.json","560090","0.53","RAW_SOURCE","LOCAL_ONLY","Raw OpenAQ/API downloads"
"data\raw\air_quality\openaq\historical\PROJ_092\pm10\PROJ_092_12235833_pm10_2025_08_p1_20260924T220620.json","567343","0.54","RAW_SOURCE","LOCAL_ONLY","Raw OpenAQ/API downloads"
"data\raw\air_quality\openaq\historical\PROJ_092\pm10\PROJ_092_12235833_pm10_2025_09_p1_20260924T221533.json","492992","0.47","RAW_SOURCE","LOCAL_ONLY","Raw OpenAQ/API downloads"
"data\raw\air_quality\openaq\historical\PROJ_092\pm10\PROJ_092_12235833_pm10_2025_10_p1_20260924T222435.json","497931","0.47","RAW_SOURCE","LOCAL_ONLY","Raw OpenAQ/API downloads"
"data\raw\air_quality\openaq\historical\PROJ_092\pm10\PROJ_092_12235833_pm10_2025_11_p1_20260924T223336.json","536319","0.51","RAW_SOURCE","LOCAL_ONLY","Raw OpenAQ/API downloads"
"data\raw\air_quality\openaq\historical\PROJ_092\pm10\PROJ_092_12235833_pm10_2025_12_p1_20260924T224249.json","428408","0.41","RAW_SOURCE","LOCAL_ONLY","Raw OpenAQ/API downloads"
"data\raw\air_quality\openaq\historical\PROJ_092\pm10\PROJ_092_12235833_pm10_2026_01_p1_20260924T225147.json","394384","0.38","RAW_SOURCE","LOCAL_ONLY","Raw OpenAQ/API downloads"
"data\raw\air_quality\openaq\historical\PROJ_092\pm10\PROJ_092_12235833_pm10_2026_02_p1_20260924T230039.json","344252","0.33","RAW_SOURCE","LOCAL_ONLY","Raw OpenAQ/API downloads"
"data\raw\air_quality\openaq\historical\PROJ_092\pm10\PROJ_092_12235833_pm10_2026_03_p1_20260924T230929.json","397001","0.38","RAW_SOURCE","LOCAL_ONLY","Raw OpenAQ/API downloads"
"data\raw\air_quality\openaq\historical\PROJ_092\pm10\PROJ_092_12235833_pm10_2026_04_p1_20260924T231846.json","411381","0.39","RAW_SOURCE","LOCAL_ONLY","Raw OpenAQ/API downloads"
"data\raw\air_quality\openaq\historical\PROJ_092\pm10\PROJ_092_12235833_pm10_2026_05_p1_20260924T232801.json","500037","0.48","RAW_SOURCE","LOCAL_ONLY","Raw OpenAQ/API downloads"
"data\raw\air_quality\openaq\historical\PROJ_092\pm10\PROJ_092_12235833_pm10_2026_06_p1_20260924T233712.json","366061","0.35","RAW_SOURCE","LOCAL_ONLY","Raw OpenAQ/API downloads"
"data\raw\air_quality\openaq\historical\PROJ_092\pm10\PROJ_092_12235833_pm10_2026_07_p1_20260924T234624.json","388972","0.37","RAW_SOURCE","LOCAL_ONLY","Raw OpenAQ/API downloads"
"data\raw\air_quality\openaq\historical\PROJ_092\pm10\PROJ_092_12235833_pm10_2026_08_p1_20260924T235546.json","435246","0.42","RAW_SOURCE","LOCAL_ONLY","Raw OpenAQ/API downloads"
"data\raw\air_quality\openaq\historical\PROJ_092\pm10\PROJ_092_12235833_pm10_2026_09_p1_20260925T000413.json","252369","0.24","RAW_SOURCE","LOCAL_ONLY","Raw OpenAQ/API downloads"
"data\raw\air_quality\openaq\historical\PROJ_092\pm2_5\PROJ_092_12235834_pm2_5_2025_03_p1_20260924T194142.json","532883","0.51","RAW_SOURCE","LOCAL_ONLY","Raw OpenAQ/API downloads"
"data\raw\air_quality\openaq\historical\PROJ_092\pm2_5\PROJ_092_12235834_pm2_5_2025_04_p1_20260924T213100.json","414046","0.39","RAW_SOURCE","LOCAL_ONLY","Raw OpenAQ/API downloads"
"data\raw\air_quality\openaq\historical\PROJ_092\pm2_5\PROJ_092_12235834_pm2_5_2025_05_p1_20260924T213918.json","447646","0.43","RAW_SOURCE","LOCAL_ONLY","Raw OpenAQ/API downloads"
"data\raw\air_quality\openaq\historical\PROJ_092\pm2_5\PROJ_092_12235834_pm2_5_2025_06_p1_20260924T214800.json","501839","0.48","RAW_SOURCE","LOCAL_ONLY","Raw OpenAQ/API downloads"
"data\raw\air_quality\openaq\historical\PROJ_092\pm2_5\PROJ_092_12235834_pm2_5_2025_07_p1_20260924T215712.json","563339","0.54","RAW_SOURCE","LOCAL_ONLY","Raw OpenAQ/API downloads"
"data\raw\air_quality\openaq\historical\PROJ_092\pm2_5\PROJ_092_12235834_pm2_5_2025_08_p1_20260924T220613.json","573425","0.55","RAW_SOURCE","LOCAL_ONLY","Raw OpenAQ/API downloads"
"data\raw\air_quality\openaq\historical\PROJ_092\pm2_5\PROJ_092_12235834_pm2_5_2025_09_p1_20260924T221523.json","492980","0.47","RAW_SOURCE","LOCAL_ONLY","Raw OpenAQ/API downloads"
"data\raw\air_quality\openaq\historical\PROJ_092\pm2_5\PROJ_092_12235834_pm2_5_2025_10_p1_20260924T222425.json","496346","0.47","RAW_SOURCE","LOCAL_ONLY","Raw OpenAQ/API downloads"
"data\raw\air_quality\openaq\historical\PROJ_092\pm2_5\PROJ_092_12235834_pm2_5_2025_11_p1_20260924T223328.json","535110","0.51","RAW_SOURCE","LOCAL_ONLY","Raw OpenAQ/API downloads"
"data\raw\air_quality\openaq\historical\PROJ_092\pm2_5\PROJ_092_12235834_pm2_5_2025_12_p1_20260924T224241.json","425287","0.41","RAW_SOURCE","LOCAL_ONLY","Raw OpenAQ/API downloads"
"data\raw\air_quality\openaq\historical\PROJ_092\pm2_5\PROJ_092_12235834_pm2_5_2026_01_p1_20260924T225139.json","391664","0.37","RAW_SOURCE","LOCAL_ONLY","Raw OpenAQ/API downloads"
"data\raw\air_quality\openaq\historical\PROJ_092\pm2_5\PROJ_092_12235834_pm2_5_2026_02_p1_20260924T230031.json","346898","0.33","RAW_SOURCE","LOCAL_ONLY","Raw OpenAQ/API downloads"
"data\raw\air_quality\openaq\historical\PROJ_092\pm2_5\PROJ_092_12235834_pm2_5_2026_03_p1_20260924T230921.json","396652","0.38","RAW_SOURCE","LOCAL_ONLY","Raw OpenAQ/API downloads"
"data\raw\air_quality\openaq\historical\PROJ_092\pm2_5\PROJ_092_12235834_pm2_5_2026_04_p1_20260924T231839.json","407349","0.39","RAW_SOURCE","LOCAL_ONLY","Raw OpenAQ/API downloads"
"data\raw\air_quality\openaq\historical\PROJ_092\pm2_5\PROJ_092_12235834_pm2_5_2026_05_p1_20260924T232752.json","500125","0.48","RAW_SOURCE","LOCAL_ONLY","Raw OpenAQ/API downloads"
"data\raw\air_quality\openaq\historical\PROJ_092\pm2_5\PROJ_092_12235834_pm2_5_2026_06_p1_20260924T233704.json","364254","0.35","RAW_SOURCE","LOCAL_ONLY","Raw OpenAQ/API downloads"
"data\raw\air_quality\openaq\historical\PROJ_092\pm2_5\PROJ_092_12235834_pm2_5_2026_07_p1_20260924T234616.json","386219","0.37","RAW_SOURCE","LOCAL_ONLY","Raw OpenAQ/API downloads"
"data\raw\air_quality\openaq\historical\PROJ_092\pm2_5\PROJ_092_12235834_pm2_5_2026_08_p1_20260924T235538.json","433376","0.41","RAW_SOURCE","LOCAL_ONLY","Raw OpenAQ/API downloads"
"data\raw\air_quality\openaq\historical\PROJ_092\pm2_5\PROJ_092_12235834_pm2_5_2026_09_p1_20260925T000405.json","251017","0.24","RAW_SOURCE","LOCAL_ONLY","Raw OpenAQ/API downloads"
"data\raw\air_quality\openaq\historical\PROJ_092\so2\PROJ_092_12289836_so2_2025_03_p1_20260924T194140.json","516934","0.49","RAW_SOURCE","LOCAL_ONLY","Raw OpenAQ/API downloads"
"data\raw\air_quality\openaq\historical\PROJ_092\so2\PROJ_092_12289836_so2_2025_04_p1_20260924T213055.json","180174","0.17","RAW_SOURCE","LOCAL_ONLY","Raw OpenAQ/API downloads"
"data\raw\air_quality\openaq\historical\PROJ_092\so2\PROJ_092_12289836_so2_2025_05_p1_20260924T213914.json","253097","0.24","RAW_SOURCE","LOCAL_ONLY","Raw OpenAQ/API downloads"
"data\raw\air_quality\openaq\historical\PROJ_092\so2\PROJ_092_12289836_so2_2025_06_p1_20260924T214755.json","491590","0.47","RAW_SOURCE","LOCAL_ONLY","Raw OpenAQ/API downloads"
"data\raw\air_quality\openaq\historical\PROJ_092\so2\PROJ_092_12289836_so2_2025_07_p1_20260924T215708.json","552182","0.53","RAW_SOURCE","LOCAL_ONLY","Raw OpenAQ/API downloads"
"data\raw\air_quality\openaq\historical\PROJ_092\so2\PROJ_092_12289836_so2_2025_08_p1_20260924T220608.json","558237","0.53","RAW_SOURCE","LOCAL_ONLY","Raw OpenAQ/API downloads"
"data\raw\air_quality\openaq\historical\PROJ_092\so2\PROJ_092_12289836_so2_2025_09_p1_20260924T221520.json","486838","0.46","RAW_SOURCE","LOCAL_ONLY","Raw OpenAQ/API downloads"
"data\raw\air_quality\openaq\historical\PROJ_092\so2\PROJ_092_12289836_so2_2025_10_p1_20260924T222420.json","490368","0.47","RAW_SOURCE","LOCAL_ONLY","Raw OpenAQ/API downloads"
"data\raw\air_quality\openaq\historical\PROJ_092\so2\PROJ_092_12289836_so2_2025_11_p1_20260924T223324.json","523589","0.5","RAW_SOURCE","LOCAL_ONLY","Raw OpenAQ/API downloads"
"data\raw\air_quality\openaq\historical\PROJ_092\so2\PROJ_092_12289836_so2_2025_12_p1_20260924T224236.json","417529","0.4","RAW_SOURCE","LOCAL_ONLY","Raw OpenAQ/API downloads"
"data\raw\air_quality\openaq\historical\PROJ_092\so2\PROJ_092_12289836_so2_2026_01_p1_20260924T225134.json","386040","0.37","RAW_SOURCE","LOCAL_ONLY","Raw OpenAQ/API downloads"
"data\raw\air_quality\openaq\historical\PROJ_092\so2\PROJ_092_12289836_so2_2026_02_p1_20260924T230026.json","333682","0.32","RAW_SOURCE","LOCAL_ONLY","Raw OpenAQ/API downloads"
"data\raw\air_quality\openaq\historical\PROJ_092\so2\PROJ_092_12289836_so2_2026_03_p1_20260924T230918.json","391350","0.37","RAW_SOURCE","LOCAL_ONLY","Raw OpenAQ/API downloads"
"data\raw\air_quality\openaq\historical\PROJ_092\so2\PROJ_092_12289836_so2_2026_04_p1_20260924T231834.json","404422","0.39","RAW_SOURCE","LOCAL_ONLY","Raw OpenAQ/API downloads"
"data\raw\air_quality\openaq\historical\PROJ_092\so2\PROJ_092_12289836_so2_2026_05_p1_20260924T232748.json","488227","0.47","RAW_SOURCE","LOCAL_ONLY","Raw OpenAQ/API downloads"
"data\raw\air_quality\openaq\historical\PROJ_092\so2\PROJ_092_12289836_so2_2026_06_p1_20260924T233700.json","425261","0.41","RAW_SOURCE","LOCAL_ONLY","Raw OpenAQ/API downloads"
"data\raw\air_quality\openaq\historical\PROJ_092\so2\PROJ_092_12289836_so2_2026_07_p1_20260924T234612.json","526570","0.5","RAW_SOURCE","LOCAL_ONLY","Raw OpenAQ/API downloads"
"data\raw\air_quality\openaq\historical\PROJ_092\so2\PROJ_092_12289836_so2_2026_08_p1_20260924T235535.json","464182","0.44","RAW_SOURCE","LOCAL_ONLY","Raw OpenAQ/API downloads"
"data\raw\air_quality\openaq\historical\PROJ_092\so2\PROJ_092_12289836_so2_2026_09_p1_20260925T000402.json","393574","0.38","RAW_SOURCE","LOCAL_ONLY","Raw OpenAQ/API downloads"
"data\raw\air_quality\openaq\historical\PROJ_094\co\PROJ_094_12235882_co_2025_04_p1_20260924T213500.json","502249","0.48","RAW_SOURCE","LOCAL_ONLY","Raw OpenAQ/API downloads"
"data\raw\air_quality\openaq\historical\PROJ_094\co\PROJ_094_12235882_co_2025_05_p1_20260924T214341.json","566727","0.54","RAW_SOURCE","LOCAL_ONLY","Raw OpenAQ/API downloads"
"data\raw\air_quality\openaq\historical\PROJ_094\co\PROJ_094_12235882_co_2025_06_p1_20260924T215220.json","536592","0.51","RAW_SOURCE","LOCAL_ONLY","Raw OpenAQ/API downloads"
"data\raw\air_quality\openaq\historical\PROJ_094\co\PROJ_094_12235882_co_2025_07_p1_20260924T220141.json","595314","0.57","RAW_SOURCE","LOCAL_ONLY","Raw OpenAQ/API downloads"
"data\raw\air_quality\openaq\historical\PROJ_094\co\PROJ_094_12235882_co_2025_08_p1_20260924T221033.json","577800","0.55","RAW_SOURCE","LOCAL_ONLY","Raw OpenAQ/API downloads"
"data\raw\air_quality\openaq\historical\PROJ_094\co\PROJ_094_12235882_co_2025_09_p1_20260924T221948.json","567327","0.54","RAW_SOURCE","LOCAL_ONLY","Raw OpenAQ/API downloads"
"data\raw\air_quality\openaq\historical\PROJ_094\co\PROJ_094_12235882_co_2025_10_p1_20260924T222850.json","575736","0.55","RAW_SOURCE","LOCAL_ONLY","Raw OpenAQ/API downloads"
"data\raw\air_quality\openaq\historical\PROJ_094\co\PROJ_094_12235882_co_2025_11_p1_20260924T223759.json","553248","0.53","RAW_SOURCE","LOCAL_ONLY","Raw OpenAQ/API downloads"
"data\raw\air_quality\openaq\historical\PROJ_094\co\PROJ_094_12235882_co_2025_12_p1_20260924T224721.json","589453","0.56","RAW_SOURCE","LOCAL_ONLY","Raw OpenAQ/API downloads"
"data\raw\air_quality\openaq\historical\PROJ_094\co\PROJ_094_12235882_co_2026_01_p1_20260924T225608.json","400301","0.38","RAW_SOURCE","LOCAL_ONLY","Raw OpenAQ/API downloads"
"data\raw\air_quality\openaq\historical\PROJ_094\co\PROJ_094_12235882_co_2026_02_p1_20260924T230451.json","462504","0.44","RAW_SOURCE","LOCAL_ONLY","Raw OpenAQ/API downloads"
"data\raw\air_quality\openaq\historical\PROJ_094\co\PROJ_094_12235882_co_2026_03_p1_20260924T231411.json","577600","0.55","RAW_SOURCE","LOCAL_ONLY","Raw OpenAQ/API downloads"
"data\raw\air_quality\openaq\historical\PROJ_094\co\PROJ_094_12235882_co_2026_04_p1_20260924T232316.json","552534","0.53","RAW_SOURCE","LOCAL_ONLY","Raw OpenAQ/API downloads"
"data\raw\air_quality\openaq\historical\PROJ_094\co\PROJ_094_12235882_co_2026_05_p1_20260924T233219.json","558210","0.53","RAW_SOURCE","LOCAL_ONLY","Raw OpenAQ/API downloads"
"data\raw\air_quality\openaq\historical\PROJ_094\co\PROJ_094_12235882_co_2026_06_p1_20260924T234140.json","487164","0.46","RAW_SOURCE","LOCAL_ONLY","Raw OpenAQ/API downloads"
"data\raw\air_quality\openaq\historical\PROJ_094\co\PROJ_094_12235882_co_2026_07_p1_20260924T235103.json","581246","0.55","RAW_SOURCE","LOCAL_ONLY","Raw OpenAQ/API downloads"
"data\raw\air_quality\openaq\historical\PROJ_094\co\PROJ_094_12235882_co_2026_08_p1_20260924T235955.json","532933","0.51","RAW_SOURCE","LOCAL_ONLY","Raw OpenAQ/API downloads"
"data\raw\air_quality\openaq\historical\PROJ_094\co\PROJ_094_12235882_co_2026_09_p1_20260925T000826.json","333268","0.32","RAW_SOURCE","LOCAL_ONLY","Raw OpenAQ/API downloads"
"data\raw\air_quality\openaq\historical\PROJ_094\no2\PROJ_094_12235884_no2_2025_04_p1_20260924T213452.json","509076","0.49","RAW_SOURCE","LOCAL_ONLY","Raw OpenAQ/API downloads"
"data\raw\air_quality\openaq\historical\PROJ_094\no2\PROJ_094_12235884_no2_2025_05_p1_20260924T214332.json","574411","0.55","RAW_SOURCE","LOCAL_ONLY","Raw OpenAQ/API downloads"
"data\raw\air_quality\openaq\historical\PROJ_094\no2\PROJ_094_12235884_no2_2025_06_p1_20260924T215213.json","543224","0.52","RAW_SOURCE","LOCAL_ONLY","Raw OpenAQ/API downloads"
"data\raw\air_quality\openaq\historical\PROJ_094\no2\PROJ_094_12235884_no2_2025_07_p1_20260924T220133.json","601855","0.57","RAW_SOURCE","LOCAL_ONLY","Raw OpenAQ/API downloads"
"data\raw\air_quality\openaq\historical\PROJ_094\no2\PROJ_094_12235884_no2_2025_08_p1_20260924T221023.json","583223","0.56","RAW_SOURCE","LOCAL_ONLY","Raw OpenAQ/API downloads"
"data\raw\air_quality\openaq\historical\PROJ_094\no2\PROJ_094_12235884_no2_2025_09_p1_20260924T221941.json","574772","0.55","RAW_SOURCE","LOCAL_ONLY","Raw OpenAQ/API downloads"
"data\raw\air_quality\openaq\historical\PROJ_094\no2\PROJ_094_12235884_no2_2025_10_p1_20260924T222842.json","579376","0.55","RAW_SOURCE","LOCAL_ONLY","Raw OpenAQ/API downloads"
"data\raw\air_quality\openaq\historical\PROJ_094\no2\PROJ_094_12235884_no2_2025_11_p1_20260924T223752.json","558104","0.53","RAW_SOURCE","LOCAL_ONLY","Raw OpenAQ/API downloads"
"data\raw\air_quality\openaq\historical\PROJ_094\no2\PROJ_094_12235884_no2_2025_12_p1_20260924T224712.json","595242","0.57","RAW_SOURCE","LOCAL_ONLY","Raw OpenAQ/API downloads"
"data\raw\air_quality\openaq\historical\PROJ_094\no2\PROJ_094_12235884_no2_2026_01_p1_20260924T225559.json","403852","0.39","RAW_SOURCE","LOCAL_ONLY","Raw OpenAQ/API downloads"
"data\raw\air_quality\openaq\historical\PROJ_094\no2\PROJ_094_12235884_no2_2026_02_p1_20260924T230442.json","466711","0.45","RAW_SOURCE","LOCAL_ONLY","Raw OpenAQ/API downloads"
"data\raw\air_quality\openaq\historical\PROJ_094\no2\PROJ_094_12235884_no2_2026_03_p1_20260924T231403.json","583708","0.56","RAW_SOURCE","LOCAL_ONLY","Raw OpenAQ/API downloads"
"data\raw\air_quality\openaq\historical\PROJ_094\no2\PROJ_094_12235884_no2_2026_04_p1_20260924T232306.json","556335","0.53","RAW_SOURCE","LOCAL_ONLY","Raw OpenAQ/API downloads"
"data\raw\air_quality\openaq\historical\PROJ_094\no2\PROJ_094_12235884_no2_2026_05_p1_20260924T233210.json","559828","0.53","RAW_SOURCE","LOCAL_ONLY","Raw OpenAQ/API downloads"
"data\raw\air_quality\openaq\historical\PROJ_094\no2\PROJ_094_12235884_no2_2026_06_p1_20260924T234132.json","521023","0.5","RAW_SOURCE","LOCAL_ONLY","Raw OpenAQ/API downloads"
"data\raw\air_quality\openaq\historical\PROJ_094\no2\PROJ_094_12235884_no2_2026_07_p1_20260924T235053.json","598892","0.57","RAW_SOURCE","LOCAL_ONLY","Raw OpenAQ/API downloads"
"data\raw\air_quality\openaq\historical\PROJ_094\no2\PROJ_094_12235884_no2_2026_08_p1_20260924T235946.json","533748","0.51","RAW_SOURCE","LOCAL_ONLY","Raw OpenAQ/API downloads"
"data\raw\air_quality\openaq\historical\PROJ_094\no2\PROJ_094_12235884_no2_2026_09_p1_20260925T000818.json","404938","0.39","RAW_SOURCE","LOCAL_ONLY","Raw OpenAQ/API downloads"
"data\raw\air_quality\openaq\historical\PROJ_094\o3\PROJ_094_12235885_o3_2025_04_p1_20260924T213444.json","511076","0.49","RAW_SOURCE","LOCAL_ONLY","Raw OpenAQ/API downloads"
"data\raw\air_quality\openaq\historical\PROJ_094\o3\PROJ_094_12235885_o3_2025_05_p1_20260924T214322.json","575473","0.55","RAW_SOURCE","LOCAL_ONLY","Raw OpenAQ/API downloads"
"data\raw\air_quality\openaq\historical\PROJ_094\o3\PROJ_094_12235885_o3_2025_06_p1_20260924T215206.json","545072","0.52","RAW_SOURCE","LOCAL_ONLY","Raw OpenAQ/API downloads"
"data\raw\air_quality\openaq\historical\PROJ_094\o3\PROJ_094_12235885_o3_2025_07_p1_20260924T220125.json","604358","0.58","RAW_SOURCE","LOCAL_ONLY","Raw OpenAQ/API downloads"
"data\raw\air_quality\openaq\historical\PROJ_094\o3\PROJ_094_12235885_o3_2025_08_p1_20260924T221015.json","585772","0.56","RAW_SOURCE","LOCAL_ONLY","Raw OpenAQ/API downloads"
"data\raw\air_quality\openaq\historical\PROJ_094\o3\PROJ_094_12235885_o3_2025_09_p1_20260924T221933.json","575390","0.55","RAW_SOURCE","LOCAL_ONLY","Raw OpenAQ/API downloads"
"data\raw\air_quality\openaq\historical\PROJ_094\o3\PROJ_094_12235885_o3_2025_10_p1_20260924T222833.json","582142","0.56","RAW_SOURCE","LOCAL_ONLY","Raw OpenAQ/API downloads"
"data\raw\air_quality\openaq\historical\PROJ_094\o3\PROJ_094_12235885_o3_2025_11_p1_20260924T223743.json","560524","0.53","RAW_SOURCE","LOCAL_ONLY","Raw OpenAQ/API downloads"
"data\raw\air_quality\openaq\historical\PROJ_094\o3\PROJ_094_12235885_o3_2025_12_p1_20260924T224703.json","595291","0.57","RAW_SOURCE","LOCAL_ONLY","Raw OpenAQ/API downloads"
"data\raw\air_quality\openaq\historical\PROJ_094\o3\PROJ_094_12235885_o3_2026_01_p1_20260924T225551.json","402667","0.38","RAW_SOURCE","LOCAL_ONLY","Raw OpenAQ/API downloads"
"data\raw\air_quality\openaq\historical\PROJ_094\o3\PROJ_094_12235885_o3_2026_02_p1_20260924T230434.json","464962","0.44","RAW_SOURCE","LOCAL_ONLY","Raw OpenAQ/API downloads"
"data\raw\air_quality\openaq\historical\PROJ_094\o3\PROJ_094_12235885_o3_2026_03_p1_20260924T231353.json","583617","0.56","RAW_SOURCE","LOCAL_ONLY","Raw OpenAQ/API downloads"
"data\raw\air_quality\openaq\historical\PROJ_094\o3\PROJ_094_12235885_o3_2026_04_p1_20260924T232257.json","560764","0.53","RAW_SOURCE","LOCAL_ONLY","Raw OpenAQ/API downloads"
"data\raw\air_quality\openaq\historical\PROJ_094\o3\PROJ_094_12235885_o3_2026_05_p1_20260924T233202.json","566657","0.54","RAW_SOURCE","LOCAL_ONLY","Raw OpenAQ/API downloads"
"data\raw\air_quality\openaq\historical\PROJ_094\o3\PROJ_094_12235885_o3_2026_06_p1_20260924T234122.json","521994","0.5","RAW_SOURCE","LOCAL_ONLY","Raw OpenAQ/API downloads"
"data\raw\air_quality\openaq\historical\PROJ_094\o3\PROJ_094_12235885_o3_2026_07_p1_20260924T235045.json","598298","0.57","RAW_SOURCE","LOCAL_ONLY","Raw OpenAQ/API downloads"
"data\raw\air_quality\openaq\historical\PROJ_094\o3\PROJ_094_12235885_o3_2026_08_p1_20260924T235937.json","540416","0.52","RAW_SOURCE","LOCAL_ONLY","Raw OpenAQ/API downloads"
"data\raw\air_quality\openaq\historical\PROJ_094\o3\PROJ_094_12235885_o3_2026_09_p1_20260925T000811.json","406328","0.39","RAW_SOURCE","LOCAL_ONLY","Raw OpenAQ/API downloads"
"data\raw\air_quality\openaq\historical\PROJ_094\pm10\PROJ_094_12235886_pm10_2025_04_p1_20260924T213456.json","503997","0.48","RAW_SOURCE","LOCAL_ONLY","Raw OpenAQ/API downloads"
"data\raw\air_quality\openaq\historical\PROJ_094\pm10\PROJ_094_12235886_pm10_2025_05_p1_20260924T214337.json","567094","0.54","RAW_SOURCE","LOCAL_ONLY","Raw OpenAQ/API downloads"
"data\raw\air_quality\openaq\historical\PROJ_094\pm10\PROJ_094_12235886_pm10_2025_06_p1_20260924T215217.json","537962","0.51","RAW_SOURCE","LOCAL_ONLY","Raw OpenAQ/API downloads"
"data\raw\air_quality\openaq\historical\PROJ_094\pm10\PROJ_094_12235886_pm10_2025_07_p1_20260924T220137.json","596132","0.57","RAW_SOURCE","LOCAL_ONLY","Raw OpenAQ/API downloads"
"data\raw\air_quality\openaq\historical\PROJ_094\pm10\PROJ_094_12235886_pm10_2025_08_p1_20260924T221028.json","576997","0.55","RAW_SOURCE","LOCAL_ONLY","Raw OpenAQ/API downloads"
"data\raw\air_quality\openaq\historical\PROJ_094\pm10\PROJ_094_12235886_pm10_2025_09_p1_20260924T221945.json","569871","0.54","RAW_SOURCE","LOCAL_ONLY","Raw OpenAQ/API downloads"
"data\raw\air_quality\openaq\historical\PROJ_094\pm10\PROJ_094_12235886_pm10_2025_10_p1_20260924T222846.json","577863","0.55","RAW_SOURCE","LOCAL_ONLY","Raw OpenAQ/API downloads"
"data\raw\air_quality\openaq\historical\PROJ_094\pm10\PROJ_094_12235886_pm10_2025_11_p1_20260924T223756.json","558338","0.53","RAW_SOURCE","LOCAL_ONLY","Raw OpenAQ/API downloads"
"data\raw\air_quality\openaq\historical\PROJ_094\pm10\PROJ_094_12235886_pm10_2025_12_p1_20260924T224717.json","594787","0.57","RAW_SOURCE","LOCAL_ONLY","Raw OpenAQ/API downloads"
"data\raw\air_quality\openaq\historical\PROJ_094\pm10\PROJ_094_12235886_pm10_2026_01_p1_20260924T225604.json","403631","0.38","RAW_SOURCE","LOCAL_ONLY","Raw OpenAQ/API downloads"
"data\raw\air_quality\openaq\historical\PROJ_094\pm10\PROJ_094_12235886_pm10_2026_02_p1_20260924T230446.json","463754","0.44","RAW_SOURCE","LOCAL_ONLY","Raw OpenAQ/API downloads"
"data\raw\air_quality\openaq\historical\PROJ_094\pm10\PROJ_094_12235886_pm10_2026_03_p1_20260924T231408.json","580100","0.55","RAW_SOURCE","LOCAL_ONLY","Raw OpenAQ/API downloads"
"data\raw\air_quality\openaq\historical\PROJ_094\pm10\PROJ_094_12235886_pm10_2026_04_p1_20260924T232311.json","552899","0.53","RAW_SOURCE","LOCAL_ONLY","Raw OpenAQ/API downloads"
"data\raw\air_quality\openaq\historical\PROJ_094\pm10\PROJ_094_12235886_pm10_2026_05_p1_20260924T233216.json","560023","0.53","RAW_SOURCE","LOCAL_ONLY","Raw OpenAQ/API downloads"
"data\raw\air_quality\openaq\historical\PROJ_094\pm10\PROJ_094_12235886_pm10_2026_06_p1_20260924T234136.json","515609","0.49","RAW_SOURCE","LOCAL_ONLY","Raw OpenAQ/API downloads"
"data\raw\air_quality\openaq\historical\PROJ_094\pm10\PROJ_094_12235886_pm10_2026_07_p1_20260924T235058.json","590559","0.56","RAW_SOURCE","LOCAL_ONLY","Raw OpenAQ/API downloads"
"data\raw\air_quality\openaq\historical\PROJ_094\pm10\PROJ_094_12235886_pm10_2026_08_p1_20260924T235951.json","533841","0.51","RAW_SOURCE","LOCAL_ONLY","Raw OpenAQ/API downloads"
"data\raw\air_quality\openaq\historical\PROJ_094\pm10\PROJ_094_12235886_pm10_2026_09_p1_20260925T000822.json","402860","0.38","RAW_SOURCE","LOCAL_ONLY","Raw OpenAQ/API downloads"
"data\raw\air_quality\openaq\historical\PROJ_094\pm2_5\PROJ_094_12235887_pm2_5_2025_04_p1_20260924T213504.json","503873","0.48","RAW_SOURCE","LOCAL_ONLY","Raw OpenAQ/API downloads"
"data\raw\air_quality\openaq\historical\PROJ_094\pm2_5\PROJ_094_12235887_pm2_5_2025_05_p1_20260924T214345.json","566924","0.54","RAW_SOURCE","LOCAL_ONLY","Raw OpenAQ/API downloads"
"data\raw\air_quality\openaq\historical\PROJ_094\pm2_5\PROJ_094_12235887_pm2_5_2025_06_p1_20260924T215224.json","537594","0.51","RAW_SOURCE","LOCAL_ONLY","Raw OpenAQ/API downloads"
"data\raw\air_quality\openaq\historical\PROJ_094\pm2_5\PROJ_094_12235887_pm2_5_2025_07_p1_20260924T220145.json","595748","0.57","RAW_SOURCE","LOCAL_ONLY","Raw OpenAQ/API downloads"
"data\raw\air_quality\openaq\historical\PROJ_094\pm2_5\PROJ_094_12235887_pm2_5_2025_08_p1_20260924T221038.json","576973","0.55","RAW_SOURCE","LOCAL_ONLY","Raw OpenAQ/API downloads"
"data\raw\air_quality\openaq\historical\PROJ_094\pm2_5\PROJ_094_12235887_pm2_5_2025_09_p1_20260924T221952.json","569714","0.54","RAW_SOURCE","LOCAL_ONLY","Raw OpenAQ/API downloads"
"data\raw\air_quality\openaq\historical\PROJ_094\pm2_5\PROJ_094_12235887_pm2_5_2025_10_p1_20260924T222854.json","575314","0.55","RAW_SOURCE","LOCAL_ONLY","Raw OpenAQ/API downloads"
"data\raw\air_quality\openaq\historical\PROJ_094\pm2_5\PROJ_094_12235887_pm2_5_2025_11_p1_20260924T223804.json","556089","0.53","RAW_SOURCE","LOCAL_ONLY","Raw OpenAQ/API downloads"
"data\raw\air_quality\openaq\historical\PROJ_094\pm2_5\PROJ_094_12235887_pm2_5_2025_12_p1_20260924T224725.json","593534","0.57","RAW_SOURCE","LOCAL_ONLY","Raw OpenAQ/API downloads"
"data\raw\air_quality\openaq\historical\PROJ_094\pm2_5\PROJ_094_12235887_pm2_5_2026_01_p1_20260924T225611.json","401767","0.38","RAW_SOURCE","LOCAL_ONLY","Raw OpenAQ/API downloads"
"data\raw\air_quality\openaq\historical\PROJ_094\pm2_5\PROJ_094_12235887_pm2_5_2026_02_p1_20260924T230454.json","461560","0.44","RAW_SOURCE","LOCAL_ONLY","Raw OpenAQ/API downloads"
"data\raw\air_quality\openaq\historical\PROJ_094\pm2_5\PROJ_094_12235887_pm2_5_2026_03_p1_20260924T231415.json","579935","0.55","RAW_SOURCE","LOCAL_ONLY","Raw OpenAQ/API downloads"
"data\raw\air_quality\openaq\historical\PROJ_094\pm2_5\PROJ_094_12235887_pm2_5_2026_04_p1_20260924T232320.json","553628","0.53","RAW_SOURCE","LOCAL_ONLY","Raw OpenAQ/API downloads"
"data\raw\air_quality\openaq\historical\PROJ_094\pm2_5\PROJ_094_12235887_pm2_5_2026_05_p1_20260924T233224.json","560627","0.53","RAW_SOURCE","LOCAL_ONLY","Raw OpenAQ/API downloads"
"data\raw\air_quality\openaq\historical\PROJ_094\pm2_5\PROJ_094_12235887_pm2_5_2026_06_p1_20260924T234145.json","514004","0.49","RAW_SOURCE","LOCAL_ONLY","Raw OpenAQ/API downloads"
"data\raw\air_quality\openaq\historical\PROJ_094\pm2_5\PROJ_094_12235887_pm2_5_2026_07_p1_20260924T235107.json","591181","0.56","RAW_SOURCE","LOCAL_ONLY","Raw OpenAQ/API downloads"
"data\raw\air_quality\openaq\historical\PROJ_094\pm2_5\PROJ_094_12235887_pm2_5_2026_08_p1_20260925T000000.json","533700","0.51","RAW_SOURCE","LOCAL_ONLY","Raw OpenAQ/API downloads"
"data\raw\air_quality\openaq\historical\PROJ_094\pm2_5\PROJ_094_12235887_pm2_5_2026_09_p1_20260925T000830.json","402923","0.38","RAW_SOURCE","LOCAL_ONLY","Raw OpenAQ/API downloads"
"data\raw\air_quality\openaq\historical\PROJ_094\so2\PROJ_094_12235889_so2_2025_04_p1_20260924T213449.json","506515","0.48","RAW_SOURCE","LOCAL_ONLY","Raw OpenAQ/API downloads"
"data\raw\air_quality\openaq\historical\PROJ_094\so2\PROJ_094_12235889_so2_2025_05_p1_20260924T214327.json","571574","0.55","RAW_SOURCE","LOCAL_ONLY","Raw OpenAQ/API downloads"
"data\raw\air_quality\openaq\historical\PROJ_094\so2\PROJ_094_12235889_so2_2025_06_p1_20260924T215209.json","540501","0.52","RAW_SOURCE","LOCAL_ONLY","Raw OpenAQ/API downloads"
"data\raw\air_quality\openaq\historical\PROJ_094\so2\PROJ_094_12235889_so2_2025_07_p1_20260924T220130.json","598977","0.57","RAW_SOURCE","LOCAL_ONLY","Raw OpenAQ/API downloads"
"data\raw\air_quality\openaq\historical\PROJ_094\so2\PROJ_094_12235889_so2_2025_08_p1_20260924T221018.json","581000","0.55","RAW_SOURCE","LOCAL_ONLY","Raw OpenAQ/API downloads"
"data\raw\air_quality\openaq\historical\PROJ_094\so2\PROJ_094_12235889_so2_2025_09_p1_20260924T221937.json","570632","0.54","RAW_SOURCE","LOCAL_ONLY","Raw OpenAQ/API downloads"
"data\raw\air_quality\openaq\historical\PROJ_094\so2\PROJ_094_12235889_so2_2025_10_p1_20260924T222837.json","576744","0.55","RAW_SOURCE","LOCAL_ONLY","Raw OpenAQ/API downloads"
"data\raw\air_quality\openaq\historical\PROJ_094\so2\PROJ_094_12235889_so2_2025_11_p1_20260924T223747.json","555553","0.53","RAW_SOURCE","LOCAL_ONLY","Raw OpenAQ/API downloads"
"data\raw\air_quality\openaq\historical\PROJ_094\so2\PROJ_094_12235889_so2_2025_12_p1_20260924T224707.json","592066","0.56","RAW_SOURCE","LOCAL_ONLY","Raw OpenAQ/API downloads"
"data\raw\air_quality\openaq\historical\PROJ_094\so2\PROJ_094_12235889_so2_2026_01_p1_20260924T225556.json","403602","0.38","RAW_SOURCE","LOCAL_ONLY","Raw OpenAQ/API downloads"
"data\raw\air_quality\openaq\historical\PROJ_094\so2\PROJ_094_12235889_so2_2026_02_p1_20260924T230438.json","463576","0.44","RAW_SOURCE","LOCAL_ONLY","Raw OpenAQ/API downloads"
"data\raw\air_quality\openaq\historical\PROJ_094\so2\PROJ_094_12235889_so2_2026_03_p1_20260924T231359.json","580447","0.55","RAW_SOURCE","LOCAL_ONLY","Raw OpenAQ/API downloads"
"data\raw\air_quality\openaq\historical\PROJ_094\so2\PROJ_094_12235889_so2_2026_04_p1_20260924T232302.json","556439","0.53","RAW_SOURCE","LOCAL_ONLY","Raw OpenAQ/API downloads"
"data\raw\air_quality\openaq\historical\PROJ_094\so2\PROJ_094_12235889_so2_2026_05_p1_20260924T233206.json","561835","0.54","RAW_SOURCE","LOCAL_ONLY","Raw OpenAQ/API downloads"
"data\raw\air_quality\openaq\historical\PROJ_094\so2\PROJ_094_12235889_so2_2026_06_p1_20260924T234128.json","517633","0.49","RAW_SOURCE","LOCAL_ONLY","Raw OpenAQ/API downloads"
"data\raw\air_quality\openaq\historical\PROJ_094\so2\PROJ_094_12235889_so2_2026_07_p1_20260924T235049.json","597092","0.57","RAW_SOURCE","LOCAL_ONLY","Raw OpenAQ/API downloads"
"data\raw\air_quality\openaq\historical\PROJ_094\so2\PROJ_094_12235889_so2_2026_08_p1_20260924T235942.json","537570","0.51","RAW_SOURCE","LOCAL_ONLY","Raw OpenAQ/API downloads"
"data\raw\air_quality\openaq\historical\PROJ_094\so2\PROJ_094_12235889_so2_2026_09_p1_20260925T000814.json","402312","0.38","RAW_SOURCE","LOCAL_ONLY","Raw OpenAQ/API downloads"
"data\raw\air_quality\openaq\historical\PROJ_101\co\PROJ_101_12235262_co_2025_03_p1_20260924T194218.json","532505","0.51","RAW_SOURCE","LOCAL_ONLY","Raw OpenAQ/API downloads"
"data\raw\air_quality\openaq\historical\PROJ_101\co\PROJ_101_12235262_co_2025_04_p1_20260924T213137.json","368955","0.35","RAW_SOURCE","LOCAL_ONLY","Raw OpenAQ/API downloads"
"data\raw\air_quality\openaq\historical\PROJ_101\co\PROJ_101_12235262_co_2025_05_p1_20260924T213957.json","502629","0.48","RAW_SOURCE","LOCAL_ONLY","Raw OpenAQ/API downloads"
"data\raw\air_quality\openaq\historical\PROJ_101\co\PROJ_101_12235262_co_2025_06_p1_20260924T214841.json","489465","0.47","RAW_SOURCE","LOCAL_ONLY","Raw OpenAQ/API downloads"
"data\raw\air_quality\openaq\historical\PROJ_101\co\PROJ_101_12235262_co_2025_07_p1_20260924T215756.json","567995","0.54","RAW_SOURCE","LOCAL_ONLY","Raw OpenAQ/API downloads"
"data\raw\air_quality\openaq\historical\PROJ_101\co\PROJ_101_12235262_co_2025_08_p1_20260924T220651.json","385078","0.37","RAW_SOURCE","LOCAL_ONLY","Raw OpenAQ/API downloads"
"data\raw\air_quality\openaq\historical\PROJ_101\co\PROJ_101_12235262_co_2025_09_p1_20260924T221607.json","428150","0.41","RAW_SOURCE","LOCAL_ONLY","Raw OpenAQ/API downloads"
"data\raw\air_quality\openaq\historical\PROJ_101\co\PROJ_101_12235262_co_2025_10_p1_20260924T222510.json","516921","0.49","RAW_SOURCE","LOCAL_ONLY","Raw OpenAQ/API downloads"
"data\raw\air_quality\openaq\historical\PROJ_101\co\PROJ_101_12235262_co_2025_11_p1_20260924T223410.json","472130","0.45","RAW_SOURCE","LOCAL_ONLY","Raw OpenAQ/API downloads"
"data\raw\air_quality\openaq\historical\PROJ_101\co\PROJ_101_12235262_co_2025_12_p1_20260924T224324.json","587479","0.56","RAW_SOURCE","LOCAL_ONLY","Raw OpenAQ/API downloads"
"data\raw\air_quality\openaq\historical\PROJ_101\co\PROJ_101_12235262_co_2026_01_p1_20260924T225222.json","395680","0.38","RAW_SOURCE","LOCAL_ONLY","Raw OpenAQ/API downloads"
"data\raw\air_quality\openaq\historical\PROJ_101\co\PROJ_101_12235262_co_2026_02_p1_20260924T230113.json","463106","0.44","RAW_SOURCE","LOCAL_ONLY","Raw OpenAQ/API downloads"
"data\raw\air_quality\openaq\historical\PROJ_101\co\PROJ_101_12235262_co_2026_03_p1_20260924T231006.json","566221","0.54","RAW_SOURCE","LOCAL_ONLY","Raw OpenAQ/API downloads"
"data\raw\air_quality\openaq\historical\PROJ_101\co\PROJ_101_12235262_co_2026_04_p1_20260924T231923.json","552330","0.53","RAW_SOURCE","LOCAL_ONLY","Raw OpenAQ/API downloads"
"data\raw\air_quality\openaq\historical\PROJ_101\co\PROJ_101_12235262_co_2026_05_p1_20260924T232836.json","548017","0.52","RAW_SOURCE","LOCAL_ONLY","Raw OpenAQ/API downloads"
"data\raw\air_quality\openaq\historical\PROJ_101\co\PROJ_101_12235262_co_2026_06_p1_20260924T233748.json","455192","0.43","RAW_SOURCE","LOCAL_ONLY","Raw OpenAQ/API downloads"
"data\raw\air_quality\openaq\historical\PROJ_101\co\PROJ_101_12235262_co_2026_07_p1_20260924T234657.json","540092","0.52","RAW_SOURCE","LOCAL_ONLY","Raw OpenAQ/API downloads"
"data\raw\air_quality\openaq\historical\PROJ_101\co\PROJ_101_12235262_co_2026_08_p1_20260924T235615.json","486162","0.46","RAW_SOURCE","LOCAL_ONLY","Raw OpenAQ/API downloads"
"data\raw\air_quality\openaq\historical\PROJ_101\co\PROJ_101_12235262_co_2026_09_p1_20260925T000445.json","372184","0.35","RAW_SOURCE","LOCAL_ONLY","Raw OpenAQ/API downloads"
"data\raw\air_quality\openaq\historical\PROJ_101\no2\PROJ_101_12235264_no2_2025_03_p1_20260924T194203.json","547147","0.52","RAW_SOURCE","LOCAL_ONLY","Raw OpenAQ/API downloads"
"data\raw\air_quality\openaq\historical\PROJ_101\no2\PROJ_101_12235264_no2_2025_04_p1_20260924T213122.json","448636","0.43","RAW_SOURCE","LOCAL_ONLY","Raw OpenAQ/API downloads"
"data\raw\air_quality\openaq\historical\PROJ_101\no2\PROJ_101_12235264_no2_2025_05_p1_20260924T213941.json","479364","0.46","RAW_SOURCE","LOCAL_ONLY","Raw OpenAQ/API downloads"
"data\raw\air_quality\openaq\historical\PROJ_101\no2\PROJ_101_12235264_no2_2025_06_p1_20260924T214823.json","161513","0.15","RAW_SOURCE","LOCAL_ONLY","Raw OpenAQ/API downloads"
"data\raw\air_quality\openaq\historical\PROJ_101\no2\PROJ_101_12235264_no2_2025_07_p1_20260924T215737.json","126693","0.12","RAW_SOURCE","LOCAL_ONLY","Raw OpenAQ/API downloads"
"data\raw\air_quality\openaq\historical\PROJ_101\no2\PROJ_101_12235264_no2_2025_08_p1_20260924T220638.json","400169","0.38","RAW_SOURCE","LOCAL_ONLY","Raw OpenAQ/API downloads"
"data\raw\air_quality\openaq\historical\PROJ_101\no2\PROJ_101_12235264_no2_2025_09_p1_20260924T221550.json","432257","0.41","RAW_SOURCE","LOCAL_ONLY","Raw OpenAQ/API downloads"
"data\raw\air_quality\openaq\historical\PROJ_101\no2\PROJ_101_12235264_no2_2025_10_p1_20260924T222451.json","516009","0.49","RAW_SOURCE","LOCAL_ONLY","Raw OpenAQ/API downloads"
"data\raw\air_quality\openaq\historical\PROJ_101\no2\PROJ_101_12235264_no2_2025_11_p1_20260924T223352.json","474869","0.45","RAW_SOURCE","LOCAL_ONLY","Raw OpenAQ/API downloads"
"data\raw\air_quality\openaq\historical\PROJ_101\no2\PROJ_101_12235264_no2_2025_12_p1_20260924T224306.json","574496","0.55","RAW_SOURCE","LOCAL_ONLY","Raw OpenAQ/API downloads"
"data\raw\air_quality\openaq\historical\PROJ_101\no2\PROJ_101_12235264_no2_2026_01_p1_20260924T225206.json","398133","0.38","RAW_SOURCE","LOCAL_ONLY","Raw OpenAQ/API downloads"
"data\raw\air_quality\openaq\historical\PROJ_101\no2\PROJ_101_12235264_no2_2026_02_p1_20260924T230056.json","461181","0.44","RAW_SOURCE","LOCAL_ONLY","Raw OpenAQ/API downloads"
"data\raw\air_quality\openaq\historical\PROJ_101\no2\PROJ_101_12235264_no2_2026_03_p1_20260924T230947.json","546076","0.52","RAW_SOURCE","LOCAL_ONLY","Raw OpenAQ/API downloads"
"data\raw\air_quality\openaq\historical\PROJ_101\no2\PROJ_101_12235264_no2_2026_04_p1_20260924T231903.json","444397","0.42","RAW_SOURCE","LOCAL_ONLY","Raw OpenAQ/API downloads"
"data\raw\air_quality\openaq\historical\PROJ_101\no2\PROJ_101_12235264_no2_2026_05_p1_20260924T232819.json","503012","0.48","RAW_SOURCE","LOCAL_ONLY","Raw OpenAQ/API downloads"
"data\raw\air_quality\openaq\historical\PROJ_101\no2\PROJ_101_12235264_no2_2026_06_p1_20260924T233731.json","299127","0.29","RAW_SOURCE","LOCAL_ONLY","Raw OpenAQ/API downloads"
"data\raw\air_quality\openaq\historical\PROJ_101\no2\PROJ_101_12235264_no2_2026_07_p1_20260924T234641.json","485004","0.46","RAW_SOURCE","LOCAL_ONLY","Raw OpenAQ/API downloads"
"data\raw\air_quality\openaq\historical\PROJ_101\no2\PROJ_101_12235264_no2_2026_08_p1_20260924T235601.json","495673","0.47","RAW_SOURCE","LOCAL_ONLY","Raw OpenAQ/API downloads"
"data\raw\air_quality\openaq\historical\PROJ_101\no2\PROJ_101_12235264_no2_2026_09_p1_20260925T000430.json","379744","0.36","RAW_SOURCE","LOCAL_ONLY","Raw OpenAQ/API downloads"
"data\raw\air_quality\openaq\historical\PROJ_101\o3\PROJ_101_12235265_o3_2025_03_p1_20260924T194214.json","558771","0.53","RAW_SOURCE","LOCAL_ONLY","Raw OpenAQ/API downloads"
"data\raw\air_quality\openaq\historical\PROJ_101\o3\PROJ_101_12235265_o3_2025_04_p1_20260924T213134.json","402021","0.38","RAW_SOURCE","LOCAL_ONLY","Raw OpenAQ/API downloads"
"data\raw\air_quality\openaq\historical\PROJ_101\o3\PROJ_101_12235265_o3_2025_05_p1_20260924T213954.json","543135","0.52","RAW_SOURCE","LOCAL_ONLY","Raw OpenAQ/API downloads"
"data\raw\air_quality\openaq\historical\PROJ_101\o3\PROJ_101_12235265_o3_2025_06_p1_20260924T214836.json","523957","0.5","RAW_SOURCE","LOCAL_ONLY","Raw OpenAQ/API downloads"
"data\raw\air_quality\openaq\historical\PROJ_101\o3\PROJ_101_12235265_o3_2025_07_p1_20260924T215751.json","591040","0.56","RAW_SOURCE","LOCAL_ONLY","Raw OpenAQ/API downloads"
"data\raw\air_quality\openaq\historical\PROJ_101\o3\PROJ_101_12235265_o3_2025_08_p1_20260924T220648.json","446600","0.43","RAW_SOURCE","LOCAL_ONLY","Raw OpenAQ/API downloads"
"data\raw\air_quality\openaq\historical\PROJ_101\o3\PROJ_101_12235265_o3_2025_09_p1_20260924T221603.json","444369","0.42","RAW_SOURCE","LOCAL_ONLY","Raw OpenAQ/API downloads"
"data\raw\air_quality\openaq\historical\PROJ_101\o3\PROJ_101_12235265_o3_2025_10_p1_20260924T222505.json","526354","0.5","RAW_SOURCE","LOCAL_ONLY","Raw OpenAQ/API downloads"
"data\raw\air_quality\openaq\historical\PROJ_101\o3\PROJ_101_12235265_o3_2025_11_p1_20260924T223405.json","474566","0.45","RAW_SOURCE","LOCAL_ONLY","Raw OpenAQ/API downloads"
"data\raw\air_quality\openaq\historical\PROJ_101\o3\PROJ_101_12235265_o3_2025_12_p1_20260924T224319.json","596254","0.57","RAW_SOURCE","LOCAL_ONLY","Raw OpenAQ/API downloads"
"data\raw\air_quality\openaq\historical\PROJ_101\o3\PROJ_101_12235265_o3_2026_01_p1_20260924T225218.json","399153","0.38","RAW_SOURCE","LOCAL_ONLY","Raw OpenAQ/API downloads"
"data\raw\air_quality\openaq\historical\PROJ_101\o3\PROJ_101_12235265_o3_2026_02_p1_20260924T230108.json","468523","0.45","RAW_SOURCE","LOCAL_ONLY","Raw OpenAQ/API downloads"
"data\raw\air_quality\openaq\historical\PROJ_101\o3\PROJ_101_12235265_o3_2026_03_p1_20260924T231002.json","566629","0.54","RAW_SOURCE","LOCAL_ONLY","Raw OpenAQ/API downloads"
"data\raw\air_quality\openaq\historical\PROJ_101\o3\PROJ_101_12235265_o3_2026_04_p1_20260924T231918.json","534648","0.51","RAW_SOURCE","LOCAL_ONLY","Raw OpenAQ/API downloads"
"data\raw\air_quality\openaq\historical\PROJ_101\o3\PROJ_101_12235265_o3_2026_05_p1_20260924T232832.json","502271","0.48","RAW_SOURCE","LOCAL_ONLY","Raw OpenAQ/API downloads"
"data\raw\air_quality\openaq\historical\PROJ_101\o3\PROJ_101_12235265_o3_2026_06_p1_20260924T233743.json","481244","0.46","RAW_SOURCE","LOCAL_ONLY","Raw OpenAQ/API downloads"
"data\raw\air_quality\openaq\historical\PROJ_101\o3\PROJ_101_12235265_o3_2026_07_p1_20260924T234653.json","586713","0.56","RAW_SOURCE","LOCAL_ONLY","Raw OpenAQ/API downloads"
"data\raw\air_quality\openaq\historical\PROJ_101\o3\PROJ_101_12235265_o3_2026_08_p1_20260924T235612.json","500406","0.48","RAW_SOURCE","LOCAL_ONLY","Raw OpenAQ/API downloads"
"data\raw\air_quality\openaq\historical\PROJ_101\o3\PROJ_101_12235265_o3_2026_09_p1_20260925T000442.json","371581","0.35","RAW_SOURCE","LOCAL_ONLY","Raw OpenAQ/API downloads"
"data\raw\air_quality\openaq\historical\PROJ_101\pm10\PROJ_101_12235266_pm10_2025_03_p1_20260924T194206.json","576721","0.55","RAW_SOURCE","LOCAL_ONLY","Raw OpenAQ/API downloads"
"data\raw\air_quality\openaq\historical\PROJ_101\pm10\PROJ_101_12235266_pm10_2025_04_p1_20260924T213127.json","418639","0.4","RAW_SOURCE","LOCAL_ONLY","Raw OpenAQ/API downloads"
"data\raw\air_quality\openaq\historical\PROJ_101\pm10\PROJ_101_12235266_pm10_2025_05_p1_20260924T213946.json","528151","0.5","RAW_SOURCE","LOCAL_ONLY","Raw OpenAQ/API downloads"
"data\raw\air_quality\openaq\historical\PROJ_101\pm10\PROJ_101_12235266_pm10_2025_06_p1_20260924T214827.json","486318","0.46","RAW_SOURCE","LOCAL_ONLY","Raw OpenAQ/API downloads"
"data\raw\air_quality\openaq\historical\PROJ_101\pm10\PROJ_101_12235266_pm10_2025_07_p1_20260924T215742.json","569596","0.54","RAW_SOURCE","LOCAL_ONLY","Raw OpenAQ/API downloads"
"data\raw\air_quality\openaq\historical\PROJ_101\pm10\PROJ_101_12235266_pm10_2025_08_p1_20260924T220641.json","427439","0.41","RAW_SOURCE","LOCAL_ONLY","Raw OpenAQ/API downloads"
"data\raw\air_quality\openaq\historical\PROJ_101\pm10\PROJ_101_12235266_pm10_2025_09_p1_20260924T221554.json","419987","0.4","RAW_SOURCE","LOCAL_ONLY","Raw OpenAQ/API downloads"
"data\raw\air_quality\openaq\historical\PROJ_101\pm10\PROJ_101_12235266_pm10_2025_10_p1_20260924T222456.json","495427","0.47","RAW_SOURCE","LOCAL_ONLY","Raw OpenAQ/API downloads"
"data\raw\air_quality\openaq\historical\PROJ_101\pm10\PROJ_101_12235266_pm10_2025_11_p1_20260924T223355.json","466343","0.44","RAW_SOURCE","LOCAL_ONLY","Raw OpenAQ/API downloads"
"data\raw\air_quality\openaq\historical\PROJ_101\pm10\PROJ_101_12235266_pm10_2025_12_p1_20260924T224310.json","576211","0.55","RAW_SOURCE","LOCAL_ONLY","Raw OpenAQ/API downloads"
"data\raw\air_quality\openaq\historical\PROJ_101\pm10\PROJ_101_12235266_pm10_2026_01_p1_20260924T225209.json","384748","0.37","RAW_SOURCE","LOCAL_ONLY","Raw OpenAQ/API downloads"
"data\raw\air_quality\openaq\historical\PROJ_101\pm10\PROJ_101_12235266_pm10_2026_02_p1_20260924T230101.json","455290","0.43","RAW_SOURCE","LOCAL_ONLY","Raw OpenAQ/API downloads"
"data\raw\air_quality\openaq\historical\PROJ_101\pm10\PROJ_101_12235266_pm10_2026_03_p1_20260924T230952.json","554973","0.53","RAW_SOURCE","LOCAL_ONLY","Raw OpenAQ/API downloads"
"data\raw\air_quality\openaq\historical\PROJ_101\pm10\PROJ_101_12235266_pm10_2026_04_p1_20260924T231908.json","544175","0.52","RAW_SOURCE","LOCAL_ONLY","Raw OpenAQ/API downloads"
"data\raw\air_quality\openaq\historical\PROJ_101\pm10\PROJ_101_12235266_pm10_2026_05_p1_20260924T232822.json","548388","0.52","RAW_SOURCE","LOCAL_ONLY","Raw OpenAQ/API downloads"
"data\raw\air_quality\openaq\historical\PROJ_101\pm10\PROJ_101_12235266_pm10_2026_06_p1_20260924T233735.json","434168","0.41","RAW_SOURCE","LOCAL_ONLY","Raw OpenAQ/API downloads"
"data\raw\air_quality\openaq\historical\PROJ_101\pm10\PROJ_101_12235266_pm10_2026_07_p1_20260924T234646.json","544346","0.52","RAW_SOURCE","LOCAL_ONLY","Raw OpenAQ/API downloads"
"data\raw\air_quality\openaq\historical\PROJ_101\pm10\PROJ_101_12235266_pm10_2026_08_p1_20260924T235605.json","449382","0.43","RAW_SOURCE","LOCAL_ONLY","Raw OpenAQ/API downloads"
"data\raw\air_quality\openaq\historical\PROJ_101\pm10\PROJ_101_12235266_pm10_2026_09_p1_20260925T000433.json","365946","0.35","RAW_SOURCE","LOCAL_ONLY","Raw OpenAQ/API downloads"
"data\raw\air_quality\openaq\historical\PROJ_101\pm2_5\PROJ_101_12235267_pm2_5_2025_03_p1_20260924T194210.json","574943","0.55","RAW_SOURCE","LOCAL_ONLY","Raw OpenAQ/API downloads"
"data\raw\air_quality\openaq\historical\PROJ_101\pm2_5\PROJ_101_12235267_pm2_5_2025_04_p1_20260924T213130.json","440586","0.42","RAW_SOURCE","LOCAL_ONLY","Raw OpenAQ/API downloads"
"data\raw\air_quality\openaq\historical\PROJ_101\pm2_5\PROJ_101_12235267_pm2_5_2025_05_p1_20260924T213949.json","519064","0.5","RAW_SOURCE","LOCAL_ONLY","Raw OpenAQ/API downloads"
"data\raw\air_quality\openaq\historical\PROJ_101\pm2_5\PROJ_101_12235267_pm2_5_2025_06_p1_20260924T214831.json","503272","0.48","RAW_SOURCE","LOCAL_ONLY","Raw OpenAQ/API downloads"
"data\raw\air_quality\openaq\historical\PROJ_101\pm2_5\PROJ_101_12235267_pm2_5_2025_07_p1_20260924T215747.json","565138","0.54","RAW_SOURCE","LOCAL_ONLY","Raw OpenAQ/API downloads"
"data\raw\air_quality\openaq\historical\PROJ_101\pm2_5\PROJ_101_12235267_pm2_5_2025_08_p1_20260924T220645.json","418269","0.4","RAW_SOURCE","LOCAL_ONLY","Raw OpenAQ/API downloads"
"data\raw\air_quality\openaq\historical\PROJ_101\pm2_5\PROJ_101_12235267_pm2_5_2025_09_p1_20260924T221558.json","424333","0.4","RAW_SOURCE","LOCAL_ONLY","Raw OpenAQ/API downloads"
"data\raw\air_quality\openaq\historical\PROJ_101\pm2_5\PROJ_101_12235267_pm2_5_2025_10_p1_20260924T222500.json","495883","0.47","RAW_SOURCE","LOCAL_ONLY","Raw OpenAQ/API downloads"
"data\raw\air_quality\openaq\historical\PROJ_101\pm2_5\PROJ_101_12235267_pm2_5_2025_11_p1_20260924T223400.json","472740","0.45","RAW_SOURCE","LOCAL_ONLY","Raw OpenAQ/API downloads"
"data\raw\air_quality\openaq\historical\PROJ_101\pm2_5\PROJ_101_12235267_pm2_5_2025_12_p1_20260924T224315.json","559426","0.53","RAW_SOURCE","LOCAL_ONLY","Raw OpenAQ/API downloads"
"data\raw\air_quality\openaq\historical\PROJ_101\pm2_5\PROJ_101_12235267_pm2_5_2026_01_p1_20260924T225214.json","387136","0.37","RAW_SOURCE","LOCAL_ONLY","Raw OpenAQ/API downloads"
"data\raw\air_quality\openaq\historical\PROJ_101\pm2_5\PROJ_101_12235267_pm2_5_2026_02_p1_20260924T230105.json","442726","0.42","RAW_SOURCE","LOCAL_ONLY","Raw OpenAQ/API downloads"
"data\raw\air_quality\openaq\historical\PROJ_101\pm2_5\PROJ_101_12235267_pm2_5_2026_03_p1_20260924T230956.json","552526","0.53","RAW_SOURCE","LOCAL_ONLY","Raw OpenAQ/API downloads"
"data\raw\air_quality\openaq\historical\PROJ_101\pm2_5\PROJ_101_12235267_pm2_5_2026_04_p1_20260924T231913.json","540449","0.52","RAW_SOURCE","LOCAL_ONLY","Raw OpenAQ/API downloads"
"data\raw\air_quality\openaq\historical\PROJ_101\pm2_5\PROJ_101_12235267_pm2_5_2026_05_p1_20260924T232827.json","547579","0.52","RAW_SOURCE","LOCAL_ONLY","Raw OpenAQ/API downloads"
"data\raw\air_quality\openaq\historical\PROJ_101\pm2_5\PROJ_101_12235267_pm2_5_2026_06_p1_20260924T233740.json","459304","0.44","RAW_SOURCE","LOCAL_ONLY","Raw OpenAQ/API downloads"
"data\raw\air_quality\openaq\historical\PROJ_101\pm2_5\PROJ_101_12235267_pm2_5_2026_07_p1_20260924T234650.json","542747","0.52","RAW_SOURCE","LOCAL_ONLY","Raw OpenAQ/API downloads"
"data\raw\air_quality\openaq\historical\PROJ_101\pm2_5\PROJ_101_12235267_pm2_5_2026_08_p1_20260924T235608.json","459184","0.44","RAW_SOURCE","LOCAL_ONLY","Raw OpenAQ/API downloads"
"data\raw\air_quality\openaq\historical\PROJ_101\pm2_5\PROJ_101_12235267_pm2_5_2026_09_p1_20260925T000438.json","367433","0.35","RAW_SOURCE","LOCAL_ONLY","Raw OpenAQ/API downloads"
"data\raw\air_quality\openaq\historical\PROJ_101\so2\PROJ_101_12235269_so2_2025_03_p1_20260924T194200.json","583592","0.56","RAW_SOURCE","LOCAL_ONLY","Raw OpenAQ/API downloads"
"data\raw\air_quality\openaq\historical\PROJ_101\so2\PROJ_101_12235269_so2_2025_04_p1_20260924T213119.json","445319","0.42","RAW_SOURCE","LOCAL_ONLY","Raw OpenAQ/API downloads"
"data\raw\air_quality\openaq\historical\PROJ_101\so2\PROJ_101_12235269_so2_2025_05_p1_20260924T213937.json","528752","0.5","RAW_SOURCE","LOCAL_ONLY","Raw OpenAQ/API downloads"
"data\raw\air_quality\openaq\historical\PROJ_101\so2\PROJ_101_12235269_so2_2025_06_p1_20260924T214820.json","511160","0.49","RAW_SOURCE","LOCAL_ONLY","Raw OpenAQ/API downloads"
"data\raw\air_quality\openaq\historical\PROJ_101\so2\PROJ_101_12235269_so2_2025_07_p1_20260924T215733.json","574422","0.55","RAW_SOURCE","LOCAL_ONLY","Raw OpenAQ/API downloads"
"data\raw\air_quality\openaq\historical\PROJ_101\so2\PROJ_101_12235269_so2_2025_08_p1_20260924T220634.json","408593","0.39","RAW_SOURCE","LOCAL_ONLY","Raw OpenAQ/API downloads"
"data\raw\air_quality\openaq\historical\PROJ_101\so2\PROJ_101_12235269_so2_2025_09_p1_20260924T221546.json","418624","0.4","RAW_SOURCE","LOCAL_ONLY","Raw OpenAQ/API downloads"
"data\raw\air_quality\openaq\historical\PROJ_101\so2\PROJ_101_12235269_so2_2025_10_p1_20260924T222447.json","266110","0.25","RAW_SOURCE","LOCAL_ONLY","Raw OpenAQ/API downloads"
"data\raw\air_quality\openaq\historical\PROJ_101\so2\PROJ_101_12235269_so2_2025_11_p1_20260924T223348.json","409400","0.39","RAW_SOURCE","LOCAL_ONLY","Raw OpenAQ/API downloads"
"data\raw\air_quality\openaq\historical\PROJ_101\so2\PROJ_101_12235269_so2_2025_12_p1_20260924T224302.json","572524","0.55","RAW_SOURCE","LOCAL_ONLY","Raw OpenAQ/API downloads"
"data\raw\air_quality\openaq\historical\PROJ_101\so2\PROJ_101_12235269_so2_2026_01_p1_20260924T225201.json","390705","0.37","RAW_SOURCE","LOCAL_ONLY","Raw OpenAQ/API downloads"
"data\raw\air_quality\openaq\historical\PROJ_101\so2\PROJ_101_12235269_so2_2026_02_p1_20260924T230051.json","452888","0.43","RAW_SOURCE","LOCAL_ONLY","Raw OpenAQ/API downloads"
"data\raw\air_quality\openaq\historical\PROJ_101\so2\PROJ_101_12235269_so2_2026_03_p1_20260924T230942.json","550570","0.53","RAW_SOURCE","LOCAL_ONLY","Raw OpenAQ/API downloads"
"data\raw\air_quality\openaq\historical\PROJ_101\so2\PROJ_101_12235269_so2_2026_04_p1_20260924T231858.json","529492","0.5","RAW_SOURCE","LOCAL_ONLY","Raw OpenAQ/API downloads"
"data\raw\air_quality\openaq\historical\PROJ_101\so2\PROJ_101_12235269_so2_2026_05_p1_20260924T232814.json","492456","0.47","RAW_SOURCE","LOCAL_ONLY","Raw OpenAQ/API downloads"
"data\raw\air_quality\openaq\historical\PROJ_101\so2\PROJ_101_12235269_so2_2026_06_p1_20260924T233726.json","477507","0.46","RAW_SOURCE","LOCAL_ONLY","Raw OpenAQ/API downloads"
"data\raw\air_quality\openaq\historical\PROJ_101\so2\PROJ_101_12235269_so2_2026_07_p1_20260924T234637.json","575449","0.55","RAW_SOURCE","LOCAL_ONLY","Raw OpenAQ/API downloads"
"data\raw\air_quality\openaq\historical\PROJ_101\so2\PROJ_101_12235269_so2_2026_08_p1_20260924T235557.json","500033","0.48","RAW_SOURCE","LOCAL_ONLY","Raw OpenAQ/API downloads"
"data\raw\air_quality\openaq\historical\PROJ_101\so2\PROJ_101_12235269_so2_2026_09_p1_20260925T000426.json","337081","0.32","RAW_SOURCE","LOCAL_ONLY","Raw OpenAQ/API downloads"
"data\raw\air_quality\openaq\historical\PROJ_104\co\PROJ_104_12235873_co_2025_03_p1_20260924T194230.json","366907","0.35","RAW_SOURCE","LOCAL_ONLY","Raw OpenAQ/API downloads"
"data\raw\air_quality\openaq\historical\PROJ_104\no2\PROJ_104_12235875_no2_2025_03_p1_20260924T194235.json","366024","0.35","RAW_SOURCE","LOCAL_ONLY","Raw OpenAQ/API downloads"
"data\raw\air_quality\openaq\historical\PROJ_104\o3\PROJ_104_12235876_o3_2025_03_p1_20260924T194224.json","366214","0.35","RAW_SOURCE","LOCAL_ONLY","Raw OpenAQ/API downloads"
"data\raw\air_quality\openaq\historical\PROJ_104\pm10\PROJ_104_12235877_pm10_2025_03_p1_20260924T194221.json","363117","0.35","RAW_SOURCE","LOCAL_ONLY","Raw OpenAQ/API downloads"
"data\raw\air_quality\openaq\historical\PROJ_104\pm2_5\PROJ_104_12235878_pm2_5_2025_03_p1_20260924T194233.json","361246","0.34","RAW_SOURCE","LOCAL_ONLY","Raw OpenAQ/API downloads"
"data\raw\air_quality\openaq\historical\PROJ_104\so2\PROJ_104_12235880_so2_2025_03_p1_20260924T194226.json","364595","0.35","RAW_SOURCE","LOCAL_ONLY","Raw OpenAQ/API downloads"
"data\raw\air_quality\openaq\historical\PROJ_133\co\PROJ_133_12236097_co_2025_03_p1_20260924T194246.json","604117","0.58","RAW_SOURCE","LOCAL_ONLY","Raw OpenAQ/API downloads"
"data\raw\air_quality\openaq\historical\PROJ_133\co\PROJ_133_12236097_co_2025_04_p1_20260924T213151.json","509762","0.49","RAW_SOURCE","LOCAL_ONLY","Raw OpenAQ/API downloads"
"data\raw\air_quality\openaq\historical\PROJ_133\co\PROJ_133_12236097_co_2025_05_p1_20260924T214009.json","583001","0.56","RAW_SOURCE","LOCAL_ONLY","Raw OpenAQ/API downloads"
"data\raw\air_quality\openaq\historical\PROJ_133\co\PROJ_133_12236097_co_2025_06_p1_20260924T214853.json","543424","0.52","RAW_SOURCE","LOCAL_ONLY","Raw OpenAQ/API downloads"
"data\raw\air_quality\openaq\historical\PROJ_133\co\PROJ_133_12236097_co_2025_07_p1_20260924T215809.json","609204","0.58","RAW_SOURCE","LOCAL_ONLY","Raw OpenAQ/API downloads"
"data\raw\air_quality\openaq\historical\PROJ_133\co\PROJ_133_12236097_co_2025_08_p1_20260924T220703.json","588776","0.56","RAW_SOURCE","LOCAL_ONLY","Raw OpenAQ/API downloads"
"data\raw\air_quality\openaq\historical\PROJ_133\co\PROJ_133_12236097_co_2025_09_p1_20260924T221619.json","518768","0.49","RAW_SOURCE","LOCAL_ONLY","Raw OpenAQ/API downloads"
"data\raw\air_quality\openaq\historical\PROJ_133\co\PROJ_133_12236097_co_2025_10_p1_20260924T222525.json","572816","0.55","RAW_SOURCE","LOCAL_ONLY","Raw OpenAQ/API downloads"
"data\raw\air_quality\openaq\historical\PROJ_133\co\PROJ_133_12236097_co_2025_11_p1_20260924T223424.json","561900","0.54","RAW_SOURCE","LOCAL_ONLY","Raw OpenAQ/API downloads"
"data\raw\air_quality\openaq\historical\PROJ_133\co\PROJ_133_12236097_co_2025_12_p1_20260924T224340.json","601220","0.57","RAW_SOURCE","LOCAL_ONLY","Raw OpenAQ/API downloads"
"data\raw\air_quality\openaq\historical\PROJ_133\co\PROJ_133_12236097_co_2026_01_p1_20260924T225237.json","411493","0.39","RAW_SOURCE","LOCAL_ONLY","Raw OpenAQ/API downloads"
"data\raw\air_quality\openaq\historical\PROJ_133\co\PROJ_133_12236097_co_2026_02_p1_20260924T230127.json","466507","0.44","RAW_SOURCE","LOCAL_ONLY","Raw OpenAQ/API downloads"
"data\raw\air_quality\openaq\historical\PROJ_133\co\PROJ_133_12236097_co_2026_03_p1_20260924T231021.json","586615","0.56","RAW_SOURCE","LOCAL_ONLY","Raw OpenAQ/API downloads"
"data\raw\air_quality\openaq\historical\PROJ_133\co\PROJ_133_12236097_co_2026_04_p1_20260924T231936.json","560057","0.53","RAW_SOURCE","LOCAL_ONLY","Raw OpenAQ/API downloads"
"data\raw\air_quality\openaq\historical\PROJ_133\co\PROJ_133_12236097_co_2026_05_p1_20260924T232850.json","560041","0.53","RAW_SOURCE","LOCAL_ONLY","Raw OpenAQ/API downloads"
"data\raw\air_quality\openaq\historical\PROJ_133\co\PROJ_133_12236097_co_2026_06_p1_20260924T233804.json","507780","0.48","RAW_SOURCE","LOCAL_ONLY","Raw OpenAQ/API downloads"
"data\raw\air_quality\openaq\historical\PROJ_133\co\PROJ_133_12236097_co_2026_07_p1_20260924T234712.json","547939","0.52","RAW_SOURCE","LOCAL_ONLY","Raw OpenAQ/API downloads"
"data\raw\air_quality\openaq\historical\PROJ_133\co\PROJ_133_12236097_co_2026_08_p1_20260924T235627.json","404939","0.39","RAW_SOURCE","LOCAL_ONLY","Raw OpenAQ/API downloads"
"data\raw\air_quality\openaq\historical\PROJ_133\co\PROJ_133_12236097_co_2026_09_p1_20260925T000500.json","383940","0.37","RAW_SOURCE","LOCAL_ONLY","Raw OpenAQ/API downloads"
"data\raw\air_quality\openaq\historical\PROJ_133\no2\PROJ_133_12236099_no2_2025_03_p1_20260924T194256.json","594905","0.57","RAW_SOURCE","LOCAL_ONLY","Raw OpenAQ/API downloads"
"data\raw\air_quality\openaq\historical\PROJ_133\no2\PROJ_133_12236099_no2_2025_04_p1_20260924T213202.json","501398","0.48","RAW_SOURCE","LOCAL_ONLY","Raw OpenAQ/API downloads"
"data\raw\air_quality\openaq\historical\PROJ_133\no2\PROJ_133_12236099_no2_2025_05_p1_20260924T214023.json","573227","0.55","RAW_SOURCE","LOCAL_ONLY","Raw OpenAQ/API downloads"
"data\raw\air_quality\openaq\historical\PROJ_133\no2\PROJ_133_12236099_no2_2025_06_p1_20260924T214906.json","532944","0.51","RAW_SOURCE","LOCAL_ONLY","Raw OpenAQ/API downloads"
"data\raw\air_quality\openaq\historical\PROJ_133\no2\PROJ_133_12236099_no2_2025_07_p1_20260924T215823.json","597955","0.57","RAW_SOURCE","LOCAL_ONLY","Raw OpenAQ/API downloads"
"data\raw\air_quality\openaq\historical\PROJ_133\no2\PROJ_133_12236099_no2_2025_08_p1_20260924T220715.json","579206","0.55","RAW_SOURCE","LOCAL_ONLY","Raw OpenAQ/API downloads"
"data\raw\air_quality\openaq\historical\PROJ_133\no2\PROJ_133_12236099_no2_2025_09_p1_20260924T221631.json","510837","0.49","RAW_SOURCE","LOCAL_ONLY","Raw OpenAQ/API downloads"
"data\raw\air_quality\openaq\historical\PROJ_133\no2\PROJ_133_12236099_no2_2025_10_p1_20260924T222538.json","564581","0.54","RAW_SOURCE","LOCAL_ONLY","Raw OpenAQ/API downloads"
"data\raw\air_quality\openaq\historical\PROJ_133\no2\PROJ_133_12236099_no2_2025_11_p1_20260924T223436.json","554736","0.53","RAW_SOURCE","LOCAL_ONLY","Raw OpenAQ/API downloads"
"data\raw\air_quality\openaq\historical\PROJ_133\no2\PROJ_133_12236099_no2_2025_12_p1_20260924T224356.json","591215","0.56","RAW_SOURCE","LOCAL_ONLY","Raw OpenAQ/API downloads"
"data\raw\air_quality\openaq\historical\PROJ_133\no2\PROJ_133_12236099_no2_2026_01_p1_20260924T225250.json","404990","0.39","RAW_SOURCE","LOCAL_ONLY","Raw OpenAQ/API downloads"
"data\raw\air_quality\openaq\historical\PROJ_133\no2\PROJ_133_12236099_no2_2026_02_p1_20260924T230141.json","459860","0.44","RAW_SOURCE","LOCAL_ONLY","Raw OpenAQ/API downloads"
"data\raw\air_quality\openaq\historical\PROJ_133\no2\PROJ_133_12236099_no2_2026_03_p1_20260924T231032.json","574362","0.55","RAW_SOURCE","LOCAL_ONLY","Raw OpenAQ/API downloads"
"data\raw\air_quality\openaq\historical\PROJ_133\no2\PROJ_133_12236099_no2_2026_04_p1_20260924T231949.json","552403","0.53","RAW_SOURCE","LOCAL_ONLY","Raw OpenAQ/API downloads"
"data\raw\air_quality\openaq\historical\PROJ_133\no2\PROJ_133_12236099_no2_2026_05_p1_20260924T232903.json","553364","0.53","RAW_SOURCE","LOCAL_ONLY","Raw OpenAQ/API downloads"
"data\raw\air_quality\openaq\historical\PROJ_133\no2\PROJ_133_12236099_no2_2026_06_p1_20260924T233819.json","504833","0.48","RAW_SOURCE","LOCAL_ONLY","Raw OpenAQ/API downloads"
"data\raw\air_quality\openaq\historical\PROJ_133\no2\PROJ_133_12236099_no2_2026_07_p1_20260924T234727.json","555965","0.53","RAW_SOURCE","LOCAL_ONLY","Raw OpenAQ/API downloads"
"data\raw\air_quality\openaq\historical\PROJ_133\no2\PROJ_133_12236099_no2_2026_08_p1_20260924T235639.json","455266","0.43","RAW_SOURCE","LOCAL_ONLY","Raw OpenAQ/API downloads"
"data\raw\air_quality\openaq\historical\PROJ_133\no2\PROJ_133_12236099_no2_2026_09_p1_20260925T000513.json","394128","0.38","RAW_SOURCE","LOCAL_ONLY","Raw OpenAQ/API downloads"
"data\raw\air_quality\openaq\historical\PROJ_133\o3\PROJ_133_12236100_o3_2025_03_p1_20260924T194240.json","595231","0.57","RAW_SOURCE","LOCAL_ONLY","Raw OpenAQ/API downloads"
"data\raw\air_quality\openaq\historical\PROJ_133\o3\PROJ_133_12236100_o3_2025_04_p1_20260924T213142.json","503322","0.48","RAW_SOURCE","LOCAL_ONLY","Raw OpenAQ/API downloads"
"data\raw\air_quality\openaq\historical\PROJ_133\o3\PROJ_133_12236100_o3_2025_05_p1_20260924T214001.json","575833","0.55","RAW_SOURCE","LOCAL_ONLY","Raw OpenAQ/API downloads"
"data\raw\air_quality\openaq\historical\PROJ_133\o3\PROJ_133_12236100_o3_2025_06_p1_20260924T214846.json","535651","0.51","RAW_SOURCE","LOCAL_ONLY","Raw OpenAQ/API downloads"
"data\raw\air_quality\openaq\historical\PROJ_133\o3\PROJ_133_12236100_o3_2025_07_p1_20260924T215801.json","598410","0.57","RAW_SOURCE","LOCAL_ONLY","Raw OpenAQ/API downloads"
"data\raw\air_quality\openaq\historical\PROJ_133\o3\PROJ_133_12236100_o3_2025_08_p1_20260924T220655.json","577931","0.55","RAW_SOURCE","LOCAL_ONLY","Raw OpenAQ/API downloads"
"data\raw\air_quality\openaq\historical\PROJ_133\o3\PROJ_133_12236100_o3_2025_09_p1_20260924T221612.json","511108","0.49","RAW_SOURCE","LOCAL_ONLY","Raw OpenAQ/API downloads"
"data\raw\air_quality\openaq\historical\PROJ_133\o3\PROJ_133_12236100_o3_2025_10_p1_20260924T222515.json","560720","0.53","RAW_SOURCE","LOCAL_ONLY","Raw OpenAQ/API downloads"
"data\raw\air_quality\openaq\historical\PROJ_133\o3\PROJ_133_12236100_o3_2025_11_p1_20260924T223415.json","549543","0.52","RAW_SOURCE","LOCAL_ONLY","Raw OpenAQ/API downloads"
"data\raw\air_quality\openaq\historical\PROJ_133\o3\PROJ_133_12236100_o3_2025_12_p1_20260924T224330.json","594169","0.57","RAW_SOURCE","LOCAL_ONLY","Raw OpenAQ/API downloads"
"data\raw\air_quality\openaq\historical\PROJ_133\o3\PROJ_133_12236100_o3_2026_01_p1_20260924T225227.json","406598","0.39","RAW_SOURCE","LOCAL_ONLY","Raw OpenAQ/API downloads"
"data\raw\air_quality\openaq\historical\PROJ_133\o3\PROJ_133_12236100_o3_2026_02_p1_20260924T230118.json","459605","0.44","RAW_SOURCE","LOCAL_ONLY","Raw OpenAQ/API downloads"
"data\raw\air_quality\openaq\historical\PROJ_133\o3\PROJ_133_12236100_o3_2026_03_p1_20260924T231010.json","579753","0.55","RAW_SOURCE","LOCAL_ONLY","Raw OpenAQ/API downloads"
"data\raw\air_quality\openaq\historical\PROJ_133\o3\PROJ_133_12236100_o3_2026_04_p1_20260924T231928.json","554403","0.53","RAW_SOURCE","LOCAL_ONLY","Raw OpenAQ/API downloads"
"data\raw\air_quality\openaq\historical\PROJ_133\o3\PROJ_133_12236100_o3_2026_05_p1_20260924T232840.json","553811","0.53","RAW_SOURCE","LOCAL_ONLY","Raw OpenAQ/API downloads"
"data\raw\air_quality\openaq\historical\PROJ_133\o3\PROJ_133_12236100_o3_2026_06_p1_20260924T233754.json","505228","0.48","RAW_SOURCE","LOCAL_ONLY","Raw OpenAQ/API downloads"
"data\raw\air_quality\openaq\historical\PROJ_133\o3\PROJ_133_12236100_o3_2026_07_p1_20260924T234702.json","557360","0.53","RAW_SOURCE","LOCAL_ONLY","Raw OpenAQ/API downloads"
"data\raw\air_quality\openaq\historical\PROJ_133\o3\PROJ_133_12236100_o3_2026_08_p1_20260924T235620.json","456586","0.44","RAW_SOURCE","LOCAL_ONLY","Raw OpenAQ/API downloads"
"data\raw\air_quality\openaq\historical\PROJ_133\o3\PROJ_133_12236100_o3_2026_09_p1_20260925T000449.json","395069","0.38","RAW_SOURCE","LOCAL_ONLY","Raw OpenAQ/API downloads"
"data\raw\air_quality\openaq\historical\PROJ_133\pm10\PROJ_133_12236101_pm10_2025_03_p1_20260924T194243.json","584157","0.56","RAW_SOURCE","LOCAL_ONLY","Raw OpenAQ/API downloads"
"data\raw\air_quality\openaq\historical\PROJ_133\pm10\PROJ_133_12236101_pm10_2025_04_p1_20260924T213147.json","494560","0.47","RAW_SOURCE","LOCAL_ONLY","Raw OpenAQ/API downloads"
"data\raw\air_quality\openaq\historical\PROJ_133\pm10\PROJ_133_12236101_pm10_2025_05_p1_20260924T214005.json","561002","0.54","RAW_SOURCE","LOCAL_ONLY","Raw OpenAQ/API downloads"
"data\raw\air_quality\openaq\historical\PROJ_133\pm10\PROJ_133_12236101_pm10_2025_06_p1_20260924T214849.json","521604","0.5","RAW_SOURCE","LOCAL_ONLY","Raw OpenAQ/API downloads"
"data\raw\air_quality\openaq\historical\PROJ_133\pm10\PROJ_133_12236101_pm10_2025_07_p1_20260924T215805.json","585750","0.56","RAW_SOURCE","LOCAL_ONLY","Raw OpenAQ/API downloads"
"data\raw\air_quality\openaq\historical\PROJ_133\pm10\PROJ_133_12236101_pm10_2025_08_p1_20260924T220659.json","566930","0.54","RAW_SOURCE","LOCAL_ONLY","Raw OpenAQ/API downloads"
"data\raw\air_quality\openaq\historical\PROJ_133\pm10\PROJ_133_12236101_pm10_2025_09_p1_20260924T221615.json","498831","0.48","RAW_SOURCE","LOCAL_ONLY","Raw OpenAQ/API downloads"
"data\raw\air_quality\openaq\historical\PROJ_133\pm10\PROJ_133_12236101_pm10_2025_10_p1_20260924T222519.json","551867","0.53","RAW_SOURCE","LOCAL_ONLY","Raw OpenAQ/API downloads"
"data\raw\air_quality\openaq\historical\PROJ_133\pm10\PROJ_133_12236101_pm10_2025_11_p1_20260924T223419.json","546887","0.52","RAW_SOURCE","LOCAL_ONLY","Raw OpenAQ/API downloads"
"data\raw\air_quality\openaq\historical\PROJ_133\pm10\PROJ_133_12236101_pm10_2025_12_p1_20260924T224335.json","586898","0.56","RAW_SOURCE","LOCAL_ONLY","Raw OpenAQ/API downloads"
"data\raw\air_quality\openaq\historical\PROJ_133\pm10\PROJ_133_12236101_pm10_2026_01_p1_20260924T225232.json","401015","0.38","RAW_SOURCE","LOCAL_ONLY","Raw OpenAQ/API downloads"
"data\raw\air_quality\openaq\historical\PROJ_133\pm10\PROJ_133_12236101_pm10_2026_02_p1_20260924T230123.json","450964","0.43","RAW_SOURCE","LOCAL_ONLY","Raw OpenAQ/API downloads"
"data\raw\air_quality\openaq\historical\PROJ_133\pm10\PROJ_133_12236101_pm10_2026_03_p1_20260924T231016.json","565424","0.54","RAW_SOURCE","LOCAL_ONLY","Raw OpenAQ/API downloads"
"data\raw\air_quality\openaq\historical\PROJ_133\pm10\PROJ_133_12236101_pm10_2026_04_p1_20260924T231932.json","539551","0.51","RAW_SOURCE","LOCAL_ONLY","Raw OpenAQ/API downloads"
"data\raw\air_quality\openaq\historical\PROJ_133\pm10\PROJ_133_12236101_pm10_2026_05_p1_20260924T232845.json","537254","0.51","RAW_SOURCE","LOCAL_ONLY","Raw OpenAQ/API downloads"
"data\raw\air_quality\openaq\historical\PROJ_133\pm10\PROJ_133_12236101_pm10_2026_06_p1_20260924T233758.json","490724","0.47","RAW_SOURCE","LOCAL_ONLY","Raw OpenAQ/API downloads"
"data\raw\air_quality\openaq\historical\PROJ_133\pm10\PROJ_133_12236101_pm10_2026_07_p1_20260924T234707.json","534915","0.51","RAW_SOURCE","LOCAL_ONLY","Raw OpenAQ/API downloads"
"data\raw\air_quality\openaq\historical\PROJ_133\pm10\PROJ_133_12236101_pm10_2026_08_p1_20260924T235623.json","443375","0.42","RAW_SOURCE","LOCAL_ONLY","Raw OpenAQ/API downloads"
"data\raw\air_quality\openaq\historical\PROJ_133\pm10\PROJ_133_12236101_pm10_2026_09_p1_20260925T000454.json","387477","0.37","RAW_SOURCE","LOCAL_ONLY","Raw OpenAQ/API downloads"
"data\raw\air_quality\openaq\historical\PROJ_133\pm2_5\PROJ_133_12236102_pm2_5_2025_03_p1_20260924T194254.json","580956","0.55","RAW_SOURCE","LOCAL_ONLY","Raw OpenAQ/API downloads"
"data\raw\air_quality\openaq\historical\PROJ_133\pm2_5\PROJ_133_12236102_pm2_5_2025_04_p1_20260924T213158.json","491925","0.47","RAW_SOURCE","LOCAL_ONLY","Raw OpenAQ/API downloads"
"data\raw\air_quality\openaq\historical\PROJ_133\pm2_5\PROJ_133_12236102_pm2_5_2025_05_p1_20260924T214018.json","560539","0.53","RAW_SOURCE","LOCAL_ONLY","Raw OpenAQ/API downloads"
"data\raw\air_quality\openaq\historical\PROJ_133\pm2_5\PROJ_133_12236102_pm2_5_2025_06_p1_20260924T214903.json","521963","0.5","RAW_SOURCE","LOCAL_ONLY","Raw OpenAQ/API downloads"
"data\raw\air_quality\openaq\historical\PROJ_133\pm2_5\PROJ_133_12236102_pm2_5_2025_07_p1_20260924T215819.json","584415","0.56","RAW_SOURCE","LOCAL_ONLY","Raw OpenAQ/API downloads"
"data\raw\air_quality\openaq\historical\PROJ_133\pm2_5\PROJ_133_12236102_pm2_5_2025_08_p1_20260924T220710.json","566091","0.54","RAW_SOURCE","LOCAL_ONLY","Raw OpenAQ/API downloads"
"data\raw\air_quality\openaq\historical\PROJ_133\pm2_5\PROJ_133_12236102_pm2_5_2025_09_p1_20260924T221627.json","497847","0.47","RAW_SOURCE","LOCAL_ONLY","Raw OpenAQ/API downloads"
"data\raw\air_quality\openaq\historical\PROJ_133\pm2_5\PROJ_133_12236102_pm2_5_2025_10_p1_20260924T222533.json","550257","0.52","RAW_SOURCE","LOCAL_ONLY","Raw OpenAQ/API downloads"
"data\raw\air_quality\openaq\historical\PROJ_133\pm2_5\PROJ_133_12236102_pm2_5_2025_11_p1_20260924T223431.json","541675","0.52","RAW_SOURCE","LOCAL_ONLY","Raw OpenAQ/API downloads"
"data\raw\air_quality\openaq\historical\PROJ_133\pm2_5\PROJ_133_12236102_pm2_5_2025_12_p1_20260924T224350.json","582395","0.56","RAW_SOURCE","LOCAL_ONLY","Raw OpenAQ/API downloads"
"data\raw\air_quality\openaq\historical\PROJ_133\pm2_5\PROJ_133_12236102_pm2_5_2026_01_p1_20260924T225247.json","397797","0.38","RAW_SOURCE","LOCAL_ONLY","Raw OpenAQ/API downloads"
"data\raw\air_quality\openaq\historical\PROJ_133\pm2_5\PROJ_133_12236102_pm2_5_2026_02_p1_20260924T230138.json","448565","0.43","RAW_SOURCE","LOCAL_ONLY","Raw OpenAQ/API downloads"
"data\raw\air_quality\openaq\historical\PROJ_133\pm2_5\PROJ_133_12236102_pm2_5_2026_03_p1_20260924T231028.json","563060","0.54","RAW_SOURCE","LOCAL_ONLY","Raw OpenAQ/API downloads"
"data\raw\air_quality\openaq\historical\PROJ_133\pm2_5\PROJ_133_12236102_pm2_5_2026_04_p1_20260924T231944.json","536933","0.51","RAW_SOURCE","LOCAL_ONLY","Raw OpenAQ/API downloads"
"data\raw\air_quality\openaq\historical\PROJ_133\pm2_5\PROJ_133_12236102_pm2_5_2026_05_p1_20260924T232858.json","537406","0.51","RAW_SOURCE","LOCAL_ONLY","Raw OpenAQ/API downloads"
"data\raw\air_quality\openaq\historical\PROJ_133\pm2_5\PROJ_133_12236102_pm2_5_2026_06_p1_20260924T233814.json","491168","0.47","RAW_SOURCE","LOCAL_ONLY","Raw OpenAQ/API downloads"
"data\raw\air_quality\openaq\historical\PROJ_133\pm2_5\PROJ_133_12236102_pm2_5_2026_07_p1_20260924T234722.json","532570","0.51","RAW_SOURCE","LOCAL_ONLY","Raw OpenAQ/API downloads"
"data\raw\air_quality\openaq\historical\PROJ_133\pm2_5\PROJ_133_12236102_pm2_5_2026_08_p1_20260924T235635.json","446003","0.43","RAW_SOURCE","LOCAL_ONLY","Raw OpenAQ/API downloads"
"data\raw\air_quality\openaq\historical\PROJ_133\pm2_5\PROJ_133_12236102_pm2_5_2026_09_p1_20260925T000510.json","385099","0.37","RAW_SOURCE","LOCAL_ONLY","Raw OpenAQ/API downloads"
"data\raw\air_quality\openaq\historical\PROJ_133\so2\PROJ_133_12236104_so2_2025_03_p1_20260924T194250.json","593370","0.57","RAW_SOURCE","LOCAL_ONLY","Raw OpenAQ/API downloads"
"data\raw\air_quality\openaq\historical\PROJ_133\so2\PROJ_133_12236104_so2_2025_04_p1_20260924T213154.json","500174","0.48","RAW_SOURCE","LOCAL_ONLY","Raw OpenAQ/API downloads"
"data\raw\air_quality\openaq\historical\PROJ_133\so2\PROJ_133_12236104_so2_2025_05_p1_20260924T214013.json","570281","0.54","RAW_SOURCE","LOCAL_ONLY","Raw OpenAQ/API downloads"
"data\raw\air_quality\openaq\historical\PROJ_133\so2\PROJ_133_12236104_so2_2025_06_p1_20260924T214858.json","530805","0.51","RAW_SOURCE","LOCAL_ONLY","Raw OpenAQ/API downloads"
"data\raw\air_quality\openaq\historical\PROJ_133\so2\PROJ_133_12236104_so2_2025_07_p1_20260924T215813.json","593760","0.57","RAW_SOURCE","LOCAL_ONLY","Raw OpenAQ/API downloads"
"data\raw\air_quality\openaq\historical\PROJ_133\so2\PROJ_133_12236104_so2_2025_08_p1_20260924T220707.json","576070","0.55","RAW_SOURCE","LOCAL_ONLY","Raw OpenAQ/API downloads"
"data\raw\air_quality\openaq\historical\PROJ_133\so2\PROJ_133_12236104_so2_2025_09_p1_20260924T221623.json","508438","0.48","RAW_SOURCE","LOCAL_ONLY","Raw OpenAQ/API downloads"
"data\raw\air_quality\openaq\historical\PROJ_133\so2\PROJ_133_12236104_so2_2025_10_p1_20260924T222529.json","560528","0.53","RAW_SOURCE","LOCAL_ONLY","Raw OpenAQ/API downloads"
"data\raw\air_quality\openaq\historical\PROJ_133\so2\PROJ_133_12236104_so2_2025_11_p1_20260924T223428.json","550660","0.53","RAW_SOURCE","LOCAL_ONLY","Raw OpenAQ/API downloads"
"data\raw\air_quality\openaq\historical\PROJ_133\so2\PROJ_133_12236104_so2_2025_12_p1_20260924T224345.json","588113","0.56","RAW_SOURCE","LOCAL_ONLY","Raw OpenAQ/API downloads"
"data\raw\air_quality\openaq\historical\PROJ_133\so2\PROJ_133_12236104_so2_2026_01_p1_20260924T225242.json","402928","0.38","RAW_SOURCE","LOCAL_ONLY","Raw OpenAQ/API downloads"
"data\raw\air_quality\openaq\historical\PROJ_133\so2\PROJ_133_12236104_so2_2026_02_p1_20260924T230133.json","456631","0.44","RAW_SOURCE","LOCAL_ONLY","Raw OpenAQ/API downloads"
"data\raw\air_quality\openaq\historical\PROJ_133\so2\PROJ_133_12236104_so2_2026_03_p1_20260924T231025.json","574804","0.55","RAW_SOURCE","LOCAL_ONLY","Raw OpenAQ/API downloads"
"data\raw\air_quality\openaq\historical\PROJ_133\so2\PROJ_133_12236104_so2_2026_04_p1_20260924T231940.json","551535","0.53","RAW_SOURCE","LOCAL_ONLY","Raw OpenAQ/API downloads"
"data\raw\air_quality\openaq\historical\PROJ_133\so2\PROJ_133_12236104_so2_2026_05_p1_20260924T232854.json","551118","0.53","RAW_SOURCE","LOCAL_ONLY","Raw OpenAQ/API downloads"
"data\raw\air_quality\openaq\historical\PROJ_133\so2\PROJ_133_12236104_so2_2026_06_p1_20260924T233809.json","498495","0.48","RAW_SOURCE","LOCAL_ONLY","Raw OpenAQ/API downloads"
"data\raw\air_quality\openaq\historical\PROJ_133\so2\PROJ_133_12236104_so2_2026_07_p1_20260924T234717.json","547877","0.52","RAW_SOURCE","LOCAL_ONLY","Raw OpenAQ/API downloads"
"data\raw\air_quality\openaq\historical\PROJ_133\so2\PROJ_133_12236104_so2_2026_08_p1_20260924T235631.json","440114","0.42","RAW_SOURCE","LOCAL_ONLY","Raw OpenAQ/API downloads"
"data\raw\air_quality\openaq\historical\PROJ_133\so2\PROJ_133_12236104_so2_2026_09_p1_20260925T000505.json","382896","0.37","RAW_SOURCE","LOCAL_ONLY","Raw OpenAQ/API downloads"
"data\raw\air_quality\openaq\historical\PROJ_142\co\PROJ_142_12235756_co_2025_03_p1_20260924T194306.json","549062","0.52","RAW_SOURCE","LOCAL_ONLY","Raw OpenAQ/API downloads"
"data\raw\air_quality\openaq\historical\PROJ_142\co\PROJ_142_12235756_co_2025_04_p1_20260924T213212.json","380104","0.36","RAW_SOURCE","LOCAL_ONLY","Raw OpenAQ/API downloads"
"data\raw\air_quality\openaq\historical\PROJ_142\co\PROJ_142_12235756_co_2025_05_p1_20260924T214036.json","451719","0.43","RAW_SOURCE","LOCAL_ONLY","Raw OpenAQ/API downloads"
"data\raw\air_quality\openaq\historical\PROJ_142\co\PROJ_142_12235756_co_2025_06_p1_20260924T214917.json","445461","0.42","RAW_SOURCE","LOCAL_ONLY","Raw OpenAQ/API downloads"
"data\raw\air_quality\openaq\historical\PROJ_142\co\PROJ_142_12235756_co_2025_07_p1_20260924T215835.json","558188","0.53","RAW_SOURCE","LOCAL_ONLY","Raw OpenAQ/API downloads"
"data\raw\air_quality\openaq\historical\PROJ_142\co\PROJ_142_12235756_co_2025_08_p1_20260924T220727.json","351268","0.33","RAW_SOURCE","LOCAL_ONLY","Raw OpenAQ/API downloads"
"data\raw\air_quality\openaq\historical\PROJ_142\co\PROJ_142_12235756_co_2025_09_p1_20260924T221644.json","569554","0.54","RAW_SOURCE","LOCAL_ONLY","Raw OpenAQ/API downloads"
"data\raw\air_quality\openaq\historical\PROJ_142\co\PROJ_142_12235756_co_2025_10_p1_20260924T222550.json","486057","0.46","RAW_SOURCE","LOCAL_ONLY","Raw OpenAQ/API downloads"
"data\raw\air_quality\openaq\historical\PROJ_142\co\PROJ_142_12235756_co_2025_11_p1_20260924T223448.json","544595","0.52","RAW_SOURCE","LOCAL_ONLY","Raw OpenAQ/API downloads"
"data\raw\air_quality\openaq\historical\PROJ_142\co\PROJ_142_12235756_co_2025_12_p1_20260924T224410.json","502511","0.48","RAW_SOURCE","LOCAL_ONLY","Raw OpenAQ/API downloads"
"data\raw\air_quality\openaq\historical\PROJ_142\co\PROJ_142_12235756_co_2026_01_p1_20260924T225304.json","381825","0.36","RAW_SOURCE","LOCAL_ONLY","Raw OpenAQ/API downloads"
"data\raw\air_quality\openaq\historical\PROJ_142\co\PROJ_142_12235756_co_2026_02_p1_20260924T230155.json","374621","0.36","RAW_SOURCE","LOCAL_ONLY","Raw OpenAQ/API downloads"
"data\raw\air_quality\openaq\historical\PROJ_142\co\PROJ_142_12235756_co_2026_03_p1_20260924T231045.json","505439","0.48","RAW_SOURCE","LOCAL_ONLY","Raw OpenAQ/API downloads"
"data\raw\air_quality\openaq\historical\PROJ_142\co\PROJ_142_12235756_co_2026_04_p1_20260924T232006.json","525088","0.5","RAW_SOURCE","LOCAL_ONLY","Raw OpenAQ/API downloads"
"data\raw\air_quality\openaq\historical\PROJ_142\co\PROJ_142_12235756_co_2026_05_p1_20260924T232916.json","529211","0.5","RAW_SOURCE","LOCAL_ONLY","Raw OpenAQ/API downloads"
"data\raw\air_quality\openaq\historical\PROJ_142\co\PROJ_142_12235756_co_2026_06_p1_20260924T233833.json","448750","0.43","RAW_SOURCE","LOCAL_ONLY","Raw OpenAQ/API downloads"
"data\raw\air_quality\openaq\historical\PROJ_142\co\PROJ_142_12235756_co_2026_07_p1_20260924T234739.json","571201","0.54","RAW_SOURCE","LOCAL_ONLY","Raw OpenAQ/API downloads"
"data\raw\air_quality\openaq\historical\PROJ_142\co\PROJ_142_12235756_co_2026_08_p1_20260924T235653.json","501624","0.48","RAW_SOURCE","LOCAL_ONLY","Raw OpenAQ/API downloads"
"data\raw\air_quality\openaq\historical\PROJ_142\co\PROJ_142_12235756_co_2026_09_p1_20260925T000526.json","396363","0.38","RAW_SOURCE","LOCAL_ONLY","Raw OpenAQ/API downloads"
"data\raw\air_quality\openaq\historical\PROJ_142\no2\PROJ_142_12235758_no2_2025_03_p1_20260924T194300.json","550137","0.52","RAW_SOURCE","LOCAL_ONLY","Raw OpenAQ/API downloads"
"data\raw\air_quality\openaq\historical\PROJ_142\no2\PROJ_142_12235758_no2_2025_04_p1_20260924T213205.json","380313","0.36","RAW_SOURCE","LOCAL_ONLY","Raw OpenAQ/API downloads"
"data\raw\air_quality\openaq\historical\PROJ_142\no2\PROJ_142_12235758_no2_2025_05_p1_20260924T214026.json","452773","0.43","RAW_SOURCE","LOCAL_ONLY","Raw OpenAQ/API downloads"
"data\raw\air_quality\openaq\historical\PROJ_142\no2\PROJ_142_12235758_no2_2025_06_p1_20260924T214910.json","447018","0.43","RAW_SOURCE","LOCAL_ONLY","Raw OpenAQ/API downloads"
"data\raw\air_quality\openaq\historical\PROJ_142\no2\PROJ_142_12235758_no2_2025_07_p1_20260924T215828.json","560031","0.53","RAW_SOURCE","LOCAL_ONLY","Raw OpenAQ/API downloads"
"data\raw\air_quality\openaq\historical\PROJ_142\no2\PROJ_142_12235758_no2_2025_08_p1_20260924T220719.json","352258","0.34","RAW_SOURCE","LOCAL_ONLY","Raw OpenAQ/API downloads"
"data\raw\air_quality\openaq\historical\PROJ_142\no2\PROJ_142_12235758_no2_2025_09_p1_20260924T221637.json","571441","0.54","RAW_SOURCE","LOCAL_ONLY","Raw OpenAQ/API downloads"
"data\raw\air_quality\openaq\historical\PROJ_142\no2\PROJ_142_12235758_no2_2025_10_p1_20260924T222543.json","487501","0.46","RAW_SOURCE","LOCAL_ONLY","Raw OpenAQ/API downloads"
"data\raw\air_quality\openaq\historical\PROJ_142\no2\PROJ_142_12235758_no2_2025_11_p1_20260924T223440.json","545705","0.52","RAW_SOURCE","LOCAL_ONLY","Raw OpenAQ/API downloads"
"data\raw\air_quality\openaq\historical\PROJ_142\no2\PROJ_142_12235758_no2_2025_12_p1_20260924T224400.json","503247","0.48","RAW_SOURCE","LOCAL_ONLY","Raw OpenAQ/API downloads"
"data\raw\air_quality\openaq\historical\PROJ_142\no2\PROJ_142_12235758_no2_2026_01_p1_20260924T225255.json","384033","0.37","RAW_SOURCE","LOCAL_ONLY","Raw OpenAQ/API downloads"
"data\raw\air_quality\openaq\historical\PROJ_142\no2\PROJ_142_12235758_no2_2026_02_p1_20260924T230146.json","382544","0.36","RAW_SOURCE","LOCAL_ONLY","Raw OpenAQ/API downloads"
"data\raw\air_quality\openaq\historical\PROJ_142\no2\PROJ_142_12235758_no2_2026_03_p1_20260924T231036.json","522973","0.5","RAW_SOURCE","LOCAL_ONLY","Raw OpenAQ/API downloads"
"data\raw\air_quality\openaq\historical\PROJ_142\no2\PROJ_142_12235758_no2_2026_04_p1_20260924T231954.json","549950","0.52","RAW_SOURCE","LOCAL_ONLY","Raw OpenAQ/API downloads"
"data\raw\air_quality\openaq\historical\PROJ_142\no2\PROJ_142_12235758_no2_2026_05_p1_20260924T232909.json","526002","0.5","RAW_SOURCE","LOCAL_ONLY","Raw OpenAQ/API downloads"
"data\raw\air_quality\openaq\historical\PROJ_142\no2\PROJ_142_12235758_no2_2026_06_p1_20260924T233823.json","393817","0.38","RAW_SOURCE","LOCAL_ONLY","Raw OpenAQ/API downloads"
"data\raw\air_quality\openaq\historical\PROJ_142\no2\PROJ_142_12235758_no2_2026_07_p1_20260924T234732.json","552724","0.53","RAW_SOURCE","LOCAL_ONLY","Raw OpenAQ/API downloads"
"data\raw\air_quality\openaq\historical\PROJ_142\no2\PROJ_142_12235758_no2_2026_08_p1_20260924T235643.json","505207","0.48","RAW_SOURCE","LOCAL_ONLY","Raw OpenAQ/API downloads"
"data\raw\air_quality\openaq\historical\PROJ_142\no2\PROJ_142_12235758_no2_2026_09_p1_20260925T000518.json","399126","0.38","RAW_SOURCE","LOCAL_ONLY","Raw OpenAQ/API downloads"
"data\raw\air_quality\openaq\historical\PROJ_142\o3\PROJ_142_12235759_o3_2025_03_p1_20260924T194312.json","553437","0.53","RAW_SOURCE","LOCAL_ONLY","Raw OpenAQ/API downloads"
"data\raw\air_quality\openaq\historical\PROJ_142\o3\PROJ_142_12235759_o3_2025_04_p1_20260924T213218.json","378969","0.36","RAW_SOURCE","LOCAL_ONLY","Raw OpenAQ/API downloads"
"data\raw\air_quality\openaq\historical\PROJ_142\o3\PROJ_142_12235759_o3_2025_05_p1_20260924T214044.json","447431","0.43","RAW_SOURCE","LOCAL_ONLY","Raw OpenAQ/API downloads"
"data\raw\air_quality\openaq\historical\PROJ_142\o3\PROJ_142_12235759_o3_2025_06_p1_20260924T214927.json","445475","0.42","RAW_SOURCE","LOCAL_ONLY","Raw OpenAQ/API downloads"
"data\raw\air_quality\openaq\historical\PROJ_142\o3\PROJ_142_12235759_o3_2025_07_p1_20260924T215842.json","529232","0.5","RAW_SOURCE","LOCAL_ONLY","Raw OpenAQ/API downloads"
"data\raw\air_quality\openaq\historical\PROJ_142\o3\PROJ_142_12235759_o3_2025_08_p1_20260924T220736.json","332037","0.32","RAW_SOURCE","LOCAL_ONLY","Raw OpenAQ/API downloads"
"data\raw\air_quality\openaq\historical\PROJ_142\o3\PROJ_142_12235759_o3_2025_09_p1_20260924T221653.json","542325","0.52","RAW_SOURCE","LOCAL_ONLY","Raw OpenAQ/API downloads"
"data\raw\air_quality\openaq\historical\PROJ_142\o3\PROJ_142_12235759_o3_2025_10_p1_20260924T222559.json","459307","0.44","RAW_SOURCE","LOCAL_ONLY","Raw OpenAQ/API downloads"
"data\raw\air_quality\openaq\historical\PROJ_142\o3\PROJ_142_12235759_o3_2025_11_p1_20260924T223456.json","514446","0.49","RAW_SOURCE","LOCAL_ONLY","Raw OpenAQ/API downloads"
"data\raw\air_quality\openaq\historical\PROJ_142\o3\PROJ_142_12235759_o3_2025_12_p1_20260924T224419.json","474479","0.45","RAW_SOURCE","LOCAL_ONLY","Raw OpenAQ/API downloads"
"data\raw\air_quality\openaq\historical\PROJ_142\o3\PROJ_142_12235759_o3_2026_01_p1_20260924T225312.json","361892","0.35","RAW_SOURCE","LOCAL_ONLY","Raw OpenAQ/API downloads"
"data\raw\air_quality\openaq\historical\PROJ_142\o3\PROJ_142_12235759_o3_2026_02_p1_20260924T230203.json","361100","0.34","RAW_SOURCE","LOCAL_ONLY","Raw OpenAQ/API downloads"
"data\raw\air_quality\openaq\historical\PROJ_142\o3\PROJ_142_12235759_o3_2026_03_p1_20260924T231053.json","496424","0.47","RAW_SOURCE","LOCAL_ONLY","Raw OpenAQ/API downloads"
"data\raw\air_quality\openaq\historical\PROJ_142\o3\PROJ_142_12235759_o3_2026_04_p1_20260924T232015.json","551438","0.53","RAW_SOURCE","LOCAL_ONLY","Raw OpenAQ/API downloads"
"data\raw\air_quality\openaq\historical\PROJ_142\o3\PROJ_142_12235759_o3_2026_05_p1_20260924T232924.json","545533","0.52","RAW_SOURCE","LOCAL_ONLY","Raw OpenAQ/API downloads"
"data\raw\air_quality\openaq\historical\PROJ_142\o3\PROJ_142_12235759_o3_2026_06_p1_20260924T233842.json","406320","0.39","RAW_SOURCE","LOCAL_ONLY","Raw OpenAQ/API downloads"
"data\raw\air_quality\openaq\historical\PROJ_142\o3\PROJ_142_12235759_o3_2026_07_p1_20260924T234749.json","581014","0.55","RAW_SOURCE","LOCAL_ONLY","Raw OpenAQ/API downloads"
"data\raw\air_quality\openaq\historical\PROJ_142\o3\PROJ_142_12235759_o3_2026_08_p1_20260924T235701.json","412967","0.39","RAW_SOURCE","LOCAL_ONLY","Raw OpenAQ/API downloads"
"data\raw\air_quality\openaq\historical\PROJ_142\o3\PROJ_142_12235759_o3_2026_09_p1_20260925T000534.json","397992","0.38","RAW_SOURCE","LOCAL_ONLY","Raw OpenAQ/API downloads"
"data\raw\air_quality\openaq\historical\PROJ_142\pm10\PROJ_142_12235760_pm10_2025_03_p1_20260924T194309.json","552055","0.53","RAW_SOURCE","LOCAL_ONLY","Raw OpenAQ/API downloads"
"data\raw\air_quality\openaq\historical\PROJ_142\pm10\PROJ_142_12235760_pm10_2025_04_p1_20260924T213215.json","380852","0.36","RAW_SOURCE","LOCAL_ONLY","Raw OpenAQ/API downloads"
"data\raw\air_quality\openaq\historical\PROJ_142\pm10\PROJ_142_12235760_pm10_2025_05_p1_20260924T214040.json","450370","0.43","RAW_SOURCE","LOCAL_ONLY","Raw OpenAQ/API downloads"
"data\raw\air_quality\openaq\historical\PROJ_142\pm10\PROJ_142_12235760_pm10_2025_06_p1_20260924T214922.json","446785","0.43","RAW_SOURCE","LOCAL_ONLY","Raw OpenAQ/API downloads"
"data\raw\air_quality\openaq\historical\PROJ_142\pm10\PROJ_142_12235760_pm10_2025_07_p1_20260924T215838.json","555510","0.53","RAW_SOURCE","LOCAL_ONLY","Raw OpenAQ/API downloads"
"data\raw\air_quality\openaq\historical\PROJ_142\pm10\PROJ_142_12235760_pm10_2025_08_p1_20260924T220731.json","349952","0.33","RAW_SOURCE","LOCAL_ONLY","Raw OpenAQ/API downloads"
"data\raw\air_quality\openaq\historical\PROJ_142\pm10\PROJ_142_12235760_pm10_2025_09_p1_20260924T221649.json","565264","0.54","RAW_SOURCE","LOCAL_ONLY","Raw OpenAQ/API downloads"
"data\raw\air_quality\openaq\historical\PROJ_142\pm10\PROJ_142_12235760_pm10_2025_10_p1_20260924T222554.json","474995","0.45","RAW_SOURCE","LOCAL_ONLY","Raw OpenAQ/API downloads"
"data\raw\air_quality\openaq\historical\PROJ_142\pm10\PROJ_142_12235760_pm10_2025_11_p1_20260924T223452.json","542669","0.52","RAW_SOURCE","LOCAL_ONLY","Raw OpenAQ/API downloads"
"data\raw\air_quality\openaq\historical\PROJ_142\pm10\PROJ_142_12235760_pm10_2025_12_p1_20260924T224414.json","494612","0.47","RAW_SOURCE","LOCAL_ONLY","Raw OpenAQ/API downloads"
"data\raw\air_quality\openaq\historical\PROJ_142\pm10\PROJ_142_12235760_pm10_2026_01_p1_20260924T225307.json","378251","0.36","RAW_SOURCE","LOCAL_ONLY","Raw OpenAQ/API downloads"
"data\raw\air_quality\openaq\historical\PROJ_142\pm10\PROJ_142_12235760_pm10_2026_02_p1_20260924T230159.json","385729","0.37","RAW_SOURCE","LOCAL_ONLY","Raw OpenAQ/API downloads"
"data\raw\air_quality\openaq\historical\PROJ_142\pm10\PROJ_142_12235760_pm10_2026_03_p1_20260924T231050.json","519757","0.5","RAW_SOURCE","LOCAL_ONLY","Raw OpenAQ/API downloads"
"data\raw\air_quality\openaq\historical\PROJ_142\pm10\PROJ_142_12235760_pm10_2026_04_p1_20260924T232010.json","544879","0.52","RAW_SOURCE","LOCAL_ONLY","Raw OpenAQ/API downloads"
"data\raw\air_quality\openaq\historical\PROJ_142\pm10\PROJ_142_12235760_pm10_2026_05_p1_20260924T232920.json","552434","0.53","RAW_SOURCE","LOCAL_ONLY","Raw OpenAQ/API downloads"
"data\raw\air_quality\openaq\historical\PROJ_142\pm10\PROJ_142_12235760_pm10_2026_06_p1_20260924T233838.json","456683","0.44","RAW_SOURCE","LOCAL_ONLY","Raw OpenAQ/API downloads"
"data\raw\air_quality\openaq\historical\PROJ_142\pm10\PROJ_142_12235760_pm10_2026_07_p1_20260924T234744.json","513271","0.49","RAW_SOURCE","LOCAL_ONLY","Raw OpenAQ/API downloads"
"data\raw\air_quality\openaq\historical\PROJ_142\pm10\PROJ_142_12235760_pm10_2026_08_p1_20260924T235657.json","472746","0.45","RAW_SOURCE","LOCAL_ONLY","Raw OpenAQ/API downloads"
"data\raw\air_quality\openaq\historical\PROJ_142\pm10\PROJ_142_12235760_pm10_2026_09_p1_20260925T000530.json","375781","0.36","RAW_SOURCE","LOCAL_ONLY","Raw OpenAQ/API downloads"
"data\raw\air_quality\openaq\historical\PROJ_142\pm2_5\PROJ_142_12235761_pm2_5_2025_03_p1_20260924T194315.json","549264","0.52","RAW_SOURCE","LOCAL_ONLY","Raw OpenAQ/API downloads"
"data\raw\air_quality\openaq\historical\PROJ_142\pm2_5\PROJ_142_12235761_pm2_5_2025_04_p1_20260924T213223.json","378783","0.36","RAW_SOURCE","LOCAL_ONLY","Raw OpenAQ/API downloads"
"data\raw\air_quality\openaq\historical\PROJ_142\pm2_5\PROJ_142_12235761_pm2_5_2025_05_p1_20260924T214048.json","450717","0.43","RAW_SOURCE","LOCAL_ONLY","Raw OpenAQ/API downloads"
"data\raw\air_quality\openaq\historical\PROJ_142\pm2_5\PROJ_142_12235761_pm2_5_2025_06_p1_20260924T214930.json","443581","0.42","RAW_SOURCE","LOCAL_ONLY","Raw OpenAQ/API downloads"
"data\raw\air_quality\openaq\historical\PROJ_142\pm2_5\PROJ_142_12235761_pm2_5_2025_07_p1_20260924T215846.json","552952","0.53","RAW_SOURCE","LOCAL_ONLY","Raw OpenAQ/API downloads"
"data\raw\air_quality\openaq\historical\PROJ_142\pm2_5\PROJ_142_12235761_pm2_5_2025_08_p1_20260924T220740.json","348592","0.33","RAW_SOURCE","LOCAL_ONLY","Raw OpenAQ/API downloads"
"data\raw\air_quality\openaq\historical\PROJ_142\pm2_5\PROJ_142_12235761_pm2_5_2025_09_p1_20260924T221657.json","567693","0.54","RAW_SOURCE","LOCAL_ONLY","Raw OpenAQ/API downloads"
"data\raw\air_quality\openaq\historical\PROJ_142\pm2_5\PROJ_142_12235761_pm2_5_2025_10_p1_20260924T222603.json","485016","0.46","RAW_SOURCE","LOCAL_ONLY","Raw OpenAQ/API downloads"
"data\raw\air_quality\openaq\historical\PROJ_142\pm2_5\PROJ_142_12235761_pm2_5_2025_11_p1_20260924T223501.json","551659","0.53","RAW_SOURCE","LOCAL_ONLY","Raw OpenAQ/API downloads"
"data\raw\air_quality\openaq\historical\PROJ_142\pm2_5\PROJ_142_12235761_pm2_5_2025_12_p1_20260924T224423.json","500365","0.48","RAW_SOURCE","LOCAL_ONLY","Raw OpenAQ/API downloads"
"data\raw\air_quality\openaq\historical\PROJ_142\pm2_5\PROJ_142_12235761_pm2_5_2026_01_p1_20260924T225317.json","381545","0.36","RAW_SOURCE","LOCAL_ONLY","Raw OpenAQ/API downloads"
"data\raw\air_quality\openaq\historical\PROJ_142\pm2_5\PROJ_142_12235761_pm2_5_2026_02_p1_20260924T230207.json","388196","0.37","RAW_SOURCE","LOCAL_ONLY","Raw OpenAQ/API downloads"
"data\raw\air_quality\openaq\historical\PROJ_142\pm2_5\PROJ_142_12235761_pm2_5_2026_03_p1_20260924T231057.json","521889","0.5","RAW_SOURCE","LOCAL_ONLY","Raw OpenAQ/API downloads"
"data\raw\air_quality\openaq\historical\PROJ_142\pm2_5\PROJ_142_12235761_pm2_5_2026_04_p1_20260924T232019.json","549137","0.52","RAW_SOURCE","LOCAL_ONLY","Raw OpenAQ/API downloads"
"data\raw\air_quality\openaq\historical\PROJ_142\pm2_5\PROJ_142_12235761_pm2_5_2026_05_p1_20260924T232927.json","552037","0.53","RAW_SOURCE","LOCAL_ONLY","Raw OpenAQ/API downloads"
"data\raw\air_quality\openaq\historical\PROJ_142\pm2_5\PROJ_142_12235761_pm2_5_2026_06_p1_20260924T233847.json","453978","0.43","RAW_SOURCE","LOCAL_ONLY","Raw OpenAQ/API downloads"
"data\raw\air_quality\openaq\historical\PROJ_142\pm2_5\PROJ_142_12235761_pm2_5_2026_07_p1_20260924T234753.json","564548","0.54","RAW_SOURCE","LOCAL_ONLY","Raw OpenAQ/API downloads"
"data\raw\air_quality\openaq\historical\PROJ_142\pm2_5\PROJ_142_12235761_pm2_5_2026_08_p1_20260924T235704.json","447696","0.43","RAW_SOURCE","LOCAL_ONLY","Raw OpenAQ/API downloads"
"data\raw\air_quality\openaq\historical\PROJ_142\pm2_5\PROJ_142_12235761_pm2_5_2026_09_p1_20260925T000538.json","379028","0.36","RAW_SOURCE","LOCAL_ONLY","Raw OpenAQ/API downloads"
"data\raw\air_quality\openaq\historical\PROJ_142\so2\PROJ_142_12235763_so2_2025_03_p1_20260924T194304.json","553998","0.53","RAW_SOURCE","LOCAL_ONLY","Raw OpenAQ/API downloads"
"data\raw\air_quality\openaq\historical\PROJ_142\so2\PROJ_142_12235763_so2_2025_04_p1_20260924T213209.json","383319","0.37","RAW_SOURCE","LOCAL_ONLY","Raw OpenAQ/API downloads"
"data\raw\air_quality\openaq\historical\PROJ_142\so2\PROJ_142_12235763_so2_2025_05_p1_20260924T214031.json","455589","0.43","RAW_SOURCE","LOCAL_ONLY","Raw OpenAQ/API downloads"
"data\raw\air_quality\openaq\historical\PROJ_142\so2\PROJ_142_12235763_so2_2025_06_p1_20260924T214913.json","449834","0.43","RAW_SOURCE","LOCAL_ONLY","Raw OpenAQ/API downloads"
"data\raw\air_quality\openaq\historical\PROJ_142\so2\PROJ_142_12235763_so2_2025_07_p1_20260924T215832.json","562525","0.54","RAW_SOURCE","LOCAL_ONLY","Raw OpenAQ/API downloads"
"data\raw\air_quality\openaq\historical\PROJ_142\so2\PROJ_142_12235763_so2_2025_08_p1_20260924T220722.json","354640","0.34","RAW_SOURCE","LOCAL_ONLY","Raw OpenAQ/API downloads"
"data\raw\air_quality\openaq\historical\PROJ_142\so2\PROJ_142_12235763_so2_2025_09_p1_20260924T221641.json","577137","0.55","RAW_SOURCE","LOCAL_ONLY","Raw OpenAQ/API downloads"
"data\raw\air_quality\openaq\historical\PROJ_142\so2\PROJ_142_12235763_so2_2025_10_p1_20260924T222547.json","492512","0.47","RAW_SOURCE","LOCAL_ONLY","Raw OpenAQ/API downloads"
"data\raw\air_quality\openaq\historical\PROJ_142\so2\PROJ_142_12235763_so2_2025_11_p1_20260924T223444.json","551164","0.53","RAW_SOURCE","LOCAL_ONLY","Raw OpenAQ/API downloads"
"data\raw\air_quality\openaq\historical\PROJ_142\so2\PROJ_142_12235763_so2_2025_12_p1_20260924T224405.json","508606","0.49","RAW_SOURCE","LOCAL_ONLY","Raw OpenAQ/API downloads"
"data\raw\air_quality\openaq\historical\PROJ_142\so2\PROJ_142_12235763_so2_2026_01_p1_20260924T225259.json","387826","0.37","RAW_SOURCE","LOCAL_ONLY","Raw OpenAQ/API downloads"
"data\raw\air_quality\openaq\historical\PROJ_142\so2\PROJ_142_12235763_so2_2026_02_p1_20260924T230150.json","386430","0.37","RAW_SOURCE","LOCAL_ONLY","Raw OpenAQ/API downloads"
"data\raw\air_quality\openaq\historical\PROJ_142\so2\PROJ_142_12235763_so2_2026_03_p1_20260924T231040.json","527022","0.5","RAW_SOURCE","LOCAL_ONLY","Raw OpenAQ/API downloads"
"data\raw\air_quality\openaq\historical\PROJ_142\so2\PROJ_142_12235763_so2_2026_04_p1_20260924T232001.json","552325","0.53","RAW_SOURCE","LOCAL_ONLY","Raw OpenAQ/API downloads"
"data\raw\air_quality\openaq\historical\PROJ_142\so2\PROJ_142_12235763_so2_2026_05_p1_20260924T232912.json","562930","0.54","RAW_SOURCE","LOCAL_ONLY","Raw OpenAQ/API downloads"
"data\raw\air_quality\openaq\historical\PROJ_142\so2\PROJ_142_12235763_so2_2026_06_p1_20260924T233829.json","480424","0.46","RAW_SOURCE","LOCAL_ONLY","Raw OpenAQ/API downloads"
"data\raw\air_quality\openaq\historical\PROJ_142\so2\PROJ_142_12235763_so2_2026_07_p1_20260924T234735.json","580335","0.55","RAW_SOURCE","LOCAL_ONLY","Raw OpenAQ/API downloads"
"data\raw\air_quality\openaq\historical\PROJ_142\so2\PROJ_142_12235763_so2_2026_08_p1_20260924T235648.json","506825","0.48","RAW_SOURCE","LOCAL_ONLY","Raw OpenAQ/API downloads"
"data\raw\air_quality\openaq\historical\PROJ_142\so2\PROJ_142_12235763_so2_2026_09_p1_20260925T000522.json","399882","0.38","RAW_SOURCE","LOCAL_ONLY","Raw OpenAQ/API downloads"
"data\raw\air_quality\openaq\historical\PROJ_144\co\PROJ_144_12236016_co_2025_03_p1_20260924T194332.json","570877","0.54","RAW_SOURCE","LOCAL_ONLY","Raw OpenAQ/API downloads"
"data\raw\air_quality\openaq\historical\PROJ_144\co\PROJ_144_12236016_co_2025_04_p1_20260924T213243.json","500754","0.48","RAW_SOURCE","LOCAL_ONLY","Raw OpenAQ/API downloads"
"data\raw\air_quality\openaq\historical\PROJ_144\co\PROJ_144_12236016_co_2025_05_p1_20260924T214108.json","553948","0.53","RAW_SOURCE","LOCAL_ONLY","Raw OpenAQ/API downloads"
"data\raw\air_quality\openaq\historical\PROJ_144\co\PROJ_144_12236016_co_2025_06_p1_20260924T214949.json","404195","0.39","RAW_SOURCE","LOCAL_ONLY","Raw OpenAQ/API downloads"
"data\raw\air_quality\openaq\historical\PROJ_144\co\PROJ_144_12236016_co_2025_07_p1_20260924T215909.json","535516","0.51","RAW_SOURCE","LOCAL_ONLY","Raw OpenAQ/API downloads"
"data\raw\air_quality\openaq\historical\PROJ_144\co\PROJ_144_12236016_co_2025_08_p1_20260924T220801.json","574327","0.55","RAW_SOURCE","LOCAL_ONLY","Raw OpenAQ/API downloads"
"data\raw\air_quality\openaq\historical\PROJ_144\co\PROJ_144_12236016_co_2025_09_p1_20260924T221722.json","568241","0.54","RAW_SOURCE","LOCAL_ONLY","Raw OpenAQ/API downloads"
"data\raw\air_quality\openaq\historical\PROJ_144\co\PROJ_144_12236016_co_2025_10_p1_20260924T222625.json","567949","0.54","RAW_SOURCE","LOCAL_ONLY","Raw OpenAQ/API downloads"
"data\raw\air_quality\openaq\historical\PROJ_144\co\PROJ_144_12236016_co_2025_11_p1_20260924T223523.json","538772","0.51","RAW_SOURCE","LOCAL_ONLY","Raw OpenAQ/API downloads"
"data\raw\air_quality\openaq\historical\PROJ_144\co\PROJ_144_12236016_co_2025_12_p1_20260924T224442.json","590032","0.56","RAW_SOURCE","LOCAL_ONLY","Raw OpenAQ/API downloads"
"data\raw\air_quality\openaq\historical\PROJ_144\co\PROJ_144_12236016_co_2026_01_p1_20260924T225339.json","401765","0.38","RAW_SOURCE","LOCAL_ONLY","Raw OpenAQ/API downloads"
"data\raw\air_quality\openaq\historical\PROJ_144\co\PROJ_144_12236016_co_2026_02_p1_20260924T230226.json","462257","0.44","RAW_SOURCE","LOCAL_ONLY","Raw OpenAQ/API downloads"
"data\raw\air_quality\openaq\historical\PROJ_144\co\PROJ_144_12236016_co_2026_03_p1_20260924T231118.json","552645","0.53","RAW_SOURCE","LOCAL_ONLY","Raw OpenAQ/API downloads"
"data\raw\air_quality\openaq\historical\PROJ_144\co\PROJ_144_12236016_co_2026_04_p1_20260924T232042.json","549009","0.52","RAW_SOURCE","LOCAL_ONLY","Raw OpenAQ/API downloads"
"data\raw\air_quality\openaq\historical\PROJ_144\co\PROJ_144_12236016_co_2026_05_p1_20260924T232948.json","545052","0.52","RAW_SOURCE","LOCAL_ONLY","Raw OpenAQ/API downloads"
"data\raw\air_quality\openaq\historical\PROJ_144\co\PROJ_144_12236016_co_2026_06_p1_20260924T233909.json","491910","0.47","RAW_SOURCE","LOCAL_ONLY","Raw OpenAQ/API downloads"
"data\raw\air_quality\openaq\historical\PROJ_144\co\PROJ_144_12236016_co_2026_07_p1_20260924T234816.json","587877","0.56","RAW_SOURCE","LOCAL_ONLY","Raw OpenAQ/API downloads"
"data\raw\air_quality\openaq\historical\PROJ_144\co\PROJ_144_12236016_co_2026_08_p1_20260924T235722.json","520976","0.5","RAW_SOURCE","LOCAL_ONLY","Raw OpenAQ/API downloads"
"data\raw\air_quality\openaq\historical\PROJ_144\co\PROJ_144_12236016_co_2026_09_p1_20260925T000558.json","401101","0.38","RAW_SOURCE","LOCAL_ONLY","Raw OpenAQ/API downloads"
"data\raw\air_quality\openaq\historical\PROJ_144\no2\PROJ_144_12236018_no2_2025_03_p1_20260924T194336.json","583607","0.56","RAW_SOURCE","LOCAL_ONLY","Raw OpenAQ/API downloads"
"data\raw\air_quality\openaq\historical\PROJ_144\no2\PROJ_144_12236018_no2_2025_04_p1_20260924T213246.json","484290","0.46","RAW_SOURCE","LOCAL_ONLY","Raw OpenAQ/API downloads"
"data\raw\air_quality\openaq\historical\PROJ_144\no2\PROJ_144_12236018_no2_2025_05_p1_20260924T214116.json","551795","0.53","RAW_SOURCE","LOCAL_ONLY","Raw OpenAQ/API downloads"
"data\raw\air_quality\openaq\historical\PROJ_144\no2\PROJ_144_12236018_no2_2025_06_p1_20260924T214953.json","419012","0.4","RAW_SOURCE","LOCAL_ONLY","Raw OpenAQ/API downloads"
"data\raw\air_quality\openaq\historical\PROJ_144\no2\PROJ_144_12236018_no2_2025_07_p1_20260924T215913.json","557399","0.53","RAW_SOURCE","LOCAL_ONLY","Raw OpenAQ/API downloads"
"data\raw\air_quality\openaq\historical\PROJ_144\no2\PROJ_144_12236018_no2_2025_08_p1_20260924T220805.json","576017","0.55","RAW_SOURCE","LOCAL_ONLY","Raw OpenAQ/API downloads"
"data\raw\air_quality\openaq\historical\PROJ_144\no2\PROJ_144_12236018_no2_2025_09_p1_20260924T221725.json","572664","0.55","RAW_SOURCE","LOCAL_ONLY","Raw OpenAQ/API downloads"
"data\raw\air_quality\openaq\historical\PROJ_144\no2\PROJ_144_12236018_no2_2025_10_p1_20260924T222628.json","568865","0.54","RAW_SOURCE","LOCAL_ONLY","Raw OpenAQ/API downloads"
"data\raw\air_quality\openaq\historical\PROJ_144\no2\PROJ_144_12236018_no2_2025_11_p1_20260924T223527.json","538099","0.51","RAW_SOURCE","LOCAL_ONLY","Raw OpenAQ/API downloads"
"data\raw\air_quality\openaq\historical\PROJ_144\no2\PROJ_144_12236018_no2_2025_12_p1_20260924T224447.json","585897","0.56","RAW_SOURCE","LOCAL_ONLY","Raw OpenAQ/API downloads"
"data\raw\air_quality\openaq\historical\PROJ_144\no2\PROJ_144_12236018_no2_2026_01_p1_20260924T225343.json","400994","0.38","RAW_SOURCE","LOCAL_ONLY","Raw OpenAQ/API downloads"
"data\raw\air_quality\openaq\historical\PROJ_144\no2\PROJ_144_12236018_no2_2026_02_p1_20260924T230230.json","464677","0.44","RAW_SOURCE","LOCAL_ONLY","Raw OpenAQ/API downloads"
"data\raw\air_quality\openaq\historical\PROJ_144\no2\PROJ_144_12236018_no2_2026_03_p1_20260925T095240.json","552969","0.53","RAW_SOURCE","LOCAL_ONLY","Raw OpenAQ/API downloads"
"data\raw\air_quality\openaq\historical\PROJ_144\no2\PROJ_144_12236018_no2_2026_04_p1_20260924T232046.json","549580","0.52","RAW_SOURCE","LOCAL_ONLY","Raw OpenAQ/API downloads"
"data\raw\air_quality\openaq\historical\PROJ_144\no2\PROJ_144_12236018_no2_2026_05_p1_20260924T232951.json","544617","0.52","RAW_SOURCE","LOCAL_ONLY","Raw OpenAQ/API downloads"
"data\raw\air_quality\openaq\historical\PROJ_144\no2\PROJ_144_12236018_no2_2026_06_p1_20260924T233914.json","501826","0.48","RAW_SOURCE","LOCAL_ONLY","Raw OpenAQ/API downloads"
"data\raw\air_quality\openaq\historical\PROJ_144\no2\PROJ_144_12236018_no2_2026_07_p1_20260924T234821.json","587463","0.56","RAW_SOURCE","LOCAL_ONLY","Raw OpenAQ/API downloads"
"data\raw\air_quality\openaq\historical\PROJ_144\no2\PROJ_144_12236018_no2_2026_08_p1_20260924T235726.json","522563","0.5","RAW_SOURCE","LOCAL_ONLY","Raw OpenAQ/API downloads"
"data\raw\air_quality\openaq\historical\PROJ_144\no2\PROJ_144_12236018_no2_2026_09_p1_20260925T000601.json","398707","0.38","RAW_SOURCE","LOCAL_ONLY","Raw OpenAQ/API downloads"
"data\raw\air_quality\openaq\historical\PROJ_144\o3\PROJ_144_12236019_o3_2025_03_p1_20260924T194318.json","583368","0.56","RAW_SOURCE","LOCAL_ONLY","Raw OpenAQ/API downloads"
"data\raw\air_quality\openaq\historical\PROJ_144\o3\PROJ_144_12236019_o3_2025_04_p1_20260924T213226.json","502544","0.48","RAW_SOURCE","LOCAL_ONLY","Raw OpenAQ/API downloads"
"data\raw\air_quality\openaq\historical\PROJ_144\o3\PROJ_144_12236019_o3_2025_05_p1_20260924T214053.json","560377","0.53","RAW_SOURCE","LOCAL_ONLY","Raw OpenAQ/API downloads"
"data\raw\air_quality\openaq\historical\PROJ_144\o3\PROJ_144_12236019_o3_2025_06_p1_20260924T214934.json","417106","0.4","RAW_SOURCE","LOCAL_ONLY","Raw OpenAQ/API downloads"
"data\raw\air_quality\openaq\historical\PROJ_144\o3\PROJ_144_12236019_o3_2025_07_p1_20260924T215852.json","557504","0.53","RAW_SOURCE","LOCAL_ONLY","Raw OpenAQ/API downloads"
"data\raw\air_quality\openaq\historical\PROJ_144\o3\PROJ_144_12236019_o3_2025_08_p1_20260924T220745.json","575614","0.55","RAW_SOURCE","LOCAL_ONLY","Raw OpenAQ/API downloads"
"data\raw\air_quality\openaq\historical\PROJ_144\o3\PROJ_144_12236019_o3_2025_09_p1_20260924T221703.json","572837","0.55","RAW_SOURCE","LOCAL_ONLY","Raw OpenAQ/API downloads"
"data\raw\air_quality\openaq\historical\PROJ_144\o3\PROJ_144_12236019_o3_2025_10_p1_20260924T222606.json","570454","0.54","RAW_SOURCE","LOCAL_ONLY","Raw OpenAQ/API downloads"
"data\raw\air_quality\openaq\historical\PROJ_144\o3\PROJ_144_12236019_o3_2025_11_p1_20260924T223506.json","541308","0.52","RAW_SOURCE","LOCAL_ONLY","Raw OpenAQ/API downloads"
"data\raw\air_quality\openaq\historical\PROJ_144\o3\PROJ_144_12236019_o3_2025_12_p1_20260924T224427.json","591866","0.56","RAW_SOURCE","LOCAL_ONLY","Raw OpenAQ/API downloads"
"data\raw\air_quality\openaq\historical\PROJ_144\o3\PROJ_144_12236019_o3_2026_01_p1_20260924T225321.json","403685","0.38","RAW_SOURCE","LOCAL_ONLY","Raw OpenAQ/API downloads"
"data\raw\air_quality\openaq\historical\PROJ_144\o3\PROJ_144_12236019_o3_2026_02_p1_20260924T230211.json","466564","0.44","RAW_SOURCE","LOCAL_ONLY","Raw OpenAQ/API downloads"
"data\raw\air_quality\openaq\historical\PROJ_144\o3\PROJ_144_12236019_o3_2026_03_p1_20260924T231101.json","556457","0.53","RAW_SOURCE","LOCAL_ONLY","Raw OpenAQ/API downloads"
"data\raw\air_quality\openaq\historical\PROJ_144\o3\PROJ_144_12236019_o3_2026_04_p1_20260924T232022.json","552153","0.53","RAW_SOURCE","LOCAL_ONLY","Raw OpenAQ/API downloads"
"data\raw\air_quality\openaq\historical\PROJ_144\o3\PROJ_144_12236019_o3_2026_05_p1_20260924T232932.json","548881","0.52","RAW_SOURCE","LOCAL_ONLY","Raw OpenAQ/API downloads"
"data\raw\air_quality\openaq\historical\PROJ_144\o3\PROJ_144_12236019_o3_2026_06_p1_20260924T233850.json","502299","0.48","RAW_SOURCE","LOCAL_ONLY","Raw OpenAQ/API downloads"
"data\raw\air_quality\openaq\historical\PROJ_144\o3\PROJ_144_12236019_o3_2026_07_p1_20260924T234758.json","591335","0.56","RAW_SOURCE","LOCAL_ONLY","Raw OpenAQ/API downloads"
"data\raw\air_quality\openaq\historical\PROJ_144\o3\PROJ_144_12236019_o3_2026_08_p1_20260924T235708.json","525458","0.5","RAW_SOURCE","LOCAL_ONLY","Raw OpenAQ/API downloads"
"data\raw\air_quality\openaq\historical\PROJ_144\o3\PROJ_144_12236019_o3_2026_09_p1_20260925T000543.json","399174","0.38","RAW_SOURCE","LOCAL_ONLY","Raw OpenAQ/API downloads"
"data\raw\air_quality\openaq\historical\PROJ_144\pm10\PROJ_144_12236020_pm10_2025_03_p1_20260924T194328.json","568077","0.54","RAW_SOURCE","LOCAL_ONLY","Raw OpenAQ/API downloads"
"data\raw\air_quality\openaq\historical\PROJ_144\pm10\PROJ_144_12236020_pm10_2025_04_p1_20260924T213240.json","490728","0.47","RAW_SOURCE","LOCAL_ONLY","Raw OpenAQ/API downloads"
"data\raw\air_quality\openaq\historical\PROJ_144\pm10\PROJ_144_12236020_pm10_2025_05_p1_20260924T214105.json","534673","0.51","RAW_SOURCE","LOCAL_ONLY","Raw OpenAQ/API downloads"
"data\raw\air_quality\openaq\historical\PROJ_144\pm10\PROJ_144_12236020_pm10_2025_06_p1_20260924T214945.json","392289","0.37","RAW_SOURCE","LOCAL_ONLY","Raw OpenAQ/API downloads"
"data\raw\air_quality\openaq\historical\PROJ_144\pm10\PROJ_144_12236020_pm10_2025_07_p1_20260924T215905.json","539783","0.51","RAW_SOURCE","LOCAL_ONLY","Raw OpenAQ/API downloads"
"data\raw\air_quality\openaq\historical\PROJ_144\pm10\PROJ_144_12236020_pm10_2025_08_p1_20260924T220755.json","565140","0.54","RAW_SOURCE","LOCAL_ONLY","Raw OpenAQ/API downloads"
"data\raw\air_quality\openaq\historical\PROJ_144\pm10\PROJ_144_12236020_pm10_2025_09_p1_20260924T221717.json","559469","0.53","RAW_SOURCE","LOCAL_ONLY","Raw OpenAQ/API downloads"
"data\raw\air_quality\openaq\historical\PROJ_144\pm10\PROJ_144_12236020_pm10_2025_10_p1_20260924T222620.json","560490","0.53","RAW_SOURCE","LOCAL_ONLY","Raw OpenAQ/API downloads"
"data\raw\air_quality\openaq\historical\PROJ_144\pm10\PROJ_144_12236020_pm10_2025_11_p1_20260924T223518.json","460288","0.44","RAW_SOURCE","LOCAL_ONLY","Raw OpenAQ/API downloads"
"data\raw\air_quality\openaq\historical\PROJ_144\pm10\PROJ_144_12236020_pm10_2025_12_p1_20260924T224437.json","571929","0.55","RAW_SOURCE","LOCAL_ONLY","Raw OpenAQ/API downloads"
"data\raw\air_quality\openaq\historical\PROJ_144\pm10\PROJ_144_12236020_pm10_2026_01_p1_20260924T225335.json","397155","0.38","RAW_SOURCE","LOCAL_ONLY","Raw OpenAQ/API downloads"
"data\raw\air_quality\openaq\historical\PROJ_144\pm10\PROJ_144_12236020_pm10_2026_02_p1_20260924T230222.json","457032","0.44","RAW_SOURCE","LOCAL_ONLY","Raw OpenAQ/API downloads"
"data\raw\air_quality\openaq\historical\PROJ_144\pm10\PROJ_144_12236020_pm10_2026_03_p1_20260924T231114.json","544773","0.52","RAW_SOURCE","LOCAL_ONLY","Raw OpenAQ/API downloads"
"data\raw\air_quality\openaq\historical\PROJ_144\pm10\PROJ_144_12236020_pm10_2026_04_p1_20260924T232038.json","543081","0.52","RAW_SOURCE","LOCAL_ONLY","Raw OpenAQ/API downloads"
"data\raw\air_quality\openaq\historical\PROJ_144\pm10\PROJ_144_12236020_pm10_2026_05_p1_20260924T232944.json","539661","0.51","RAW_SOURCE","LOCAL_ONLY","Raw OpenAQ/API downloads"
"data\raw\air_quality\openaq\historical\PROJ_144\pm10\PROJ_144_12236020_pm10_2026_06_p1_20260924T233903.json","485398","0.46","RAW_SOURCE","LOCAL_ONLY","Raw OpenAQ/API downloads"
"data\raw\air_quality\openaq\historical\PROJ_144\pm10\PROJ_144_12236020_pm10_2026_07_p1_20260924T234810.json","566594","0.54","RAW_SOURCE","LOCAL_ONLY","Raw OpenAQ/API downloads"
"data\raw\air_quality\openaq\historical\PROJ_144\pm10\PROJ_144_12236020_pm10_2026_08_p1_20260924T235718.json","507821","0.48","RAW_SOURCE","LOCAL_ONLY","Raw OpenAQ/API downloads"
"data\raw\air_quality\openaq\historical\PROJ_144\pm10\PROJ_144_12236020_pm10_2026_09_p1_20260925T000555.json","391277","0.37","RAW_SOURCE","LOCAL_ONLY","Raw OpenAQ/API downloads"
"data\raw\air_quality\openaq\historical\PROJ_144\pm2_5\PROJ_144_12236021_pm2_5_2025_03_p1_20260924T194326.json","568500","0.54","RAW_SOURCE","LOCAL_ONLY","Raw OpenAQ/API downloads"
"data\raw\air_quality\openaq\historical\PROJ_144\pm2_5\PROJ_144_12236021_pm2_5_2025_04_p1_20260924T213235.json","476309","0.45","RAW_SOURCE","LOCAL_ONLY","Raw OpenAQ/API downloads"
"data\raw\air_quality\openaq\historical\PROJ_144\pm2_5\PROJ_144_12236021_pm2_5_2025_05_p1_20260924T214101.json","543145","0.52","RAW_SOURCE","LOCAL_ONLY","Raw OpenAQ/API downloads"
"data\raw\air_quality\openaq\historical\PROJ_144\pm2_5\PROJ_144_12236021_pm2_5_2025_06_p1_20260924T214940.json","394796","0.38","RAW_SOURCE","LOCAL_ONLY","Raw OpenAQ/API downloads"
"data\raw\air_quality\openaq\historical\PROJ_144\pm2_5\PROJ_144_12236021_pm2_5_2025_07_p1_20260924T215901.json","538918","0.51","RAW_SOURCE","LOCAL_ONLY","Raw OpenAQ/API downloads"
"data\raw\air_quality\openaq\historical\PROJ_144\pm2_5\PROJ_144_12236021_pm2_5_2025_08_p1_20260924T220752.json","565438","0.54","RAW_SOURCE","LOCAL_ONLY","Raw OpenAQ/API downloads"
"data\raw\air_quality\openaq\historical\PROJ_144\pm2_5\PROJ_144_12236021_pm2_5_2025_09_p1_20260924T221712.json","558185","0.53","RAW_SOURCE","LOCAL_ONLY","Raw OpenAQ/API downloads"
"data\raw\air_quality\openaq\historical\PROJ_144\pm2_5\PROJ_144_12236021_pm2_5_2025_10_p1_20260924T222615.json","553421","0.53","RAW_SOURCE","LOCAL_ONLY","Raw OpenAQ/API downloads"
"data\raw\air_quality\openaq\historical\PROJ_144\pm2_5\PROJ_144_12236021_pm2_5_2025_11_p1_20260924T223514.json","458158","0.44","RAW_SOURCE","LOCAL_ONLY","Raw OpenAQ/API downloads"
"data\raw\air_quality\openaq\historical\PROJ_144\pm2_5\PROJ_144_12236021_pm2_5_2025_12_p1_20260924T224434.json","578079","0.55","RAW_SOURCE","LOCAL_ONLY","Raw OpenAQ/API downloads"
"data\raw\air_quality\openaq\historical\PROJ_144\pm2_5\PROJ_144_12236021_pm2_5_2026_01_p1_20260924T225330.json","393465","0.38","RAW_SOURCE","LOCAL_ONLY","Raw OpenAQ/API downloads"
"data\raw\air_quality\openaq\historical\PROJ_144\pm2_5\PROJ_144_12236021_pm2_5_2026_02_p1_20260924T230219.json","453740","0.43","RAW_SOURCE","LOCAL_ONLY","Raw OpenAQ/API downloads"
"data\raw\air_quality\openaq\historical\PROJ_144\pm2_5\PROJ_144_12236021_pm2_5_2026_03_p1_20260924T231109.json","541498","0.52","RAW_SOURCE","LOCAL_ONLY","Raw OpenAQ/API downloads"
"data\raw\air_quality\openaq\historical\PROJ_144\pm2_5\PROJ_144_12236021_pm2_5_2026_04_p1_20260924T232033.json","539391","0.51","RAW_SOURCE","LOCAL_ONLY","Raw OpenAQ/API downloads"
"data\raw\air_quality\openaq\historical\PROJ_144\pm2_5\PROJ_144_12236021_pm2_5_2026_05_p1_20260924T232940.json","535724","0.51","RAW_SOURCE","LOCAL_ONLY","Raw OpenAQ/API downloads"
"data\raw\air_quality\openaq\historical\PROJ_144\pm2_5\PROJ_144_12236021_pm2_5_2026_06_p1_20260924T233900.json","473559","0.45","RAW_SOURCE","LOCAL_ONLY","Raw OpenAQ/API downloads"
"data\raw\air_quality\openaq\historical\PROJ_144\pm2_5\PROJ_144_12236021_pm2_5_2026_07_p1_20260924T234807.json","565881","0.54","RAW_SOURCE","LOCAL_ONLY","Raw OpenAQ/API downloads"
"data\raw\air_quality\openaq\historical\PROJ_144\pm2_5\PROJ_144_12236021_pm2_5_2026_08_p1_20260924T235714.json","506662","0.48","RAW_SOURCE","LOCAL_ONLY","Raw OpenAQ/API downloads"
"data\raw\air_quality\openaq\historical\PROJ_144\pm2_5\PROJ_144_12236021_pm2_5_2026_09_p1_20260925T000551.json","387016","0.37","RAW_SOURCE","LOCAL_ONLY","Raw OpenAQ/API downloads"
"data\raw\air_quality\openaq\historical\PROJ_144\so2\PROJ_144_12236023_so2_2025_03_p1_20260924T194322.json","582383","0.56","RAW_SOURCE","LOCAL_ONLY","Raw OpenAQ/API downloads"
"data\raw\air_quality\openaq\historical\PROJ_144\so2\PROJ_144_12236023_so2_2025_04_p1_20260924T213232.json","500870","0.48","RAW_SOURCE","LOCAL_ONLY","Raw OpenAQ/API downloads"
"data\raw\air_quality\openaq\historical\PROJ_144\so2\PROJ_144_12236023_so2_2025_05_p1_20260924T214058.json","552233","0.53","RAW_SOURCE","LOCAL_ONLY","Raw OpenAQ/API downloads"
"data\raw\air_quality\openaq\historical\PROJ_144\so2\PROJ_144_12236023_so2_2025_06_p1_20260924T214937.json","401810","0.38","RAW_SOURCE","LOCAL_ONLY","Raw OpenAQ/API downloads"
"data\raw\air_quality\openaq\historical\PROJ_144\so2\PROJ_144_12236023_so2_2025_07_p1_20260924T215856.json","532130","0.51","RAW_SOURCE","LOCAL_ONLY","Raw OpenAQ/API downloads"
"data\raw\air_quality\openaq\historical\PROJ_144\so2\PROJ_144_12236023_so2_2025_08_p1_20260924T220749.json","570329","0.54","RAW_SOURCE","LOCAL_ONLY","Raw OpenAQ/API downloads"
"data\raw\air_quality\openaq\historical\PROJ_144\so2\PROJ_144_12236023_so2_2025_09_p1_20260924T221707.json","559875","0.53","RAW_SOURCE","LOCAL_ONLY","Raw OpenAQ/API downloads"
"data\raw\air_quality\openaq\historical\PROJ_144\so2\PROJ_144_12236023_so2_2025_10_p1_20260924T222611.json","558900","0.53","RAW_SOURCE","LOCAL_ONLY","Raw OpenAQ/API downloads"
"data\raw\air_quality\openaq\historical\PROJ_144\so2\PROJ_144_12236023_so2_2025_11_p1_20260924T223511.json","529802","0.51","RAW_SOURCE","LOCAL_ONLY","Raw OpenAQ/API downloads"
"data\raw\air_quality\openaq\historical\PROJ_144\so2\PROJ_144_12236023_so2_2025_12_p1_20260924T224430.json","583753","0.56","RAW_SOURCE","LOCAL_ONLY","Raw OpenAQ/API downloads"
"data\raw\air_quality\openaq\historical\PROJ_144\so2\PROJ_144_12236023_so2_2026_01_p1_20260924T225325.json","401693","0.38","RAW_SOURCE","LOCAL_ONLY","Raw OpenAQ/API downloads"
"data\raw\air_quality\openaq\historical\PROJ_144\so2\PROJ_144_12236023_so2_2026_02_p1_20260924T230215.json","462877","0.44","RAW_SOURCE","LOCAL_ONLY","Raw OpenAQ/API downloads"
"data\raw\air_quality\openaq\historical\PROJ_144\so2\PROJ_144_12236023_so2_2026_03_p1_20260924T231105.json","550443","0.52","RAW_SOURCE","LOCAL_ONLY","Raw OpenAQ/API downloads"
"data\raw\air_quality\openaq\historical\PROJ_144\so2\PROJ_144_12236023_so2_2026_04_p1_20260924T232028.json","548663","0.52","RAW_SOURCE","LOCAL_ONLY","Raw OpenAQ/API downloads"
"data\raw\air_quality\openaq\historical\PROJ_144\so2\PROJ_144_12236023_so2_2026_05_p1_20260924T232937.json","539264","0.51","RAW_SOURCE","LOCAL_ONLY","Raw OpenAQ/API downloads"
"data\raw\air_quality\openaq\historical\PROJ_144\so2\PROJ_144_12236023_so2_2026_06_p1_20260924T233855.json","495542","0.47","RAW_SOURCE","LOCAL_ONLY","Raw OpenAQ/API downloads"
"data\raw\air_quality\openaq\historical\PROJ_144\so2\PROJ_144_12236023_so2_2026_07_p1_20260924T234802.json","588562","0.56","RAW_SOURCE","LOCAL_ONLY","Raw OpenAQ/API downloads"
"data\raw\air_quality\openaq\historical\PROJ_144\so2\PROJ_144_12236023_so2_2026_08_p1_20260924T235711.json","524119","0.5","RAW_SOURCE","LOCAL_ONLY","Raw OpenAQ/API downloads"
"data\raw\air_quality\openaq\historical\PROJ_144\so2\PROJ_144_12236023_so2_2026_09_p1_20260925T000547.json","400780","0.38","RAW_SOURCE","LOCAL_ONLY","Raw OpenAQ/API downloads"
"data\raw\air_quality\openaq\historical\PROJ_158\co\PROJ_158_12236458_co_2025_03_p1_20260924T194344.json","532474","0.51","RAW_SOURCE","LOCAL_ONLY","Raw OpenAQ/API downloads"
"data\raw\air_quality\openaq\historical\PROJ_158\co\PROJ_158_12236458_co_2025_04_p1_20260924T213255.json","503329","0.48","RAW_SOURCE","LOCAL_ONLY","Raw OpenAQ/API downloads"
"data\raw\air_quality\openaq\historical\PROJ_158\co\PROJ_158_12236458_co_2025_05_p1_20260924T214123.json","551658","0.53","RAW_SOURCE","LOCAL_ONLY","Raw OpenAQ/API downloads"
"data\raw\air_quality\openaq\historical\PROJ_158\co\PROJ_158_12236458_co_2025_06_p1_20260924T215007.json","524624","0.5","RAW_SOURCE","LOCAL_ONLY","Raw OpenAQ/API downloads"
"data\raw\air_quality\openaq\historical\PROJ_158\co\PROJ_158_12236458_co_2025_07_p1_20260924T215921.json","525057","0.5","RAW_SOURCE","LOCAL_ONLY","Raw OpenAQ/API downloads"
"data\raw\air_quality\openaq\historical\PROJ_158\co\PROJ_158_12236458_co_2025_08_p1_20260924T220812.json","180629","0.17","RAW_SOURCE","LOCAL_ONLY","Raw OpenAQ/API downloads"
"data\raw\air_quality\openaq\historical\PROJ_158\co\PROJ_158_12236458_co_2025_09_p1_20260924T221733.json","285090","0.27","RAW_SOURCE","LOCAL_ONLY","Raw OpenAQ/API downloads"
"data\raw\air_quality\openaq\historical\PROJ_158\co\PROJ_158_12236458_co_2025_10_p1_20260924T222635.json","508091","0.48","RAW_SOURCE","LOCAL_ONLY","Raw OpenAQ/API downloads"
"data\raw\air_quality\openaq\historical\PROJ_158\co\PROJ_158_12236458_co_2025_11_p1_20260924T223535.json","554598","0.53","RAW_SOURCE","LOCAL_ONLY","Raw OpenAQ/API downloads"
"data\raw\air_quality\openaq\historical\PROJ_158\co\PROJ_158_12236458_co_2025_12_p1_20260924T224455.json","588558","0.56","RAW_SOURCE","LOCAL_ONLY","Raw OpenAQ/API downloads"
"data\raw\air_quality\openaq\historical\PROJ_158\co\PROJ_158_12236458_co_2026_01_p1_20260924T225351.json","402299","0.38","RAW_SOURCE","LOCAL_ONLY","Raw OpenAQ/API downloads"
"data\raw\air_quality\openaq\historical\PROJ_158\co\PROJ_158_12236458_co_2026_02_p1_20260924T230238.json","462983","0.44","RAW_SOURCE","LOCAL_ONLY","Raw OpenAQ/API downloads"
"data\raw\air_quality\openaq\historical\PROJ_158\co\PROJ_158_12236458_co_2026_03_p1_20260924T231147.json","572160","0.55","RAW_SOURCE","LOCAL_ONLY","Raw OpenAQ/API downloads"
"data\raw\air_quality\openaq\historical\PROJ_158\co\PROJ_158_12236458_co_2026_04_p1_20260924T232056.json","521098","0.5","RAW_SOURCE","LOCAL_ONLY","Raw OpenAQ/API downloads"
"data\raw\air_quality\openaq\historical\PROJ_158\co\PROJ_158_12236458_co_2026_05_p1_20260924T233000.json","558649","0.53","RAW_SOURCE","LOCAL_ONLY","Raw OpenAQ/API downloads"
"data\raw\air_quality\openaq\historical\PROJ_158\co\PROJ_158_12236458_co_2026_06_p1_20260924T233923.json","516433","0.49","RAW_SOURCE","LOCAL_ONLY","Raw OpenAQ/API downloads"
"data\raw\air_quality\openaq\historical\PROJ_158\co\PROJ_158_12236458_co_2026_07_p1_20260924T234829.json","555409","0.53","RAW_SOURCE","LOCAL_ONLY","Raw OpenAQ/API downloads"
"data\raw\air_quality\openaq\historical\PROJ_158\co\PROJ_158_12236458_co_2026_08_p1_20260924T235735.json","440800","0.42","RAW_SOURCE","LOCAL_ONLY","Raw OpenAQ/API downloads"
"data\raw\air_quality\openaq\historical\PROJ_158\co\PROJ_158_12236458_co_2026_09_p1_20260925T000610.json","384386","0.37","RAW_SOURCE","LOCAL_ONLY","Raw OpenAQ/API downloads"
"data\raw\air_quality\openaq\historical\PROJ_158\no2\PROJ_158_12236460_no2_2025_03_p1_20260924T194348.json","536724","0.51","RAW_SOURCE","LOCAL_ONLY","Raw OpenAQ/API downloads"
"data\raw\air_quality\openaq\historical\PROJ_158\no2\PROJ_158_12236460_no2_2025_04_p1_20260924T213259.json","507634","0.48","RAW_SOURCE","LOCAL_ONLY","Raw OpenAQ/API downloads"
"data\raw\air_quality\openaq\historical\PROJ_158\no2\PROJ_158_12236460_no2_2025_05_p1_20260924T214127.json","556731","0.53","RAW_SOURCE","LOCAL_ONLY","Raw OpenAQ/API downloads"
"data\raw\air_quality\openaq\historical\PROJ_158\no2\PROJ_158_12236460_no2_2025_06_p1_20260924T215011.json","525617","0.5","RAW_SOURCE","LOCAL_ONLY","Raw OpenAQ/API downloads"
"data\raw\air_quality\openaq\historical\PROJ_158\no2\PROJ_158_12236460_no2_2025_07_p1_20260924T215926.json","530522","0.51","RAW_SOURCE","LOCAL_ONLY","Raw OpenAQ/API downloads"
"data\raw\air_quality\openaq\historical\PROJ_158\no2\PROJ_158_12236460_no2_2025_08_p1_20260924T220816.json","181939","0.17","RAW_SOURCE","LOCAL_ONLY","Raw OpenAQ/API downloads"
"data\raw\air_quality\openaq\historical\PROJ_158\no2\PROJ_158_12236460_no2_2025_09_p1_20260924T221737.json","295099","0.28","RAW_SOURCE","LOCAL_ONLY","Raw OpenAQ/API downloads"
"data\raw\air_quality\openaq\historical\PROJ_158\no2\PROJ_158_12236460_no2_2025_10_p1_20260924T222639.json","516918","0.49","RAW_SOURCE","LOCAL_ONLY","Raw OpenAQ/API downloads"
"data\raw\air_quality\openaq\historical\PROJ_158\no2\PROJ_158_12236460_no2_2025_11_p1_20260924T223539.json","559138","0.53","RAW_SOURCE","LOCAL_ONLY","Raw OpenAQ/API downloads"
"data\raw\air_quality\openaq\historical\PROJ_158\no2\PROJ_158_12236460_no2_2025_12_p1_20260924T224500.json","594472","0.57","RAW_SOURCE","LOCAL_ONLY","Raw OpenAQ/API downloads"
"data\raw\air_quality\openaq\historical\PROJ_158\no2\PROJ_158_12236460_no2_2026_01_p1_20260924T225355.json","405434","0.39","RAW_SOURCE","LOCAL_ONLY","Raw OpenAQ/API downloads"
"data\raw\air_quality\openaq\historical\PROJ_158\no2\PROJ_158_12236460_no2_2026_02_p1_20260924T230242.json","466570","0.44","RAW_SOURCE","LOCAL_ONLY","Raw OpenAQ/API downloads"
"data\raw\air_quality\openaq\historical\PROJ_158\no2\PROJ_158_12236460_no2_2026_03_p1_20260924T231152.json","576295","0.55","RAW_SOURCE","LOCAL_ONLY","Raw OpenAQ/API downloads"
"data\raw\air_quality\openaq\historical\PROJ_158\no2\PROJ_158_12236460_no2_2026_04_p1_20260924T232101.json","524340","0.5","RAW_SOURCE","LOCAL_ONLY","Raw OpenAQ/API downloads"
"data\raw\air_quality\openaq\historical\PROJ_158\no2\PROJ_158_12236460_no2_2026_05_p1_20260924T233005.json","560792","0.53","RAW_SOURCE","LOCAL_ONLY","Raw OpenAQ/API downloads"
"data\raw\air_quality\openaq\historical\PROJ_158\no2\PROJ_158_12236460_no2_2026_06_p1_20260924T233926.json","518754","0.49","RAW_SOURCE","LOCAL_ONLY","Raw OpenAQ/API downloads"
"data\raw\air_quality\openaq\historical\PROJ_158\no2\PROJ_158_12236460_no2_2026_07_p1_20260924T234833.json","535884","0.51","RAW_SOURCE","LOCAL_ONLY","Raw OpenAQ/API downloads"
"data\raw\air_quality\openaq\historical\PROJ_158\no2\PROJ_158_12236460_no2_2026_08_p1_20260924T235739.json","448054","0.43","RAW_SOURCE","LOCAL_ONLY","Raw OpenAQ/API downloads"
"data\raw\air_quality\openaq\historical\PROJ_158\no2\PROJ_158_12236460_no2_2026_09_p1_20260925T000615.json","387437","0.37","RAW_SOURCE","LOCAL_ONLY","Raw OpenAQ/API downloads"
"data\raw\air_quality\openaq\historical\PROJ_158\o3\PROJ_158_12236461_o3_2025_03_p1_20260924T194350.json","535242","0.51","RAW_SOURCE","LOCAL_ONLY","Raw OpenAQ/API downloads"
"data\raw\air_quality\openaq\historical\PROJ_158\o3\PROJ_158_12236461_o3_2025_04_p1_20260924T213302.json","497517","0.47","RAW_SOURCE","LOCAL_ONLY","Raw OpenAQ/API downloads"
"data\raw\air_quality\openaq\historical\PROJ_158\o3\PROJ_158_12236461_o3_2025_05_p1_20260924T214130.json","544961","0.52","RAW_SOURCE","LOCAL_ONLY","Raw OpenAQ/API downloads"
"data\raw\air_quality\openaq\historical\PROJ_158\o3\PROJ_158_12236461_o3_2025_06_p1_20260924T215016.json","520651","0.5","RAW_SOURCE","LOCAL_ONLY","Raw OpenAQ/API downloads"
"data\raw\air_quality\openaq\historical\PROJ_158\o3\PROJ_158_12236461_o3_2025_07_p1_20260924T215931.json","522367","0.5","RAW_SOURCE","LOCAL_ONLY","Raw OpenAQ/API downloads"
"data\raw\air_quality\openaq\historical\PROJ_158\o3\PROJ_158_12236461_o3_2025_08_p1_20260924T220819.json","179632","0.17","RAW_SOURCE","LOCAL_ONLY","Raw OpenAQ/API downloads"
"data\raw\air_quality\openaq\historical\PROJ_158\o3\PROJ_158_12236461_o3_2025_09_p1_20260924T221741.json","287183","0.27","RAW_SOURCE","LOCAL_ONLY","Raw OpenAQ/API downloads"
"data\raw\air_quality\openaq\historical\PROJ_158\o3\PROJ_158_12236461_o3_2025_10_p1_20260924T222642.json","516671","0.49","RAW_SOURCE","LOCAL_ONLY","Raw OpenAQ/API downloads"
"data\raw\air_quality\openaq\historical\PROJ_158\o3\PROJ_158_12236461_o3_2025_11_p1_20260924T223544.json","549125","0.52","RAW_SOURCE","LOCAL_ONLY","Raw OpenAQ/API downloads"
"data\raw\air_quality\openaq\historical\PROJ_158\o3\PROJ_158_12236461_o3_2025_12_p1_20260924T224504.json","591317","0.56","RAW_SOURCE","LOCAL_ONLY","Raw OpenAQ/API downloads"
"data\raw\air_quality\openaq\historical\PROJ_158\o3\PROJ_158_12236461_o3_2026_01_p1_20260924T225358.json","404020","0.39","RAW_SOURCE","LOCAL_ONLY","Raw OpenAQ/API downloads"
"data\raw\air_quality\openaq\historical\PROJ_158\o3\PROJ_158_12236461_o3_2026_02_p1_20260924T230246.json","466845","0.45","RAW_SOURCE","LOCAL_ONLY","Raw OpenAQ/API downloads"
"data\raw\air_quality\openaq\historical\PROJ_158\o3\PROJ_158_12236461_o3_2026_03_p1_20260924T231157.json","575351","0.55","RAW_SOURCE","LOCAL_ONLY","Raw OpenAQ/API downloads"
"data\raw\air_quality\openaq\historical\PROJ_158\o3\PROJ_158_12236461_o3_2026_04_p1_20260924T232104.json","516455","0.49","RAW_SOURCE","LOCAL_ONLY","Raw OpenAQ/API downloads"
"data\raw\air_quality\openaq\historical\PROJ_158\o3\PROJ_158_12236461_o3_2026_05_p1_20260924T233009.json","542895","0.52","RAW_SOURCE","LOCAL_ONLY","Raw OpenAQ/API downloads"
"data\raw\air_quality\openaq\historical\PROJ_158\o3\PROJ_158_12236461_o3_2026_06_p1_20260924T233930.json","505817","0.48","RAW_SOURCE","LOCAL_ONLY","Raw OpenAQ/API downloads"
"data\raw\air_quality\openaq\historical\PROJ_158\o3\PROJ_158_12236461_o3_2026_07_p1_20260924T234838.json","546127","0.52","RAW_SOURCE","LOCAL_ONLY","Raw OpenAQ/API downloads"
"data\raw\air_quality\openaq\historical\PROJ_158\o3\PROJ_158_12236461_o3_2026_08_p1_20260924T235744.json","434678","0.41","RAW_SOURCE","LOCAL_ONLY","Raw OpenAQ/API downloads"
"data\raw\air_quality\openaq\historical\PROJ_158\o3\PROJ_158_12236461_o3_2026_09_p1_20260925T000619.json","378468","0.36","RAW_SOURCE","LOCAL_ONLY","Raw OpenAQ/API downloads"
"data\raw\air_quality\openaq\historical\PROJ_158\pm10\PROJ_158_12236462_pm10_2025_03_p1_20260924T194357.json","541784","0.52","RAW_SOURCE","LOCAL_ONLY","Raw OpenAQ/API downloads"
"data\raw\air_quality\openaq\historical\PROJ_158\pm10\PROJ_158_12236462_pm10_2025_04_p1_20260924T213312.json","511914","0.49","RAW_SOURCE","LOCAL_ONLY","Raw OpenAQ/API downloads"
"data\raw\air_quality\openaq\historical\PROJ_158\pm10\PROJ_158_12236462_pm10_2025_05_p1_20260924T214138.json","559752","0.53","RAW_SOURCE","LOCAL_ONLY","Raw OpenAQ/API downloads"
"data\raw\air_quality\openaq\historical\PROJ_158\pm10\PROJ_158_12236462_pm10_2025_06_p1_20260924T215024.json","531217","0.51","RAW_SOURCE","LOCAL_ONLY","Raw OpenAQ/API downloads"
"data\raw\air_quality\openaq\historical\PROJ_158\pm10\PROJ_158_12236462_pm10_2025_07_p1_20260924T215941.json","534414","0.51","RAW_SOURCE","LOCAL_ONLY","Raw OpenAQ/API downloads"
"data\raw\air_quality\openaq\historical\PROJ_158\pm10\PROJ_158_12236462_pm10_2025_08_p1_20260924T220827.json","183057","0.17","RAW_SOURCE","LOCAL_ONLY","Raw OpenAQ/API downloads"
"data\raw\air_quality\openaq\historical\PROJ_158\pm10\PROJ_158_12236462_pm10_2025_09_p1_20260924T221748.json","296348","0.28","RAW_SOURCE","LOCAL_ONLY","Raw OpenAQ/API downloads"
"data\raw\air_quality\openaq\historical\PROJ_158\pm10\PROJ_158_12236462_pm10_2025_10_p1_20260924T222649.json","510969","0.49","RAW_SOURCE","LOCAL_ONLY","Raw OpenAQ/API downloads"
"data\raw\air_quality\openaq\historical\PROJ_158\pm10\PROJ_158_12236462_pm10_2025_11_p1_20260924T223555.json","560500","0.53","RAW_SOURCE","LOCAL_ONLY","Raw OpenAQ/API downloads"
"data\raw\air_quality\openaq\historical\PROJ_158\pm10\PROJ_158_12236462_pm10_2025_12_p1_20260924T224512.json","587230","0.56","RAW_SOURCE","LOCAL_ONLY","Raw OpenAQ/API downloads"
"data\raw\air_quality\openaq\historical\PROJ_158\pm10\PROJ_158_12236462_pm10_2026_01_p1_20260924T225407.json","394223","0.38","RAW_SOURCE","LOCAL_ONLY","Raw OpenAQ/API downloads"
"data\raw\air_quality\openaq\historical\PROJ_158\pm10\PROJ_158_12236462_pm10_2026_02_p1_20260924T230253.json","444663","0.42","RAW_SOURCE","LOCAL_ONLY","Raw OpenAQ/API downloads"
"data\raw\air_quality\openaq\historical\PROJ_158\pm10\PROJ_158_12236462_pm10_2026_03_p1_20260924T231206.json","574012","0.55","RAW_SOURCE","LOCAL_ONLY","Raw OpenAQ/API downloads"
"data\raw\air_quality\openaq\historical\PROJ_158\pm10\PROJ_158_12236462_pm10_2026_04_p1_20260924T232114.json","522476","0.5","RAW_SOURCE","LOCAL_ONLY","Raw OpenAQ/API downloads"
"data\raw\air_quality\openaq\historical\PROJ_158\pm10\PROJ_158_12236462_pm10_2026_05_p1_20260924T233016.json","555206","0.53","RAW_SOURCE","LOCAL_ONLY","Raw OpenAQ/API downloads"
"data\raw\air_quality\openaq\historical\PROJ_158\pm10\PROJ_158_12236462_pm10_2026_06_p1_20260924T233938.json","505310","0.48","RAW_SOURCE","LOCAL_ONLY","Raw OpenAQ/API downloads"
"data\raw\air_quality\openaq\historical\PROJ_158\pm10\PROJ_158_12236462_pm10_2026_07_p1_20260924T234846.json","521143","0.5","RAW_SOURCE","LOCAL_ONLY","Raw OpenAQ/API downloads"
"data\raw\air_quality\openaq\historical\PROJ_158\pm10\PROJ_158_12236462_pm10_2026_08_p1_20260924T235753.json","435831","0.42","RAW_SOURCE","LOCAL_ONLY","Raw OpenAQ/API downloads"
"data\raw\air_quality\openaq\historical\PROJ_158\pm10\PROJ_158_12236462_pm10_2026_09_p1_20260925T000627.json","383158","0.37","RAW_SOURCE","LOCAL_ONLY","Raw OpenAQ/API downloads"
"data\raw\air_quality\openaq\historical\PROJ_158\pm2_5\PROJ_158_12236463_pm2_5_2025_03_p1_20260924T194340.json","538557","0.51","RAW_SOURCE","LOCAL_ONLY","Raw OpenAQ/API downloads"
"data\raw\air_quality\openaq\historical\PROJ_158\pm2_5\PROJ_158_12236463_pm2_5_2025_04_p1_20260924T213251.json","508772","0.49","RAW_SOURCE","LOCAL_ONLY","Raw OpenAQ/API downloads"
"data\raw\air_quality\openaq\historical\PROJ_158\pm2_5\PROJ_158_12236463_pm2_5_2025_05_p1_20260924T214119.json","559263","0.53","RAW_SOURCE","LOCAL_ONLY","Raw OpenAQ/API downloads"
"data\raw\air_quality\openaq\historical\PROJ_158\pm2_5\PROJ_158_12236463_pm2_5_2025_06_p1_20260924T215002.json","530909","0.51","RAW_SOURCE","LOCAL_ONLY","Raw OpenAQ/API downloads"
"data\raw\air_quality\openaq\historical\PROJ_158\pm2_5\PROJ_158_12236463_pm2_5_2025_07_p1_20260924T215917.json","534602","0.51","RAW_SOURCE","LOCAL_ONLY","Raw OpenAQ/API downloads"
"data\raw\air_quality\openaq\historical\PROJ_158\pm2_5\PROJ_158_12236463_pm2_5_2025_08_p1_20260924T220809.json","182925","0.17","RAW_SOURCE","LOCAL_ONLY","Raw OpenAQ/API downloads"
"data\raw\air_quality\openaq\historical\PROJ_158\pm2_5\PROJ_158_12236463_pm2_5_2025_09_p1_20260924T221729.json","290494","0.28","RAW_SOURCE","LOCAL_ONLY","Raw OpenAQ/API downloads"
"data\raw\air_quality\openaq\historical\PROJ_158\pm2_5\PROJ_158_12236463_pm2_5_2025_10_p1_20260924T222632.json","518915","0.49","RAW_SOURCE","LOCAL_ONLY","Raw OpenAQ/API downloads"
"data\raw\air_quality\openaq\historical\PROJ_158\pm2_5\PROJ_158_12236463_pm2_5_2025_11_p1_20260924T223532.json","556856","0.53","RAW_SOURCE","LOCAL_ONLY","Raw OpenAQ/API downloads"
"data\raw\air_quality\openaq\historical\PROJ_158\pm2_5\PROJ_158_12236463_pm2_5_2025_12_p1_20260924T224450.json","588458","0.56","RAW_SOURCE","LOCAL_ONLY","Raw OpenAQ/API downloads"
"data\raw\air_quality\openaq\historical\PROJ_158\pm2_5\PROJ_158_12236463_pm2_5_2026_01_p1_20260924T225348.json","400682","0.38","RAW_SOURCE","LOCAL_ONLY","Raw OpenAQ/API downloads"
"data\raw\air_quality\openaq\historical\PROJ_158\pm2_5\PROJ_158_12236463_pm2_5_2026_02_p1_20260924T230235.json","460545","0.44","RAW_SOURCE","LOCAL_ONLY","Raw OpenAQ/API downloads"
"data\raw\air_quality\openaq\historical\PROJ_158\pm2_5\PROJ_158_12236463_pm2_5_2026_03_p1_20260924T231143.json","570621","0.54","RAW_SOURCE","LOCAL_ONLY","Raw OpenAQ/API downloads"
"data\raw\air_quality\openaq\historical\PROJ_158\pm2_5\PROJ_158_12236463_pm2_5_2026_04_p1_20260924T232051.json","521794","0.5","RAW_SOURCE","LOCAL_ONLY","Raw OpenAQ/API downloads"
"data\raw\air_quality\openaq\historical\PROJ_158\pm2_5\PROJ_158_12236463_pm2_5_2026_05_p1_20260924T232956.json","554026","0.53","RAW_SOURCE","LOCAL_ONLY","Raw OpenAQ/API downloads"
"data\raw\air_quality\openaq\historical\PROJ_158\pm2_5\PROJ_158_12236463_pm2_5_2026_06_p1_20260924T233919.json","503329","0.48","RAW_SOURCE","LOCAL_ONLY","Raw OpenAQ/API downloads"
"data\raw\air_quality\openaq\historical\PROJ_158\pm2_5\PROJ_158_12236463_pm2_5_2026_07_p1_20260924T234825.json","519845","0.5","RAW_SOURCE","LOCAL_ONLY","Raw OpenAQ/API downloads"
"data\raw\air_quality\openaq\historical\PROJ_158\pm2_5\PROJ_158_12236463_pm2_5_2026_08_p1_20260924T235730.json","435978","0.42","RAW_SOURCE","LOCAL_ONLY","Raw OpenAQ/API downloads"
"data\raw\air_quality\openaq\historical\PROJ_158\pm2_5\PROJ_158_12236463_pm2_5_2026_09_p1_20260925T000606.json","382919","0.37","RAW_SOURCE","LOCAL_ONLY","Raw OpenAQ/API downloads"
"data\raw\air_quality\openaq\historical\PROJ_158\so2\PROJ_158_12236465_so2_2025_03_p1_20260924T194353.json","534850","0.51","RAW_SOURCE","LOCAL_ONLY","Raw OpenAQ/API downloads"
"data\raw\air_quality\openaq\historical\PROJ_158\so2\PROJ_158_12236465_so2_2025_04_p1_20260924T213307.json","503790","0.48","RAW_SOURCE","LOCAL_ONLY","Raw OpenAQ/API downloads"
"data\raw\air_quality\openaq\historical\PROJ_158\so2\PROJ_158_12236465_so2_2025_05_p1_20260924T214135.json","555061","0.53","RAW_SOURCE","LOCAL_ONLY","Raw OpenAQ/API downloads"
"data\raw\air_quality\openaq\historical\PROJ_158\so2\PROJ_158_12236465_so2_2025_06_p1_20260924T215020.json","526005","0.5","RAW_SOURCE","LOCAL_ONLY","Raw OpenAQ/API downloads"
"data\raw\air_quality\openaq\historical\PROJ_158\so2\PROJ_158_12236465_so2_2025_07_p1_20260924T215936.json","529306","0.5","RAW_SOURCE","LOCAL_ONLY","Raw OpenAQ/API downloads"
"data\raw\air_quality\openaq\historical\PROJ_158\so2\PROJ_158_12236465_so2_2025_08_p1_20260924T220823.json","181595","0.17","RAW_SOURCE","LOCAL_ONLY","Raw OpenAQ/API downloads"
"data\raw\air_quality\openaq\historical\PROJ_158\so2\PROJ_158_12236465_so2_2025_09_p1_20260924T221744.json","91","0","RAW_SOURCE","LOCAL_ONLY","Raw OpenAQ/API downloads"
"data\raw\air_quality\openaq\historical\PROJ_158\so2\PROJ_158_12236465_so2_2025_10_p1_20260924T222646.json","391931","0.37","RAW_SOURCE","LOCAL_ONLY","Raw OpenAQ/API downloads"
"data\raw\air_quality\openaq\historical\PROJ_158\so2\PROJ_158_12236465_so2_2025_11_p1_20260924T223548.json","556638","0.53","RAW_SOURCE","LOCAL_ONLY","Raw OpenAQ/API downloads"
"data\raw\air_quality\openaq\historical\PROJ_158\so2\PROJ_158_12236465_so2_2025_12_p1_20260924T224508.json","591736","0.56","RAW_SOURCE","LOCAL_ONLY","Raw OpenAQ/API downloads"
"data\raw\air_quality\openaq\historical\PROJ_158\so2\PROJ_158_12236465_so2_2026_01_p1_20260924T225402.json","403900","0.39","RAW_SOURCE","LOCAL_ONLY","Raw OpenAQ/API downloads"
"data\raw\air_quality\openaq\historical\PROJ_158\so2\PROJ_158_12236465_so2_2026_02_p1_20260924T230250.json","464675","0.44","RAW_SOURCE","LOCAL_ONLY","Raw OpenAQ/API downloads"
"data\raw\air_quality\openaq\historical\PROJ_158\so2\PROJ_158_12236465_so2_2026_03_p1_20260924T231202.json","576892","0.55","RAW_SOURCE","LOCAL_ONLY","Raw OpenAQ/API downloads"
"data\raw\air_quality\openaq\historical\PROJ_158\so2\PROJ_158_12236465_so2_2026_04_p1_20260924T232109.json","524295","0.5","RAW_SOURCE","LOCAL_ONLY","Raw OpenAQ/API downloads"
"data\raw\air_quality\openaq\historical\PROJ_158\so2\PROJ_158_12236465_so2_2026_05_p1_20260924T233013.json","559694","0.53","RAW_SOURCE","LOCAL_ONLY","Raw OpenAQ/API downloads"
"data\raw\air_quality\openaq\historical\PROJ_158\so2\PROJ_158_12236465_so2_2026_06_p1_20260924T233933.json","516534","0.49","RAW_SOURCE","LOCAL_ONLY","Raw OpenAQ/API downloads"
"data\raw\air_quality\openaq\historical\PROJ_158\so2\PROJ_158_12236465_so2_2026_07_p1_20260924T234842.json","554292","0.53","RAW_SOURCE","LOCAL_ONLY","Raw OpenAQ/API downloads"
"data\raw\air_quality\openaq\historical\PROJ_158\so2\PROJ_158_12236465_so2_2026_08_p1_20260924T235748.json","447225","0.43","RAW_SOURCE","LOCAL_ONLY","Raw OpenAQ/API downloads"
"data\raw\air_quality\openaq\historical\PROJ_158\so2\PROJ_158_12236465_so2_2026_09_p1_20260925T000622.json","386756","0.37","RAW_SOURCE","LOCAL_ONLY","Raw OpenAQ/API downloads"
"data\raw\air_quality\openaq\historical\PROJ_179\co\PROJ_179_12237093_co_2025_03_p1_20260924T194404.json","554382","0.53","RAW_SOURCE","LOCAL_ONLY","Raw OpenAQ/API downloads"
"data\raw\air_quality\openaq\historical\PROJ_179\co\PROJ_179_12237093_co_2025_04_p1_20260924T213318.json","429580","0.41","RAW_SOURCE","LOCAL_ONLY","Raw OpenAQ/API downloads"
"data\raw\air_quality\openaq\historical\PROJ_179\co\PROJ_179_12237093_co_2025_05_p1_20260924T214145.json","570030","0.54","RAW_SOURCE","LOCAL_ONLY","Raw OpenAQ/API downloads"
"data\raw\air_quality\openaq\historical\PROJ_179\co\PROJ_179_12237093_co_2025_06_p1_20260924T215033.json","506275","0.48","RAW_SOURCE","LOCAL_ONLY","Raw OpenAQ/API downloads"
"data\raw\air_quality\openaq\historical\PROJ_179\co\PROJ_179_12237093_co_2025_07_p1_20260924T215950.json","602654","0.57","RAW_SOURCE","LOCAL_ONLY","Raw OpenAQ/API downloads"
"data\raw\air_quality\openaq\historical\PROJ_179\co\PROJ_179_12237093_co_2025_08_p1_20260924T220836.json","544527","0.52","RAW_SOURCE","LOCAL_ONLY","Raw OpenAQ/API downloads"
"data\raw\air_quality\openaq\historical\PROJ_179\co\PROJ_179_12237093_co_2025_09_p1_20260924T221756.json","570285","0.54","RAW_SOURCE","LOCAL_ONLY","Raw OpenAQ/API downloads"
"data\raw\air_quality\openaq\historical\PROJ_179\co\PROJ_179_12237093_co_2025_10_p1_20260924T222659.json","586043","0.56","RAW_SOURCE","LOCAL_ONLY","Raw OpenAQ/API downloads"
"data\raw\air_quality\openaq\historical\PROJ_179\co\PROJ_179_12237093_co_2025_11_p1_20260924T223606.json","513748","0.49","RAW_SOURCE","LOCAL_ONLY","Raw OpenAQ/API downloads"
"data\raw\air_quality\openaq\historical\PROJ_179\co\PROJ_179_12237093_co_2025_12_p1_20260924T224521.json","571622","0.55","RAW_SOURCE","LOCAL_ONLY","Raw OpenAQ/API downloads"
"data\raw\air_quality\openaq\historical\PROJ_179\co\PROJ_179_12237093_co_2026_01_p1_20260924T225416.json","378265","0.36","RAW_SOURCE","LOCAL_ONLY","Raw OpenAQ/API downloads"
"data\raw\air_quality\openaq\historical\PROJ_179\co\PROJ_179_12237093_co_2026_02_p1_20260924T230303.json","428407","0.41","RAW_SOURCE","LOCAL_ONLY","Raw OpenAQ/API downloads"
"data\raw\air_quality\openaq\historical\PROJ_179\co\PROJ_179_12237093_co_2026_03_p1_20260924T231216.json","515622","0.49","RAW_SOURCE","LOCAL_ONLY","Raw OpenAQ/API downloads"
"data\raw\air_quality\openaq\historical\PROJ_179\co\PROJ_179_12237093_co_2026_04_p1_20260924T232123.json","516480","0.49","RAW_SOURCE","LOCAL_ONLY","Raw OpenAQ/API downloads"
"data\raw\air_quality\openaq\historical\PROJ_179\co\PROJ_179_12237093_co_2026_05_p1_20260924T233026.json","514581","0.49","RAW_SOURCE","LOCAL_ONLY","Raw OpenAQ/API downloads"
"data\raw\air_quality\openaq\historical\PROJ_179\co\PROJ_179_12237093_co_2026_06_p1_20260924T233946.json","457377","0.44","RAW_SOURCE","LOCAL_ONLY","Raw OpenAQ/API downloads"
"data\raw\air_quality\openaq\historical\PROJ_179\co\PROJ_179_12237093_co_2026_07_p1_20260924T234857.json","541462","0.52","RAW_SOURCE","LOCAL_ONLY","Raw OpenAQ/API downloads"
"data\raw\air_quality\openaq\historical\PROJ_179\co\PROJ_179_12237093_co_2026_08_p1_20260924T235801.json","504465","0.48","RAW_SOURCE","LOCAL_ONLY","Raw OpenAQ/API downloads"
"data\raw\air_quality\openaq\historical\PROJ_179\co\PROJ_179_12237093_co_2026_09_p1_20260925T000637.json","383654","0.37","RAW_SOURCE","LOCAL_ONLY","Raw OpenAQ/API downloads"
"data\raw\air_quality\openaq\historical\PROJ_179\no2\PROJ_179_12237095_no2_2025_03_p1_20260924T194417.json","551988","0.53","RAW_SOURCE","LOCAL_ONLY","Raw OpenAQ/API downloads"
"data\raw\air_quality\openaq\historical\PROJ_179\no2\PROJ_179_12237095_no2_2025_04_p1_20260924T213332.json","427125","0.41","RAW_SOURCE","LOCAL_ONLY","Raw OpenAQ/API downloads"
"data\raw\air_quality\openaq\historical\PROJ_179\no2\PROJ_179_12237095_no2_2025_05_p1_20260924T214202.json","567150","0.54","RAW_SOURCE","LOCAL_ONLY","Raw OpenAQ/API downloads"
"data\raw\air_quality\openaq\historical\PROJ_179\no2\PROJ_179_12237095_no2_2025_06_p1_20260924T215048.json","503715","0.48","RAW_SOURCE","LOCAL_ONLY","Raw OpenAQ/API downloads"
"data\raw\air_quality\openaq\historical\PROJ_179\no2\PROJ_179_12237095_no2_2025_07_p1_20260924T220008.json","598464","0.57","RAW_SOURCE","LOCAL_ONLY","Raw OpenAQ/API downloads"
"data\raw\air_quality\openaq\historical\PROJ_179\no2\PROJ_179_12237095_no2_2025_08_p1_20260924T220855.json","542003","0.52","RAW_SOURCE","LOCAL_ONLY","Raw OpenAQ/API downloads"
"data\raw\air_quality\openaq\historical\PROJ_179\no2\PROJ_179_12237095_no2_2025_09_p1_20260924T221812.json","566004","0.54","RAW_SOURCE","LOCAL_ONLY","Raw OpenAQ/API downloads"
"data\raw\air_quality\openaq\historical\PROJ_179\no2\PROJ_179_12237095_no2_2025_10_p1_20260924T222715.json","581711","0.55","RAW_SOURCE","LOCAL_ONLY","Raw OpenAQ/API downloads"
"data\raw\air_quality\openaq\historical\PROJ_179\no2\PROJ_179_12237095_no2_2025_11_p1_20260924T223624.json","510745","0.49","RAW_SOURCE","LOCAL_ONLY","Raw OpenAQ/API downloads"
"data\raw\air_quality\openaq\historical\PROJ_179\no2\PROJ_179_12237095_no2_2025_12_p1_20260924T224540.json","569553","0.54","RAW_SOURCE","LOCAL_ONLY","Raw OpenAQ/API downloads"
"data\raw\air_quality\openaq\historical\PROJ_179\no2\PROJ_179_12237095_no2_2026_01_p1_20260924T225434.json","375383","0.36","RAW_SOURCE","LOCAL_ONLY","Raw OpenAQ/API downloads"
"data\raw\air_quality\openaq\historical\PROJ_179\no2\PROJ_179_12237095_no2_2026_02_p1_20260924T230320.json","425701","0.41","RAW_SOURCE","LOCAL_ONLY","Raw OpenAQ/API downloads"
"data\raw\air_quality\openaq\historical\PROJ_179\no2\PROJ_179_12237095_no2_2026_03_p1_20260924T231230.json","511733","0.49","RAW_SOURCE","LOCAL_ONLY","Raw OpenAQ/API downloads"
"data\raw\air_quality\openaq\historical\PROJ_179\no2\PROJ_179_12237095_no2_2026_04_p1_20260924T232139.json","514153","0.49","RAW_SOURCE","LOCAL_ONLY","Raw OpenAQ/API downloads"
"data\raw\air_quality\openaq\historical\PROJ_179\no2\PROJ_179_12237095_no2_2026_05_p1_20260924T233044.json","510765","0.49","RAW_SOURCE","LOCAL_ONLY","Raw OpenAQ/API downloads"
"data\raw\air_quality\openaq\historical\PROJ_179\no2\PROJ_179_12237095_no2_2026_06_p1_20260924T234005.json","455270","0.43","RAW_SOURCE","LOCAL_ONLY","Raw OpenAQ/API downloads"
"data\raw\air_quality\openaq\historical\PROJ_179\no2\PROJ_179_12237095_no2_2026_07_p1_20260924T234916.json","511172","0.49","RAW_SOURCE","LOCAL_ONLY","Raw OpenAQ/API downloads"
"data\raw\air_quality\openaq\historical\PROJ_179\no2\PROJ_179_12237095_no2_2026_08_p1_20260924T235818.json","502533","0.48","RAW_SOURCE","LOCAL_ONLY","Raw OpenAQ/API downloads"
"data\raw\air_quality\openaq\historical\PROJ_179\no2\PROJ_179_12237095_no2_2026_09_p1_20260925T000654.json","384863","0.37","RAW_SOURCE","LOCAL_ONLY","Raw OpenAQ/API downloads"
"data\raw\air_quality\openaq\historical\PROJ_179\o3\PROJ_179_12237096_o3_2025_03_p1_20260924T194408.json","553886","0.53","RAW_SOURCE","LOCAL_ONLY","Raw OpenAQ/API downloads"
"data\raw\air_quality\openaq\historical\PROJ_179\o3\PROJ_179_12237096_o3_2025_04_p1_20260924T213322.json","428795","0.41","RAW_SOURCE","LOCAL_ONLY","Raw OpenAQ/API downloads"
"data\raw\air_quality\openaq\historical\PROJ_179\o3\PROJ_179_12237096_o3_2025_05_p1_20260924T214150.json","569745","0.54","RAW_SOURCE","LOCAL_ONLY","Raw OpenAQ/API downloads"
"data\raw\air_quality\openaq\historical\PROJ_179\o3\PROJ_179_12237096_o3_2025_06_p1_20260924T215037.json","505642","0.48","RAW_SOURCE","LOCAL_ONLY","Raw OpenAQ/API downloads"
"data\raw\air_quality\openaq\historical\PROJ_179\o3\PROJ_179_12237096_o3_2025_07_p1_20260924T215956.json","600639","0.57","RAW_SOURCE","LOCAL_ONLY","Raw OpenAQ/API downloads"
"data\raw\air_quality\openaq\historical\PROJ_179\o3\PROJ_179_12237096_o3_2025_08_p1_20260924T220840.json","543557","0.52","RAW_SOURCE","LOCAL_ONLY","Raw OpenAQ/API downloads"
"data\raw\air_quality\openaq\historical\PROJ_179\o3\PROJ_179_12237096_o3_2025_09_p1_20260924T221800.json","569650","0.54","RAW_SOURCE","LOCAL_ONLY","Raw OpenAQ/API downloads"
"data\raw\air_quality\openaq\historical\PROJ_179\o3\PROJ_179_12237096_o3_2025_10_p1_20260924T222703.json","585938","0.56","RAW_SOURCE","LOCAL_ONLY","Raw OpenAQ/API downloads"
"data\raw\air_quality\openaq\historical\PROJ_179\o3\PROJ_179_12237096_o3_2025_11_p1_20260924T223611.json","513214","0.49","RAW_SOURCE","LOCAL_ONLY","Raw OpenAQ/API downloads"
"data\raw\air_quality\openaq\historical\PROJ_179\o3\PROJ_179_12237096_o3_2025_12_p1_20260924T224526.json","571451","0.54","RAW_SOURCE","LOCAL_ONLY","Raw OpenAQ/API downloads"
"data\raw\air_quality\openaq\historical\PROJ_179\o3\PROJ_179_12237096_o3_2026_01_p1_20260924T225420.json","377842","0.36","RAW_SOURCE","LOCAL_ONLY","Raw OpenAQ/API downloads"
"data\raw\air_quality\openaq\historical\PROJ_179\o3\PROJ_179_12237096_o3_2026_02_p1_20260924T230307.json","428455","0.41","RAW_SOURCE","LOCAL_ONLY","Raw OpenAQ/API downloads"
"data\raw\air_quality\openaq\historical\PROJ_179\o3\PROJ_179_12237096_o3_2026_03_p1_20260924T231219.json","515363","0.49","RAW_SOURCE","LOCAL_ONLY","Raw OpenAQ/API downloads"
"data\raw\air_quality\openaq\historical\PROJ_179\o3\PROJ_179_12237096_o3_2026_04_p1_20260924T232128.json","517142","0.49","RAW_SOURCE","LOCAL_ONLY","Raw OpenAQ/API downloads"
"data\raw\air_quality\openaq\historical\PROJ_179\o3\PROJ_179_12237096_o3_2026_05_p1_20260924T233030.json","513603","0.49","RAW_SOURCE","LOCAL_ONLY","Raw OpenAQ/API downloads"
"data\raw\air_quality\openaq\historical\PROJ_179\o3\PROJ_179_12237096_o3_2026_06_p1_20260924T233949.json","458996","0.44","RAW_SOURCE","LOCAL_ONLY","Raw OpenAQ/API downloads"
"data\raw\air_quality\openaq\historical\PROJ_179\o3\PROJ_179_12237096_o3_2026_07_p1_20260924T234902.json","549733","0.52","RAW_SOURCE","LOCAL_ONLY","Raw OpenAQ/API downloads"
"data\raw\air_quality\openaq\historical\PROJ_179\o3\PROJ_179_12237096_o3_2026_08_p1_20260924T235806.json","511286","0.49","RAW_SOURCE","LOCAL_ONLY","Raw OpenAQ/API downloads"
"data\raw\air_quality\openaq\historical\PROJ_179\o3\PROJ_179_12237096_o3_2026_09_p1_20260925T000642.json","387693","0.37","RAW_SOURCE","LOCAL_ONLY","Raw OpenAQ/API downloads"
"data\raw\air_quality\openaq\historical\PROJ_179\pm10\PROJ_179_12237097_pm10_2025_03_p1_20260924T194411.json","549800","0.52","RAW_SOURCE","LOCAL_ONLY","Raw OpenAQ/API downloads"
"data\raw\air_quality\openaq\historical\PROJ_179\pm10\PROJ_179_12237097_pm10_2025_04_p1_20260924T213325.json","424992","0.41","RAW_SOURCE","LOCAL_ONLY","Raw OpenAQ/API downloads"
"data\raw\air_quality\openaq\historical\PROJ_179\pm10\PROJ_179_12237097_pm10_2025_05_p1_20260924T214153.json","564689","0.54","RAW_SOURCE","LOCAL_ONLY","Raw OpenAQ/API downloads"
"data\raw\air_quality\openaq\historical\PROJ_179\pm10\PROJ_179_12237097_pm10_2025_06_p1_20260924T215041.json","503301","0.48","RAW_SOURCE","LOCAL_ONLY","Raw OpenAQ/API downloads"
"data\raw\air_quality\openaq\historical\PROJ_179\pm10\PROJ_179_12237097_pm10_2025_07_p1_20260924T220001.json","595483","0.57","RAW_SOURCE","LOCAL_ONLY","Raw OpenAQ/API downloads"
"data\raw\air_quality\openaq\historical\PROJ_179\pm10\PROJ_179_12237097_pm10_2025_08_p1_20260924T220846.json","538896","0.51","RAW_SOURCE","LOCAL_ONLY","Raw OpenAQ/API downloads"
"data\raw\air_quality\openaq\historical\PROJ_179\pm10\PROJ_179_12237097_pm10_2025_09_p1_20260924T221805.json","565295","0.54","RAW_SOURCE","LOCAL_ONLY","Raw OpenAQ/API downloads"
"data\raw\air_quality\openaq\historical\PROJ_179\pm10\PROJ_179_12237097_pm10_2025_10_p1_20260924T222707.json","579652","0.55","RAW_SOURCE","LOCAL_ONLY","Raw OpenAQ/API downloads"
"data\raw\air_quality\openaq\historical\PROJ_179\pm10\PROJ_179_12237097_pm10_2025_11_p1_20260924T223616.json","507235","0.48","RAW_SOURCE","LOCAL_ONLY","Raw OpenAQ/API downloads"
"data\raw\air_quality\openaq\historical\PROJ_179\pm10\PROJ_179_12237097_pm10_2025_12_p1_20260924T224531.json","564366","0.54","RAW_SOURCE","LOCAL_ONLY","Raw OpenAQ/API downloads"
"data\raw\air_quality\openaq\historical\PROJ_179\pm10\PROJ_179_12237097_pm10_2026_01_p1_20260924T225425.json","374719","0.36","RAW_SOURCE","LOCAL_ONLY","Raw OpenAQ/API downloads"
"data\raw\air_quality\openaq\historical\PROJ_179\pm10\PROJ_179_12237097_pm10_2026_02_p1_20260924T230312.json","422138","0.4","RAW_SOURCE","LOCAL_ONLY","Raw OpenAQ/API downloads"
"data\raw\air_quality\openaq\historical\PROJ_179\pm10\PROJ_179_12237097_pm10_2026_03_p1_20260924T231223.json","504770","0.48","RAW_SOURCE","LOCAL_ONLY","Raw OpenAQ/API downloads"
"data\raw\air_quality\openaq\historical\PROJ_179\pm10\PROJ_179_12237097_pm10_2026_04_p1_20260924T232132.json","507811","0.48","RAW_SOURCE","LOCAL_ONLY","Raw OpenAQ/API downloads"
"data\raw\air_quality\openaq\historical\PROJ_179\pm10\PROJ_179_12237097_pm10_2026_05_p1_20260924T233035.json","509971","0.49","RAW_SOURCE","LOCAL_ONLY","Raw OpenAQ/API downloads"
"data\raw\air_quality\openaq\historical\PROJ_179\pm10\PROJ_179_12237097_pm10_2026_06_p1_20260924T233953.json","452453","0.43","RAW_SOURCE","LOCAL_ONLY","Raw OpenAQ/API downloads"
"data\raw\air_quality\openaq\historical\PROJ_179\pm10\PROJ_179_12237097_pm10_2026_07_p1_20260924T234906.json","528096","0.5","RAW_SOURCE","LOCAL_ONLY","Raw OpenAQ/API downloads"
"data\raw\air_quality\openaq\historical\PROJ_179\pm10\PROJ_179_12237097_pm10_2026_08_p1_20260924T235809.json","474527","0.45","RAW_SOURCE","LOCAL_ONLY","Raw OpenAQ/API downloads"
"data\raw\air_quality\openaq\historical\PROJ_179\pm10\PROJ_179_12237097_pm10_2026_09_p1_20260925T000645.json","371197","0.35","RAW_SOURCE","LOCAL_ONLY","Raw OpenAQ/API downloads"
"data\raw\air_quality\openaq\historical\PROJ_179\pm2_5\PROJ_179_12237098_pm2_5_2025_03_p1_20260924T194415.json","547528","0.52","RAW_SOURCE","LOCAL_ONLY","Raw OpenAQ/API downloads"
"data\raw\air_quality\openaq\historical\PROJ_179\pm2_5\PROJ_179_12237098_pm2_5_2025_04_p1_20260924T213328.json","423075","0.4","RAW_SOURCE","LOCAL_ONLY","Raw OpenAQ/API downloads"
"data\raw\air_quality\openaq\historical\PROJ_179\pm2_5\PROJ_179_12237098_pm2_5_2025_05_p1_20260924T214158.json","561449","0.54","RAW_SOURCE","LOCAL_ONLY","Raw OpenAQ/API downloads"
"data\raw\air_quality\openaq\historical\PROJ_179\pm2_5\PROJ_179_12237098_pm2_5_2025_06_p1_20260924T215045.json","501372","0.48","RAW_SOURCE","LOCAL_ONLY","Raw OpenAQ/API downloads"
"data\raw\air_quality\openaq\historical\PROJ_179\pm2_5\PROJ_179_12237098_pm2_5_2025_07_p1_20260924T220005.json","596771","0.57","RAW_SOURCE","LOCAL_ONLY","Raw OpenAQ/API downloads"
"data\raw\air_quality\openaq\historical\PROJ_179\pm2_5\PROJ_179_12237098_pm2_5_2025_08_p1_20260924T220851.json","537375","0.51","RAW_SOURCE","LOCAL_ONLY","Raw OpenAQ/API downloads"
"data\raw\air_quality\openaq\historical\PROJ_179\pm2_5\PROJ_179_12237098_pm2_5_2025_09_p1_20260924T221808.json","559937","0.53","RAW_SOURCE","LOCAL_ONLY","Raw OpenAQ/API downloads"
"data\raw\air_quality\openaq\historical\PROJ_179\pm2_5\PROJ_179_12237098_pm2_5_2025_10_p1_20260924T222712.json","581022","0.55","RAW_SOURCE","LOCAL_ONLY","Raw OpenAQ/API downloads"
"data\raw\air_quality\openaq\historical\PROJ_179\pm2_5\PROJ_179_12237098_pm2_5_2025_11_p1_20260924T223620.json","508185","0.48","RAW_SOURCE","LOCAL_ONLY","Raw OpenAQ/API downloads"
"data\raw\air_quality\openaq\historical\PROJ_179\pm2_5\PROJ_179_12237098_pm2_5_2025_12_p1_20260924T224535.json","564932","0.54","RAW_SOURCE","LOCAL_ONLY","Raw OpenAQ/API downloads"
"data\raw\air_quality\openaq\historical\PROJ_179\pm2_5\PROJ_179_12237098_pm2_5_2026_01_p1_20260924T225430.json","373685","0.36","RAW_SOURCE","LOCAL_ONLY","Raw OpenAQ/API downloads"
"data\raw\air_quality\openaq\historical\PROJ_179\pm2_5\PROJ_179_12237098_pm2_5_2026_02_p1_20260924T230316.json","421477","0.4","RAW_SOURCE","LOCAL_ONLY","Raw OpenAQ/API downloads"
"data\raw\air_quality\openaq\historical\PROJ_179\pm2_5\PROJ_179_12237098_pm2_5_2026_03_p1_20260924T231226.json","506531","0.48","RAW_SOURCE","LOCAL_ONLY","Raw OpenAQ/API downloads"
"data\raw\air_quality\openaq\historical\PROJ_179\pm2_5\PROJ_179_12237098_pm2_5_2026_04_p1_20260924T232135.json","509640","0.49","RAW_SOURCE","LOCAL_ONLY","Raw OpenAQ/API downloads"
"data\raw\air_quality\openaq\historical\PROJ_179\pm2_5\PROJ_179_12237098_pm2_5_2026_05_p1_20260924T233039.json","508610","0.49","RAW_SOURCE","LOCAL_ONLY","Raw OpenAQ/API downloads"
"data\raw\air_quality\openaq\historical\PROJ_179\pm2_5\PROJ_179_12237098_pm2_5_2026_06_p1_20260924T234001.json","454295","0.43","RAW_SOURCE","LOCAL_ONLY","Raw OpenAQ/API downloads"
"data\raw\air_quality\openaq\historical\PROJ_179\pm2_5\PROJ_179_12237098_pm2_5_2026_07_p1_20260924T234911.json","526676","0.5","RAW_SOURCE","LOCAL_ONLY","Raw OpenAQ/API downloads"
"data\raw\air_quality\openaq\historical\PROJ_179\pm2_5\PROJ_179_12237098_pm2_5_2026_08_p1_20260924T235813.json","474813","0.45","RAW_SOURCE","LOCAL_ONLY","Raw OpenAQ/API downloads"
"data\raw\air_quality\openaq\historical\PROJ_179\pm2_5\PROJ_179_12237098_pm2_5_2026_09_p1_20260925T000650.json","371111","0.35","RAW_SOURCE","LOCAL_ONLY","Raw OpenAQ/API downloads"
"data\raw\air_quality\openaq\historical\PROJ_179\so2\PROJ_179_12237100_so2_2025_03_p1_20260924T194401.json","544176","0.52","RAW_SOURCE","LOCAL_ONLY","Raw OpenAQ/API downloads"
"data\raw\air_quality\openaq\historical\PROJ_179\so2\PROJ_179_12237100_so2_2025_04_p1_20260924T213315.json","417655","0.4","RAW_SOURCE","LOCAL_ONLY","Raw OpenAQ/API downloads"
"data\raw\air_quality\openaq\historical\PROJ_179\so2\PROJ_179_12237100_so2_2025_05_p1_20260924T214142.json","553767","0.53","RAW_SOURCE","LOCAL_ONLY","Raw OpenAQ/API downloads"
"data\raw\air_quality\openaq\historical\PROJ_179\so2\PROJ_179_12237100_so2_2025_06_p1_20260924T215029.json","494941","0.47","RAW_SOURCE","LOCAL_ONLY","Raw OpenAQ/API downloads"
"data\raw\air_quality\openaq\historical\PROJ_179\so2\PROJ_179_12237100_so2_2025_07_p1_20260924T215945.json","589453","0.56","RAW_SOURCE","LOCAL_ONLY","Raw OpenAQ/API downloads"
"data\raw\air_quality\openaq\historical\PROJ_179\so2\PROJ_179_12237100_so2_2025_08_p1_20260924T220832.json","533743","0.51","RAW_SOURCE","LOCAL_ONLY","Raw OpenAQ/API downloads"
"data\raw\air_quality\openaq\historical\PROJ_179\so2\PROJ_179_12237100_so2_2025_09_p1_20260924T221753.json","566644","0.54","RAW_SOURCE","LOCAL_ONLY","Raw OpenAQ/API downloads"
"data\raw\air_quality\openaq\historical\PROJ_179\so2\PROJ_179_12237100_so2_2025_10_p1_20260924T222654.json","581162","0.55","RAW_SOURCE","LOCAL_ONLY","Raw OpenAQ/API downloads"
"data\raw\air_quality\openaq\historical\PROJ_179\so2\PROJ_179_12237100_so2_2025_11_p1_20260924T223559.json","511104","0.49","RAW_SOURCE","LOCAL_ONLY","Raw OpenAQ/API downloads"
"data\raw\air_quality\openaq\historical\PROJ_179\so2\PROJ_179_12237100_so2_2025_12_p1_20260924T224516.json","567178","0.54","RAW_SOURCE","LOCAL_ONLY","Raw OpenAQ/API downloads"
"data\raw\air_quality\openaq\historical\PROJ_179\so2\PROJ_179_12237100_so2_2026_01_p1_20260924T225411.json","375407","0.36","RAW_SOURCE","LOCAL_ONLY","Raw OpenAQ/API downloads"
"data\raw\air_quality\openaq\historical\PROJ_179\so2\PROJ_179_12237100_so2_2026_02_p1_20260924T230258.json","425079","0.41","RAW_SOURCE","LOCAL_ONLY","Raw OpenAQ/API downloads"
"data\raw\air_quality\openaq\historical\PROJ_179\so2\PROJ_179_12237100_so2_2026_03_p1_20260924T231211.json","510960","0.49","RAW_SOURCE","LOCAL_ONLY","Raw OpenAQ/API downloads"
"data\raw\air_quality\openaq\historical\PROJ_179\so2\PROJ_179_12237100_so2_2026_04_p1_20260924T232118.json","512986","0.49","RAW_SOURCE","LOCAL_ONLY","Raw OpenAQ/API downloads"
"data\raw\air_quality\openaq\historical\PROJ_179\so2\PROJ_179_12237100_so2_2026_05_p1_20260924T233021.json","511024","0.49","RAW_SOURCE","LOCAL_ONLY","Raw OpenAQ/API downloads"
"data\raw\air_quality\openaq\historical\PROJ_179\so2\PROJ_179_12237100_so2_2026_06_p1_20260924T233942.json","450563","0.43","RAW_SOURCE","LOCAL_ONLY","Raw OpenAQ/API downloads"
"data\raw\air_quality\openaq\historical\PROJ_179\so2\PROJ_179_12237100_so2_2026_07_p1_20260924T234852.json","534464","0.51","RAW_SOURCE","LOCAL_ONLY","Raw OpenAQ/API downloads"
"data\raw\air_quality\openaq\historical\PROJ_179\so2\PROJ_179_12237100_so2_2026_08_p1_20260924T235758.json","494604","0.47","RAW_SOURCE","LOCAL_ONLY","Raw OpenAQ/API downloads"
"data\raw\air_quality\openaq\historical\PROJ_179\so2\PROJ_179_12237100_so2_2026_09_p1_20260925T000632.json","367035","0.35","RAW_SOURCE","LOCAL_ONLY","Raw OpenAQ/API downloads"
"data\raw\air_quality\openaq\historical\PROJ_180\co\PROJ_180_12237120_co_2025_03_p1_20260924T194437.json","545143","0.52","RAW_SOURCE","LOCAL_ONLY","Raw OpenAQ/API downloads"
"data\raw\air_quality\openaq\historical\PROJ_180\co\PROJ_180_12237120_co_2025_04_p1_20260924T213355.json","448192","0.43","RAW_SOURCE","LOCAL_ONLY","Raw OpenAQ/API downloads"
"data\raw\air_quality\openaq\historical\PROJ_180\co\PROJ_180_12237120_co_2025_05_p1_20260924T214226.json","428047","0.41","RAW_SOURCE","LOCAL_ONLY","Raw OpenAQ/API downloads"
"data\raw\air_quality\openaq\historical\PROJ_180\co\PROJ_180_12237120_co_2025_06_p1_20260924T215113.json","469541","0.45","RAW_SOURCE","LOCAL_ONLY","Raw OpenAQ/API downloads"
"data\raw\air_quality\openaq\historical\PROJ_180\co\PROJ_180_12237120_co_2025_07_p1_20260924T220033.json","432803","0.41","RAW_SOURCE","LOCAL_ONLY","Raw OpenAQ/API downloads"
"data\raw\air_quality\openaq\historical\PROJ_180\co\PROJ_180_12237120_co_2025_08_p1_20260924T220924.json","444798","0.42","RAW_SOURCE","LOCAL_ONLY","Raw OpenAQ/API downloads"
"data\raw\air_quality\openaq\historical\PROJ_180\co\PROJ_180_12237120_co_2025_09_p1_20260924T221836.json","446746","0.43","RAW_SOURCE","LOCAL_ONLY","Raw OpenAQ/API downloads"
"data\raw\air_quality\openaq\historical\PROJ_180\co\PROJ_180_12237120_co_2025_10_p1_20260924T222740.json","494932","0.47","RAW_SOURCE","LOCAL_ONLY","Raw OpenAQ/API downloads"
"data\raw\air_quality\openaq\historical\PROJ_180\co\PROJ_180_12237120_co_2025_11_p1_20260924T223649.json","535760","0.51","RAW_SOURCE","LOCAL_ONLY","Raw OpenAQ/API downloads"
"data\raw\air_quality\openaq\historical\PROJ_180\co\PROJ_180_12237120_co_2025_12_p1_20260924T224605.json","544383","0.52","RAW_SOURCE","LOCAL_ONLY","Raw OpenAQ/API downloads"
"data\raw\air_quality\openaq\historical\PROJ_180\co\PROJ_180_12237120_co_2026_01_p1_20260924T225500.json","394621","0.38","RAW_SOURCE","LOCAL_ONLY","Raw OpenAQ/API downloads"
"data\raw\air_quality\openaq\historical\PROJ_180\co\PROJ_180_12237120_co_2026_02_p1_20260924T230345.json","442927","0.42","RAW_SOURCE","LOCAL_ONLY","Raw OpenAQ/API downloads"
"data\raw\air_quality\openaq\historical\PROJ_180\co\PROJ_180_12237120_co_2026_03_p1_20260924T231254.json","557262","0.53","RAW_SOURCE","LOCAL_ONLY","Raw OpenAQ/API downloads"
"data\raw\air_quality\openaq\historical\PROJ_180\co\PROJ_180_12237120_co_2026_04_p1_20260924T232204.json","510397","0.49","RAW_SOURCE","LOCAL_ONLY","Raw OpenAQ/API downloads"
"data\raw\air_quality\openaq\historical\PROJ_180\co\PROJ_180_12237120_co_2026_05_p1_20260924T233107.json","502387","0.48","RAW_SOURCE","LOCAL_ONLY","Raw OpenAQ/API downloads"
"data\raw\air_quality\openaq\historical\PROJ_180\co\PROJ_180_12237120_co_2026_06_p1_20260924T234028.json","474755","0.45","RAW_SOURCE","LOCAL_ONLY","Raw OpenAQ/API downloads"
"data\raw\air_quality\openaq\historical\PROJ_180\co\PROJ_180_12237120_co_2026_07_p1_20260924T234945.json","498610","0.48","RAW_SOURCE","LOCAL_ONLY","Raw OpenAQ/API downloads"
"data\raw\air_quality\openaq\historical\PROJ_180\co\PROJ_180_12237120_co_2026_08_p1_20260924T235842.json","524644","0.5","RAW_SOURCE","LOCAL_ONLY","Raw OpenAQ/API downloads"
"data\raw\air_quality\openaq\historical\PROJ_180\co\PROJ_180_12237120_co_2026_09_p1_20260925T000720.json","397195","0.38","RAW_SOURCE","LOCAL_ONLY","Raw OpenAQ/API downloads"
"data\raw\air_quality\openaq\historical\PROJ_180\no2\PROJ_180_12237122_no2_2025_03_p1_20260924T194425.json","557550","0.53","RAW_SOURCE","LOCAL_ONLY","Raw OpenAQ/API downloads"
"data\raw\air_quality\openaq\historical\PROJ_180\no2\PROJ_180_12237122_no2_2025_04_p1_20260924T213339.json","458817","0.44","RAW_SOURCE","LOCAL_ONLY","Raw OpenAQ/API downloads"
"data\raw\air_quality\openaq\historical\PROJ_180\no2\PROJ_180_12237122_no2_2025_05_p1_20260924T214211.json","437464","0.42","RAW_SOURCE","LOCAL_ONLY","Raw OpenAQ/API downloads"
"data\raw\air_quality\openaq\historical\PROJ_180\no2\PROJ_180_12237122_no2_2025_06_p1_20260924T215059.json","483479","0.46","RAW_SOURCE","LOCAL_ONLY","Raw OpenAQ/API downloads"
"data\raw\air_quality\openaq\historical\PROJ_180\no2\PROJ_180_12237122_no2_2025_07_p1_20260924T220017.json","447442","0.43","RAW_SOURCE","LOCAL_ONLY","Raw OpenAQ/API downloads"
"data\raw\air_quality\openaq\historical\PROJ_180\no2\PROJ_180_12237122_no2_2025_08_p1_20260924T220906.json","458860","0.44","RAW_SOURCE","LOCAL_ONLY","Raw OpenAQ/API downloads"
"data\raw\air_quality\openaq\historical\PROJ_180\no2\PROJ_180_12237122_no2_2025_09_p1_20260924T221822.json","460798","0.44","RAW_SOURCE","LOCAL_ONLY","Raw OpenAQ/API downloads"
"data\raw\air_quality\openaq\historical\PROJ_180\no2\PROJ_180_12237122_no2_2025_10_p1_20260924T222724.json","511377","0.49","RAW_SOURCE","LOCAL_ONLY","Raw OpenAQ/API downloads"
"data\raw\air_quality\openaq\historical\PROJ_180\no2\PROJ_180_12237122_no2_2025_11_p1_20260924T223631.json","549695","0.52","RAW_SOURCE","LOCAL_ONLY","Raw OpenAQ/API downloads"
"data\raw\air_quality\openaq\historical\PROJ_180\no2\PROJ_180_12237122_no2_2025_12_p1_20260924T224550.json","556605","0.53","RAW_SOURCE","LOCAL_ONLY","Raw OpenAQ/API downloads"
"data\raw\air_quality\openaq\historical\PROJ_180\no2\PROJ_180_12237122_no2_2026_01_p1_20260924T225442.json","399001","0.38","RAW_SOURCE","LOCAL_ONLY","Raw OpenAQ/API downloads"
"data\raw\air_quality\openaq\historical\PROJ_180\no2\PROJ_180_12237122_no2_2026_02_p1_20260924T230330.json","446493","0.43","RAW_SOURCE","LOCAL_ONLY","Raw OpenAQ/API downloads"
"data\raw\air_quality\openaq\historical\PROJ_180\no2\PROJ_180_12237122_no2_2026_03_p1_20260924T231240.json","560392","0.53","RAW_SOURCE","LOCAL_ONLY","Raw OpenAQ/API downloads"
"data\raw\air_quality\openaq\historical\PROJ_180\no2\PROJ_180_12237122_no2_2026_04_p1_20260924T232146.json","514479","0.49","RAW_SOURCE","LOCAL_ONLY","Raw OpenAQ/API downloads"
"data\raw\air_quality\openaq\historical\PROJ_180\no2\PROJ_180_12237122_no2_2026_05_p1_20260924T233052.json","505502","0.48","RAW_SOURCE","LOCAL_ONLY","Raw OpenAQ/API downloads"
"data\raw\air_quality\openaq\historical\PROJ_180\no2\PROJ_180_12237122_no2_2026_06_p1_20260924T234012.json","479103","0.46","RAW_SOURCE","LOCAL_ONLY","Raw OpenAQ/API downloads"
"data\raw\air_quality\openaq\historical\PROJ_180\no2\PROJ_180_12237122_no2_2026_07_p1_20260924T234926.json","522000","0.5","RAW_SOURCE","LOCAL_ONLY","Raw OpenAQ/API downloads"
"data\raw\air_quality\openaq\historical\PROJ_180\no2\PROJ_180_12237122_no2_2026_08_p1_20260924T235826.json","529436","0.5","RAW_SOURCE","LOCAL_ONLY","Raw OpenAQ/API downloads"
"data\raw\air_quality\openaq\historical\PROJ_180\no2\PROJ_180_12237122_no2_2026_09_p1_20260925T000703.json","394808","0.38","RAW_SOURCE","LOCAL_ONLY","Raw OpenAQ/API downloads"
"data\raw\air_quality\openaq\historical\PROJ_180\o3\PROJ_180_12237123_o3_2025_03_p1_20260924T194434.json","560925","0.53","RAW_SOURCE","LOCAL_ONLY","Raw OpenAQ/API downloads"
"data\raw\air_quality\openaq\historical\PROJ_180\o3\PROJ_180_12237123_o3_2025_04_p1_20260924T213351.json","457413","0.44","RAW_SOURCE","LOCAL_ONLY","Raw OpenAQ/API downloads"
"data\raw\air_quality\openaq\historical\PROJ_180\o3\PROJ_180_12237123_o3_2025_05_p1_20260924T214223.json","437894","0.42","RAW_SOURCE","LOCAL_ONLY","Raw OpenAQ/API downloads"
"data\raw\air_quality\openaq\historical\PROJ_180\o3\PROJ_180_12237123_o3_2025_06_p1_20260924T215110.json","485469","0.46","RAW_SOURCE","LOCAL_ONLY","Raw OpenAQ/API downloads"
"data\raw\air_quality\openaq\historical\PROJ_180\o3\PROJ_180_12237123_o3_2025_07_p1_20260924T220029.json","447228","0.43","RAW_SOURCE","LOCAL_ONLY","Raw OpenAQ/API downloads"
"data\raw\air_quality\openaq\historical\PROJ_180\o3\PROJ_180_12237123_o3_2025_08_p1_20260924T220920.json","456837","0.44","RAW_SOURCE","LOCAL_ONLY","Raw OpenAQ/API downloads"
"data\raw\air_quality\openaq\historical\PROJ_180\o3\PROJ_180_12237123_o3_2025_09_p1_20260924T221832.json","456896","0.44","RAW_SOURCE","LOCAL_ONLY","Raw OpenAQ/API downloads"
"data\raw\air_quality\openaq\historical\PROJ_180\o3\PROJ_180_12237123_o3_2025_10_p1_20260924T222736.json","512877","0.49","RAW_SOURCE","LOCAL_ONLY","Raw OpenAQ/API downloads"
"data\raw\air_quality\openaq\historical\PROJ_180\o3\PROJ_180_12237123_o3_2025_11_p1_20260924T223644.json","551876","0.53","RAW_SOURCE","LOCAL_ONLY","Raw OpenAQ/API downloads"
"data\raw\air_quality\openaq\historical\PROJ_180\o3\PROJ_180_12237123_o3_2025_12_p1_20260924T224601.json","557753","0.53","RAW_SOURCE","LOCAL_ONLY","Raw OpenAQ/API downloads"
"data\raw\air_quality\openaq\historical\PROJ_180\o3\PROJ_180_12237123_o3_2026_01_p1_20260924T225454.json","400881","0.38","RAW_SOURCE","LOCAL_ONLY","Raw OpenAQ/API downloads"
"data\raw\air_quality\openaq\historical\PROJ_180\o3\PROJ_180_12237123_o3_2026_02_p1_20260924T230342.json","447261","0.43","RAW_SOURCE","LOCAL_ONLY","Raw OpenAQ/API downloads"
"data\raw\air_quality\openaq\historical\PROJ_180\o3\PROJ_180_12237123_o3_2026_03_p1_20260924T231251.json","563928","0.54","RAW_SOURCE","LOCAL_ONLY","Raw OpenAQ/API downloads"
"data\raw\air_quality\openaq\historical\PROJ_180\o3\PROJ_180_12237123_o3_2026_04_p1_20260924T232200.json","516560","0.49","RAW_SOURCE","LOCAL_ONLY","Raw OpenAQ/API downloads"
"data\raw\air_quality\openaq\historical\PROJ_180\o3\PROJ_180_12237123_o3_2026_05_p1_20260924T233103.json","507378","0.48","RAW_SOURCE","LOCAL_ONLY","Raw OpenAQ/API downloads"
"data\raw\air_quality\openaq\historical\PROJ_180\o3\PROJ_180_12237123_o3_2026_06_p1_20260924T234025.json","481582","0.46","RAW_SOURCE","LOCAL_ONLY","Raw OpenAQ/API downloads"
"data\raw\air_quality\openaq\historical\PROJ_180\o3\PROJ_180_12237123_o3_2026_07_p1_20260924T234941.json","524531","0.5","RAW_SOURCE","LOCAL_ONLY","Raw OpenAQ/API downloads"
"data\raw\air_quality\openaq\historical\PROJ_180\o3\PROJ_180_12237123_o3_2026_08_p1_20260924T235837.json","524463","0.5","RAW_SOURCE","LOCAL_ONLY","Raw OpenAQ/API downloads"
"data\raw\air_quality\openaq\historical\PROJ_180\o3\PROJ_180_12237123_o3_2026_09_p1_20260925T000716.json","399300","0.38","RAW_SOURCE","LOCAL_ONLY","Raw OpenAQ/API downloads"
"data\raw\air_quality\openaq\historical\PROJ_180\pm10\PROJ_180_12237124_pm10_2025_03_p1_20260924T194428.json","553805","0.53","RAW_SOURCE","LOCAL_ONLY","Raw OpenAQ/API downloads"
"data\raw\air_quality\openaq\historical\PROJ_180\pm10\PROJ_180_12237124_pm10_2025_04_p1_20260924T213343.json","457705","0.44","RAW_SOURCE","LOCAL_ONLY","Raw OpenAQ/API downloads"
"data\raw\air_quality\openaq\historical\PROJ_180\pm10\PROJ_180_12237124_pm10_2025_05_p1_20260924T214215.json","435246","0.42","RAW_SOURCE","LOCAL_ONLY","Raw OpenAQ/API downloads"
"data\raw\air_quality\openaq\historical\PROJ_180\pm10\PROJ_180_12237124_pm10_2025_06_p1_20260924T215102.json","479904","0.46","RAW_SOURCE","LOCAL_ONLY","Raw OpenAQ/API downloads"
"data\raw\air_quality\openaq\historical\PROJ_180\pm10\PROJ_180_12237124_pm10_2025_07_p1_20260924T220021.json","445915","0.43","RAW_SOURCE","LOCAL_ONLY","Raw OpenAQ/API downloads"
"data\raw\air_quality\openaq\historical\PROJ_180\pm10\PROJ_180_12237124_pm10_2025_08_p1_20260924T220910.json","455478","0.43","RAW_SOURCE","LOCAL_ONLY","Raw OpenAQ/API downloads"
"data\raw\air_quality\openaq\historical\PROJ_180\pm10\PROJ_180_12237124_pm10_2025_09_p1_20260924T221826.json","456447","0.44","RAW_SOURCE","LOCAL_ONLY","Raw OpenAQ/API downloads"
"data\raw\air_quality\openaq\historical\PROJ_180\pm10\PROJ_180_12237124_pm10_2025_10_p1_20260924T222727.json","508829","0.49","RAW_SOURCE","LOCAL_ONLY","Raw OpenAQ/API downloads"
"data\raw\air_quality\openaq\historical\PROJ_180\pm10\PROJ_180_12237124_pm10_2025_11_p1_20260924T223636.json","544051","0.52","RAW_SOURCE","LOCAL_ONLY","Raw OpenAQ/API downloads"
"data\raw\air_quality\openaq\historical\PROJ_180\pm10\PROJ_180_12237124_pm10_2025_12_p1_20260924T224554.json","553326","0.53","RAW_SOURCE","LOCAL_ONLY","Raw OpenAQ/API downloads"
"data\raw\air_quality\openaq\historical\PROJ_180\pm10\PROJ_180_12237124_pm10_2026_01_p1_20260924T225446.json","397298","0.38","RAW_SOURCE","LOCAL_ONLY","Raw OpenAQ/API downloads"
"data\raw\air_quality\openaq\historical\PROJ_180\pm10\PROJ_180_12237124_pm10_2026_02_p1_20260924T230335.json","446477","0.43","RAW_SOURCE","LOCAL_ONLY","Raw OpenAQ/API downloads"
"data\raw\air_quality\openaq\historical\PROJ_180\pm10\PROJ_180_12237124_pm10_2026_03_p1_20260924T231243.json","559664","0.53","RAW_SOURCE","LOCAL_ONLY","Raw OpenAQ/API downloads"
"data\raw\air_quality\openaq\historical\PROJ_180\pm10\PROJ_180_12237124_pm10_2026_04_p1_20260924T232150.json","511069","0.49","RAW_SOURCE","LOCAL_ONLY","Raw OpenAQ/API downloads"
"data\raw\air_quality\openaq\historical\PROJ_180\pm10\PROJ_180_12237124_pm10_2026_05_p1_20260924T233055.json","503595","0.48","RAW_SOURCE","LOCAL_ONLY","Raw OpenAQ/API downloads"
"data\raw\air_quality\openaq\historical\PROJ_180\pm10\PROJ_180_12237124_pm10_2026_06_p1_20260924T234016.json","475929","0.45","RAW_SOURCE","LOCAL_ONLY","Raw OpenAQ/API downloads"
"data\raw\air_quality\openaq\historical\PROJ_180\pm10\PROJ_180_12237124_pm10_2026_07_p1_20260924T234931.json","443745","0.42","RAW_SOURCE","LOCAL_ONLY","Raw OpenAQ/API downloads"
"data\raw\air_quality\openaq\historical\PROJ_180\pm10\PROJ_180_12237124_pm10_2026_08_p1_20260924T235829.json","491816","0.47","RAW_SOURCE","LOCAL_ONLY","Raw OpenAQ/API downloads"
"data\raw\air_quality\openaq\historical\PROJ_180\pm10\PROJ_180_12237124_pm10_2026_09_p1_20260925T000707.json","395759","0.38","RAW_SOURCE","LOCAL_ONLY","Raw OpenAQ/API downloads"
"data\raw\air_quality\openaq\historical\PROJ_180\pm2_5\PROJ_180_12237125_pm2_5_2025_03_p1_20260924T194421.json","562208","0.54","RAW_SOURCE","LOCAL_ONLY","Raw OpenAQ/API downloads"
"data\raw\air_quality\openaq\historical\PROJ_180\pm2_5\PROJ_180_12237125_pm2_5_2025_04_p1_20260924T213336.json","463305","0.44","RAW_SOURCE","LOCAL_ONLY","Raw OpenAQ/API downloads"
"data\raw\air_quality\openaq\historical\PROJ_180\pm2_5\PROJ_180_12237125_pm2_5_2025_05_p1_20260924T214206.json","441348","0.42","RAW_SOURCE","LOCAL_ONLY","Raw OpenAQ/API downloads"
"data\raw\air_quality\openaq\historical\PROJ_180\pm2_5\PROJ_180_12237125_pm2_5_2025_06_p1_20260924T215054.json","487971","0.47","RAW_SOURCE","LOCAL_ONLY","Raw OpenAQ/API downloads"
"data\raw\air_quality\openaq\historical\PROJ_180\pm2_5\PROJ_180_12237125_pm2_5_2025_07_p1_20260924T220013.json","448883","0.43","RAW_SOURCE","LOCAL_ONLY","Raw OpenAQ/API downloads"
"data\raw\air_quality\openaq\historical\PROJ_180\pm2_5\PROJ_180_12237125_pm2_5_2025_08_p1_20260924T220900.json","462921","0.44","RAW_SOURCE","LOCAL_ONLY","Raw OpenAQ/API downloads"
"data\raw\air_quality\openaq\historical\PROJ_180\pm2_5\PROJ_180_12237125_pm2_5_2025_09_p1_20260924T221818.json","464181","0.44","RAW_SOURCE","LOCAL_ONLY","Raw OpenAQ/API downloads"
"data\raw\air_quality\openaq\historical\PROJ_180\pm2_5\PROJ_180_12237125_pm2_5_2025_10_p1_20260924T222720.json","514147","0.49","RAW_SOURCE","LOCAL_ONLY","Raw OpenAQ/API downloads"
"data\raw\air_quality\openaq\historical\PROJ_180\pm2_5\PROJ_180_12237125_pm2_5_2025_11_p1_20260924T223628.json","553202","0.53","RAW_SOURCE","LOCAL_ONLY","Raw OpenAQ/API downloads"
"data\raw\air_quality\openaq\historical\PROJ_180\pm2_5\PROJ_180_12237125_pm2_5_2025_12_p1_20260924T224545.json","560379","0.53","RAW_SOURCE","LOCAL_ONLY","Raw OpenAQ/API downloads"
"data\raw\air_quality\openaq\historical\PROJ_180\pm2_5\PROJ_180_12237125_pm2_5_2026_01_p1_20260924T225438.json","401303","0.38","RAW_SOURCE","LOCAL_ONLY","Raw OpenAQ/API downloads"
"data\raw\air_quality\openaq\historical\PROJ_180\pm2_5\PROJ_180_12237125_pm2_5_2026_02_p1_20260924T230325.json","448788","0.43","RAW_SOURCE","LOCAL_ONLY","Raw OpenAQ/API downloads"
"data\raw\air_quality\openaq\historical\PROJ_180\pm2_5\PROJ_180_12237125_pm2_5_2026_03_p1_20260924T231235.json","564476","0.54","RAW_SOURCE","LOCAL_ONLY","Raw OpenAQ/API downloads"
"data\raw\air_quality\openaq\historical\PROJ_180\pm2_5\PROJ_180_12237125_pm2_5_2026_04_p1_20260924T232143.json","517039","0.49","RAW_SOURCE","LOCAL_ONLY","Raw OpenAQ/API downloads"
"data\raw\air_quality\openaq\historical\PROJ_180\pm2_5\PROJ_180_12237125_pm2_5_2026_05_p1_20260924T233048.json","507097","0.48","RAW_SOURCE","LOCAL_ONLY","Raw OpenAQ/API downloads"
"data\raw\air_quality\openaq\historical\PROJ_180\pm2_5\PROJ_180_12237125_pm2_5_2026_06_p1_20260924T234009.json","482589","0.46","RAW_SOURCE","LOCAL_ONLY","Raw OpenAQ/API downloads"
"data\raw\air_quality\openaq\historical\PROJ_180\pm2_5\PROJ_180_12237125_pm2_5_2026_07_p1_20260924T234921.json","527383","0.5","RAW_SOURCE","LOCAL_ONLY","Raw OpenAQ/API downloads"
"data\raw\air_quality\openaq\historical\PROJ_180\pm2_5\PROJ_180_12237125_pm2_5_2026_08_p1_20260924T235822.json","518391","0.49","RAW_SOURCE","LOCAL_ONLY","Raw OpenAQ/API downloads"
"data\raw\air_quality\openaq\historical\PROJ_180\pm2_5\PROJ_180_12237125_pm2_5_2026_09_p1_20260925T000658.json","401875","0.38","RAW_SOURCE","LOCAL_ONLY","Raw OpenAQ/API downloads"
"data\raw\air_quality\openaq\historical\PROJ_180\so2\PROJ_180_12237127_so2_2025_03_p1_20260924T194431.json","556909","0.53","RAW_SOURCE","LOCAL_ONLY","Raw OpenAQ/API downloads"
"data\raw\air_quality\openaq\historical\PROJ_180\so2\PROJ_180_12237127_so2_2025_04_p1_20260924T213347.json","457675","0.44","RAW_SOURCE","LOCAL_ONLY","Raw OpenAQ/API downloads"
"data\raw\air_quality\openaq\historical\PROJ_180\so2\PROJ_180_12237127_so2_2025_05_p1_20260924T214219.json","435514","0.42","RAW_SOURCE","LOCAL_ONLY","Raw OpenAQ/API downloads"
"data\raw\air_quality\openaq\historical\PROJ_180\so2\PROJ_180_12237127_so2_2025_06_p1_20260924T215106.json","480315","0.46","RAW_SOURCE","LOCAL_ONLY","Raw OpenAQ/API downloads"
"data\raw\air_quality\openaq\historical\PROJ_180\so2\PROJ_180_12237127_so2_2025_07_p1_20260924T220024.json","447341","0.43","RAW_SOURCE","LOCAL_ONLY","Raw OpenAQ/API downloads"
"data\raw\air_quality\openaq\historical\PROJ_180\so2\PROJ_180_12237127_so2_2025_08_p1_20260924T220915.json","458751","0.44","RAW_SOURCE","LOCAL_ONLY","Raw OpenAQ/API downloads"
"data\raw\air_quality\openaq\historical\PROJ_180\so2\PROJ_180_12237127_so2_2025_09_p1_20260924T221829.json","460024","0.44","RAW_SOURCE","LOCAL_ONLY","Raw OpenAQ/API downloads"
"data\raw\air_quality\openaq\historical\PROJ_180\so2\PROJ_180_12237127_so2_2025_10_p1_20260924T222731.json","507912","0.48","RAW_SOURCE","LOCAL_ONLY","Raw OpenAQ/API downloads"
"data\raw\air_quality\openaq\historical\PROJ_180\so2\PROJ_180_12237127_so2_2025_11_p1_20260924T223641.json","548727","0.52","RAW_SOURCE","LOCAL_ONLY","Raw OpenAQ/API downloads"
"data\raw\air_quality\openaq\historical\PROJ_180\so2\PROJ_180_12237127_so2_2025_12_p1_20260924T224558.json","554366","0.53","RAW_SOURCE","LOCAL_ONLY","Raw OpenAQ/API downloads"
"data\raw\air_quality\openaq\historical\PROJ_180\so2\PROJ_180_12237127_so2_2026_01_p1_20260924T225451.json","398073","0.38","RAW_SOURCE","LOCAL_ONLY","Raw OpenAQ/API downloads"
"data\raw\air_quality\openaq\historical\PROJ_180\so2\PROJ_180_12237127_so2_2026_02_p1_20260924T230338.json","444860","0.42","RAW_SOURCE","LOCAL_ONLY","Raw OpenAQ/API downloads"
"data\raw\air_quality\openaq\historical\PROJ_180\so2\PROJ_180_12237127_so2_2026_03_p1_20260924T231247.json","558328","0.53","RAW_SOURCE","LOCAL_ONLY","Raw OpenAQ/API downloads"
"data\raw\air_quality\openaq\historical\PROJ_180\so2\PROJ_180_12237127_so2_2026_04_p1_20260924T232155.json","511604","0.49","RAW_SOURCE","LOCAL_ONLY","Raw OpenAQ/API downloads"
"data\raw\air_quality\openaq\historical\PROJ_180\so2\PROJ_180_12237127_so2_2026_05_p1_20260924T233100.json","504603","0.48","RAW_SOURCE","LOCAL_ONLY","Raw OpenAQ/API downloads"
"data\raw\air_quality\openaq\historical\PROJ_180\so2\PROJ_180_12237127_so2_2026_06_p1_20260924T234021.json","475587","0.45","RAW_SOURCE","LOCAL_ONLY","Raw OpenAQ/API downloads"
"data\raw\air_quality\openaq\historical\PROJ_180\so2\PROJ_180_12237127_so2_2026_07_p1_20260924T234935.json","436388","0.42","RAW_SOURCE","LOCAL_ONLY","Raw OpenAQ/API downloads"
"data\raw\air_quality\openaq\historical\PROJ_180\so2\PROJ_180_12237127_so2_2026_08_p1_20260924T235833.json","495741","0.47","RAW_SOURCE","LOCAL_ONLY","Raw OpenAQ/API downloads"
"data\raw\air_quality\openaq\historical\PROJ_180\so2\PROJ_180_12237127_so2_2026_09_p1_20260925T000712.json","394806","0.38","RAW_SOURCE","LOCAL_ONLY","Raw OpenAQ/API downloads"
"data\raw\air_quality\openaq\historical\PROJ_181\co\PROJ_181_12237111_co_2025_03_p1_20260924T194440.json","538598","0.51","RAW_SOURCE","LOCAL_ONLY","Raw OpenAQ/API downloads"
"data\raw\air_quality\openaq\historical\PROJ_181\co\PROJ_181_12237111_co_2025_04_p1_20260924T213358.json","402131","0.38","RAW_SOURCE","LOCAL_ONLY","Raw OpenAQ/API downloads"
"data\raw\air_quality\openaq\historical\PROJ_181\co\PROJ_181_12237111_co_2025_05_p1_20260924T214229.json","493935","0.47","RAW_SOURCE","LOCAL_ONLY","Raw OpenAQ/API downloads"
"data\raw\air_quality\openaq\historical\PROJ_181\co\PROJ_181_12237111_co_2025_06_p1_20260924T215118.json","525612","0.5","RAW_SOURCE","LOCAL_ONLY","Raw OpenAQ/API downloads"
"data\raw\air_quality\openaq\historical\PROJ_181\co\PROJ_181_12237111_co_2025_07_p1_20260924T220036.json","562859","0.54","RAW_SOURCE","LOCAL_ONLY","Raw OpenAQ/API downloads"
"data\raw\air_quality\openaq\historical\PROJ_181\co\PROJ_181_12237111_co_2025_08_p1_20260924T220928.json","489138","0.47","RAW_SOURCE","LOCAL_ONLY","Raw OpenAQ/API downloads"
"data\raw\air_quality\openaq\historical\PROJ_181\co\PROJ_181_12237111_co_2025_09_p1_20260924T221841.json","495750","0.47","RAW_SOURCE","LOCAL_ONLY","Raw OpenAQ/API downloads"
"data\raw\air_quality\openaq\historical\PROJ_181\co\PROJ_181_12237111_co_2025_10_p1_20260924T222743.json","468469","0.45","RAW_SOURCE","LOCAL_ONLY","Raw OpenAQ/API downloads"
"data\raw\air_quality\openaq\historical\PROJ_181\co\PROJ_181_12237111_co_2025_11_p1_20260924T223653.json","535265","0.51","RAW_SOURCE","LOCAL_ONLY","Raw OpenAQ/API downloads"
"data\raw\air_quality\openaq\historical\PROJ_181\co\PROJ_181_12237111_co_2025_12_p1_20260924T224609.json","593503","0.57","RAW_SOURCE","LOCAL_ONLY","Raw OpenAQ/API downloads"
"data\raw\air_quality\openaq\historical\PROJ_181\co\PROJ_181_12237111_co_2026_01_p1_20260924T225504.json","401767","0.38","RAW_SOURCE","LOCAL_ONLY","Raw OpenAQ/API downloads"
"data\raw\air_quality\openaq\historical\PROJ_181\co\PROJ_181_12237111_co_2026_02_p1_20260924T230348.json","468358","0.45","RAW_SOURCE","LOCAL_ONLY","Raw OpenAQ/API downloads"
"data\raw\air_quality\openaq\historical\PROJ_181\co\PROJ_181_12237111_co_2026_03_p1_20260924T231300.json","566267","0.54","RAW_SOURCE","LOCAL_ONLY","Raw OpenAQ/API downloads"
"data\raw\air_quality\openaq\historical\PROJ_181\co\PROJ_181_12237111_co_2026_04_p1_20260924T232208.json","551458","0.53","RAW_SOURCE","LOCAL_ONLY","Raw OpenAQ/API downloads"
"data\raw\air_quality\openaq\historical\PROJ_181\co\PROJ_181_12237111_co_2026_05_p1_20260924T233110.json","546134","0.52","RAW_SOURCE","LOCAL_ONLY","Raw OpenAQ/API downloads"
"data\raw\air_quality\openaq\historical\PROJ_181\co\PROJ_181_12237111_co_2026_06_p1_20260924T234031.json","498020","0.47","RAW_SOURCE","LOCAL_ONLY","Raw OpenAQ/API downloads"
"data\raw\air_quality\openaq\historical\PROJ_181\co\PROJ_181_12237111_co_2026_07_p1_20260924T234950.json","552935","0.53","RAW_SOURCE","LOCAL_ONLY","Raw OpenAQ/API downloads"
"data\raw\air_quality\openaq\historical\PROJ_181\co\PROJ_181_12237111_co_2026_08_p1_20260924T235847.json","535860","0.51","RAW_SOURCE","LOCAL_ONLY","Raw OpenAQ/API downloads"
"data\raw\air_quality\openaq\historical\PROJ_181\co\PROJ_181_12237111_co_2026_09_p1_20260925T000724.json","397380","0.38","RAW_SOURCE","LOCAL_ONLY","Raw OpenAQ/API downloads"
"data\raw\air_quality\openaq\historical\PROJ_181\no2\PROJ_181_12237113_no2_2025_03_p1_20260924T194448.json","539617","0.51","RAW_SOURCE","LOCAL_ONLY","Raw OpenAQ/API downloads"
"data\raw\air_quality\openaq\historical\PROJ_181\no2\PROJ_181_12237113_no2_2025_04_p1_20260924T213406.json","404459","0.39","RAW_SOURCE","LOCAL_ONLY","Raw OpenAQ/API downloads"
"data\raw\air_quality\openaq\historical\PROJ_181\no2\PROJ_181_12237113_no2_2025_05_p1_20260924T214239.json","498924","0.48","RAW_SOURCE","LOCAL_ONLY","Raw OpenAQ/API downloads"
"data\raw\air_quality\openaq\historical\PROJ_181\no2\PROJ_181_12237113_no2_2025_06_p1_20260924T215128.json","531319","0.51","RAW_SOURCE","LOCAL_ONLY","Raw OpenAQ/API downloads"
"data\raw\air_quality\openaq\historical\PROJ_181\no2\PROJ_181_12237113_no2_2025_07_p1_20260924T220045.json","565773","0.54","RAW_SOURCE","LOCAL_ONLY","Raw OpenAQ/API downloads"
"data\raw\air_quality\openaq\historical\PROJ_181\no2\PROJ_181_12237113_no2_2025_08_p1_20260924T220936.json","492186","0.47","RAW_SOURCE","LOCAL_ONLY","Raw OpenAQ/API downloads"
"data\raw\air_quality\openaq\historical\PROJ_181\no2\PROJ_181_12237113_no2_2025_09_p1_20260924T221851.json","497886","0.47","RAW_SOURCE","LOCAL_ONLY","Raw OpenAQ/API downloads"
"data\raw\air_quality\openaq\historical\PROJ_181\no2\PROJ_181_12237113_no2_2025_10_p1_20260924T222751.json","474243","0.45","RAW_SOURCE","LOCAL_ONLY","Raw OpenAQ/API downloads"
"data\raw\air_quality\openaq\historical\PROJ_181\no2\PROJ_181_12237113_no2_2025_11_p1_20260924T223701.json","540147","0.52","RAW_SOURCE","LOCAL_ONLY","Raw OpenAQ/API downloads"
"data\raw\air_quality\openaq\historical\PROJ_181\no2\PROJ_181_12237113_no2_2025_12_p1_20260924T224618.json","597295","0.57","RAW_SOURCE","LOCAL_ONLY","Raw OpenAQ/API downloads"
"data\raw\air_quality\openaq\historical\PROJ_181\no2\PROJ_181_12237113_no2_2026_01_p1_20260924T225511.json","405103","0.39","RAW_SOURCE","LOCAL_ONLY","Raw OpenAQ/API downloads"
"data\raw\air_quality\openaq\historical\PROJ_181\no2\PROJ_181_12237113_no2_2026_02_p1_20260924T230357.json","470449","0.45","RAW_SOURCE","LOCAL_ONLY","Raw OpenAQ/API downloads"
"data\raw\air_quality\openaq\historical\PROJ_181\no2\PROJ_181_12237113_no2_2026_03_p1_20260924T231310.json","568418","0.54","RAW_SOURCE","LOCAL_ONLY","Raw OpenAQ/API downloads"
"data\raw\air_quality\openaq\historical\PROJ_181\no2\PROJ_181_12237113_no2_2026_04_p1_20260924T232217.json","555658","0.53","RAW_SOURCE","LOCAL_ONLY","Raw OpenAQ/API downloads"
"data\raw\air_quality\openaq\historical\PROJ_181\no2\PROJ_181_12237113_no2_2026_05_p1_20260924T233119.json","554176","0.53","RAW_SOURCE","LOCAL_ONLY","Raw OpenAQ/API downloads"
"data\raw\air_quality\openaq\historical\PROJ_181\no2\PROJ_181_12237113_no2_2026_06_p1_20260924T234041.json","504722","0.48","RAW_SOURCE","LOCAL_ONLY","Raw OpenAQ/API downloads"
"data\raw\air_quality\openaq\historical\PROJ_181\no2\PROJ_181_12237113_no2_2026_07_p1_20260924T235000.json","571422","0.54","RAW_SOURCE","LOCAL_ONLY","Raw OpenAQ/API downloads"
"data\raw\air_quality\openaq\historical\PROJ_181\no2\PROJ_181_12237113_no2_2026_08_p1_20260924T235857.json","549617","0.52","RAW_SOURCE","LOCAL_ONLY","Raw OpenAQ/API downloads"
"data\raw\air_quality\openaq\historical\PROJ_181\no2\PROJ_181_12237113_no2_2026_09_p1_20260925T000731.json","403972","0.39","RAW_SOURCE","LOCAL_ONLY","Raw OpenAQ/API downloads"
"data\raw\air_quality\openaq\historical\PROJ_181\o3\PROJ_181_12237114_o3_2025_03_p1_20260924T194445.json","541881","0.52","RAW_SOURCE","LOCAL_ONLY","Raw OpenAQ/API downloads"
"data\raw\air_quality\openaq\historical\PROJ_181\o3\PROJ_181_12237114_o3_2025_04_p1_20260924T213402.json","400051","0.38","RAW_SOURCE","LOCAL_ONLY","Raw OpenAQ/API downloads"
"data\raw\air_quality\openaq\historical\PROJ_181\o3\PROJ_181_12237114_o3_2025_05_p1_20260924T214234.json","498330","0.48","RAW_SOURCE","LOCAL_ONLY","Raw OpenAQ/API downloads"
"data\raw\air_quality\openaq\historical\PROJ_181\o3\PROJ_181_12237114_o3_2025_06_p1_20260924T215125.json","526856","0.5","RAW_SOURCE","LOCAL_ONLY","Raw OpenAQ/API downloads"
"data\raw\air_quality\openaq\historical\PROJ_181\o3\PROJ_181_12237114_o3_2025_07_p1_20260924T220040.json","568872","0.54","RAW_SOURCE","LOCAL_ONLY","Raw OpenAQ/API downloads"
"data\raw\air_quality\openaq\historical\PROJ_181\o3\PROJ_181_12237114_o3_2025_08_p1_20260924T220931.json","492082","0.47","RAW_SOURCE","LOCAL_ONLY","Raw OpenAQ/API downloads"
"data\raw\air_quality\openaq\historical\PROJ_181\o3\PROJ_181_12237114_o3_2025_09_p1_20260924T221846.json","501598","0.48","RAW_SOURCE","LOCAL_ONLY","Raw OpenAQ/API downloads"
"data\raw\air_quality\openaq\historical\PROJ_181\o3\PROJ_181_12237114_o3_2025_10_p1_20260924T222747.json","474215","0.45","RAW_SOURCE","LOCAL_ONLY","Raw OpenAQ/API downloads"
"data\raw\air_quality\openaq\historical\PROJ_181\o3\PROJ_181_12237114_o3_2025_11_p1_20260924T223657.json","540718","0.52","RAW_SOURCE","LOCAL_ONLY","Raw OpenAQ/API downloads"
"data\raw\air_quality\openaq\historical\PROJ_181\o3\PROJ_181_12237114_o3_2025_12_p1_20260924T224614.json","597566","0.57","RAW_SOURCE","LOCAL_ONLY","Raw OpenAQ/API downloads"
"data\raw\air_quality\openaq\historical\PROJ_181\o3\PROJ_181_12237114_o3_2026_01_p1_20260924T225507.json","407161","0.39","RAW_SOURCE","LOCAL_ONLY","Raw OpenAQ/API downloads"
"data\raw\air_quality\openaq\historical\PROJ_181\o3\PROJ_181_12237114_o3_2026_02_p1_20260924T230353.json","471511","0.45","RAW_SOURCE","LOCAL_ONLY","Raw OpenAQ/API downloads"
"data\raw\air_quality\openaq\historical\PROJ_181\o3\PROJ_181_12237114_o3_2026_03_p1_20260924T231305.json","569399","0.54","RAW_SOURCE","LOCAL_ONLY","Raw OpenAQ/API downloads"
"data\raw\air_quality\openaq\historical\PROJ_181\o3\PROJ_181_12237114_o3_2026_04_p1_20260924T232213.json","556565","0.53","RAW_SOURCE","LOCAL_ONLY","Raw OpenAQ/API downloads"
"data\raw\air_quality\openaq\historical\PROJ_181\o3\PROJ_181_12237114_o3_2026_05_p1_20260924T233114.json","554652","0.53","RAW_SOURCE","LOCAL_ONLY","Raw OpenAQ/API downloads"
"data\raw\air_quality\openaq\historical\PROJ_181\o3\PROJ_181_12237114_o3_2026_06_p1_20260924T234036.json","505662","0.48","RAW_SOURCE","LOCAL_ONLY","Raw OpenAQ/API downloads"
"data\raw\air_quality\openaq\historical\PROJ_181\o3\PROJ_181_12237114_o3_2026_07_p1_20260924T234955.json","574573","0.55","RAW_SOURCE","LOCAL_ONLY","Raw OpenAQ/API downloads"
"data\raw\air_quality\openaq\historical\PROJ_181\o3\PROJ_181_12237114_o3_2026_08_p1_20260924T235852.json","512544","0.49","RAW_SOURCE","LOCAL_ONLY","Raw OpenAQ/API downloads"
"data\raw\air_quality\openaq\historical\PROJ_181\o3\PROJ_181_12237114_o3_2026_09_p1_20260925T000727.json","386657","0.37","RAW_SOURCE","LOCAL_ONLY","Raw OpenAQ/API downloads"
"data\raw\air_quality\openaq\historical\PROJ_181\pm10\PROJ_181_12237115_pm10_2025_03_p1_20260924T194452.json","536957","0.51","RAW_SOURCE","LOCAL_ONLY","Raw OpenAQ/API downloads"
"data\raw\air_quality\openaq\historical\PROJ_181\pm10\PROJ_181_12237115_pm10_2025_04_p1_20260924T213409.json","403601","0.38","RAW_SOURCE","LOCAL_ONLY","Raw OpenAQ/API downloads"
"data\raw\air_quality\openaq\historical\PROJ_181\pm10\PROJ_181_12237115_pm10_2025_05_p1_20260924T214242.json","495953","0.47","RAW_SOURCE","LOCAL_ONLY","Raw OpenAQ/API downloads"
"data\raw\air_quality\openaq\historical\PROJ_181\pm10\PROJ_181_12237115_pm10_2025_06_p1_20260924T215132.json","529651","0.51","RAW_SOURCE","LOCAL_ONLY","Raw OpenAQ/API downloads"
"data\raw\air_quality\openaq\historical\PROJ_181\pm10\PROJ_181_12237115_pm10_2025_07_p1_20260924T220050.json","564469","0.54","RAW_SOURCE","LOCAL_ONLY","Raw OpenAQ/API downloads"
"data\raw\air_quality\openaq\historical\PROJ_181\pm10\PROJ_181_12237115_pm10_2025_08_p1_20260924T220940.json","489313","0.47","RAW_SOURCE","LOCAL_ONLY","Raw OpenAQ/API downloads"
"data\raw\air_quality\openaq\historical\PROJ_181\pm10\PROJ_181_12237115_pm10_2025_09_p1_20260924T221856.json","496802","0.47","RAW_SOURCE","LOCAL_ONLY","Raw OpenAQ/API downloads"
"data\raw\air_quality\openaq\historical\PROJ_181\pm10\PROJ_181_12237115_pm10_2025_10_p1_20260924T222756.json","471481","0.45","RAW_SOURCE","LOCAL_ONLY","Raw OpenAQ/API downloads"
"data\raw\air_quality\openaq\historical\PROJ_181\pm10\PROJ_181_12237115_pm10_2025_11_p1_20260924T223707.json","536840","0.51","RAW_SOURCE","LOCAL_ONLY","Raw OpenAQ/API downloads"
"data\raw\air_quality\openaq\historical\PROJ_181\pm10\PROJ_181_12237115_pm10_2025_12_p1_20260924T224622.json","595917","0.57","RAW_SOURCE","LOCAL_ONLY","Raw OpenAQ/API downloads"
"data\raw\air_quality\openaq\historical\PROJ_181\pm10\PROJ_181_12237115_pm10_2026_01_p1_20260924T225515.json","406401","0.39","RAW_SOURCE","LOCAL_ONLY","Raw OpenAQ/API downloads"
"data\raw\air_quality\openaq\historical\PROJ_181\pm10\PROJ_181_12237115_pm10_2026_02_p1_20260924T230400.json","473451","0.45","RAW_SOURCE","LOCAL_ONLY","Raw OpenAQ/API downloads"
"data\raw\air_quality\openaq\historical\PROJ_181\pm10\PROJ_181_12237115_pm10_2026_03_p1_20260924T231314.json","570123","0.54","RAW_SOURCE","LOCAL_ONLY","Raw OpenAQ/API downloads"
"data\raw\air_quality\openaq\historical\PROJ_181\pm10\PROJ_181_12237115_pm10_2026_04_p1_20260924T232221.json","552680","0.53","RAW_SOURCE","LOCAL_ONLY","Raw OpenAQ/API downloads"
"data\raw\air_quality\openaq\historical\PROJ_181\pm10\PROJ_181_12237115_pm10_2026_05_p1_20260924T233123.json","550892","0.53","RAW_SOURCE","LOCAL_ONLY","Raw OpenAQ/API downloads"
"data\raw\air_quality\openaq\historical\PROJ_181\pm10\PROJ_181_12237115_pm10_2026_06_p1_20260924T234046.json","486204","0.46","RAW_SOURCE","LOCAL_ONLY","Raw OpenAQ/API downloads"
"data\raw\air_quality\openaq\historical\PROJ_181\pm10\PROJ_181_12237115_pm10_2026_07_p1_20260924T235004.json","430593","0.41","RAW_SOURCE","LOCAL_ONLY","Raw OpenAQ/API downloads"
"data\raw\air_quality\openaq\historical\PROJ_181\pm10\PROJ_181_12237115_pm10_2026_08_p1_20260924T235900.json","507814","0.48","RAW_SOURCE","LOCAL_ONLY","Raw OpenAQ/API downloads"
"data\raw\air_quality\openaq\historical\PROJ_181\pm10\PROJ_181_12237115_pm10_2026_09_p1_20260925T000736.json","401831","0.38","RAW_SOURCE","LOCAL_ONLY","Raw OpenAQ/API downloads"
"data\raw\air_quality\openaq\historical\PROJ_181\pm2_5\PROJ_181_12237116_pm2_5_2025_03_p1_20260924T194500.json","537416","0.51","RAW_SOURCE","LOCAL_ONLY","Raw OpenAQ/API downloads"
"data\raw\air_quality\openaq\historical\PROJ_181\pm2_5\PROJ_181_12237116_pm2_5_2025_04_p1_20260924T213416.json","403994","0.39","RAW_SOURCE","LOCAL_ONLY","Raw OpenAQ/API downloads"
"data\raw\air_quality\openaq\historical\PROJ_181\pm2_5\PROJ_181_12237116_pm2_5_2025_05_p1_20260924T214250.json","495498","0.47","RAW_SOURCE","LOCAL_ONLY","Raw OpenAQ/API downloads"
"data\raw\air_quality\openaq\historical\PROJ_181\pm2_5\PROJ_181_12237116_pm2_5_2025_06_p1_20260924T215139.json","526965","0.5","RAW_SOURCE","LOCAL_ONLY","Raw OpenAQ/API downloads"
"data\raw\air_quality\openaq\historical\PROJ_181\pm2_5\PROJ_181_12237116_pm2_5_2025_07_p1_20260924T220058.json","563571","0.54","RAW_SOURCE","LOCAL_ONLY","Raw OpenAQ/API downloads"
"data\raw\air_quality\openaq\historical\PROJ_181\pm2_5\PROJ_181_12237116_pm2_5_2025_08_p1_20260924T220947.json","487935","0.47","RAW_SOURCE","LOCAL_ONLY","Raw OpenAQ/API downloads"
"data\raw\air_quality\openaq\historical\PROJ_181\pm2_5\PROJ_181_12237116_pm2_5_2025_09_p1_20260924T221905.json","496141","0.47","RAW_SOURCE","LOCAL_ONLY","Raw OpenAQ/API downloads"
"data\raw\air_quality\openaq\historical\PROJ_181\pm2_5\PROJ_181_12237116_pm2_5_2025_10_p1_20260924T222803.json","468974","0.45","RAW_SOURCE","LOCAL_ONLY","Raw OpenAQ/API downloads"
"data\raw\air_quality\openaq\historical\PROJ_181\pm2_5\PROJ_181_12237116_pm2_5_2025_11_p1_20260924T223714.json","535381","0.51","RAW_SOURCE","LOCAL_ONLY","Raw OpenAQ/API downloads"
"data\raw\air_quality\openaq\historical\PROJ_181\pm2_5\PROJ_181_12237116_pm2_5_2025_12_p1_20260924T224632.json","594765","0.57","RAW_SOURCE","LOCAL_ONLY","Raw OpenAQ/API downloads"
"data\raw\air_quality\openaq\historical\PROJ_181\pm2_5\PROJ_181_12237116_pm2_5_2026_01_p1_20260924T225523.json","406098","0.39","RAW_SOURCE","LOCAL_ONLY","Raw OpenAQ/API downloads"
"data\raw\air_quality\openaq\historical\PROJ_181\pm2_5\PROJ_181_12237116_pm2_5_2026_02_p1_20260924T230408.json","473247","0.45","RAW_SOURCE","LOCAL_ONLY","Raw OpenAQ/API downloads"
"data\raw\air_quality\openaq\historical\PROJ_181\pm2_5\PROJ_181_12237116_pm2_5_2026_03_p1_20260924T231321.json","569309","0.54","RAW_SOURCE","LOCAL_ONLY","Raw OpenAQ/API downloads"
"data\raw\air_quality\openaq\historical\PROJ_181\pm2_5\PROJ_181_12237116_pm2_5_2026_04_p1_20260924T232230.json","552133","0.53","RAW_SOURCE","LOCAL_ONLY","Raw OpenAQ/API downloads"
"data\raw\air_quality\openaq\historical\PROJ_181\pm2_5\PROJ_181_12237116_pm2_5_2026_05_p1_20260924T233132.json","544913","0.52","RAW_SOURCE","LOCAL_ONLY","Raw OpenAQ/API downloads"
"data\raw\air_quality\openaq\historical\PROJ_181\pm2_5\PROJ_181_12237116_pm2_5_2026_06_p1_20260924T234054.json","484194","0.46","RAW_SOURCE","LOCAL_ONLY","Raw OpenAQ/API downloads"
"data\raw\air_quality\openaq\historical\PROJ_181\pm2_5\PROJ_181_12237116_pm2_5_2026_07_p1_20260924T235012.json","457356","0.44","RAW_SOURCE","LOCAL_ONLY","Raw OpenAQ/API downloads"
"data\raw\air_quality\openaq\historical\PROJ_181\pm2_5\PROJ_181_12237116_pm2_5_2026_08_p1_20260924T235908.json","508500","0.48","RAW_SOURCE","LOCAL_ONLY","Raw OpenAQ/API downloads"
"data\raw\air_quality\openaq\historical\PROJ_181\pm2_5\PROJ_181_12237116_pm2_5_2026_09_p1_20260925T000743.json","400988","0.38","RAW_SOURCE","LOCAL_ONLY","Raw OpenAQ/API downloads"
"data\raw\air_quality\openaq\historical\PROJ_181\so2\PROJ_181_12237118_so2_2025_03_p1_20260924T194456.json","539758","0.51","RAW_SOURCE","LOCAL_ONLY","Raw OpenAQ/API downloads"
"data\raw\air_quality\openaq\historical\PROJ_181\so2\PROJ_181_12237118_so2_2025_04_p1_20260924T213412.json","403014","0.38","RAW_SOURCE","LOCAL_ONLY","Raw OpenAQ/API downloads"
"data\raw\air_quality\openaq\historical\PROJ_181\so2\PROJ_181_12237118_so2_2025_05_p1_20260924T214245.json","494928","0.47","RAW_SOURCE","LOCAL_ONLY","Raw OpenAQ/API downloads"
"data\raw\air_quality\openaq\historical\PROJ_181\so2\PROJ_181_12237118_so2_2025_06_p1_20260924T215135.json","529135","0.5","RAW_SOURCE","LOCAL_ONLY","Raw OpenAQ/API downloads"
"data\raw\air_quality\openaq\historical\PROJ_181\so2\PROJ_181_12237118_so2_2025_07_p1_20260924T220053.json","566707","0.54","RAW_SOURCE","LOCAL_ONLY","Raw OpenAQ/API downloads"
"data\raw\air_quality\openaq\historical\PROJ_181\so2\PROJ_181_12237118_so2_2025_08_p1_20260924T220943.json","494482","0.47","RAW_SOURCE","LOCAL_ONLY","Raw OpenAQ/API downloads"
"data\raw\air_quality\openaq\historical\PROJ_181\so2\PROJ_181_12237118_so2_2025_09_p1_20260924T221900.json","500765","0.48","RAW_SOURCE","LOCAL_ONLY","Raw OpenAQ/API downloads"
"data\raw\air_quality\openaq\historical\PROJ_181\so2\PROJ_181_12237118_so2_2025_10_p1_20260924T222759.json","474080","0.45","RAW_SOURCE","LOCAL_ONLY","Raw OpenAQ/API downloads"
"data\raw\air_quality\openaq\historical\PROJ_181\so2\PROJ_181_12237118_so2_2025_11_p1_20260924T223711.json","539592","0.51","RAW_SOURCE","LOCAL_ONLY","Raw OpenAQ/API downloads"
"data\raw\air_quality\openaq\historical\PROJ_181\so2\PROJ_181_12237118_so2_2025_12_p1_20260924T224627.json","599067","0.57","RAW_SOURCE","LOCAL_ONLY","Raw OpenAQ/API downloads"
"data\raw\air_quality\openaq\historical\PROJ_181\so2\PROJ_181_12237118_so2_2026_01_p1_20260924T225520.json","406691","0.39","RAW_SOURCE","LOCAL_ONLY","Raw OpenAQ/API downloads"
"data\raw\air_quality\openaq\historical\PROJ_181\so2\PROJ_181_12237118_so2_2026_02_p1_20260924T230405.json","471976","0.45","RAW_SOURCE","LOCAL_ONLY","Raw OpenAQ/API downloads"
"data\raw\air_quality\openaq\historical\PROJ_181\so2\PROJ_181_12237118_so2_2026_03_p1_20260924T231318.json","569847","0.54","RAW_SOURCE","LOCAL_ONLY","Raw OpenAQ/API downloads"
"data\raw\air_quality\openaq\historical\PROJ_181\so2\PROJ_181_12237118_so2_2026_04_p1_20260924T232225.json","556985","0.53","RAW_SOURCE","LOCAL_ONLY","Raw OpenAQ/API downloads"
"data\raw\air_quality\openaq\historical\PROJ_181\so2\PROJ_181_12237118_so2_2026_05_p1_20260924T233128.json","555759","0.53","RAW_SOURCE","LOCAL_ONLY","Raw OpenAQ/API downloads"
"data\raw\air_quality\openaq\historical\PROJ_181\so2\PROJ_181_12237118_so2_2026_06_p1_20260924T234050.json","503712","0.48","RAW_SOURCE","LOCAL_ONLY","Raw OpenAQ/API downloads"
"data\raw\air_quality\openaq\historical\PROJ_181\so2\PROJ_181_12237118_so2_2026_07_p1_20260924T235007.json","563061","0.54","RAW_SOURCE","LOCAL_ONLY","Raw OpenAQ/API downloads"
"data\raw\air_quality\openaq\historical\PROJ_181\so2\PROJ_181_12237118_so2_2026_08_p1_20260924T235905.json","546229","0.52","RAW_SOURCE","LOCAL_ONLY","Raw OpenAQ/API downloads"
"data\raw\air_quality\openaq\historical\PROJ_181\so2\PROJ_181_12237118_so2_2026_09_p1_20260925T000740.json","402386","0.38","RAW_SOURCE","LOCAL_ONLY","Raw OpenAQ/API downloads"
"data\raw\air_quality\openaq\historical\PROJ_186\co\PROJ_186_12237084_co_2025_03_p1_20260924T194522.json","591803","0.56","RAW_SOURCE","LOCAL_ONLY","Raw OpenAQ/API downloads"
"data\raw\air_quality\openaq\historical\PROJ_186\co\PROJ_186_12237084_co_2025_04_p1_20260924T213440.json","407899","0.39","RAW_SOURCE","LOCAL_ONLY","Raw OpenAQ/API downloads"
"data\raw\air_quality\openaq\historical\PROJ_186\co\PROJ_186_12237084_co_2025_05_p1_20260924T214317.json","465432","0.44","RAW_SOURCE","LOCAL_ONLY","Raw OpenAQ/API downloads"
"data\raw\air_quality\openaq\historical\PROJ_186\co\PROJ_186_12237084_co_2025_06_p1_20260924T215202.json","512748","0.49","RAW_SOURCE","LOCAL_ONLY","Raw OpenAQ/API downloads"
"data\raw\air_quality\openaq\historical\PROJ_186\co\PROJ_186_12237084_co_2025_07_p1_20260924T220121.json","531959","0.51","RAW_SOURCE","LOCAL_ONLY","Raw OpenAQ/API downloads"
"data\raw\air_quality\openaq\historical\PROJ_186\co\PROJ_186_12237084_co_2025_08_p1_20260924T221011.json","485021","0.46","RAW_SOURCE","LOCAL_ONLY","Raw OpenAQ/API downloads"
"data\raw\air_quality\openaq\historical\PROJ_186\co\PROJ_186_12237084_co_2025_09_p1_20260924T221928.json","520685","0.5","RAW_SOURCE","LOCAL_ONLY","Raw OpenAQ/API downloads"
"data\raw\air_quality\openaq\historical\PROJ_186\co\PROJ_186_12237084_co_2025_10_p1_20260924T222830.json","576547","0.55","RAW_SOURCE","LOCAL_ONLY","Raw OpenAQ/API downloads"
"data\raw\air_quality\openaq\historical\PROJ_186\co\PROJ_186_12237084_co_2025_11_p1_20260924T223739.json","546807","0.52","RAW_SOURCE","LOCAL_ONLY","Raw OpenAQ/API downloads"
"data\raw\air_quality\openaq\historical\PROJ_186\co\PROJ_186_12237084_co_2025_12_p1_20260924T224658.json","584635","0.56","RAW_SOURCE","LOCAL_ONLY","Raw OpenAQ/API downloads"
"data\raw\air_quality\openaq\historical\PROJ_186\co\PROJ_186_12237084_co_2026_01_p1_20260924T225547.json","401284","0.38","RAW_SOURCE","LOCAL_ONLY","Raw OpenAQ/API downloads"
"data\raw\air_quality\openaq\historical\PROJ_186\co\PROJ_186_12237084_co_2026_02_p1_20260924T230431.json","431686","0.41","RAW_SOURCE","LOCAL_ONLY","Raw OpenAQ/API downloads"
"data\raw\air_quality\openaq\historical\PROJ_186\co\PROJ_186_12237084_co_2026_03_p1_20260924T231348.json","558477","0.53","RAW_SOURCE","LOCAL_ONLY","Raw OpenAQ/API downloads"
"data\raw\air_quality\openaq\historical\PROJ_186\co\PROJ_186_12237084_co_2026_04_p1_20260924T232252.json","486196","0.46","RAW_SOURCE","LOCAL_ONLY","Raw OpenAQ/API downloads"
"data\raw\air_quality\openaq\historical\PROJ_186\co\PROJ_186_12237084_co_2026_05_p1_20260924T233158.json","458860","0.44","RAW_SOURCE","LOCAL_ONLY","Raw OpenAQ/API downloads"
"data\raw\air_quality\openaq\historical\PROJ_186\co\PROJ_186_12237084_co_2026_06_p1_20260924T234117.json","481309","0.46","RAW_SOURCE","LOCAL_ONLY","Raw OpenAQ/API downloads"
"data\raw\air_quality\openaq\historical\PROJ_186\co\PROJ_186_12237084_co_2026_07_p1_20260924T235039.json","554788","0.53","RAW_SOURCE","LOCAL_ONLY","Raw OpenAQ/API downloads"
"data\raw\air_quality\openaq\historical\PROJ_186\co\PROJ_186_12237084_co_2026_08_p1_20260924T235932.json","512304","0.49","RAW_SOURCE","LOCAL_ONLY","Raw OpenAQ/API downloads"
"data\raw\air_quality\openaq\historical\PROJ_186\co\PROJ_186_12237084_co_2026_09_p1_20260925T000806.json","377275","0.36","RAW_SOURCE","LOCAL_ONLY","Raw OpenAQ/API downloads"
"data\raw\air_quality\openaq\historical\PROJ_186\no2\PROJ_186_12237086_no2_2025_03_p1_20260924T194516.json","596123","0.57","RAW_SOURCE","LOCAL_ONLY","Raw OpenAQ/API downloads"
"data\raw\air_quality\openaq\historical\PROJ_186\no2\PROJ_186_12237086_no2_2025_04_p1_20260924T213430.json","409658","0.39","RAW_SOURCE","LOCAL_ONLY","Raw OpenAQ/API downloads"
"data\raw\air_quality\openaq\historical\PROJ_186\no2\PROJ_186_12237086_no2_2025_05_p1_20260924T214307.json","467126","0.45","RAW_SOURCE","LOCAL_ONLY","Raw OpenAQ/API downloads"
"data\raw\air_quality\openaq\historical\PROJ_186\no2\PROJ_186_12237086_no2_2025_06_p1_20260924T215155.json","516448","0.49","RAW_SOURCE","LOCAL_ONLY","Raw OpenAQ/API downloads"
"data\raw\air_quality\openaq\historical\PROJ_186\no2\PROJ_186_12237086_no2_2025_07_p1_20260924T220113.json","537247","0.51","RAW_SOURCE","LOCAL_ONLY","Raw OpenAQ/API downloads"
"data\raw\air_quality\openaq\historical\PROJ_186\no2\PROJ_186_12237086_no2_2025_08_p1_20260924T221003.json","488538","0.47","RAW_SOURCE","LOCAL_ONLY","Raw OpenAQ/API downloads"
"data\raw\air_quality\openaq\historical\PROJ_186\no2\PROJ_186_12237086_no2_2025_09_p1_20260924T221921.json","525066","0.5","RAW_SOURCE","LOCAL_ONLY","Raw OpenAQ/API downloads"
"data\raw\air_quality\openaq\historical\PROJ_186\no2\PROJ_186_12237086_no2_2025_10_p1_20260924T222821.json","581495","0.55","RAW_SOURCE","LOCAL_ONLY","Raw OpenAQ/API downloads"
"data\raw\air_quality\openaq\historical\PROJ_186\no2\PROJ_186_12237086_no2_2025_11_p1_20260924T223731.json","551671","0.53","RAW_SOURCE","LOCAL_ONLY","Raw OpenAQ/API downloads"
"data\raw\air_quality\openaq\historical\PROJ_186\no2\PROJ_186_12237086_no2_2025_12_p1_20260924T224648.json","586919","0.56","RAW_SOURCE","LOCAL_ONLY","Raw OpenAQ/API downloads"
"data\raw\air_quality\openaq\historical\PROJ_186\no2\PROJ_186_12237086_no2_2026_01_p1_20260924T225539.json","406408","0.39","RAW_SOURCE","LOCAL_ONLY","Raw OpenAQ/API downloads"
"data\raw\air_quality\openaq\historical\PROJ_186\no2\PROJ_186_12237086_no2_2026_02_p1_20260924T230422.json","437889","0.42","RAW_SOURCE","LOCAL_ONLY","Raw OpenAQ/API downloads"
"data\raw\air_quality\openaq\historical\PROJ_186\no2\PROJ_186_12237086_no2_2026_03_p1_20260924T231341.json","565392","0.54","RAW_SOURCE","LOCAL_ONLY","Raw OpenAQ/API downloads"
"data\raw\air_quality\openaq\historical\PROJ_186\no2\PROJ_186_12237086_no2_2026_04_p1_20260924T232244.json","491290","0.47","RAW_SOURCE","LOCAL_ONLY","Raw OpenAQ/API downloads"
"data\raw\air_quality\openaq\historical\PROJ_186\no2\PROJ_186_12237086_no2_2026_05_p1_20260924T233149.json","463964","0.44","RAW_SOURCE","LOCAL_ONLY","Raw OpenAQ/API downloads"
"data\raw\air_quality\openaq\historical\PROJ_186\no2\PROJ_186_12237086_no2_2026_06_p1_20260924T234110.json","485636","0.46","RAW_SOURCE","LOCAL_ONLY","Raw OpenAQ/API downloads"
"data\raw\air_quality\openaq\historical\PROJ_186\no2\PROJ_186_12237086_no2_2026_07_p1_20260924T235030.json","557803","0.53","RAW_SOURCE","LOCAL_ONLY","Raw OpenAQ/API downloads"
"data\raw\air_quality\openaq\historical\PROJ_186\no2\PROJ_186_12237086_no2_2026_08_p1_20260924T235924.json","514969","0.49","RAW_SOURCE","LOCAL_ONLY","Raw OpenAQ/API downloads"
"data\raw\air_quality\openaq\historical\PROJ_186\no2\PROJ_186_12237086_no2_2026_09_p1_20260925T000759.json","380314","0.36","RAW_SOURCE","LOCAL_ONLY","Raw OpenAQ/API downloads"
"data\raw\air_quality\openaq\historical\PROJ_186\o3\PROJ_186_12237087_o3_2025_03_p1_20260924T194519.json","595716","0.57","RAW_SOURCE","LOCAL_ONLY","Raw OpenAQ/API downloads"
"data\raw\air_quality\openaq\historical\PROJ_186\o3\PROJ_186_12237087_o3_2025_04_p1_20260924T213435.json","410642","0.39","RAW_SOURCE","LOCAL_ONLY","Raw OpenAQ/API downloads"
"data\raw\air_quality\openaq\historical\PROJ_186\o3\PROJ_186_12237087_o3_2025_05_p1_20260924T214311.json","468963","0.45","RAW_SOURCE","LOCAL_ONLY","Raw OpenAQ/API downloads"
"data\raw\air_quality\openaq\historical\PROJ_186\o3\PROJ_186_12237087_o3_2025_06_p1_20260924T215159.json","517239","0.49","RAW_SOURCE","LOCAL_ONLY","Raw OpenAQ/API downloads"
"data\raw\air_quality\openaq\historical\PROJ_186\o3\PROJ_186_12237087_o3_2025_07_p1_20260924T220118.json","539832","0.51","RAW_SOURCE","LOCAL_ONLY","Raw OpenAQ/API downloads"
"data\raw\air_quality\openaq\historical\PROJ_186\o3\PROJ_186_12237087_o3_2025_08_p1_20260924T221007.json","490177","0.47","RAW_SOURCE","LOCAL_ONLY","Raw OpenAQ/API downloads"
"data\raw\air_quality\openaq\historical\PROJ_186\o3\PROJ_186_12237087_o3_2025_09_p1_20260924T221924.json","526439","0.5","RAW_SOURCE","LOCAL_ONLY","Raw OpenAQ/API downloads"
"data\raw\air_quality\openaq\historical\PROJ_186\o3\PROJ_186_12237087_o3_2025_10_p1_20260924T222826.json","583226","0.56","RAW_SOURCE","LOCAL_ONLY","Raw OpenAQ/API downloads"
"data\raw\air_quality\openaq\historical\PROJ_186\o3\PROJ_186_12237087_o3_2025_11_p1_20260924T223734.json","548935","0.52","RAW_SOURCE","LOCAL_ONLY","Raw OpenAQ/API downloads"
"data\raw\air_quality\openaq\historical\PROJ_186\o3\PROJ_186_12237087_o3_2025_12_p1_20260924T224653.json","581417","0.55","RAW_SOURCE","LOCAL_ONLY","Raw OpenAQ/API downloads"
"data\raw\air_quality\openaq\historical\PROJ_186\o3\PROJ_186_12237087_o3_2026_01_p1_20260924T225544.json","407355","0.39","RAW_SOURCE","LOCAL_ONLY","Raw OpenAQ/API downloads"
"data\raw\air_quality\openaq\historical\PROJ_186\o3\PROJ_186_12237087_o3_2026_02_p1_20260924T230426.json","437730","0.42","RAW_SOURCE","LOCAL_ONLY","Raw OpenAQ/API downloads"
"data\raw\air_quality\openaq\historical\PROJ_186\o3\PROJ_186_12237087_o3_2026_03_p1_20260924T231344.json","566514","0.54","RAW_SOURCE","LOCAL_ONLY","Raw OpenAQ/API downloads"
"data\raw\air_quality\openaq\historical\PROJ_186\o3\PROJ_186_12237087_o3_2026_04_p1_20260924T232249.json","493856","0.47","RAW_SOURCE","LOCAL_ONLY","Raw OpenAQ/API downloads"
"data\raw\air_quality\openaq\historical\PROJ_186\o3\PROJ_186_12237087_o3_2026_05_p1_20260924T233153.json","464779","0.44","RAW_SOURCE","LOCAL_ONLY","Raw OpenAQ/API downloads"
"data\raw\air_quality\openaq\historical\PROJ_186\o3\PROJ_186_12237087_o3_2026_06_p1_20260924T234114.json","488011","0.47","RAW_SOURCE","LOCAL_ONLY","Raw OpenAQ/API downloads"
"data\raw\air_quality\openaq\historical\PROJ_186\o3\PROJ_186_12237087_o3_2026_07_p1_20260924T235034.json","562108","0.54","RAW_SOURCE","LOCAL_ONLY","Raw OpenAQ/API downloads"
"data\raw\air_quality\openaq\historical\PROJ_186\o3\PROJ_186_12237087_o3_2026_08_p1_20260924T235929.json","518524","0.49","RAW_SOURCE","LOCAL_ONLY","Raw OpenAQ/API downloads"
"data\raw\air_quality\openaq\historical\PROJ_186\o3\PROJ_186_12237087_o3_2026_09_p1_20260925T000803.json","381489","0.36","RAW_SOURCE","LOCAL_ONLY","Raw OpenAQ/API downloads"
"data\raw\air_quality\openaq\historical\PROJ_186\pm10\PROJ_186_12237088_pm10_2025_03_p1_20260924T194508.json","589695","0.56","RAW_SOURCE","LOCAL_ONLY","Raw OpenAQ/API downloads"
"data\raw\air_quality\openaq\historical\PROJ_186\pm10\PROJ_186_12237088_pm10_2025_04_p1_20260924T213424.json","406827","0.39","RAW_SOURCE","LOCAL_ONLY","Raw OpenAQ/API downloads"
"data\raw\air_quality\openaq\historical\PROJ_186\pm10\PROJ_186_12237088_pm10_2025_05_p1_20260924T214259.json","464591","0.44","RAW_SOURCE","LOCAL_ONLY","Raw OpenAQ/API downloads"
"data\raw\air_quality\openaq\historical\PROJ_186\pm10\PROJ_186_12237088_pm10_2025_06_p1_20260924T215146.json","512738","0.49","RAW_SOURCE","LOCAL_ONLY","Raw OpenAQ/API downloads"
"data\raw\air_quality\openaq\historical\PROJ_186\pm10\PROJ_186_12237088_pm10_2025_07_p1_20260924T220106.json","534441","0.51","RAW_SOURCE","LOCAL_ONLY","Raw OpenAQ/API downloads"
"data\raw\air_quality\openaq\historical\PROJ_186\pm10\PROJ_186_12237088_pm10_2025_08_p1_20260924T220957.json","486874","0.46","RAW_SOURCE","LOCAL_ONLY","Raw OpenAQ/API downloads"
"data\raw\air_quality\openaq\historical\PROJ_186\pm10\PROJ_186_12237088_pm10_2025_09_p1_20260924T221912.json","522225","0.5","RAW_SOURCE","LOCAL_ONLY","Raw OpenAQ/API downloads"
"data\raw\air_quality\openaq\historical\PROJ_186\pm10\PROJ_186_12237088_pm10_2025_10_p1_20260924T222813.json","578498","0.55","RAW_SOURCE","LOCAL_ONLY","Raw OpenAQ/API downloads"
"data\raw\air_quality\openaq\historical\PROJ_186\pm10\PROJ_186_12237088_pm10_2025_11_p1_20260924T223722.json","545876","0.52","RAW_SOURCE","LOCAL_ONLY","Raw OpenAQ/API downloads"
"data\raw\air_quality\openaq\historical\PROJ_186\pm10\PROJ_186_12237088_pm10_2025_12_p1_20260924T224641.json","585506","0.56","RAW_SOURCE","LOCAL_ONLY","Raw OpenAQ/API downloads"
"data\raw\air_quality\openaq\historical\PROJ_186\pm10\PROJ_186_12237088_pm10_2026_01_p1_20260924T225532.json","402070","0.38","RAW_SOURCE","LOCAL_ONLY","Raw OpenAQ/API downloads"
"data\raw\air_quality\openaq\historical\PROJ_186\pm10\PROJ_186_12237088_pm10_2026_02_p1_20260924T230415.json","433271","0.41","RAW_SOURCE","LOCAL_ONLY","Raw OpenAQ/API downloads"
"data\raw\air_quality\openaq\historical\PROJ_186\pm10\PROJ_186_12237088_pm10_2026_03_p1_20260924T231331.json","559652","0.53","RAW_SOURCE","LOCAL_ONLY","Raw OpenAQ/API downloads"
"data\raw\air_quality\openaq\historical\PROJ_186\pm10\PROJ_186_12237088_pm10_2026_04_p1_20260924T232237.json","487438","0.46","RAW_SOURCE","LOCAL_ONLY","Raw OpenAQ/API downloads"
"data\raw\air_quality\openaq\historical\PROJ_186\pm10\PROJ_186_12237088_pm10_2026_05_p1_20260924T233141.json","459353","0.44","RAW_SOURCE","LOCAL_ONLY","Raw OpenAQ/API downloads"
"data\raw\air_quality\openaq\historical\PROJ_186\pm10\PROJ_186_12237088_pm10_2026_06_p1_20260924T234104.json","482252","0.46","RAW_SOURCE","LOCAL_ONLY","Raw OpenAQ/API downloads"
"data\raw\air_quality\openaq\historical\PROJ_186\pm10\PROJ_186_12237088_pm10_2026_07_p1_20260924T235021.json","545916","0.52","RAW_SOURCE","LOCAL_ONLY","Raw OpenAQ/API downloads"
"data\raw\air_quality\openaq\historical\PROJ_186\pm10\PROJ_186_12237088_pm10_2026_08_p1_20260924T235916.json","504344","0.48","RAW_SOURCE","LOCAL_ONLY","Raw OpenAQ/API downloads"
"data\raw\air_quality\openaq\historical\PROJ_186\pm10\PROJ_186_12237088_pm10_2026_09_p1_20260925T000750.json","355114","0.34","RAW_SOURCE","LOCAL_ONLY","Raw OpenAQ/API downloads"
"data\raw\air_quality\openaq\historical\PROJ_186\pm2_5\PROJ_186_12237089_pm2_5_2025_03_p1_20260924T194512.json","589408","0.56","RAW_SOURCE","LOCAL_ONLY","Raw OpenAQ/API downloads"
"data\raw\air_quality\openaq\historical\PROJ_186\pm2_5\PROJ_186_12237089_pm2_5_2025_04_p1_20260924T213427.json","407294","0.39","RAW_SOURCE","LOCAL_ONLY","Raw OpenAQ/API downloads"
"data\raw\air_quality\openaq\historical\PROJ_186\pm2_5\PROJ_186_12237089_pm2_5_2025_05_p1_20260924T214303.json","465766","0.44","RAW_SOURCE","LOCAL_ONLY","Raw OpenAQ/API downloads"
"data\raw\air_quality\openaq\historical\PROJ_186\pm2_5\PROJ_186_12237089_pm2_5_2025_06_p1_20260924T215150.json","514380","0.49","RAW_SOURCE","LOCAL_ONLY","Raw OpenAQ/API downloads"
"data\raw\air_quality\openaq\historical\PROJ_186\pm2_5\PROJ_186_12237089_pm2_5_2025_07_p1_20260924T220110.json","536624","0.51","RAW_SOURCE","LOCAL_ONLY","Raw OpenAQ/API downloads"
"data\raw\air_quality\openaq\historical\PROJ_186\pm2_5\PROJ_186_12237089_pm2_5_2025_08_p1_20260924T221000.json","487457","0.46","RAW_SOURCE","LOCAL_ONLY","Raw OpenAQ/API downloads"
"data\raw\air_quality\openaq\historical\PROJ_186\pm2_5\PROJ_186_12237089_pm2_5_2025_09_p1_20260924T221917.json","523292","0.5","RAW_SOURCE","LOCAL_ONLY","Raw OpenAQ/API downloads"
"data\raw\air_quality\openaq\historical\PROJ_186\pm2_5\PROJ_186_12237089_pm2_5_2025_10_p1_20260924T222817.json","578575","0.55","RAW_SOURCE","LOCAL_ONLY","Raw OpenAQ/API downloads"
"data\raw\air_quality\openaq\historical\PROJ_186\pm2_5\PROJ_186_12237089_pm2_5_2025_11_p1_20260924T223727.json","546061","0.52","RAW_SOURCE","LOCAL_ONLY","Raw OpenAQ/API downloads"
"data\raw\air_quality\openaq\historical\PROJ_186\pm2_5\PROJ_186_12237089_pm2_5_2025_12_p1_20260924T224644.json","585762","0.56","RAW_SOURCE","LOCAL_ONLY","Raw OpenAQ/API downloads"
"data\raw\air_quality\openaq\historical\PROJ_186\pm2_5\PROJ_186_12237089_pm2_5_2026_01_p1_20260924T225536.json","402322","0.38","RAW_SOURCE","LOCAL_ONLY","Raw OpenAQ/API downloads"
"data\raw\air_quality\openaq\historical\PROJ_186\pm2_5\PROJ_186_12237089_pm2_5_2026_02_p1_20260924T230419.json","433440","0.41","RAW_SOURCE","LOCAL_ONLY","Raw OpenAQ/API downloads"
"data\raw\air_quality\openaq\historical\PROJ_186\pm2_5\PROJ_186_12237089_pm2_5_2026_03_p1_20260924T231336.json","559455","0.53","RAW_SOURCE","LOCAL_ONLY","Raw OpenAQ/API downloads"
"data\raw\air_quality\openaq\historical\PROJ_186\pm2_5\PROJ_186_12237089_pm2_5_2026_04_p1_20260924T232241.json","486985","0.46","RAW_SOURCE","LOCAL_ONLY","Raw OpenAQ/API downloads"
"data\raw\air_quality\openaq\historical\PROJ_186\pm2_5\PROJ_186_12237089_pm2_5_2026_05_p1_20260924T233144.json","459761","0.44","RAW_SOURCE","LOCAL_ONLY","Raw OpenAQ/API downloads"
"data\raw\air_quality\openaq\historical\PROJ_186\pm2_5\PROJ_186_12237089_pm2_5_2026_06_p1_20260924T234107.json","481864","0.46","RAW_SOURCE","LOCAL_ONLY","Raw OpenAQ/API downloads"
"data\raw\air_quality\openaq\historical\PROJ_186\pm2_5\PROJ_186_12237089_pm2_5_2026_07_p1_20260924T235025.json","543372","0.52","RAW_SOURCE","LOCAL_ONLY","Raw OpenAQ/API downloads"
"data\raw\air_quality\openaq\historical\PROJ_186\pm2_5\PROJ_186_12237089_pm2_5_2026_08_p1_20260924T235921.json","504428","0.48","RAW_SOURCE","LOCAL_ONLY","Raw OpenAQ/API downloads"
"data\raw\air_quality\openaq\historical\PROJ_186\pm2_5\PROJ_186_12237089_pm2_5_2026_09_p1_20260925T000755.json","353669","0.34","RAW_SOURCE","LOCAL_ONLY","Raw OpenAQ/API downloads"
"data\raw\air_quality\openaq\historical\PROJ_186\so2\PROJ_186_12237091_so2_2025_03_p1_20260924T194504.json","596256","0.57","RAW_SOURCE","LOCAL_ONLY","Raw OpenAQ/API downloads"
"data\raw\air_quality\openaq\historical\PROJ_186\so2\PROJ_186_12237091_so2_2025_04_p1_20260924T213421.json","409219","0.39","RAW_SOURCE","LOCAL_ONLY","Raw OpenAQ/API downloads"
"data\raw\air_quality\openaq\historical\PROJ_186\so2\PROJ_186_12237091_so2_2025_05_p1_20260924T214253.json","469003","0.45","RAW_SOURCE","LOCAL_ONLY","Raw OpenAQ/API downloads"
"data\raw\air_quality\openaq\historical\PROJ_186\so2\PROJ_186_12237091_so2_2025_06_p1_20260924T215142.json","516472","0.49","RAW_SOURCE","LOCAL_ONLY","Raw OpenAQ/API downloads"
"data\raw\air_quality\openaq\historical\PROJ_186\so2\PROJ_186_12237091_so2_2025_07_p1_20260924T220103.json","536345","0.51","RAW_SOURCE","LOCAL_ONLY","Raw OpenAQ/API downloads"
"data\raw\air_quality\openaq\historical\PROJ_186\so2\PROJ_186_12237091_so2_2025_08_p1_20260924T220952.json","489601","0.47","RAW_SOURCE","LOCAL_ONLY","Raw OpenAQ/API downloads"
"data\raw\air_quality\openaq\historical\PROJ_186\so2\PROJ_186_12237091_so2_2025_09_p1_20260924T221908.json","526248","0.5","RAW_SOURCE","LOCAL_ONLY","Raw OpenAQ/API downloads"
"data\raw\air_quality\openaq\historical\PROJ_186\so2\PROJ_186_12237091_so2_2025_10_p1_20260924T222808.json","583428","0.56","RAW_SOURCE","LOCAL_ONLY","Raw OpenAQ/API downloads"
"data\raw\air_quality\openaq\historical\PROJ_186\so2\PROJ_186_12237091_so2_2025_11_p1_20260924T223717.json","551779","0.53","RAW_SOURCE","LOCAL_ONLY","Raw OpenAQ/API downloads"
"data\raw\air_quality\openaq\historical\PROJ_186\so2\PROJ_186_12237091_so2_2025_12_p1_20260924T224636.json","591362","0.56","RAW_SOURCE","LOCAL_ONLY","Raw OpenAQ/API downloads"
"data\raw\air_quality\openaq\historical\PROJ_186\so2\PROJ_186_12237091_so2_2026_01_p1_20260924T225526.json","406503","0.39","RAW_SOURCE","LOCAL_ONLY","Raw OpenAQ/API downloads"
"data\raw\air_quality\openaq\historical\PROJ_186\so2\PROJ_186_12237091_so2_2026_02_p1_20260924T230411.json","437428","0.42","RAW_SOURCE","LOCAL_ONLY","Raw OpenAQ/API downloads"
"data\raw\air_quality\openaq\historical\PROJ_186\so2\PROJ_186_12237091_so2_2026_03_p1_20260924T231327.json","565772","0.54","RAW_SOURCE","LOCAL_ONLY","Raw OpenAQ/API downloads"
"data\raw\air_quality\openaq\historical\PROJ_186\so2\PROJ_186_12237091_so2_2026_04_p1_20260924T232234.json","492728","0.47","RAW_SOURCE","LOCAL_ONLY","Raw OpenAQ/API downloads"
"data\raw\air_quality\openaq\historical\PROJ_186\so2\PROJ_186_12237091_so2_2026_05_p1_20260924T233137.json","463488","0.44","RAW_SOURCE","LOCAL_ONLY","Raw OpenAQ/API downloads"
"data\raw\air_quality\openaq\historical\PROJ_186\so2\PROJ_186_12237091_so2_2026_06_p1_20260924T234059.json","485068","0.46","RAW_SOURCE","LOCAL_ONLY","Raw OpenAQ/API downloads"
"data\raw\air_quality\openaq\historical\PROJ_186\so2\PROJ_186_12237091_so2_2026_07_p1_20260924T235017.json","557721","0.53","RAW_SOURCE","LOCAL_ONLY","Raw OpenAQ/API downloads"
"data\raw\air_quality\openaq\historical\PROJ_186\so2\PROJ_186_12237091_so2_2026_08_p1_20260924T235912.json","512682","0.49","RAW_SOURCE","LOCAL_ONLY","Raw OpenAQ/API downloads"
"data\raw\air_quality\openaq\historical\PROJ_186\so2\PROJ_186_12237091_so2_2026_09_p1_20260925T000747.json","377353","0.36","RAW_SOURCE","LOCAL_ONLY","Raw OpenAQ/API downloads"
"data\raw\air_quality\openaq\historical_alternate_pilot\PROJ_094\co\PROJ_094_12235882_co_2025_03_p1_20260924T203651.json","600371","0.57","RAW_SOURCE","LOCAL_ONLY","Raw OpenAQ/API downloads"
"data\raw\air_quality\openaq\historical_alternate_pilot\PROJ_094\no2\PROJ_094_12235884_no2_2025_03_p1_20260924T203643.json","606003","0.58","RAW_SOURCE","LOCAL_ONLY","Raw OpenAQ/API downloads"
"data\raw\air_quality\openaq\historical_alternate_pilot\PROJ_094\o3\PROJ_094_12235885_o3_2025_03_p1_20260924T203635.json","607640","0.58","RAW_SOURCE","LOCAL_ONLY","Raw OpenAQ/API downloads"
"data\raw\air_quality\openaq\historical_alternate_pilot\PROJ_094\pm10\PROJ_094_12235886_pm10_2025_03_p1_20260924T203647.json","601719","0.57","RAW_SOURCE","LOCAL_ONLY","Raw OpenAQ/API downloads"
"data\raw\air_quality\openaq\historical_alternate_pilot\PROJ_094\pm2_5\PROJ_094_12235887_pm2_5_2025_03_p1_20260924T203654.json","599032","0.57","RAW_SOURCE","LOCAL_ONLY","Raw OpenAQ/API downloads"
"data\raw\air_quality\openaq\historical_alternate_pilot\PROJ_094\so2\PROJ_094_12235889_so2_2025_03_p1_20260924T203639.json","603320","0.58","RAW_SOURCE","LOCAL_ONLY","Raw OpenAQ/API downloads"
"data\raw\air_quality\openaq\historical_alternate_pilot\PROJ_135\co\PROJ_135_12235675_co_2025_03_p1_20260924T203658.json","602453","0.57","RAW_SOURCE","LOCAL_ONLY","Raw OpenAQ/API downloads"
"data\raw\air_quality\openaq\historical_alternate_pilot\PROJ_135\no2\PROJ_135_12235677_no2_2025_03_p1_20260924T203701.json","603889","0.58","RAW_SOURCE","LOCAL_ONLY","Raw OpenAQ/API downloads"
"data\raw\air_quality\openaq\historical_alternate_pilot\PROJ_135\o3\PROJ_135_12235678_o3_2025_03_p1_20260924T203709.json","604478","0.58","RAW_SOURCE","LOCAL_ONLY","Raw OpenAQ/API downloads"
"data\raw\air_quality\openaq\historical_alternate_pilot\PROJ_135\pm10\PROJ_135_12235679_pm10_2025_03_p1_20260924T203705.json","594894","0.57","RAW_SOURCE","LOCAL_ONLY","Raw OpenAQ/API downloads"
"data\raw\air_quality\openaq\historical_alternate_pilot\PROJ_135\pm2_5\PROJ_135_12235680_pm2_5_2025_03_p1_20260924T203716.json","592580","0.57","RAW_SOURCE","LOCAL_ONLY","Raw OpenAQ/API downloads"
"data\raw\air_quality\openaq\historical_alternate_pilot\PROJ_135\so2\PROJ_135_12235682_so2_2025_03_p1_20260924T203712.json","599439","0.57","RAW_SOURCE","LOCAL_ONLY","Raw OpenAQ/API downloads"
"data\raw\air_quality\openaq\unit_audit\sensor_12234782_audit.json","110147","0.11","RAW_SOURCE","LOCAL_ONLY","Raw OpenAQ/API downloads"
"data\raw\air_quality\openaq\unit_audit\sensor_12234784_audit.json","110809","0.11","RAW_SOURCE","LOCAL_ONLY","Raw OpenAQ/API downloads"
"data\raw\air_quality\openaq\unit_audit\sensor_12234785_audit.json","111103","0.11","RAW_SOURCE","LOCAL_ONLY","Raw OpenAQ/API downloads"
"data\raw\air_quality\openaq\unit_audit\sensor_12234789_audit.json","111026","0.11","RAW_SOURCE","LOCAL_ONLY","Raw OpenAQ/API downloads"
"data\raw\air_quality\openaq\unit_audit\sensor_12234800_audit.json","133289","0.13","RAW_SOURCE","LOCAL_ONLY","Raw OpenAQ/API downloads"
"data\raw\air_quality\openaq\unit_audit\sensor_12234802_audit.json","131309","0.13","RAW_SOURCE","LOCAL_ONLY","Raw OpenAQ/API downloads"
"data\raw\air_quality\openaq\unit_audit\sensor_12234803_audit.json","134996","0.13","RAW_SOURCE","LOCAL_ONLY","Raw OpenAQ/API downloads"
"data\raw\air_quality\openaq\unit_audit\sensor_12234807_audit.json","133102","0.13","RAW_SOURCE","LOCAL_ONLY","Raw OpenAQ/API downloads"
"data\raw\air_quality\openaq\unit_audit\sensor_12235262_audit.json","138624","0.13","RAW_SOURCE","LOCAL_ONLY","Raw OpenAQ/API downloads"
"data\raw\air_quality\openaq\unit_audit\sensor_12235264_audit.json","134475","0.13","RAW_SOURCE","LOCAL_ONLY","Raw OpenAQ/API downloads"
"data\raw\air_quality\openaq\unit_audit\sensor_12235265_audit.json","141040","0.13","RAW_SOURCE","LOCAL_ONLY","Raw OpenAQ/API downloads"
"data\raw\air_quality\openaq\unit_audit\sensor_12235269_audit.json","138438","0.13","RAW_SOURCE","LOCAL_ONLY","Raw OpenAQ/API downloads"
"data\raw\air_quality\openaq\unit_audit\sensor_12235395_audit.json","134037","0.13","RAW_SOURCE","LOCAL_ONLY","Raw OpenAQ/API downloads"
"data\raw\air_quality\openaq\unit_audit\sensor_12235397_audit.json","134111","0.13","RAW_SOURCE","LOCAL_ONLY","Raw OpenAQ/API downloads"
"data\raw\air_quality\openaq\unit_audit\sensor_12235398_audit.json","134612","0.13","RAW_SOURCE","LOCAL_ONLY","Raw OpenAQ/API downloads"
"data\raw\air_quality\openaq\unit_audit\sensor_12235402_audit.json","133153","0.13","RAW_SOURCE","LOCAL_ONLY","Raw OpenAQ/API downloads"
"data\raw\air_quality\openaq\unit_audit\sensor_12235455_audit.json","134450","0.13","RAW_SOURCE","LOCAL_ONLY","Raw OpenAQ/API downloads"
"data\raw\air_quality\openaq\unit_audit\sensor_12235457_audit.json","137694","0.13","RAW_SOURCE","LOCAL_ONLY","Raw OpenAQ/API downloads"
"data\raw\air_quality\openaq\unit_audit\sensor_12235458_audit.json","137288","0.13","RAW_SOURCE","LOCAL_ONLY","Raw OpenAQ/API downloads"
"data\raw\air_quality\openaq\unit_audit\sensor_12235462_audit.json","135598","0.13","RAW_SOURCE","LOCAL_ONLY","Raw OpenAQ/API downloads"
"data\raw\air_quality\openaq\unit_audit\sensor_12235517_audit.json","141092","0.13","RAW_SOURCE","LOCAL_ONLY","Raw OpenAQ/API downloads"
"data\raw\air_quality\openaq\unit_audit\sensor_12235519_audit.json","141527","0.13","RAW_SOURCE","LOCAL_ONLY","Raw OpenAQ/API downloads"
"data\raw\air_quality\openaq\unit_audit\sensor_12235520_audit.json","141801","0.14","RAW_SOURCE","LOCAL_ONLY","Raw OpenAQ/API downloads"
"data\raw\air_quality\openaq\unit_audit\sensor_12235524_audit.json","140901","0.13","RAW_SOURCE","LOCAL_ONLY","Raw OpenAQ/API downloads"
"data\raw\air_quality\openaq\unit_audit\sensor_12235578_audit.json","140255","0.13","RAW_SOURCE","LOCAL_ONLY","Raw OpenAQ/API downloads"
"data\raw\air_quality\openaq\unit_audit\sensor_12235580_audit.json","140661","0.13","RAW_SOURCE","LOCAL_ONLY","Raw OpenAQ/API downloads"
"data\raw\air_quality\openaq\unit_audit\sensor_12235581_audit.json","140595","0.13","RAW_SOURCE","LOCAL_ONLY","Raw OpenAQ/API downloads"
"data\raw\air_quality\openaq\unit_audit\sensor_12235585_audit.json","139003","0.13","RAW_SOURCE","LOCAL_ONLY","Raw OpenAQ/API downloads"
"data\raw\air_quality\openaq\unit_audit\sensor_12235621_audit.json","140233","0.13","RAW_SOURCE","LOCAL_ONLY","Raw OpenAQ/API downloads"
"data\raw\air_quality\openaq\unit_audit\sensor_12235623_audit.json","141220","0.13","RAW_SOURCE","LOCAL_ONLY","Raw OpenAQ/API downloads"
"data\raw\air_quality\openaq\unit_audit\sensor_12235624_audit.json","141361","0.13","RAW_SOURCE","LOCAL_ONLY","Raw OpenAQ/API downloads"
"data\raw\air_quality\openaq\unit_audit\sensor_12235628_audit.json","140961","0.13","RAW_SOURCE","LOCAL_ONLY","Raw OpenAQ/API downloads"
"data\raw\air_quality\openaq\unit_audit\sensor_12235648_audit.json","113433","0.11","RAW_SOURCE","LOCAL_ONLY","Raw OpenAQ/API downloads"
"data\raw\air_quality\openaq\unit_audit\sensor_12235650_audit.json","113783","0.11","RAW_SOURCE","LOCAL_ONLY","Raw OpenAQ/API downloads"
"data\raw\air_quality\openaq\unit_audit\sensor_12235651_audit.json","114130","0.11","RAW_SOURCE","LOCAL_ONLY","Raw OpenAQ/API downloads"
"data\raw\air_quality\openaq\unit_audit\sensor_12235655_audit.json","113702","0.11","RAW_SOURCE","LOCAL_ONLY","Raw OpenAQ/API downloads"
"data\raw\air_quality\openaq\unit_audit\sensor_12235666_audit.json","139628","0.13","RAW_SOURCE","LOCAL_ONLY","Raw OpenAQ/API downloads"
"data\raw\air_quality\openaq\unit_audit\sensor_12235668_audit.json","141024","0.13","RAW_SOURCE","LOCAL_ONLY","Raw OpenAQ/API downloads"
"data\raw\air_quality\openaq\unit_audit\sensor_12235669_audit.json","140752","0.13","RAW_SOURCE","LOCAL_ONLY","Raw OpenAQ/API downloads"
"data\raw\air_quality\openaq\unit_audit\sensor_12235673_audit.json","141391","0.13","RAW_SOURCE","LOCAL_ONLY","Raw OpenAQ/API downloads"
"data\raw\air_quality\openaq\unit_audit\sensor_12235756_audit.json","132660","0.13","RAW_SOURCE","LOCAL_ONLY","Raw OpenAQ/API downloads"
"data\raw\air_quality\openaq\unit_audit\sensor_12235758_audit.json","132749","0.13","RAW_SOURCE","LOCAL_ONLY","Raw OpenAQ/API downloads"
"data\raw\air_quality\openaq\unit_audit\sensor_12235759_audit.json","133608","0.13","RAW_SOURCE","LOCAL_ONLY","Raw OpenAQ/API downloads"
"data\raw\air_quality\openaq\unit_audit\sensor_12235763_audit.json","134106","0.13","RAW_SOURCE","LOCAL_ONLY","Raw OpenAQ/API downloads"
"data\raw\air_quality\openaq\unit_audit\sensor_12235829_audit.json","114884","0.11","RAW_SOURCE","LOCAL_ONLY","Raw OpenAQ/API downloads"
"data\raw\air_quality\openaq\unit_audit\sensor_12235831_audit.json","124317","0.12","RAW_SOURCE","LOCAL_ONLY","Raw OpenAQ/API downloads"
"data\raw\air_quality\openaq\unit_audit\sensor_12235832_audit.json","116554","0.11","RAW_SOURCE","LOCAL_ONLY","Raw OpenAQ/API downloads"
"data\raw\air_quality\openaq\unit_audit\sensor_12235882_audit.json","139525","0.13","RAW_SOURCE","LOCAL_ONLY","Raw OpenAQ/API downloads"
"data\raw\air_quality\openaq\unit_audit\sensor_12235884_audit.json","140825","0.13","RAW_SOURCE","LOCAL_ONLY","Raw OpenAQ/API downloads"
"data\raw\air_quality\openaq\unit_audit\sensor_12235885_audit.json","141178","0.13","RAW_SOURCE","LOCAL_ONLY","Raw OpenAQ/API downloads"
"data\raw\air_quality\openaq\unit_audit\sensor_12235889_audit.json","139860","0.13","RAW_SOURCE","LOCAL_ONLY","Raw OpenAQ/API downloads"
"data\raw\air_quality\openaq\unit_audit\sensor_12236016_audit.json","132723","0.13","RAW_SOURCE","LOCAL_ONLY","Raw OpenAQ/API downloads"
"data\raw\air_quality\openaq\unit_audit\sensor_12236018_audit.json","137664","0.13","RAW_SOURCE","LOCAL_ONLY","Raw OpenAQ/API downloads"
"data\raw\air_quality\openaq\unit_audit\sensor_12236019_audit.json","135853","0.13","RAW_SOURCE","LOCAL_ONLY","Raw OpenAQ/API downloads"
"data\raw\air_quality\openaq\unit_audit\sensor_12236023_audit.json","137577","0.13","RAW_SOURCE","LOCAL_ONLY","Raw OpenAQ/API downloads"
"data\raw\air_quality\openaq\unit_audit\sensor_12236097_audit.json","141558","0.14","RAW_SOURCE","LOCAL_ONLY","Raw OpenAQ/API downloads"
"data\raw\air_quality\openaq\unit_audit\sensor_12236099_audit.json","141570","0.14","RAW_SOURCE","LOCAL_ONLY","Raw OpenAQ/API downloads"
"data\raw\air_quality\openaq\unit_audit\sensor_12236100_audit.json","141673","0.14","RAW_SOURCE","LOCAL_ONLY","Raw OpenAQ/API downloads"
"data\raw\air_quality\openaq\unit_audit\sensor_12236104_audit.json","140733","0.13","RAW_SOURCE","LOCAL_ONLY","Raw OpenAQ/API downloads"
"data\raw\air_quality\openaq\unit_audit\sensor_12236458_audit.json","133506","0.13","RAW_SOURCE","LOCAL_ONLY","Raw OpenAQ/API downloads"
"data\raw\air_quality\openaq\unit_audit\sensor_12236460_audit.json","135413","0.13","RAW_SOURCE","LOCAL_ONLY","Raw OpenAQ/API downloads"
"data\raw\air_quality\openaq\unit_audit\sensor_12236461_audit.json","134730","0.13","RAW_SOURCE","LOCAL_ONLY","Raw OpenAQ/API downloads"
"data\raw\air_quality\openaq\unit_audit\sensor_12236465_audit.json","134765","0.13","RAW_SOURCE","LOCAL_ONLY","Raw OpenAQ/API downloads"
"data\raw\air_quality\openaq\unit_audit\sensor_12237084_audit.json","139373","0.13","RAW_SOURCE","LOCAL_ONLY","Raw OpenAQ/API downloads"
"data\raw\air_quality\openaq\unit_audit\sensor_12237086_audit.json","140249","0.13","RAW_SOURCE","LOCAL_ONLY","Raw OpenAQ/API downloads"
"data\raw\air_quality\openaq\unit_audit\sensor_12237087_audit.json","140259","0.13","RAW_SOURCE","LOCAL_ONLY","Raw OpenAQ/API downloads"
"data\raw\air_quality\openaq\unit_audit\sensor_12237091_audit.json","140793","0.13","RAW_SOURCE","LOCAL_ONLY","Raw OpenAQ/API downloads"
"data\raw\air_quality\openaq\unit_audit\sensor_12237093_audit.json","132861","0.13","RAW_SOURCE","LOCAL_ONLY","Raw OpenAQ/API downloads"
"data\raw\air_quality\openaq\unit_audit\sensor_12237095_audit.json","133134","0.13","RAW_SOURCE","LOCAL_ONLY","Raw OpenAQ/API downloads"
"data\raw\air_quality\openaq\unit_audit\sensor_12237096_audit.json","133394","0.13","RAW_SOURCE","LOCAL_ONLY","Raw OpenAQ/API downloads"
"data\raw\air_quality\openaq\unit_audit\sensor_12237100_audit.json","130420","0.12","RAW_SOURCE","LOCAL_ONLY","Raw OpenAQ/API downloads"
"data\raw\air_quality\openaq\unit_audit\sensor_12237111_audit.json","140311","0.13","RAW_SOURCE","LOCAL_ONLY","Raw OpenAQ/API downloads"
"data\raw\air_quality\openaq\unit_audit\sensor_12237113_audit.json","141625","0.14","RAW_SOURCE","LOCAL_ONLY","Raw OpenAQ/API downloads"
"data\raw\air_quality\openaq\unit_audit\sensor_12237114_audit.json","141910","0.14","RAW_SOURCE","LOCAL_ONLY","Raw OpenAQ/API downloads"
"data\raw\air_quality\openaq\unit_audit\sensor_12237118_audit.json","141731","0.14","RAW_SOURCE","LOCAL_ONLY","Raw OpenAQ/API downloads"
"data\raw\air_quality\openaq\unit_audit\sensor_12237120_audit.json","134819","0.13","RAW_SOURCE","LOCAL_ONLY","Raw OpenAQ/API downloads"
"data\raw\air_quality\openaq\unit_audit\sensor_12237122_audit.json","135724","0.13","RAW_SOURCE","LOCAL_ONLY","Raw OpenAQ/API downloads"
"data\raw\air_quality\openaq\unit_audit\sensor_12237123_audit.json","136818","0.13","RAW_SOURCE","LOCAL_ONLY","Raw OpenAQ/API downloads"
"data\raw\air_quality\openaq\unit_audit\sensor_12237127_audit.json","135314","0.13","RAW_SOURCE","LOCAL_ONLY","Raw OpenAQ/API downloads"
"data\raw\air_quality\openaq\unit_audit\sensor_12242116_audit.json","139249","0.13","RAW_SOURCE","LOCAL_ONLY","Raw OpenAQ/API downloads"
"data\raw\air_quality\openaq\unit_audit\sensor_12242118_audit.json","139375","0.13","RAW_SOURCE","LOCAL_ONLY","Raw OpenAQ/API downloads"
"data\raw\air_quality\openaq\unit_audit\sensor_12242119_audit.json","139451","0.13","RAW_SOURCE","LOCAL_ONLY","Raw OpenAQ/API downloads"
"data\raw\air_quality\openaq\unit_audit\sensor_12242123_audit.json","138682","0.13","RAW_SOURCE","LOCAL_ONLY","Raw OpenAQ/API downloads"
"data\raw\air_quality\openaq\unit_audit\sensor_12289836_audit.json","118984","0.11","RAW_SOURCE","LOCAL_ONLY","Raw OpenAQ/API downloads"
"data\raw\reference\kaggle\.gitkeep","41","0","RAW_SOURCE","LOCAL_ONLY","Raw OpenAQ/API downloads"
"data\raw\weather\openmeteo\.gitkeep","42","0","RAW_SOURCE","LOCAL_ONLY","Raw OpenAQ/API downloads"
"data\raw\weather\openmeteo\raw_PROJ_002_2026-09-15_2026-09-21_retrieved_20260924T175358.json","6400","0.01","RAW_SOURCE","LOCAL_ONLY","Raw OpenAQ/API downloads"
"data\raw\weather\openmeteo\raw_PROJ_007_2026-09-15_2026-09-21_retrieved_20260924T175357.json","6453","0.01","RAW_SOURCE","LOCAL_ONLY","Raw OpenAQ/API downloads"
"data\raw\weather\openmeteo\historical\PROJ_002_weather_2025-04-01_to_2026-09-21_20260924T212554.json","463398","0.44","RAW_SOURCE","LOCAL_ONLY","Raw OpenAQ/API downloads"
"data\raw\weather\openmeteo\historical\PROJ_007_weather_2025-04-01_to_2026-09-21_20260924T212557.json","463910","0.44","RAW_SOURCE","LOCAL_ONLY","Raw OpenAQ/API downloads"
"data\raw\weather\openmeteo\historical\PROJ_019_weather_2025-04-01_to_2026-09-21_20260924T212559.json","462891","0.44","RAW_SOURCE","LOCAL_ONLY","Raw OpenAQ/API downloads"
"data\raw\weather\openmeteo\historical\PROJ_036_weather_2025-04-01_to_2026-09-21_20260924T212602.json","463211","0.44","RAW_SOURCE","LOCAL_ONLY","Raw OpenAQ/API downloads"
"data\raw\weather\openmeteo\historical\PROJ_042_weather_2025-04-01_to_2026-09-21_20260924T212605.json","463054","0.44","RAW_SOURCE","LOCAL_ONLY","Raw OpenAQ/API downloads"
"data\raw\weather\openmeteo\historical\PROJ_044_weather_2025-04-01_to_2026-09-21_20260924T212607.json","463624","0.44","RAW_SOURCE","LOCAL_ONLY","Raw OpenAQ/API downloads"
"data\raw\weather\openmeteo\historical\PROJ_048_weather_2025-04-01_to_2026-09-21_20260924T212609.json","463408","0.44","RAW_SOURCE","LOCAL_ONLY","Raw OpenAQ/API downloads"
"data\raw\weather\openmeteo\historical\PROJ_050_weather_2025-04-01_to_2026-09-21_20260924T212612.json","463145","0.44","RAW_SOURCE","LOCAL_ONLY","Raw OpenAQ/API downloads"
"data\raw\weather\openmeteo\historical\PROJ_051_weather_2025-04-01_to_2026-09-21_20260924T212615.json","461914","0.44","RAW_SOURCE","LOCAL_ONLY","Raw OpenAQ/API downloads"
"data\raw\weather\openmeteo\historical\PROJ_063_weather_2025-04-01_to_2026-09-21_20260924T212617.json","462444","0.44","RAW_SOURCE","LOCAL_ONLY","Raw OpenAQ/API downloads"
"data\raw\weather\openmeteo\historical\PROJ_092_weather_2025-04-01_to_2026-09-21_20260924T212619.json","463740","0.44","RAW_SOURCE","LOCAL_ONLY","Raw OpenAQ/API downloads"
"data\raw\weather\openmeteo\historical\PROJ_094_weather_2025-04-01_to_2026-09-21_20260924T212643.json","463575","0.44","RAW_SOURCE","LOCAL_ONLY","Raw OpenAQ/API downloads"
"data\raw\weather\openmeteo\historical\PROJ_101_weather_2025-04-01_to_2026-09-21_20260924T212621.json","462547","0.44","RAW_SOURCE","LOCAL_ONLY","Raw OpenAQ/API downloads"
"data\raw\weather\openmeteo\historical\PROJ_133_weather_2025-04-01_to_2026-09-21_20260924T212624.json","461282","0.44","RAW_SOURCE","LOCAL_ONLY","Raw OpenAQ/API downloads"
"data\raw\weather\openmeteo\historical\PROJ_142_weather_2025-04-01_to_2026-09-21_20260924T212626.json","461655","0.44","RAW_SOURCE","LOCAL_ONLY","Raw OpenAQ/API downloads"
"data\raw\weather\openmeteo\historical\PROJ_144_weather_2025-04-01_to_2026-09-21_20260924T212629.json","462915","0.44","RAW_SOURCE","LOCAL_ONLY","Raw OpenAQ/API downloads"
"data\raw\weather\openmeteo\historical\PROJ_158_weather_2025-04-01_to_2026-09-21_20260924T212632.json","463651","0.44","RAW_SOURCE","LOCAL_ONLY","Raw OpenAQ/API downloads"
"data\raw\weather\openmeteo\historical\PROJ_179_weather_2025-04-01_to_2026-09-21_20260924T212634.json","462949","0.44","RAW_SOURCE","LOCAL_ONLY","Raw OpenAQ/API downloads"
"data\raw\weather\openmeteo\historical\PROJ_180_weather_2025-04-01_to_2026-09-21_20260924T212636.json","462976","0.44","RAW_SOURCE","LOCAL_ONLY","Raw OpenAQ/API downloads"
"data\raw\weather\openmeteo\historical\PROJ_181_weather_2025-04-01_to_2026-09-21_20260924T212639.json","463616","0.44","RAW_SOURCE","LOCAL_ONLY","Raw OpenAQ/API downloads"
"data\raw\weather\openmeteo\historical\PROJ_186_weather_2025-04-01_to_2026-09-21_20260924T212641.json","463156","0.44","RAW_SOURCE","LOCAL_ONLY","Raw OpenAQ/API downloads"
"data\raw\weather\openmeteo\historical\PROJ_002\PROJ_002_weather_2025_03_20260924T194536.json","27105","0.03","RAW_SOURCE","LOCAL_ONLY","Raw OpenAQ/API downloads"
"data\raw\weather\openmeteo\historical\PROJ_007\PROJ_007_weather_2025_03_20260924T194537.json","27070","0.03","RAW_SOURCE","LOCAL_ONLY","Raw OpenAQ/API downloads"
"data\raw\weather\openmeteo\historical\PROJ_019\PROJ_019_weather_2025_03_20260924T194539.json","27085","0.03","RAW_SOURCE","LOCAL_ONLY","Raw OpenAQ/API downloads"
"data\raw\weather\openmeteo\historical\PROJ_036\PROJ_036_weather_2025_03_20260924T194541.json","27021","0.03","RAW_SOURCE","LOCAL_ONLY","Raw OpenAQ/API downloads"
"data\raw\weather\openmeteo\historical\PROJ_042\PROJ_042_weather_2025_03_20260924T194543.json","26962","0.03","RAW_SOURCE","LOCAL_ONLY","Raw OpenAQ/API downloads"
"data\raw\weather\openmeteo\historical\PROJ_044\PROJ_044_weather_2025_03_20260924T194544.json","27047","0.03","RAW_SOURCE","LOCAL_ONLY","Raw OpenAQ/API downloads"
"data\raw\weather\openmeteo\historical\PROJ_048\PROJ_048_weather_2025_03_20260924T194546.json","27147","0.03","RAW_SOURCE","LOCAL_ONLY","Raw OpenAQ/API downloads"
"data\raw\weather\openmeteo\historical\PROJ_050\PROJ_050_weather_2025_03_20260924T194548.json","26975","0.03","RAW_SOURCE","LOCAL_ONLY","Raw OpenAQ/API downloads"
"data\raw\weather\openmeteo\historical\PROJ_051\PROJ_051_weather_2025_03_20260924T194550.json","26891","0.03","RAW_SOURCE","LOCAL_ONLY","Raw OpenAQ/API downloads"
"data\raw\weather\openmeteo\historical\PROJ_063\PROJ_063_weather_2025_03_20260924T194552.json","27140","0.03","RAW_SOURCE","LOCAL_ONLY","Raw OpenAQ/API downloads"
"data\raw\weather\openmeteo\historical\PROJ_092\PROJ_092_weather_2025_03_20260924T194553.json","26960","0.03","RAW_SOURCE","LOCAL_ONLY","Raw OpenAQ/API downloads"
"data\raw\weather\openmeteo\historical\PROJ_101\PROJ_101_weather_2025_03_20260924T194555.json","26913","0.03","RAW_SOURCE","LOCAL_ONLY","Raw OpenAQ/API downloads"
"data\raw\weather\openmeteo\historical\PROJ_104\PROJ_104_weather_2025_03_20260924T194557.json","27146","0.03","RAW_SOURCE","LOCAL_ONLY","Raw OpenAQ/API downloads"
"data\raw\weather\openmeteo\historical\PROJ_133\PROJ_133_weather_2025_03_20260924T194559.json","27154","0.03","RAW_SOURCE","LOCAL_ONLY","Raw OpenAQ/API downloads"
"data\raw\weather\openmeteo\historical\PROJ_142\PROJ_142_weather_2025_03_20260924T194600.json","26844","0.03","RAW_SOURCE","LOCAL_ONLY","Raw OpenAQ/API downloads"
"data\raw\weather\openmeteo\historical\PROJ_144\PROJ_144_weather_2025_03_20260924T194602.json","26963","0.03","RAW_SOURCE","LOCAL_ONLY","Raw OpenAQ/API downloads"
"data\raw\weather\openmeteo\historical\PROJ_158\PROJ_158_weather_2025_03_20260924T194604.json","26966","0.03","RAW_SOURCE","LOCAL_ONLY","Raw OpenAQ/API downloads"
"data\raw\weather\openmeteo\historical\PROJ_179\PROJ_179_weather_2025_03_20260924T194606.json","26984","0.03","RAW_SOURCE","LOCAL_ONLY","Raw OpenAQ/API downloads"
"data\raw\weather\openmeteo\historical\PROJ_180\PROJ_180_weather_2025_03_20260924T194607.json","26972","0.03","RAW_SOURCE","LOCAL_ONLY","Raw OpenAQ/API downloads"
"data\raw\weather\openmeteo\historical\PROJ_181\PROJ_181_weather_2025_03_20260924T194609.json","27038","0.03","RAW_SOURCE","LOCAL_ONLY","Raw OpenAQ/API downloads"
"data\raw\weather\openmeteo\historical\PROJ_186\PROJ_186_weather_2025_03_20260924T194611.json","26988","0.03","RAW_SOURCE","LOCAL_ONLY","Raw OpenAQ/API downloads"
"data\raw\weather\openmeteo\historical_alternate_pilot\PROJ_094_weather_2025_03_20260924T203719.json","27101","0.03","RAW_SOURCE","LOCAL_ONLY","Raw OpenAQ/API downloads"
"data\raw\weather\openmeteo\historical_alternate_pilot\PROJ_094_weather_2025_03_20260924T203920.json","27102","0.03","RAW_SOURCE","LOCAL_ONLY","Raw OpenAQ/API downloads"
"data\raw\weather\openmeteo\historical_alternate_pilot\PROJ_135_weather_2025_03_20260924T203721.json","27146","0.03","RAW_SOURCE","LOCAL_ONLY","Raw OpenAQ/API downloads"
"data\raw\weather\openmeteo\historical_alternate_pilot\PROJ_135_weather_2025_03_20260924T203921.json","27146","0.03","RAW_SOURCE","LOCAL_ONLY","Raw OpenAQ/API downloads"
